id_enrolement,id_piece,type_piece,agent_id,centre_enrolement,date_enrolement,nom,prenoms,date_naissance,sexe,code_commune_naissance,nom_mere,telephone
ENR-000001,CC-000668,CARTE_CONSULAIRE,AG019,Djougou,2025-01-01,BONI,Ghislain,1962-07-06,M,0102,ASSOGBA Chimène,0176088497
ENR-000002,AN-000672,ACTE_NAISSANCE,AG017,Bohicon,2025-01-01,AGOSSOU,Estelle,1964-02-19,F,0302,NOUATIN Ayaba,0142221657
ENR-000003,AN-001398,ACTE_NAISSANCE,AG040,Parakou,2025-01-01,BONI,Koffi Fabrice,1954-09-23,M,1205,AGBODJAN Salamatou,0189087715
ENR-000004,CC-001954,CARTE_CONSULAIRE,AG001,Cotonou,2025-01-01,QUENUM,Mariam,2013-05-21,F,0704,SOSSOU Estelle,0186347756
ENR-000005,AN-001988,ACTE_NAISSANCE,AG005,Bohicon,2025-01-01,KIKI,Ulrich,1994-05-17,M,0307,BONI Gisèle,0186209469
ENR-000006,AN-002212,ACTE_NAISSANCE,AG032,Lokossa,2025-01-01,NOUATIN,Sènami Carine,1966-07-31,F,0204,AGOSSOU Prudence,
ENR-000007,PP-002934,PASSEPORT,AG010,Kandi,2025-01-01,AHOUANSOU,Sènami Rosine,1961-06-12,F,0702,AHOUANSOU Sylvie,
ENR-000008,CC-003472,CARTE_CONSULAIRE,AG030,Natitingou,2025-01-01,DOSSOU,Bienvenu,2011-07-28,M,1006,OSSENI Prudence,0111731833
ENR-000009,AN-001526,ACTE_NAISSANCE,AG025,Cotonou,2025-01-02,QUENUM,Sènami Prudence,2002-04-22,F,0505,QUENUM Carine,0168347579
ENR-000010,PP-001719,PASSEPORT,AG015,Porto-Novo,2025-01-02,OSSENI,Chimène Sèmèvo,2000-01-17,F,0103,MENSAH Fatoumata,0159112592
ENR-000011,PP-001854,PASSEPORT,AG010,Kandi,2025-01-02,ADANDE,Judith,1963-01-28,F,0402,ALLADAYE Ayaba,0102227257
ENR-000012,AN-002398,ACTE_NAISSANCE,AG017,Bohicon,2025-01-02,AGOSSOU,Sylvie,1992-12-15,F,0506,TOGBE Carine,
ENR-000013,CC-002491,CARTE_CONSULAIRE,AG002,Abomey-Calavi,2025-01-02,SOSSOU,Fabrice Rodrigue,1959-04-18,M,0604,CHABI Prudence,
ENR-000014,AN-002920,ACTE_NAISSANCE,AG018,Natitingou,2025-01-02,IDRISSOU,Rosine,1990-08-14,F,0407,GLELE Mariam,0157197217
ENR-000015,CC-003024,CARTE_CONSULAIRE,AG025,Cotonou,2025-01-02,GBAGUIDI,Espérance,1950-04-28,F,0203,HOUNKPATIN Fatoumata,0148638482
ENR-000016,PP-003601,PASSEPORT,AG029,Bohicon,2025-01-02,SOULEY,Mariam,1989-09-11,F,0101,DANSOU Aïcha,0120466345
ENR-000017,AN-003783,ACTE_NAISSANCE,AG006,Natitingou,2025-01-02,TOGBE,Arnaud,1986-10-10,M,1002,HOUNGBO Estelle,0118793905
ENR-000018,AN-003915,ACTE_NAISSANCE,AG024,Aplahoué,2025-01-02,HOUESSOU,Judith,1991-08-16,F,0606,SOSSOU Sèmèvo,0181410431
ENR-000019,AN-004241,ACTE_NAISSANCE,AG026,Abomey-Calavi,2025-01-02,SOSSOU,Estelle Aïcha,1983-10-01,F,0502,NOUATIN Sèmèvo,0124775064
ENR-000020,AN-004916,ACTE_NAISSANCE,AG031,Djougou,2025-01-02,HOUESSOU,Senami,1954-03-14,F,1201,DANSOU Gisele,0170492833
ENR-000021,CC-004922,CARTE_CONSULAIRE,AG026,Abomey-Calavi,2025-01-02,KOUKPAKI,Ayaba,1981-06-18,F,0202,IDRISSOU Sènami,0123736765
ENR-000022,PP-000516,PASSEPORT,AG005,Bohicon,2025-01-03,AHOYO,Romaric Koffi,1994-04-10,M,1005,SAGBO Mariam,0185678315
ENR-000023,AN-000838,ACTE_NAISSANCE,AG018,Natitingou,2025-01-03,YAROU,Romaric,2008-02-17,M,0606,CHABI Salamatou,0125291079
ENR-000024,AN-001879,ACTE_NAISSANCE,AG026,Abomey-Calavi,2025-01-03,VODOUNON,Rachidatou,1980-08-25,F,1205,ZANNOU Judith,0129900297
ENR-000025,AN-002223,ACTE_NAISSANCE,AG010,Kandi,2025-01-03,MENSAH,Bienvenu Brice,1989-07-26,M,0703,ADJOVI Fatoumata,0128180115
ENR-000026,PP-003497,PASSEPORT,AG040,Parakou,2025-01-03,CODJIA,Ulrich Bienvenu,1995-02-21,M,0101,ADJOVI Carine,
ENR-000027,AN-004008,ACTE_NAISSANCE,AG032,Lokossa,2025-01-03,BIO,Bienvenu,1995-06-05,M,1207,HOUNSOU Rosine,0170528305
ENR-000028,CC-004920,CARTE_CONSULAIRE,AG019,Djougou,2025-01-03,VODOUNON,Mahougnon,1966-07-19,M,0302,LOKONON Chimène,0109037591
ENR-000029,AN-000953,ACTE_NAISSANCE,AG003,Porto-Novo,2025-01-04,LOKONON,Sylvie,1986-05-06,F,0206,HOUNGBO Sèmèvo,0133737935
ENR-000030,AN-001325,ACTE_NAISSANCE,AG007,Djougou,2025-01-04,AMOUSSOU,Rachid Serge,2011-05-15,M,0301,BIO Fatoumata,0191187113
ENR-000031,CC-001579,CARTE_CONSULAIRE,AG029,Bohicon,2025-01-04,OSSENI,Comlan Romaric,2012-01-13,M,0601,ZINSOU Flore,0115735202
ENR-000032,PP-002533,PASSEPORT,AG006,Natitingou,2025-01-04,ZANNOU,Romaric Mahougnon,1970-10-14,M,0501,ASSOGBA Salamatou,0160409569
ENR-000033,PP-003125,PASSEPORT,AG021,Ouidah,2025-01-04,ZINSOU,Sèmèvo,1981-07-22,F,0102,HOUNGBO Estelle,
ENR-000034,CC-004113,CARTE_CONSULAIRE,AG003,Porto-Novo,2025-01-04,CODJIA,Romaric,1994-08-07,M,1008,HOUNSOU Ayaba,0120130621
ENR-000035,AN-004144,ACTE_NAISSANCE,AG022,Kandi,2025-01-04,MENSAH,Mariam,1986-08-13,F,0704,ADANDE Sylvie,0182794055
ENR-000036,AN-000498,ACTE_NAISSANCE,AG003,Porto-Novo,2025-01-05,AHOYO,Sylvie,2004-11-22,F,0405,YAROU Flore,0163432063
ENR-000037,AN-000584,ACTE_NAISSANCE,AG025,Cotonou,2025-01-05,GLELE,Ulrich,2002-10-25,M,0207,KPADONOU Prudence,0116236546
ENR-000038,AN-001397,ACTE_NAISSANCE,AG008,Lokossa,2025-01-05,VODOUNON,Aïcha Rachidatou,2004-12-24,F,1008,YAROU Fatoumata,0124984814
ENR-000039,AN-001601,ACTE_NAISSANCE,AG022,Kandi,2025-01-05,YAROU,Nadège Chimène,1984-04-06,F,0404,CHABI Sènami,0107535814
ENR-000040,CC-001727,CARTE_CONSULAIRE,AG040,Parakou,2025-01-05,ALLADAYE,Estelle,1997-07-23,F,0101,ADANDE Carine,
ENR-000041,AN-002674,ACTE_NAISSANCE,AG012,Aplahoué,2025-01-05,HOUNSOU,Yves Codjo,2005-07-16,M,0101,GLELE Rosine,0159492845
ENR-000042,PP-003567,PASSEPORT,AG004,Parakou,2025-01-05,TCHIBOZO,Bienvenu,1958-05-11,M,0205,AHOUANSOU Sènami,0113794535
ENR-000043,AN-003838,ACTE_NAISSANCE,AG023,Dassa-Zoumè,2025-01-05,GLELE,Bienvenu Justin,2004-09-26,M,0902,ADJOVI Carine,0166559875
ENR-000044,AN-004446,ACTE_NAISSANCE,AG013,Cotonou,2025-01-05,HOUNKPATIN,Romaric,1989-12-20,M,1105,DANSOU Prudence,0147757405
ENR-000045,AN-001926,ACTE_NAISSANCE,AG035,Dassa-Zoumè,2025-01-06,AGOSSOU,Sylvie Bernice,1990-07-10,F,1208,LOKONON Chimène,0123839032
ENR-000046,PP-002813,PASSEPORT,AG039,Porto-Novo,2025-01-06,BONI,Brice,1961-02-28,M,1205,AMOUSSOU Ayaba,0190020619
ENR-000047,AN-002987,ACTE_NAISSANCE,AG035,Dassa-Zoumè,2025-01-06,TCHIBOZO,Ibrahim Mahougnon,1985-11-19,M,0106,HOUNSOU Sylvie,0112413209
ENR-000048,AN-003632,ACTE_NAISSANCE,AG029,Bohicon,2025-01-06,GLELE,Moussa Comlan,1950-09-06,M,1206,GBAGUIDI Sèmèvo,0188729697
ENR-000049,AN-003741,ACTE_NAISSANCE,AG023,Dassa-Zoumè,2025-01-06,TCHIBOZO,Aïcha,1951-04-11,F,0306,HOUNKPATIN Flore,0103857873
ENR-000050,PP-003934,PASSEPORT,AG036,Aplahoué,2025-01-06,TCHIBOZO,Koffi Yves,1968-03-06,M,1008,GLELE Rosine,0128087735
ENR-000051,PP-004463,PASSEPORT,AG022,Kandi,2025-01-06,HOUNSOU,Gildas,1956-01-10,M,1102,YAROU Nadège,0143196119
ENR-000052,AN-004543,ACTE_NAISSANCE,AG024,Aplahoué,2025-01-06,CHABI,Sèmèvo,1980-10-13,F,0605,SAGBO Gisèle,0151409908
ENR-000053,AN-004841,ACTE_NAISSANCE,AG030,Natitingou,2025-01-06,ALLADAYE,Rachidatou,2004-03-31,F,0505,AHOUANSOU Ayaba,0169771926
ENR-000054,AN-000675,ACTE_NAISSANCE,AG035,Dassa-Zoumè,2025-01-07,AHOYO,Sylvie Carine,1963-04-21,F,0205,BIO Judith,
ENR-000055,AN-001532,ACTE_NAISSANCE,AG020,Lokossa,2025-01-07,ALLADAYE,Rodrigue,1964-01-04,M,0703,MENSAH Estelle,0122646974
ENR-000056,AN-001587,ACTE_NAISSANCE,AG020,Lokossa,2025-01-07,MENSAH,Gildas,1999-07-22,M,0904,AHOUANSOU Salamatou,0160289989
ENR-000057,CC-002025,CARTE_CONSULAIRE,AG018,Natitingou,2025-01-07,TOSSOU,Ayaba,1967-02-19,F,1008,AHOUANSOU Sylvie,0168827869
ENR-000058,PP-002759,PASSEPORT,AG001,Cotonou,2025-01-07,AHOYO,Sènami,1959-06-17,F,0103,SOSSOU Sènami,0111934380
ENR-000059,CC-003795,CARTE_CONSULAIRE,AG034,Kandi,2025-01-07,ADJOVI,Gisèle Carine,1950-06-13,F,0703,AHOUANSOU Sylvie,
ENR-000060,PP-004065,PASSEPORT,AG021,Ouidah,2025-01-07,AGBODJAN,  Aïcha ,2006-10-10,F,1104,SAGBO Sylvie,0155720703
ENR-000061,CC-004765,CARTE_CONSULAIRE,AG007,Djougou,2025-01-07,QUENUM,Justin,2001-05-26,M,0404,SOSSOU Sèmèvo,0107615148
ENR-000062,AN-000470,ACTE_NAISSANCE,AG005,Bohicon,2025-01-08,TOSSOU,Flore Estelle,2005-12-03,F,0904,HOUESSOU Judith,0135825922
ENR-000063,AN-000499,ACTE_NAISSANCE,AG033,Ouidah,2025-01-08,BONI,Mariam,1991-06-20,F,1209,QUENUM Gisèle,0136766383
ENR-000064,AN-000786,ACTE_NAISSANCE,AG002,Abomey-Calavi,2025-01-08,AGBODJAN,Ibrahim Ghislain,2009-01-19,M,0207,ZANNOU Chimène,0171307483
ENR-000065,AN-000854,ACTE_NAISSANCE,AG023,Dassa-Zoumè,2025-01-08,MENSAH,Fabrice,1997-05-10,M,1002,BIO Bernice,
ENR-000066,AN-000894,ACTE_NAISSANCE,AG021,Ouidah,2025-01-08,AGOSSOU,Fabrice,1962-12-26,M,0604,IDRISSOU Rosine,0125956868
ENR-000067,AN-001754,ACTE_NAISSANCE,AG039,Porto-Novo,2025-01-08,HOUESSOU,Salamatou,2017-06-25,F,0306,TCHIBOZO Rosine,0123850366
ENR-000068,AN-002031,ACTE_NAISSANCE,AG015,Porto-Novo,2025-01-08,FASSINOU,Arnaud Yves,2004-03-22,M,1105,SOSSOU Chimène,0102666673
ENR-000069,AN-002114,ACTE_NAISSANCE,AG019,Djougou,2025-01-08,ADANDE,Judith,1978-04-28,F,0407,BIO Fatoumata,0198987457
ENR-000070,AN-002457,ACTE_NAISSANCE,AG035,Dassa-Zoumè,2025-01-08,CHABI,Yves,1986-09-15,M,1009,HOUNSOU Chimène,0161608843
ENR-000071,AN-003729,ACTE_NAISSANCE,AG017,Bohicon,2025-01-08,CHABI,Chimène,2005-05-09,F,0903,DANSOU Gisèle,0155614844
ENR-000072,PP-003732,PASSEPORT,AG029,Bohicon,2025-01-08,TOSSOU,Mahougnon Rodrigue,1997-03-09,M,1209,QUENUM Salamatou,0163690921
ENR-000073,AN-004069,ACTE_NAISSANCE,AG018,Natitingou,2025-01-08,SAGBO,Koffi Justin,2019-07-21,M,0201,TOGBE Rachidatou,0196145727
ENR-000074,AN-004152,ACTE_NAISSANCE,AG033,Ouidah,2025-01-08,AHOUANSOU,Bernice Sylvie,1998-10-13,F,0403,DANSOU Estelle,
ENR-000075,CC-000455,CARTE_CONSULAIRE,AG036,Aplahoué,2025-01-09,ADJOVI,Rodrigue Ulrich,2016-01-07,M,1103,TOSSOU Judith,0148045341
ENR-000076,AN-000612,ACTE_NAISSANCE,AG025,Cotonou,2025-01-09,NOUATIN,Gisèle,1968-03-03,F,0902,BIO Mariam,0198980325
ENR-000077,AN-001550,ACTE_NAISSANCE,AG028,Parakou,2025-01-09,HOUNGBO,Fabrice,2004-01-19,M,0602,ASSOGBA Aïcha,0178506337
ENR-000078,AN-001820,ACTE_NAISSANCE,AG017,Bohicon,2025-01-09,SOSSOU,Judith Nadège,1951-06-04,F,0403,TOGBE Carine,0100200432
ENR-000079,CC-002414,CARTE_CONSULAIRE,AG025,Cotonou,2025-01-09,DOSSOU,Nadège,2023-02-10,F,1207,ALLADAYE Sylvie,0103948892
ENR-000080,PP-002490,PASSEPORT,AG006,Natitingou,2025-01-09,AGBODJAN,Fabrice,1985-12-22,M,0906,CODJIA Gisèle,0172147207
ENR-000081,CC-003345,CARTE_CONSULAIRE,AG039,Porto-Novo,2025-01-09,KOUKPAKI,Fatoumata Ayaba,1982-09-03,F,0406,DANSOU Prudence,0107212731
ENR-000082,CC-003475,CARTE_CONSULAIRE,AG029,Bohicon,2025-01-09,ALLADAYE,Fidele,1987-03-30,M,1206,TOGBE Ayaba,0101159749
ENR-000083,AN-003537,ACTE_NAISSANCE,AG012,Aplahoué,2025-01-09,tossou,Flore,2003-06-09,F,1008,AHOYO Nadège,0166952695
ENR-000084,AN-004575,ACTE_NAISSANCE,AG023,Dassa-Zoumè,2025-01-09,TCHIBOZO,Sèmèvo,2001-05-09,F,0403,YAROU Mariam,
ENR-000085,AN-000458,ACTE_NAISSANCE,AG012,Aplahoué,2025-01-10,ADJOVI,Rachidatou,1976-05-22,F,0603,SOULEY Nadège,
ENR-000086,AN-000895,ACTE_NAISSANCE,AG012,Aplahoué,2025-01-10,HOUNSOU,Aïcha,1967-03-03,F,0304,ZANNOU Carine,0158290852
ENR-000087,PP-000997,PASSEPORT,AG032,Lokossa,2025-01-10,DOSSOU,Codjo,1990-06-25,M,0203,ADJOVI Carine,0137202926
ENR-000088,PP-002140,PASSEPORT,AG003,Porto-Novo,2025-01-10,CODJIA,Yves,1989-03-31,M,1103,HOUNKPATIN Sèmèvo,
ENR-000089,CC-002436,CARTE_CONSULAIRE,AG027,Porto-Novo,2025-01-10,AGOSSOU,Estelle,1975-11-06,F,1003,AKPOVI Chimène,0108024160
ENR-000090,AN-002509,ACTE_NAISSANCE,AG001,Cotonou,2025-01-10,MENSAH,  Rodrigue   Justin ,1993-11-27,M,0905,CHABI Aïcha,0197381448
ENR-000091,AN-003083,ACTE_NAISSANCE,AG019,Djougou,2025-01-10,AGOSSOU,Romaric,1970-01-01,M,1204,TCHIBOZO Flore,0107729118
ENR-000092,AN-003184,ACTE_NAISSANCE,AG028,Parakou,2025-01-10,GBAGUIDI,Justin,2007-11-19,M,1007,MENSAH Gisèle,0142561353
ENR-000093,AN-003484,ACTE_NAISSANCE,AG013,Cotonou,2025-01-10,AGBODJAN,Ghislain,1942-06-14,M,1201,BIO Sènami,0138524684
ENR-000094,AN-003625,ACTE_NAISSANCE,AG018,Natitingou,2025-01-10,ALLADAYE,Rodrigue,2007-10-08,M,0105,MENSAH Sèmèvo,0153166674
ENR-000095,PP-003908,PASSEPORT,AG038,Abomey-Calavi,2025-01-10,CODJIA,Romaric,1973-03-15,M,0103,CHABI Ayaba,0149595943
ENR-000096,PP-003924,PASSEPORT,AG031,Djougou,2025-01-10,AHOUANSOU,Romaric,1969-03-26,M,1105,TCHIBOZO Bernice,0135278332
ENR-000097,PP-004053,PASSEPORT,AG004,Parakou,2025-01-10,KPADONOU,Ibrahim,1969-04-23,M,0103,FASSINOU Nadège,0153892336
ENR-000098,AN-004657,ACTE_NAISSANCE,AG019,Djougou,2025-01-10,AHOUANSOU,Espérance,1979-01-24,F,1003,GLELE Salamatou,0140019846
ENR-000099,CC-000144,CARTE_CONSULAIRE,AG002,Abomey-Calavi,2025-01-11,SOSSOU,Ulrich,2014-05-31,M,1203,KOUKPAKI Gisèle,0182695504
ENR-000100,AN-002146,ACTE_NAISSANCE,AG002,Abomey-Calavi,2025-01-11,ADJOVI,Mariam,1984-05-11,F,1002,NOUATIN Judith,0198940856
ENR-000101,CC-002236,CARTE_CONSULAIRE,AG028,Parakou,2025-01-11,HOUNSOU,Rodrigue,2007-01-30,M,0201,MENSAH Flore,0162005910
ENR-000102,AN-004352,ACTE_NAISSANCE,AG009,Ouidah,2025-01-11,MENSAH,Rachidatou,2006-10-08,F,0504,SOULEY Prudence,0117292098
ENR-000103,AN-004720,ACTE_NAISSANCE,AG020,Lokossa,2025-01-11,AGBODJAN,Ghislain,2020-07-23,M,0307,KIKI Ayaba,0105840612
ENR-000104,AN-000029,ACTE_NAISSANCE,AG039,Porto-Novo,2025-01-12,AHOYO,Romaric Bienvenu,1945-11-14,M,0406,BONI Nadège,0141968982
ENR-000105,AN-000181,ACTE_NAISSANCE,AG019,Djougou,2025-01-12,DOSSOU,Mahougnon,1985-08-17,M,0605,DANSOU Estelle,0186071964
ENR-000106,CC-001542,CARTE_CONSULAIRE,AG015,Porto-Novo,2025-01-12,ALLADAYE,Mahougnon,1992-03-26,M,0406,SAGBO Ayaba,0198875346
ENR-000107,PP-002015,PASSEPORT,AG008,Lokossa,2025-01-12,YAROU,Rachid Ghislain,1989-02-23,M,0401,HOUNSOU Judith,0161319092
ENR-000108,AN-002298,ACTE_NAISSANCE,AG034,Kandi,2025-01-12,KPADONOU,Aïcha,2000-09-21,F,0201,HOUNSOU Sèmèvo,0185014443
ENR-000109,AN-003802,ACTE_NAISSANCE,AG038,Abomey-Calavi,2025-01-12,QUENUM,Rachid,1965-06-02,M,0206,ZINSOU Fatoumata,0156521790
ENR-000110,AN-004119,ACTE_NAISSANCE,AG033,Ouidah,2025-01-12,HOUNSOU,Serge,1980-06-09,M,0404,MENSAH Aïcha,0145955466
ENR-000111,AN-004467,ACTE_NAISSANCE,AG010,Kandi,2025-01-12,VODOUNON,Chimène Salamatou,1980-09-05,F,0702,BONI Carine,0126858241
ENR-000112,AN-000198,ACTE_NAISSANCE,AG003,Porto-Novo,2025-01-13,SAGBO,Serge,1972-08-05,M,0504,OSSENI Flore,0145433839
ENR-000113,PP-000253,PASSEPORT,AG021,Ouidah,2025-01-13,HOUNGBO,Gisèle,2001-02-24,F,1206,ASSOGBA Carine,0182758147
ENR-000114,AN-000489,ACTE_NAISSANCE,AG001,Cotonou,2025-01-13,ZINSOU,Fatoumata,2015-09-10,F,1002,AKPOVI Gisèle,0180031779
ENR-000115,AN-000816,ACTE_NAISSANCE,AG002,Abomey-Calavi,2025-01-13,KPADONOU,Serge,1956-11-07,M,1208,KIKI Carine,0156804829
ENR-000116,PP-000934,PASSEPORT,AG029,Bohicon,2025-01-13,KIKI,Ibrahim Romaric,1988-11-28,M,0603,VODOUNON Bernice,0154712360
ENR-000117,AN-000975,ACTE_NAISSANCE,AG011,Dassa-Zoumè,2025-01-13,MENSAH,Bernice Mariam,1994-06-30,F,0801,AHOUANSOU Sèmèvo,
ENR-000118,PP-001350,PASSEPORT,AG020,Lokossa,2025-01-13,AHOUANSOU,Nadège Carine,2003-02-04,F,0602,OSSENI Aïcha,0187350381
ENR-000119,AN-002405,ACTE_NAISSANCE,AG006,Natitingou,2025-01-13,KOUKPAKI,Fatoumata,1997-07-26,F,1208,DOSSOU Aïcha,0161039340
ENR-000120,AN-002642,ACTE_NAISSANCE,AG040,Parakou,2025-01-13,SOSSOU,Justin Fabrice,2010-01-22,M,0404,HOUESSOU Mariam,0112645461
ENR-000121,AN-002676,ACTE_NAISSANCE,AG038,Abomey-Calavi,2025-01-13,ADANDE,Justin Moussa,1981-12-31,M,1005,HOUNKPATIN Rachidatou,
ENR-000122,AN-003792,ACTE_NAISSANCE,AG014,Abomey-Calavi,2025-01-13,DOSSOU,Rodrigue Ibrahim,1995-05-17,M,0203,AHOUANSOU Flore,
ENR-000123,AN-004597,ACTE_NAISSANCE,AG021,Ouidah,2025-01-13,TOSSOU,Mahougnon,1993-07-22,M,0606,ASSOGBA Estelle,0194224866
ENR-000124,AN-000120,ACTE_NAISSANCE,AG004,Parakou,2025-01-14,OSSENI,Rodrigue,2012-12-04,M,0307,KPADONOU Mariam,0157505807
ENR-000125,AN-000124,ACTE_NAISSANCE,AG034,Kandi,2025-01-14,MENSAH,Chimène,2000-01-01,F,0906,ADANDE Sylvie,0131433591
ENR-000126,AN-000151,ACTE_NAISSANCE,AG040,Parakou,2025-01-14,kpadonou,Mahougnon,1989-01-01,M,0403,KPADONOU Espérance,0130654771
ENR-000127,AN-000852,ACTE_NAISSANCE,AG033,Ouidah,2025-01-14,AMOUSSOU,Sèmèvo,1993-06-02,F,0604,HOUNSOU Salamatou,
ENR-000128,AN-001762,ACTE_NAISSANCE,AG001,Cotonou,2025-01-14,DANSOU,Nadège Fatoumata,1990-10-31,F,1202,QUENUM Rosine,0131923820
ENR-000129,AN-004030,ACTE_NAISSANCE,AG016,Parakou,2025-01-14,ZANNOU,Mahougnon,1976-11-14,M,0503,SOSSOU Judith,0196452892
ENR-000130,AN-000145,ACTE_NAISSANCE,AG003,Porto-Novo,2025-01-15,AKPOVI,Estelle,1950-08-08,F,0207,MENSAH Salamatou,0138653519
ENR-000131,AN-000281,ACTE_NAISSANCE,AG012,Aplahoué,2025-01-15,AHOYO,Brice Bienvenu,1954-09-29,M,0308,KPADONOU Rachidatou,0165369540
ENR-000132,CC-000377,CARTE_CONSULAIRE,AG002,Abomey-Calavi,2025-01-15,ZANNOU,Moussa,1967-10-02,M,0605,KOUKPAKI Sèmèvo,
ENR-000133,AN-001518,ACTE_NAISSANCE,AG037,Cotonou,2025-01-15,DOSSOU,Codjo Rachid,2003-03-10,M,1203,IDRISSOU Rosine,0156888595
ENR-000134,AN-001885,ACTE_NAISSANCE,AG030,Natitingou,2025-01-15,LOKONON,Comlan,1975-12-09,M,0603,GBAGUIDI Nadège,
ENR-000135,AN-003000,ACTE_NAISSANCE,AG025,Cotonou,2025-01-15,ALLADAYE,Fidèle Rachid,1981-02-07,M,0703,TOGBE Rosine,0177047858
ENR-000136,AN-003045,ACTE_NAISSANCE,AG007,Djougou,2025-01-15,NOUATIN,Rosine,2000-07-22,F,0202,ADJOVI Salamatou,0137009388
ENR-000137,CC-003554,CARTE_CONSULAIRE,AG040,Parakou,2025-01-15,BIO,Ibrahim Moussa,2001-09-19,M,0601,LOKONON Judith,0196412378
ENR-000138,AN-000604,ACTE_NAISSANCE,AG017,Bohicon,2025-01-16,ZINSOU,Sylvie,1982-05-26,F,0304,YAROU Prudence,0139397394
ENR-000139,AN-001197,ACTE_NAISSANCE,AG018,Natitingou,2025-01-16,IDRISSOU,Fatoumata Bernice,1983-06-22,F,1005,KIKI Estelle,0140536107
ENR-000140,AN-001513,ACTE_NAISSANCE,AG019,Djougou,2025-01-16,ZANNOU,Rachid,1987-10-15,M,1008,NOUATIN Salamatou,0115802998
ENR-000141,AN-002184,ACTE_NAISSANCE,AG021,Ouidah,2025-01-16,ADJOVI,Rosine Gisèle,1971-08-10,F,0201,ZANNOU Prudence,+2290144978238
ENR-000142,CC-002266,CARTE_CONSULAIRE,AG023,Dassa-Zoumè,2025-01-16,CHABI,Serge Justin,1946-03-15,M,1104,ADJOVI Flore,0117461146
ENR-000143,AN-002494,ACTE_NAISSANCE,AG031,Djougou,2025-01-16,LOKONON,Flore Bernice,1961-03-27,F,0503,AHOUANSOU Bernice,0130264981
ENR-000144,AN-002768,ACTE_NAISSANCE,AG017,Bohicon,2025-01-16,SOULEY,Judith Carine,1984-04-25,F,0904,SOULEY Bernice,0168572887
ENR-000145,CC-004131,CARTE_CONSULAIRE,AG030,Natitingou,2025-01-16,HOUESSOU,Moussa Comlan,1990-03-30,M,0502,BONI Bernice,0180099990
ENR-000146,AN-004246,ACTE_NAISSANCE,AG024,Aplahoué,2025-01-16,AKPOVI,Gildas Ulrich,2003-01-19,M,0904,BIO Nadège,0124732655
ENR-000147,AN-000457,ACTE_NAISSANCE,AG005,Bohicon,2025-01-17,CHABI,Comlan,2007-04-07,M,0304,CODJIA Fatoumata,
ENR-000148,AN-002483,ACTE_NAISSANCE,AG019,Djougou,2025-01-17,FASSINOU,Gisèle,2017-09-22,F,0207,TCHIBOZO Flore,0179095968
ENR-000149,AN-002532,ACTE_NAISSANCE,AG010,Kandi,2025-01-17,TOGBE,Fabrice Koffi,2001-11-06,M,0503,HOUNKPATIN Aïcha,0131736188
ENR-000150,AN-002859,ACTE_NAISSANCE,AG010,Kandi,2025-01-17,DOSSOU,Rosine Salamatou,1989-02-10,F,0301,KPADONOU Nadège,0188921227
ENR-000151,AN-003895,ACTE_NAISSANCE,AG035,Dassa-Zoumè,2025-01-17,ALLADAYE,Mariam Estelle,2011-10-12,F,1209,SOSSOU Rosine,0152714705
ENR-000152,AN-000506,ACTE_NAISSANCE,AG007,Djougou,2025-01-18,idrissou,Rosine,1973-09-25,F,0505,TOGBE Judith,0124302301
ENR-000153,AN-000593,ACTE_NAISSANCE,AG037,Cotonou,2025-01-18,MENSAH,Chimène Rachidatou,1980-10-26,F,1001,AMOUSSOU Flore,0124986339
ENR-000154,PP-002162,PASSEPORT,AG027,Porto-Novo,2025-01-18,dossou,Justin,1952-02-02,M,0903,IDRISSOU Aïcha,0110571197
ENR-000155,AN-002206,ACTE_NAISSANCE,AG038,Abomey-Calavi,2025-01-18,codjia,Rodrigue,1955-06-30,M,0703,HOUNGBO Rachidatou,
ENR-000156,PP-002527,PASSEPORT,AG016,Parakou,2025-01-18,ASSOGBA,Estelle Sènami,1957-05-04,F,0405,AMOUSSOU Mariam,
ENR-000157,CC-002587,CARTE_CONSULAIRE,AG015,Porto-Novo,2025-01-18,ADJOVI,Comlan,1961-05-23,M,0102,AHOYO Rachidatou,0170282822
ENR-000158,AN-002636,ACTE_NAISSANCE,AG025,Cotonou,2025-01-18,ZINSOU,Fatoumata,1976-10-11,F,0204,HOUNGBO Salamatou,0153247178
ENR-000159,CC-004056,CARTE_CONSULAIRE,AG005,Bohicon,2025-01-18,DANSOU,Bernice Sèmèvo,2013-04-22,F,0303,BONI Prudence,0164882555
ENR-000160,CC-004213,CARTE_CONSULAIRE,AG035,Dassa-Zoumè,2025-01-18,LOKONON,Sènami,1989-02-01,F,1007,KIKI Aïcha,0142955238
ENR-000161,AN-004432,ACTE_NAISSANCE,AG014,Abomey-Calavi,2025-01-18,CHABI,Mahougnon,1959-03-30,M,0406,HOUNGBO Flore,0181031996
ENR-000162,AN-004862,ACTE_NAISSANCE,AG019,Djougou,2025-01-18,amoussou,Estelle,2003-09-01,F,1204,VODOUNON Chimène,0131276282
ENR-000163,AN-000021,ACTE_NAISSANCE,AG026,Abomey-Calavi,2025-01-19,NOUATIN,Prudence,1987-02-07,F,0603,MENSAH Espérance,0182811265
ENR-000164,AN-000745,ACTE_NAISSANCE,AG008,Lokossa,2025-01-19,SAGBO,Serge,1969-07-03,M,0303,ADJOVI Rosine,0173899570
ENR-000165,PP-001288,PASSEPORT,AG037,Cotonou,2025-01-19,VODOUNON,Sylvie Espérance,1993-04-12,F,0105,KPADONOU Sylvie,
ENR-000166,PP-002312,PASSEPORT,AG001,Cotonou,2025-01-19,SAGBO,Ulrich,1959-06-06,M,0207,ALLADAYE Bernice,0128707852
ENR-000167,AN-003491,ACTE_NAISSANCE,AG031,Djougou,2025-01-19,DANSOU,Ghislain Rachid,2006-05-21,M,0901,ASSOGBA Aïcha,0139351907
ENR-000168,AN-004816,ACTE_NAISSANCE,AG012,Aplahoué,2025-01-19,DANSOU,Judith,2008-02-28,F,0605,QUENUM Rachidatou,0147245035
ENR-000169,PP-000276,PASSEPORT,AG007,Djougou,2025-01-20,GBAGUIDI,Mahougnon Justin,1973-10-04,M,1003,ASSOGBA Sylvie,0194423754
ENR-000170,AN-000300,ACTE_NAISSANCE,AG004,Parakou,2025-01-20,ADANDE,Fatoumata,1989-07-31,F,0207,GLELE Sylvie,0127435441
ENR-000171,AN-000556,ACTE_NAISSANCE,AG039,Porto-Novo,2025-01-20,HOUNSOU,Sèmèvo Flore,2012-06-24,F,0905,QUENUM Ayaba,
ENR-000172,AN-000742,ACTE_NAISSANCE,AG036,Aplahoué,2025-01-20,HOUESSOU,Serge,2007-05-22,M,1101,HOUNKPATIN Bernice,0108554074
ENR-000173,AN-000857,ACTE_NAISSANCE,AG017,Bohicon,2025-01-20,HOUNSOU,Fabrice,1950-01-16,M,0901,ADANDE Prudence,0154983708
ENR-000174,AN-001479,ACTE_NAISSANCE,AG003,Porto-Novo,2025-01-20,TCHIBOZO,Flore,1973-12-13,F,0209,NOUATIN Gisèle,
ENR-000175,PP-001850,PASSEPORT,AG003,Porto-Novo,2025-01-20,KIKI,Mariam,1985-02-25,F,1005,ASSOGBA Gisèle,0105266413
ENR-000176,AN-001870,ACTE_NAISSANCE,AG002,Abomey-Calavi,2025-01-20,FASSINOU,Mariam,1990-09-30,F,0208,BIO Salamatou,0192574150
ENR-000177,PP-002659,PASSEPORT,AG019,Djougou,2025-01-20,AKPOVI,Ayaba,2007-12-02,F,1101,NOUATIN Judith,0113200645
ENR-000178,PP-002970,PASSEPORT,AG037,Cotonou,2025-01-20,KPADONOU,Codjo,1953-01-21,M,0408,DANSOU Carine,0120412126
ENR-000179,AN-003074,ACTE_NAISSANCE,AG029,Bohicon,2025-01-20,GBAGUIDI,Rosine Sylvie,1981-08-24,F,1001,YAROU Carine,0166669107
ENR-000180,AN-004941,ACTE_NAISSANCE,AG022,Kandi,2025-01-20,ZINSOU,Justin,1985-11-17,M,1208,HOUNGBO Ayaba,0155381715
ENR-000181,CC-004994,CARTE_CONSULAIRE,AG014,Abomey-Calavi,2025-01-20,TOGBE,Fatoumata Chimène,1980-12-15,F,0801,YAROU Fatoumata,0159630489
ENR-000182,AN-000447,ACTE_NAISSANCE,AG039,Porto-Novo,2025-01-21,FASSINOU,Mariam,1990-03-24,F,0105,GLELE Nadège,0118783539
ENR-000183,AN-001931,ACTE_NAISSANCE,AG029,Bohicon,2025-01-21,ASSOGBA,Arnaud,1951-03-02,M,0405,DANSOU Bernice,0184194352
ENR-000184,PP-002540,PASSEPORT,AG023,Dassa-Zoumè,2025-01-21,BONI,Chimène,2003-03-21,F,0308,ADJOVI Estelle,0119373763
ENR-000185,AN-003408,ACTE_NAISSANCE,AG029,Bohicon,2025-01-21,HOUNKPATIN,Mahougnon Ibrahim,1992-05-24,M,1002,TOGBE Fatoumata,0174150649
ENR-000186,CC-003436,CARTE_CONSULAIRE,AG032,Lokossa,2025-01-21,FASSINOU,Mariam,1966-12-31,F,1006,CODJIA Judith,0169442222
ENR-000187,AN-003458,ACTE_NAISSANCE,AG028,Parakou,2025-01-21,DOSSOU,Rachidatou Salamatou,1963-12-04,F,0903,GLELE Flore,
ENR-000188,AN-003606,ACTE_NAISSANCE,AG008,Lokossa,2025-01-21,ADJOVI,Moussa Gildas,1962-05-13,M,0207,AKPOVI Rachidatou,0127098778
ENR-000189,AN-003857,ACTE_NAISSANCE,AG004,Parakou,2025-01-21,AMOUSSOU,Serge Ulrich,1951-04-02,M,1102,SOULEY Gisèle,0168444406
ENR-000190,AN-004141,ACTE_NAISSANCE,AG031,Djougou,2025-01-21,IDRISSOU,Ayaba,2011-08-28,F,0208,SOULEY Bernice,0147057507
ENR-000191,AN-004897,ACTE_NAISSANCE,AG027,Porto-Novo,2025-01-21,AGBODJAN,Estelle,1985-08-19,F,0702,MENSAH Rosine,0163426545
ENR-000192,AN-004967,ACTE_NAISSANCE,AG023,Dassa-Zoumè,2025-01-21,GLELE,Rachid Ghislain,1963-12-12,M,0503,HOUESSOU Aïcha,0108663926
ENR-000193,AN-000320,ACTE_NAISSANCE,AG037,Cotonou,2025-01-22,ZANNOU,Estelle,1990-10-29,F,0307,GBAGUIDI Rosine,0192229028
ENR-000194,AN-000414,ACTE_NAISSANCE,AG007,Djougou,2025-01-22,QUENUM,Ghislain Moussa,2002-01-03,M,1104,ZANNOU Prudence,0191128767
ENR-000195,AN-001176,ACTE_NAISSANCE,AG004,Parakou,2025-01-22,CHABI,Fidèle Comlan,2006-12-26,M,0303,FASSINOU Carine,0128862121
ENR-000196,AN-001370,ACTE_NAISSANCE,AG031,Djougou,2025-01-22,HOUNSOU,Serge,1964-12-26,M,1209,ADANDE Nadège,0161853207
ENR-000197,AN-001936,ACTE_NAISSANCE,AG019,Djougou,2025-01-22,KIKI,  Salamatou ,1980-05-25,F,0405,DOSSOU Chimène,
ENR-000198,AN-002476,ACTE_NAISSANCE,AG021,Ouidah,2025-01-22,ASSOGBA,Ulrich,2015-03-08,M,0606,OSSENI Estelle,0179326108
ENR-000199,CC-002638,CARTE_CONSULAIRE,AG013,Cotonou,2025-01-22,ASSOGBA,Koffi,2003-07-25,M,0601,MENSAH Carine,
ENR-000200,AN-003031,ACTE_NAISSANCE,AG019,Djougou,2025-01-22,SAGBO,  Gisèle   Chimène ,1996-04-15,F,1205,GBAGUIDI Rachidatou,0195886331
ENR-000201,AN-003324,ACTE_NAISSANCE,AG029,Bohicon,2025-01-22,DANSOU,Chimène,2012-11-24,F,1006,KIKI Flore,0146336262
ENR-000202,AN-003517,ACTE_NAISSANCE,AG003,Porto-Novo,2025-01-22,ZINSOU,Fabrice,2010-10-25,M,0703,LOKONON Sylvie,0105730978
ENR-000203,CC-003595,CARTE_CONSULAIRE,AG020,Lokossa,2025-01-22,IDRISSOU,Rodrigue,1971-10-01,M,0506,AMOUSSOU Sylvie,0162051322
ENR-000204,PP-003982,PASSEPORT,AG008,Lokossa,2025-01-22,ASSOGBA,Rachid,1984-09-15,M,1203,YAROU Estelle,0149189361
ENR-000205,CC-004330,CARTE_CONSULAIRE,AG038,Abomey-Calavi,2025-01-22,AHOYO,Chimène,1959-04-04,F,0606,KOUKPAKI Nadège,
ENR-000206,AN-004960,ACTE_NAISSANCE,AG016,Parakou,2025-01-22,AKPOVI,Rodrigue Ibrahim,1996-08-11,M,0307,OSSENI Rosine,
ENR-000207,AN-000814,ACTE_NAISSANCE,AG009,Ouidah,2025-01-23,TOSSOU,Prudence Salamatou,1983-05-15,F,0308,QUENUM Carine,0195201053
ENR-000208,CC-001303,CARTE_CONSULAIRE,AG013,Cotonou,2025-01-23,GBAGUIDI,Salamatou Carine,2001-08-26,F,1104,GBAGUIDI Chimène,0171730902
ENR-000209,AN-001910,ACTE_NAISSANCE,AG012,Aplahoué,2025-01-23,IDRISSOU,Ayaba,1993-12-03,F,1007,DANSOU Espérance,0115285474
ENR-000210,AN-002817,ACTE_NAISSANCE,AG014,Abomey-Calavi,2025-01-23,ASSOGBA,Ayaba Nadège,1962-06-22,F,0208,ASSOGBA Nadège,0162087501
ENR-000211,AN-000084,ACTE_NAISSANCE,AG021,Ouidah,2025-01-24,AHOYO,Comlan,1979-06-09,M,0604,FASSINOU Gisèle,
ENR-000212,CC-000289,CARTE_CONSULAIRE,AG030,Natitingou,2025-01-24,ASSOGBA,Koffi Gildas,2010-02-28,M,0106,KOUKPAKI Sènami,0136013925
ENR-000213,CC-000922,CARTE_CONSULAIRE,AG029,Bohicon,2025-01-24,AHOYO,Justin,1962-04-06,M,0801,ASSOGBA Espérance,0196659521
ENR-000214,AN-001569,ACTE_NAISSANCE,AG016,Parakou,2025-01-24,VODOUNON,  Ayaba ,1998-04-23,F,1104,AKPOVI Fatoumata,0148299644
ENR-000215,AN-002124,ACTE_NAISSANCE,AG007,Djougou,2025-01-24,alladaye,Carine,1975-09-04,F,1007,ADANDE Sèmèvo,0106426869
ENR-000216,CC-002261,CARTE_CONSULAIRE,AG018,Natitingou,2025-01-24,VODOUNON,Estelle,1982-11-20,F,0601,ZANNOU Aïcha,0122016521
ENR-000217,AN-002604,ACTE_NAISSANCE,AG034,Kandi,2025-01-24,TOGBE,Ayaba,2001-06-28,F,1007,NOUATIN Espérance,0124838979
ENR-000218,PP-003974,PASSEPORT,AG037,Cotonou,2025-01-24,ZINSOU,Fabrice Justin,1971-03-16,M,1206,TOSSOU Prudence,0128682342
ENR-000219,CC-000016,CARTE_CONSULAIRE,AG021,Ouidah,2025-01-25,ALLADAYE,  Salamatou ,1999-08-16,F,0301,KOUKPAKI Salamatou,0108538012
ENR-000220,AN-000218,ACTE_NAISSANCE,AG035,Dassa-Zoumè,2025-01-25,SOSSOU,Ibrahim Mahougnon,1971-01-18,M,1004,SOSSOU Aïcha,0168350406
ENR-000221,AN-000224,ACTE_NAISSANCE,AG020,Lokossa,2025-01-25,ADJOVI,Aicha,1948-09-05,F,0301,DANSOU Judith,
ENR-000222,AN-000305,ACTE_NAISSANCE,AG009,Ouidah,2025-01-25,MENSAH,Gildas Ulrich,1988-02-28,M,1009,VODOUNON Espérance,0172745048
ENR-000223,AN-000840,ACTE_NAISSANCE,AG003,Porto-Novo,2025-01-25,BONI,Rachidatou,1960-07-11,F,0603,FASSINOU Mariam,0147812780
ENR-000224,AN-000998,ACTE_NAISSANCE,AG037,Cotonou,2025-01-25,GBAGUIDI,Mariam Chimène,1997-09-20,F,0104,CODJIA Salamatou,0111090903
ENR-000225,AN-001048,ACTE_NAISSANCE,AG022,Kandi,2025-01-25,CHABI,Nadège,1992-10-07,F,0905,HOUNKPATIN Bernice,0189777985
ENR-000226,AN-001751,ACTE_NAISSANCE,AG032,Lokossa,2025-01-25,KOUKPAKI,Rachid,2008-09-23,M,1203,ZANNOU Sènami,0186121775
ENR-000227,PP-002377,PASSEPORT,AG007,Djougou,2025-01-25,ALLADAYE,Yves,1958-12-15,M,1003,AGBODJAN Sènami,
ENR-000228,CC-003093,CARTE_CONSULAIRE,AG023,Dassa-Zoumè,2025-01-25,AKPOVI,Bernice Estelle,1996-12-01,F,0703,YAROU Espérance,0157694349
ENR-000229,AN-003425,ACTE_NAISSANCE,AG022,Kandi,2025-01-25,AHOUANSOU,Comlan Koffi,1982-09-02,M,0504,KIKI Judith,0153317431
ENR-000230,CC-004706,CARTE_CONSULAIRE,AG007,Djougou,2025-01-25,DANSOU,Brice,1979-11-20,M,1205,SAGBO Bernice,+2290124333694
ENR-000231,AN-000806,ACTE_NAISSANCE,AG006,Natitingou,2025-01-26,BIO,Fatoumata,1952-01-17,F,0408,GBAGUIDI Rachidatou,0101325391
ENR-000232,CC-001460,CARTE_CONSULAIRE,AG016,Parakou,2025-01-26,HOUESSOU,Sylvie Prudence,2005-06-15,F,1009,QUENUM Fatoumata,0103704136
ENR-000233,PP-001694,PASSEPORT,AG014,Abomey-Calavi,2025-01-26,KPADONOU,Sylvie Carine,1991-07-02,F,0901,CODJIA Sènami,0151918290
ENR-000234,AN-002024,ACTE_NAISSANCE,AG036,Aplahoué,2025-01-26,SOULEY,Mariam,2005-11-12,F,0902,NOUATIN Nadège,0194319562
ENR-000235,AN-002289,ACTE_NAISSANCE,AG008,Lokossa,2025-01-26,DOSSOU,Koffi,1972-03-12,M,0905,GBAGUIDI Sylvie,0148169117
ENR-000236,AN-003807,ACTE_NAISSANCE,AG028,Parakou,2025-01-26,ADANDE,Codjo Serge,1984-02-15,M,0204,HOUNSOU Aïcha,0185987363
ENR-000237,CC-004104,CARTE_CONSULAIRE,AG006,Natitingou,2025-01-26,ZANNOU,Bernice Rosine,1985-12-06,F,0407,CODJIA Estelle,44103923
ENR-000238,AN-004374,ACTE_NAISSANCE,AG010,Kandi,2025-01-26,TOGBE,Ulrich,1976-03-06,M,0209,FASSINOU Gisèle,0183701957
ENR-000239,CC-004675,CARTE_CONSULAIRE,AG038,Abomey-Calavi,2025-01-26,SOULEY,Yves Rachid,1998-07-12,M,1203,GLELE Flore,0174863852
ENR-000240,CC-001361,CARTE_CONSULAIRE,AG037,Cotonou,2025-01-27,GLELE,Fidèle,1982-04-30,M,0207,YAROU Gisèle,+2290167248214
ENR-000241,PP-001477,PASSEPORT,AG004,Parakou,2025-01-27,AKPOVI,Rosine,1968-08-15,F,0505,DOSSOU Espérance,0114411700
ENR-000242,CC-001645,CARTE_CONSULAIRE,AG023,Dassa-Zoumè,2025-01-27,NOUATIN,Fidèle,1959-05-26,M,1009,SOSSOU Estelle,0126531319
ENR-000243,AN-002244,ACTE_NAISSANCE,AG026,Abomey-Calavi,2025-01-27,MENSAH,Mariam,1963-09-10,F,0304,MENSAH Prudence,
ENR-000244,AN-002609,ACTE_NAISSANCE,AG010,Kandi,2025-01-27,DANSOU,Gisèle,2004-08-26,F,0104,SAGBO Gisèle,0166442494
ENR-000245,AN-004231,ACTE_NAISSANCE,AG020,Lokossa,2025-01-27,KIKI,Fidèle,2002-02-11,M,1202,TCHIBOZO Sylvie,0165804011
ENR-000246,PP-004433,PASSEPORT,AG039,Porto-Novo,2025-01-27,FASSINOU,Bienvenu Yves,1987-05-14,M,0704,KPADONOU Judith,0140649432
ENR-000247,AN-004596,ACTE_NAISSANCE,AG004,Parakou,2025-01-27,FASSINOU,Chimène,1984-12-05,F,0506,HOUNSOU Espérance,
ENR-000248,AN-000643,ACTE_NAISSANCE,AG026,Abomey-Calavi,2025-01-28,CHABI,Flore,1987-12-26,F,0105,HOUNSOU Rachidatou,
ENR-000249,AN-000706,ACTE_NAISSANCE,AG034,Kandi,2025-01-28,ADANDE,Mahougnon Arnaud,2016-04-02,M,0905,DANSOU Aïcha,0141861163
ENR-000250,PP-001024,PASSEPORT,AG035,Dassa-Zoumè,2025-01-28,glele,Prudence,1994-07-25,F,0205,SOULEY Rachidatou,0135758086
ENR-000251,AN-001187,ACTE_NAISSANCE,AG005,Bohicon,2025-01-28,BONI,Chimène Rachidatou,2009-03-02,F,1006,GLELE Aïcha,0194564165
ENR-000252,PP-002218,PASSEPORT,AG040,Parakou,2025-01-28,DOSSOU,Judith Gisèle,1976-11-26,F,0401,SOULEY Salamatou,0151386356
ENR-000253,AN-004629,ACTE_NAISSANCE,AG008,Lokossa,2025-01-28,QUENUM,Mariam,1989-06-09,F,0209,MENSAH Espérance,0157302487
ENR-000254,AN-000114,ACTE_NAISSANCE,AG036,Aplahoué,2025-01-29,OSSENI,Gildas,1989-06-17,M,1003,TCHIBOZO Nadège,0169180441
ENR-000255,AN-000725,ACTE_NAISSANCE,AG018,Natitingou,2025-01-29,NOUATIN,Sèmèvo Rosine,1947-05-04,F,1205,DANSOU Sèmèvo,0184961549
ENR-000256,AN-000775,ACTE_NAISSANCE,AG004,Parakou,2025-01-29,KOUKPAKI,Yves,2009-10-24,M,0205,AGBODJAN Sèmèvo,0190734588
ENR-000257,AN-001031,ACTE_NAISSANCE,AG015,Porto-Novo,2025-01-29,AGBODJAN,Ibrahim,1997-07-28,M,1102,SAGBO Salamatou,0159540576
ENR-000258,CC-001076,CARTE_CONSULAIRE,AG005,Bohicon,2025-01-29,ASSOGBA,Bienvenu,1992-11-16,M,1207,DANSOU Rosine,0101364946
ENR-000259,AN-001389,ACTE_NAISSANCE,AG027,Porto-Novo,2025-01-29,TOSSOU,Rodrigue Serge,1961-04-30,M,1004,DOSSOU Nadège,0179283689
ENR-000260,AN-001698,ACTE_NAISSANCE,AG017,Bohicon,2025-01-29,MENSAH,Ghislain,1997-10-07,M,0704,AKPOVI Nadège,0126476195
ENR-000261,AN-001971,ACTE_NAISSANCE,AG026,Abomey-Calavi,2025-01-29,TOSSOU,Justin,1968-02-14,M,0905,SAGBO Flore,0184996191
ENR-000262,AN-002534,ACTE_NAISSANCE,AG015,Porto-Novo,2025-01-29,ADANDE,Sèmèvo,1980-06-13,F,0606,AMOUSSOU Salamatou,
ENR-000263,AN-004679,ACTE_NAISSANCE,AG027,Porto-Novo,2025-01-29,DOSSOU,Brice,1960-10-22,M,0208,CHABI Judith,0121139169
ENR-000264,AN-004811,ACTE_NAISSANCE,AG039,Porto-Novo,2025-01-29,ASSOGBA,Prudence Ayaba,1995-09-22,F,0502,FASSINOU Judith,0176508839
ENR-000265,PP-004926,PASSEPORT,AG027,Porto-Novo,2025-01-29,AHOYO,Moussa Codjo,1997-08-11,M,0402,AGBODJAN Chimène,0125651437
ENR-000266,CC-000501,CARTE_CONSULAIRE,AG036,Aplahoué,2025-01-30,FASSINOU,Judith Sènami,2003-05-25,F,0101,GLELE Aïcha,0180397163
ENR-000267,AN-000625,ACTE_NAISSANCE,AG031,Djougou,2025-01-30,SOULEY,Flore,2005-10-23,F,0903,AGOSSOU Rosine,0183239777
ENR-000268,AN-000697,ACTE_NAISSANCE,AG018,Natitingou,2025-01-30,HOUESSOU,Justin,2001-02-18,M,0303,ALLADAYE Rosine,0170376735
ENR-000269,AN-001009,ACTE_NAISSANCE,AG008,Lokossa,2025-01-30,QUENUM,Salamatou,1946-11-22,F,1103,LOKONON Ayaba,0113675981
ENR-000270,CC-001373,CARTE_CONSULAIRE,AG013,Cotonou,2025-01-30,ASSOGBA,Ghislain,1998-07-30,M,0405,TCHIBOZO Nadège,
ENR-000271,AN-001744,ACTE_NAISSANCE,AG032,Lokossa,2025-01-30,DOSSOU,Yves,2013-02-25,M,0303,BONI Nadège,0115815371
ENR-000272,PP-002182,PASSEPORT,AG002,Abomey-Calavi,2025-01-30,AMOUSSOU,Fidèle,1961-10-21,M,1001,ADANDE Espérance,0111482979
ENR-000273,AN-003342,ACTE_NAISSANCE,AG037,Cotonou,2025-01-30,SOULEY,Bienvenu,1979-03-07,M,0102,AKPOVI Chimène,
ENR-000274,AN-003748,ACTE_NAISSANCE,AG025,Cotonou,2025-01-30,ALLADAYE,Rachid,1994-06-09,M,0702,LOKONON Fatoumata,0172597683
ENR-000275,AN-004285,ACTE_NAISSANCE,AG021,Ouidah,2025-01-30,KOUKPAKI,Koffi Justin,1982-12-21,M,0405,AGBODJAN Ayaba,0174510582
ENR-000276,AN-004669,ACTE_NAISSANCE,AG008,Lokossa,2025-01-30,TOSSOU,Espérance,1993-08-05,F,0703,CHABI Carine,0105141407
ENR-000277,AN-004767,ACTE_NAISSANCE,AG003,Porto-Novo,2025-01-30,ADANDE,Fatoumata Carine,1996-10-24,F,0306,TOGBE Salamatou,
ENR-000278,PP-004883,PASSEPORT,AG006,Natitingou,2025-01-30,HOUESSOU,Estelle Judith,1978-12-29,F,0603,AHOUANSOU Flore,0102568538
ENR-000279,CC-004950,CARTE_CONSULAIRE,AG013,Cotonou,2025-01-30,DANSOU,Fidèle,1992-11-03,M,1007,ADANDE Carine,0119565307
ENR-000280,AN-000101,ACTE_NAISSANCE,AG002,Abomey-Calavi,2025-01-31,KPADONOU,Sènami,2005-05-21,F,0307,ADJOVI Ayaba,0169298442
ENR-000281,AN-001693,ACTE_NAISSANCE,AG014,Abomey-Calavi,2025-01-31,HOUNGBO,Gisèle Rachidatou,1974-07-06,F,0906,QUENUM Sylvie,0193792021
ENR-000282,AN-002196,ACTE_NAISSANCE,AG019,Djougou,2025-01-31,ADJOVI,Flore,2016-12-28,F,1202,KIKI Flore,0145447363
ENR-000283,PP-003019,PASSEPORT,AG020,Lokossa,2025-01-31,KPADONOU,Comlan,2003-10-02,M,0704,AMOUSSOU Bernice,0156025209
ENR-000284,CC-003760,CARTE_CONSULAIRE,AG015,Porto-Novo,2025-01-31,AGBODJAN,Justin,1980-01-08,M,0503,KIKI Espérance,0101419206
ENR-000285,AN-004036,ACTE_NAISSANCE,AG009,Ouidah,2025-01-31,ZANNOU,Fidèle,1960-08-22,M,0302,FASSINOU Sèmèvo,0119079148
ENR-000286,AN-004272,ACTE_NAISSANCE,AG038,Abomey-Calavi,2025-01-31,QUENUM,Judith,1977-04-20,F,1001,DANSOU Carine,0153587216
ENR-000287,AN-004292,ACTE_NAISSANCE,AG038,Abomey-Calavi,2025-01-31,KIKI,Rosine,1964-01-20,F,0202,HOUNGBO Rosine,0137034899
ENR-000288,PP-004338,PASSEPORT,AG004,Parakou,2025-01-31,KOUKPAKI,Estelle Sylvie,1961-03-13,F,0604,BIO Fatoumata,0127422699
ENR-000289,AN-004803,ACTE_NAISSANCE,AG019,Djougou,2025-01-31,ADANDE,Ghislain,2002-12-07,M,0605,AGBODJAN Chimène,0122427062
ENR-000290,AN-000337,ACTE_NAISSANCE,AG015,Porto-Novo,2025-02-01,ADANDE,Bernice Aïcha,1945-03-08,F,0702,VODOUNON Prudence,0147636683
ENR-000291,AN-000831,ACTE_NAISSANCE,AG003,Porto-Novo,2025-02-01,AMOUSSOU,Salamatou Flore,1969-03-05,F,1009,TOSSOU Sylvie,0141353387
ENR-000292,AN-001082,ACTE_NAISSANCE,AG028,Parakou,2025-02-01,VODOUNON,Fidèle,1995-10-26,M,0403,SOSSOU Judith,0149297621
ENR-000293,AN-001163,ACTE_NAISSANCE,AG013,Cotonou,2025-02-01,ASSOGBA,Aïcha,1961-02-21,F,0703,KIKI Gisèle,0161355727
ENR-000294,AN-001284,ACTE_NAISSANCE,AG008,Lokossa,2025-02-01,FASSINOU,Espérance Mariam,2022-03-07,F,0801,ADANDE Bernice,0125219491
ENR-000295,CC-001381,CARTE_CONSULAIRE,AG008,Lokossa,2025-02-01,souley,Rachid,2012-10-31,M,0206,CODJIA Rachidatou,0178113733
ENR-000296,AN-001611,ACTE_NAISSANCE,AG036,Aplahoué,2025-02-01,SOSSOU,Arnaud,2001-12-28,M,1004,ADANDE Gisèle,0183068718
ENR-000297,AN-003995,ACTE_NAISSANCE,AG013,Cotonou,2025-02-01,AKPOVI,Judith,1998-08-27,F,0202,YAROU Salamatou,0177452087
ENR-000298,AN-004206,ACTE_NAISSANCE,AG038,Abomey-Calavi,2025-02-01,BONI,Bienvenu,1976-04-24,M,0306,GBAGUIDI Prudence,0115428492
ENR-000299,CC-002414,CARTE_CONSULAIRE,AG039,Porto-Novo,2025-02-01,DOSSOU,Nadège,2023-02-10,F,1207,ALLADAYE Sylvie,0103948892
ENR-000300,PP-000349,PASSEPORT,AG032,Lokossa,2025-02-02,VODOUNON,Gisèle,2001-12-16,F,0601,AGBODJAN Espérance,
ENR-000301,AN-001674,ACTE_NAISSANCE,AG001,Cotonou,2025-02-02,AGOSSOU,Gildas,1988-08-22,M,0401,CHABI Ayaba,0142212111
ENR-000302,PP-002471,PASSEPORT,AG016,Parakou,2025-02-02,OSSENI,Ibrahim,1949-03-05,M,0901,DANSOU Ayaba,0188506925
ENR-000303,AN-004948,ACTE_NAISSANCE,AG033,Ouidah,2025-02-02,TOSSOU,Rachid,1975-06-02,M,1102,FASSINOU Aïcha,0194941033
ENR-000304,CC-004999,CARTE_CONSULAIRE,AG007,Djougou,2025-02-02,DOSSOU,Espérance,1972-07-06,F,0801,ALLADAYE Salamatou,0190612880
ENR-000305,AN-000107,ACTE_NAISSANCE,AG019,Djougou,2025-02-03,CHABI,Estelle Salamatou,1966-05-01,F,0704,VODOUNON Gisèle,0100748514
ENR-000306,AN-000825,ACTE_NAISSANCE,AG018,Natitingou,2025-02-03,TOGBE,Prudence,1992-08-31,F,1207,LOKONON Mariam,0148077442
ENR-000307,AN-001255,ACTE_NAISSANCE,AG002,Abomey-Calavi,2025-02-03,GBAGUIDI,Salamatou,1938-03-12,F,0702,NOUATIN Sènami,0190833079
ENR-000308,AN-001927,ACTE_NAISSANCE,AG010,Kandi,2025-02-03,BIO,Sylvie,2009-07-26,F,0102,QUENUM Judith,0107723932
ENR-000309,PP-001970,PASSEPORT,AG037,Cotonou,2025-02-03,SAGBO,Serge Ghislain,1948-08-11,M,1202,TCHIBOZO Sèmèvo,
ENR-000310,AN-002641,ACTE_NAISSANCE,AG022,Kandi,2025-02-03,TCHIBOZO,Salamatou,2022-05-03,F,0503,OSSENI Chimène,
ENR-000311,AN-004050,ACTE_NAISSANCE,AG025,Cotonou,2025-02-03,ADANDE,Serge,1994-08-01,M,0506,KIKI Rachidatou,0187196811
ENR-000312,PP-004553,PASSEPORT,AG002,Abomey-Calavi,2025-02-03,DOSSOU,Aïcha Bernice,1966-08-01,F,1204,OSSENI Rachidatou,0161532953
ENR-000313,PP-004631,PASSEPORT,AG032,Lokossa,2025-02-03,SOULEY,Comlan Justin,1983-02-28,M,1205,AGBODJAN Sènami,0145465297
ENR-000314,AN-004927,ACTE_NAISSANCE,AG007,Djougou,2025-02-03,ASSOGBA,Arnaud,1998-09-09,M,1201,BONI Gisèle,0193969734
ENR-000315,AN-000060,ACTE_NAISSANCE,AG017,Bohicon,2025-02-04,HOUESSOU,Moussa Fidèle,1985-10-09,M,1005,ALLADAYE Salamatou,0197258444
ENR-000316,AN-000299,ACTE_NAISSANCE,AG022,Kandi,2025-02-04,SOSSOU,Estelle,1955-06-09,F,1009,QUENUM Aïcha,0105391104
ENR-000317,PP-000464,PASSEPORT,AG019,Djougou,2025-02-04,ZINSOU,Justin,2005-05-11,M,0401,QUENUM Bernice,01 79 45 16 97
ENR-000318,PP-000539,PASSEPORT,AG039,Porto-Novo,2025-02-04,DOSSOU,Justin,2004-01-03,M,0202,KOUKPAKI Salamatou,0131199222
ENR-000319,AN-000626,ACTE_NAISSANCE,AG004,Parakou,2025-02-04,ASSOGBA,Romaric,1937-10-26,M,1201,YAROU Mariam,0160422508
ENR-000320,CC-000901,CARTE_CONSULAIRE,AG022,Kandi,2025-02-04,OSSENI,Arnaud,1991-12-26,M,0904,ADANDE Gisèle,0156313804
ENR-000321,AN-001448,ACTE_NAISSANCE,AG012,Aplahoué,2025-02-04,AGOSSOU,Rodrigue,2005-10-05,M,1005,AHOUANSOU Aïcha,0176602578
ENR-000322,CC-001464,CARTE_CONSULAIRE,AG032,Lokossa,2025-02-04,LOKONON,Yves,1975-07-12,M,1103,ZANNOU Bernice,0167940725
ENR-000323,AN-001860,ACTE_NAISSANCE,AG003,Porto-Novo,2025-02-04,SOULEY,Comlan Ulrich,1996-07-31,M,0703,GLELE Bernice,
ENR-000324,AN-002172,ACTE_NAISSANCE,AG026,Abomey-Calavi,2025-02-04,DANSOU,Serge,1965-05-29,M,1005,HOUESSOU Espérance,0101378738
ENR-000325,AN-002422,ACTE_NAISSANCE,AG038,Abomey-Calavi,2025-02-04,ZANNOU,Sèmèvo,2000-07-11,F,0206,AMOUSSOU Sènami,0154051280
ENR-000326,AN-003201,ACTE_NAISSANCE,AG014,Abomey-Calavi,2025-02-04,QUENUM,Rodrigue Moussa,1989-03-26,M,0506,ZANNOU Prudence,0138322853
ENR-000327,PP-004089,PASSEPORT,AG020,Lokossa,2025-02-04,AHOUANSOU,Flore,2011-01-26,F,0603,OSSENI Mariam,0132801456
ENR-000328,AN-004182,ACTE_NAISSANCE,AG013,Cotonou,2025-02-04,NOUATIN,Brice,1998-09-09,M,0902,ZINSOU Chimène,0161670755
ENR-000329,AN-001134,ACTE_NAISSANCE,AG038,Abomey-Calavi,2025-02-05,SOSSOU,Nadège Prudence,1986-05-31,F,0604,YAROU Fatoumata,0108821309
ENR-000330,AN-001463,ACTE_NAISSANCE,AG025,Cotonou,2025-02-05,AHOYO,Mahougnon,1999-10-15,M,0103,NOUATIN Mariam,0114669962
ENR-000331,AN-001628,ACTE_NAISSANCE,AG024,Aplahoué,2025-02-05,VODOUNON,Carine,1997-03-15,F,0905,SOULEY Flore,0107685191
ENR-000332,PP-002034,PASSEPORT,AG018,Natitingou,2025-02-05,ALLADAYE,Arnaud,1957-09-10,M,0905,IDRISSOU Nadège,0198818444
ENR-000333,CC-002220,CARTE_CONSULAIRE,AG014,Abomey-Calavi,2025-02-05,SOULEY,Ghislain,1999-05-11,M,0703,CODJIA Carine,0169705317
ENR-000334,AN-002901,ACTE_NAISSANCE,AG031,Djougou,2025-02-05,HOUESSOU,Ibrahim Justin,1981-07-15,M,0704,HOUESSOU Judith,0196901898
ENR-000335,AN-002915,ACTE_NAISSANCE,AG008,Lokossa,2025-02-05,AGBODJAN,Rodrigue,1974-12-22,M,0101,AGBODJAN Nadège,0197419105
ENR-000336,AN-003239,ACTE_NAISSANCE,AG024,Aplahoué,2025-02-05,AHOYO,Gildas Romaric,1984-02-13,M,0901,ZINSOU Mariam,0178272134
ENR-000337,AN-003631,ACTE_NAISSANCE,AG014,Abomey-Calavi,2025-02-05,TCHIBOZO,Bernice,2016-01-31,F,0103,TOSSOU Sèmèvo,
ENR-000338,AN-003916,ACTE_NAISSANCE,AG018,Natitingou,2025-02-05,BIO,Nadège,1994-10-23,F,1008,SOULEY Prudence,0151717584
ENR-000339,AN-003942,ACTE_NAISSANCE,AG002,Abomey-Calavi,2025-02-05,LOKONON,Rachid,2009-07-20,M,1201,LOKONON Flore,0141429798
ENR-000340,AN-000210,ACTE_NAISSANCE,AG031,Djougou,2025-02-06,AKPOVI,Brice,1987-07-24,M,0208,SAGBO Estelle,0112746221
ENR-000341,AN-000471,ACTE_NAISSANCE,AG024,Aplahoué,2025-02-06,IDRISSOU,Gisèle,1949-11-14,F,0203,GBAGUIDI Rosine,0123187053
ENR-000342,CC-003026,CARTE_CONSULAIRE,AG026,Abomey-Calavi,2025-02-06,DANSOU,Serge,2002-12-12,M,1007,AGBODJAN Sènami,0197699463
ENR-000343,AN-004188,ACTE_NAISSANCE,AG018,Natitingou,2025-02-06,ALLADAYE,Estelle,1973-11-16,F,1102,ZANNOU Bernice,0152336102
ENR-000344,AN-000736,ACTE_NAISSANCE,AG025,Cotonou,2025-02-07,CODJIA,Gisèle,1976-11-27,F,1209,ALLADAYE Aïcha,0148917129
ENR-000345,PP-001232,PASSEPORT,AG008,Lokossa,2025-02-07,DANSOU,Salamatou Mariam,1955-06-24,F,1202,SOSSOU Sylvie,0132284752
ENR-000346,AN-002020,ACTE_NAISSANCE,AG036,Aplahoué,2025-02-07,AGBODJAN,Salamatou,1942-06-04,F,1203,BONI Judith,0153998269
ENR-000347,AN-002079,ACTE_NAISSANCE,AG008,Lokossa,2025-02-07,YAROU,Romaric,1942-11-15,M,0404,TOSSOU Ayaba,0135614154
ENR-000348,AN-002355,ACTE_NAISSANCE,AG006,Natitingou,2025-02-07,DOSSOU,Espérance Sèmèvo,1984-05-09,F,0204,HOUNKPATIN Bernice,0105449613
ENR-000349,AN-003068,ACTE_NAISSANCE,AG008,Lokossa,2025-02-07,MENSAH,Serge Gildas,2004-02-26,M,0401,ZINSOU Bernice,0105145767
ENR-000350,PP-004020,PASSEPORT,AG030,Natitingou,2025-02-07,LOKONON,Gisèle,2021-12-25,F,0605,OSSENI Espérance,0156856186
ENR-000351,AN-004737,ACTE_NAISSANCE,AG010,Kandi,2025-02-07,YAROU,Prudence,1974-04-08,F,0202,OSSENI Sènami,0174172802
ENR-000352,AN-004817,ACTE_NAISSANCE,AG003,Porto-Novo,2025-02-07,AHOYO,Ayaba Rachidatou,1967-10-28,F,0307,QUENUM Salamatou,0120292069
ENR-000353,AN-000662,ACTE_NAISSANCE,AG008,Lokossa,2025-02-08,SOSSOU,Justin Serge,1989-03-03,M,0501,KOUKPAKI Espérance,0191635669
ENR-000354,AN-001090,ACTE_NAISSANCE,AG032,Lokossa,2025-02-08,SAGBO,  Codjo   Comlan ,1945-09-28,M,0704,KPADONOU Carine,0142877528
ENR-000355,AN-002348,ACTE_NAISSANCE,AG010,Kandi,2025-02-08,TCHIBOZO,Flore Chimène,1954-08-09,F,0605,AHOUANSOU Chimène,0187246883
ENR-000356,CC-002498,CARTE_CONSULAIRE,AG021,Ouidah,2025-02-08,OSSENI,Ayaba,1992-03-03,F,0102,YAROU Salamatou,0195166576
ENR-000357,PP-002591,PASSEPORT,AG026,Abomey-Calavi,2025-02-08,ASSOGBA,Sylvie,2002-06-06,F,1104,AMOUSSOU Ayaba,
ENR-000358,CC-003116,CARTE_CONSULAIRE,AG029,Bohicon,2025-02-08,SOSSOU,Salamatou,1988-04-16,F,0704,BIO Estelle,0123469025
ENR-000359,PP-003614,PASSEPORT,AG037,Cotonou,2025-02-08,LOKONON,Yves,1998-09-02,M,1001,KPADONOU Flore,0136524308
ENR-000360,AN-004337,ACTE_NAISSANCE,AG037,Cotonou,2025-02-08,ALLADAYE,Koffi,1972-11-03,M,0101,MENSAH Carine,0150509437
ENR-000361,AN-004414,ACTE_NAISSANCE,AG024,Aplahoué,2025-02-08,VODOUNON,Ayaba,1986-02-25,F,0604,MENSAH Rosine,0129553532
ENR-000362,AN-000110,ACTE_NAISSANCE,AG040,Parakou,2025-02-09,AKPOVI,Flore,1964-04-18,F,0203,LOKONON Bernice,0104995314
ENR-000363,AN-000914,ACTE_NAISSANCE,AG024,Aplahoué,2025-02-09,MENSAH,Bienvenu Rodrigue,1956-10-20,M,1208,SOULEY Salamatou,0184636842
ENR-000364,CC-002375,CARTE_CONSULAIRE,AG005,Bohicon,2025-02-09,KIKI,Fabrice,1985-09-10,M,0102,KPADONOU Prudence,0180459295
ENR-000365,CC-004218,CARTE_CONSULAIRE,AG032,Lokossa,2025-02-09,NOUATIN,Serge,2008-03-11,M,0206,GLELE Fatoumata,0105103698
ENR-000366,PP-004619,PASSEPORT,AG030,Natitingou,2025-02-09,DANSOU,Rosine,1982-12-30,F,0605,YAROU Aïcha,
ENR-000367,AN-000096,ACTE_NAISSANCE,AG026,Abomey-Calavi,2025-02-10,GBAGUIDI,  Fatoumata ,2000-06-22,F,0406,TOGBE Rosine,0155049657
ENR-000368,CC-001198,CARTE_CONSULAIRE,AG012,Aplahoué,2025-02-10,QUENUM,Comlan,1966-09-23,M,0103,ASSOGBA Rachidatou,0120397192
ENR-000369,AN-001859,ACTE_NAISSANCE,AG039,Porto-Novo,2025-02-10,AHOYO,Comlan,2013-07-10,M,1102,CHABI Rosine,
ENR-000370,AN-002070,ACTE_NAISSANCE,AG031,Djougou,2025-02-10,ZANNOU,  Mariam ,1996-04-05,F,0202,TOGBE Bernice,0161950473
ENR-000371,AN-002090,ACTE_NAISSANCE,AG033,Ouidah,2025-02-10,ZINSOU,Estelle Chimène,1984-03-06,F,0204,QUENUM Nadège,
ENR-000372,AN-002505,ACTE_NAISSANCE,AG030,Natitingou,2025-02-10,QUENUM,Flore Mariam,1968-09-04,F,1101,AHOUANSOU Sylvie,0146641894
ENR-000373,PP-002521,PASSEPORT,AG013,Cotonou,2025-02-10,TOGBE,Brice,1983-04-30,M,0906,ADJOVI Mariam,0178612554
ENR-000374,AN-002549,ACTE_NAISSANCE,AG002,Abomey-Calavi,2025-02-10,AGBODJAN,Ibrahim Mahougnon,2010-11-24,M,1004,AKPOVI Judith,0168851942
ENR-000375,AN-003133,ACTE_NAISSANCE,AG021,Ouidah,2025-02-10,GLELE,Ibrahim,1963-05-28,M,0602,GLELE Flore,0126076611
ENR-000376,AN-003619,ACTE_NAISSANCE,AG034,Kandi,2025-02-10,DANSOU,Sylvie,2002-11-15,F,0606,MENSAH Estelle,0108592709
ENR-000377,AN-003816,ACTE_NAISSANCE,AG024,Aplahoué,2025-02-10,ZANNOU,Comlan,2009-10-20,M,0207,AGBODJAN Prudence,0186438558
ENR-000378,CC-004386,CARTE_CONSULAIRE,AG010,Kandi,2025-02-10,SOSSOU,Judith,1986-01-28,F,1205,TCHIBOZO Aïcha,0194116239
ENR-000379,AN-004529,ACTE_NAISSANCE,AG033,Ouidah,2025-02-10,ADJOVI,Ulrich,1981-07-12,M,0905,ADJOVI Judith,0168082903
ENR-000380,AN-000473,ACTE_NAISSANCE,AG030,Natitingou,2025-02-11,MENSAH,  Ibrahim   Brice ,2005-10-19,M,0503,AGBODJAN Judith,0106609512
ENR-000381,AN-000505,ACTE_NAISSANCE,AG039,Porto-Novo,2025-02-11,SOSSOU,Bienvenu,1980-04-30,M,0208,MENSAH Gisèle,
ENR-000382,AN-001521,ACTE_NAISSANCE,AG012,Aplahoué,2025-02-11,NOUATIN,Bienvenu Ibrahim,1999-01-07,M,0605,CHABI Nadège,0139648790
ENR-000383,AN-001597,ACTE_NAISSANCE,AG014,Abomey-Calavi,2025-02-11,ASSOGBA,Bernice Flore,2013-04-14,F,0502,VODOUNON Mariam,01 97 02 38 54
ENR-000384,AN-002666,ACTE_NAISSANCE,AG018,Natitingou,2025-02-11,YAROU,Ayaba Sèmèvo,1977-10-05,F,0402,ALLADAYE Nadège,0121442657
ENR-000385,CC-002844,CARTE_CONSULAIRE,AG021,Ouidah,2025-02-11,TOGBE,Fidèle Gildas,1961-02-03,M,0603,QUENUM Bernice,0113517997
ENR-000386,PP-003635,PASSEPORT,AG025,Cotonou,2025-02-11,TOGBE,  Rodrigue ,1951-02-15,M,0201,BIO Sylvie,0142216132
ENR-000387,AN-003846,ACTE_NAISSANCE,AG014,Abomey-Calavi,2025-02-11,HOUNSOU,Flore,1994-05-12,F,0308,TOGBE Carine,
ENR-000388,CC-004296,CARTE_CONSULAIRE,AG017,Bohicon,2025-02-11,ASSOGBA,Bienvenu,1956-08-12,M,1204,OSSENI Flore,0183494436
ENR-000389,AN-004476,ACTE_NAISSANCE,AG028,Parakou,2025-02-11,ZINSOU,Mahougnon Comlan,2004-01-27,M,0704,AGBODJAN Bernice,0115350923
ENR-000390,AN-000242,ACTE_NAISSANCE,AG009,Ouidah,2025-02-12,BIO,Rodrigue Ulrich,1963-07-20,M,0501,AGBODJAN Gisèle,0188642115
ENR-000391,PP-000781,PASSEPORT,AG002,Abomey-Calavi,2025-02-12,AGOSSOU,Fidèle Rachid,2010-12-21,M,0506,KOUKPAKI Estelle,0149782715
ENR-000392,AN-000853,ACTE_NAISSANCE,AG013,Cotonou,2025-02-12,SOSSOU,Ayaba,1969-04-26,F,0503,AKPOVI Rachidatou,
ENR-000393,AN-001355,ACTE_NAISSANCE,AG016,Parakou,2025-02-12,HOUNKPATIN,Codjo,2005-10-19,M,0605,NOUATIN Estelle,0184194124
ENR-000394,AN-002429,ACTE_NAISSANCE,AG006,Natitingou,2025-02-12,SOULEY,Rachid,2013-03-05,M,1008,QUENUM Chimène,01 30 92 98 99
ENR-000395,PP-003509,PASSEPORT,AG003,Porto-Novo,2025-02-12,AHOYO,Fatoumata,1972-09-07,F,0407,HOUESSOU Mariam,0142954998
ENR-000396,AN-004722,ACTE_NAISSANCE,AG019,Djougou,2025-02-12,HOUESSOU,Fatoumata Rachidatou,1936-07-23,F,0406,ADJOVI Espérance,0126770060
ENR-000397,PP-000801,PASSEPORT,AG012,Aplahoué,2025-02-13,KIKI,Rachidatou Bernice,1943-11-17,F,0605,HOUNGBO Sylvie,0135789675
ENR-000398,AN-001472,ACTE_NAISSANCE,AG036,Aplahoué,2025-02-13,AKPOVI,Mariam,1970-11-28,F,0209,SOSSOU Judith,
ENR-000399,AN-001659,ACTE_NAISSANCE,AG036,Aplahoué,2025-02-13,TCHIBOZO,Sènami,2000-06-11,F,0408,AGOSSOU Rachidatou,0128862974
ENR-000400,AN-002548,ACTE_NAISSANCE,AG003,Porto-Novo,2025-02-13,IDRISSOU,Estelle Carine,1954-05-22,F,1001,TOSSOU Sylvie,0118246442
ENR-000401,AN-004172,ACTE_NAISSANCE,AG006,Natitingou,2025-02-13,AHOYO,Mahougnon,1987-03-27,M,1006,TOGBE Gisèle,0143178672
ENR-000402,AN-004923,ACTE_NAISSANCE,AG006,Natitingou,2025-02-13,AGBODJAN,Prudence,1966-12-18,F,0206,SAGBO Carine,0100729741
ENR-000403,AN-004939,ACTE_NAISSANCE,AG027,Porto-Novo,2025-02-13,OSSENI,Prudence Aïcha,2017-03-22,F,0505,CODJIA Sènami,0180756590
ENR-000404,AN-000164,ACTE_NAISSANCE,AG032,Lokossa,2025-02-14,ADJOVI,Rosine,1990-02-17,F,0209,BIO Nadège,0110172717
ENR-000405,AN-001042,ACTE_NAISSANCE,AG033,Ouidah,2025-02-14,HOUNSOU,Codjo,2002-02-15,M,0305,AKPOVI Bernice,0113362292
ENR-000406,AN-001191,ACTE_NAISSANCE,AG018,Natitingou,2025-02-14,AHOYO,Ghislain,1987-02-21,M,0407,OSSENI Salamatou,0108610366
ENR-000407,AN-002051,ACTE_NAISSANCE,AG007,Djougou,2025-02-14,DOSSOU,Sylvie,1977-05-02,F,1101,KPADONOU Ayaba,0163599744
ENR-000408,AN-002411,ACTE_NAISSANCE,AG001,Cotonou,2025-02-14,AMOUSSOU,Justin,2011-12-12,M,0305,VODOUNON Ayaba,0155118258
ENR-000409,AN-002479,ACTE_NAISSANCE,AG007,Djougou,2025-02-14,KIKI,Mahougnon Moussa,1988-06-30,M,1006,AGBODJAN Mariam,0116833664
ENR-000410,AN-003030,ACTE_NAISSANCE,AG014,Abomey-Calavi,2025-02-14,TCHIBOZO,Fatoumata,1993-09-25,F,0308,ASSOGBA Salamatou,0168122926
ENR-000411,AN-003175,ACTE_NAISSANCE,AG032,Lokossa,2025-02-14,HOUNKPATIN,Mariam Estelle,1986-09-24,F,0603,CHABI Ayaba,0162347714
ENR-000412,AN-003711,ACTE_NAISSANCE,AG012,Aplahoué,2025-02-14,BIO,Yves,2006-08-14,M,0603,DANSOU Sènami,0120051775
ENR-000413,AN-003959,ACTE_NAISSANCE,AG038,Abomey-Calavi,2025-02-14,VODOUNON,Codjo,1993-06-23,M,0209,ZANNOU Fatoumata,0140362131
ENR-000414,AN-004412,ACTE_NAISSANCE,AG002,Abomey-Calavi,2025-02-14,SOSSOU,Fatoumata,1960-05-17,F,0308,KOUKPAKI Mariam,0157990364
ENR-000415,AN-000087,ACTE_NAISSANCE,AG036,Aplahoué,2025-02-15,SOSSOU,Sènami Rachidatou,1995-03-29,F,1202,HOUESSOU Flore,0141517801
ENR-000416,CC-000416,CARTE_CONSULAIRE,AG012,Aplahoué,2025-02-15,ZINSOU,Judith,1992-07-14,F,0902,HOUNKPATIN Judith,0132931173
ENR-000417,AN-001135,ACTE_NAISSANCE,AG013,Cotonou,2025-02-15,HOUNSOU,Arnaud,1974-12-04,M,0205,SOULEY Sènami,0196634038
ENR-000418,CC-001206,CARTE_CONSULAIRE,AG001,Cotonou,2025-02-15,KPADONOU,Comlan Brice,2004-08-09,M,1002,YAROU Estelle,0153512143
ENR-000419,AN-001978,ACTE_NAISSANCE,AG016,Parakou,2025-02-15,HOUNSOU,Aïcha,1950-01-07,F,0301,AGBODJAN Judith,0116541549
ENR-000420,AN-002536,ACTE_NAISSANCE,AG030,Natitingou,2025-02-15,SAGBO,Codjo,1985-12-07,M,1207,AHOYO Mariam,0165347665
ENR-000421,AN-002687,ACTE_NAISSANCE,AG014,Abomey-Calavi,2025-02-15,DOSSOU,Sènami Gisèle,2019-12-22,F,0303,ADJOVI Estelle,0153995429
ENR-000422,AN-004286,ACTE_NAISSANCE,AG021,Ouidah,2025-02-15,AGBODJAN,Comlan Justin,1977-07-18,M,0203,SOSSOU Aïcha,0118253305
ENR-000423,AN-004504,ACTE_NAISSANCE,AG026,Abomey-Calavi,2025-02-15,AHOYO,Romaric,2005-01-24,M,1006,TOSSOU Ayaba,0169566839
ENR-000424,AN-000115,ACTE_NAISSANCE,AG007,Djougou,2025-02-16,TOGBE,Fidèle,1945-08-02,M,0604,CHABI Rosine,0139546180
ENR-000425,AN-000237,ACTE_NAISSANCE,AG028,Parakou,2025-02-16,KOUKPAKI,Gisèle,1938-11-29,F,1209,MENSAH Sèmèvo,0125691517
ENR-000426,AN-000761,ACTE_NAISSANCE,AG024,Aplahoué,2025-02-16,NOUATIN,Mahougnon,1953-09-27,M,1203,QUENUM Chimène,0201172119
ENR-000427,CC-001036,CARTE_CONSULAIRE,AG020,Lokossa,2025-02-16,IDRISSOU,Sylvie Salamatou,1980-10-28,F,0701,LOKONON Espérance,0182858164
ENR-000428,AN-001305,ACTE_NAISSANCE,AG025,Cotonou,2025-02-16,HOUESSOU,Rachid,1980-02-21,M,1101,AHOYO Aïcha,0182912280
ENR-000429,AN-001683,ACTE_NAISSANCE,AG020,Lokossa,2025-02-16,HOUNSOU,Ibrahim,1972-11-12,M,0308,CHABI Sènami,0162654467
ENR-000430,AN-004039,ACTE_NAISSANCE,AG017,Bohicon,2025-02-16,KOUKPAKI,Codjo Brice,1954-12-29,M,0104,ADANDE Judith,019472183701
ENR-000431,CC-004148,CARTE_CONSULAIRE,AG031,Djougou,2025-02-16,SOULEY,Sènami Rosine,2015-11-21,F,0105,ASSOGBA Fatoumata,0100655524
ENR-000432,AN-004709,ACTE_NAISSANCE,AG034,Kandi,2025-02-16,ALLADAYE,Carine Flore,1999-02-25,F,1005,NOUATIN Gisèle,
ENR-000433,AN-000552,ACTE_NAISSANCE,AG019,Djougou,2025-02-17,IDRISSOU,Sènami,1995-11-21,F,1005,KPADONOU Gisèle,0197331693
ENR-000434,CC-000641,CARTE_CONSULAIRE,AG011,Dassa-Zoumè,2025-02-17,HOUESSOU,Ayaba Gisèle,1976-09-15,F,1208,BONI Prudence,0157276925
ENR-000435,CC-002559,CARTE_CONSULAIRE,AG014,Abomey-Calavi,2025-02-17,LOKONON,Chimène,1955-07-18,F,0303,SOULEY Mariam,0124315081
ENR-000436,PP-002719,PASSEPORT,AG007,Djougou,2025-02-17,MENSAH,Moussa Justin,1940-08-19,M,0202,DOSSOU Estelle,0172927210
ENR-000437,PP-003538,PASSEPORT,AG032,Lokossa,2025-02-17,kiki,Mariam Chimène,2002-08-19,F,1207,OSSENI Judith,0159001216
ENR-000438,AN-003563,ACTE_NAISSANCE,AG029,Bohicon,2025-02-17,KOUKPAKI,Fidèle Serge,1979-12-06,M,1202,KOUKPAKI Estelle,0146187632
ENR-000439,CC-003804,CARTE_CONSULAIRE,AG038,Abomey-Calavi,2025-02-17,amoussou,Ibrahim Comlan,2005-01-28,M,0704,DOSSOU Nadège,0168523814
ENR-000440,CC-004135,CARTE_CONSULAIRE,AG009,Ouidah,2025-02-17,TCHIBOZO,Romaric,1998-06-28,M,0306,LOKONON Sèmèvo,0177575764
ENR-000441,PP-004232,PASSEPORT,AG003,Porto-Novo,2025-02-17,AGBODJAN,Sèmèvo Nadège,2007-08-10,F,0103,GBAGUIDI Aïcha,0143014286
ENR-000442,AN-004569,ACTE_NAISSANCE,AG025,Cotonou,2025-02-17,HOUNSOU,Bienvenu,2001-03-21,M,0302,OSSENI Judith,0108397018
ENR-000443,AN-000156,ACTE_NAISSANCE,AG011,Dassa-Zoumè,2025-02-18,TOGBE,Espérance,2005-09-26,F,0401,ALLADAYE Estelle,0143135772
ENR-000444,AN-000391,ACTE_NAISSANCE,AG012,Aplahoué,2025-02-18,YAROU,Justin,2018-04-14,M,0506,AHOUANSOU Ayaba,0127766316
ENR-000445,CC-001154,CARTE_CONSULAIRE,AG026,Abomey-Calavi,2025-02-18,SOULEY,  Sèmèvo ,2017-04-26,F,0702,SAGBO Ayaba,0125140215
ENR-000446,AN-001863,ACTE_NAISSANCE,AG035,Dassa-Zoumè,2025-02-18,NOUATIN,Fatoumata,1967-09-29,F,0306,VODOUNON Aïcha,0154347729
ENR-000447,CC-002335,CARTE_CONSULAIRE,AG002,Abomey-Calavi,2025-02-18,HOUNKPATIN,Fatoumata,2001-10-06,F,0208,HOUESSOU Espérance,0119316269
ENR-000448,AN-002635,ACTE_NAISSANCE,AG015,Porto-Novo,2025-02-18,BONI,Fabrice,1988-03-26,M,0105,TCHIBOZO Sèmèvo,0107056930
ENR-000449,AN-003525,ACTE_NAISSANCE,AG012,Aplahoué,2025-02-18,TCHIBOZO,Judith,1981-04-28,F,0302,GBAGUIDI Mariam,
ENR-000450,AN-000191,ACTE_NAISSANCE,AG007,Djougou,2025-02-19,DANSOU,Codjo,1964-09-05,M,0503,ZINSOU Ayaba,0168314985
ENR-000451,PP-000357,PASSEPORT,AG010,Kandi,2025-02-19,ADJOVI,Codjo Rodrigue,1980-07-28,M,0307,SOULEY Aïcha,0192316684
ENR-000452,AN-000836,ACTE_NAISSANCE,AG025,Cotonou,2025-02-19,ZANNOU,Sylvie,1982-03-23,F,1008,TOGBE Salamatou,0163385813
ENR-000453,AN-002006,ACTE_NAISSANCE,AG037,Cotonou,2025-02-19,NOUATIN,Salamatou Estelle,1946-06-04,F,0601,AKPOVI Carine,0159798439
ENR-000454,AN-002097,ACTE_NAISSANCE,AG011,Dassa-Zoumè,2025-02-19,VODOUNON,Carine Aïcha,1969-12-24,F,0401,TCHIBOZO Rachidatou,0111953931
ENR-000455,AN-003146,ACTE_NAISSANCE,AG032,Lokossa,2025-02-19,IDRISSOU,Brice Arnaud,1993-01-12,M,0602,KIKI Rosine,0109678503
ENR-000456,AN-003152,ACTE_NAISSANCE,AG025,Cotonou,2025-02-19,AHOYO,Justin,1977-02-20,M,0901,BIO Sènami,0198213246
ENR-000457,PP-003671,PASSEPORT,AG036,Aplahoué,2025-02-19,GBAGUIDI,Serge,1973-09-11,M,1206,VODOUNON Sènami,0155453488
ENR-000458,AN-003824,ACTE_NAISSANCE,AG013,Cotonou,2025-02-19,AGOSSOU,Rachid,1992-05-30,M,0904,LOKONON Carine,0183687081
ENR-000459,AN-004194,ACTE_NAISSANCE,AG030,Natitingou,2025-02-19,KIKI,Moussa,1983-12-02,M,0101,KIKI Flore,
ENR-000460,PP-000456,PASSEPORT,AG035,Dassa-Zoumè,2025-02-20,ZANNOU,Fidèle,2010-10-05,M,1206,QUENUM Nadège,0141377678
ENR-000461,AN-000966,ACTE_NAISSANCE,AG024,Aplahoué,2025-02-20,ADJOVI,Serge,1945-09-03,M,0407,AMOUSSOU Salamatou,0127577147
ENR-000462,CC-001105,CARTE_CONSULAIRE,AG018,Natitingou,2025-02-20,AGBODJAN,Moussa Koffi,2009-03-27,M,1005,ZINSOU Flore,0146820424
ENR-000463,AN-001588,ACTE_NAISSANCE,AG016,Parakou,2025-02-20,AGBODJAN,Serge Yves,1962-04-11,M,0106,HOUNGBO Fatoumata,+229 0187839889
ENR-000464,AN-001712,ACTE_NAISSANCE,AG035,Dassa-Zoumè,2025-02-20,HOUNGBO,Mariam,1996-03-27,F,0406,IDRISSOU Sylvie,0160001447
ENR-000465,AN-002369,ACTE_NAISSANCE,AG034,Kandi,2025-02-20,SOULEY,Arnaud,1991-01-02,M,0203,HOUNSOU Carine,0111738102
ENR-000466,AN-002727,ACTE_NAISSANCE,AG018,Natitingou,2025-02-20,SOULEY,Aïcha Estelle,1953-03-17,F,1104,TOGBE Aïcha,0147439851
ENR-000467,AN-002904,ACTE_NAISSANCE,AG009,Ouidah,2025-02-20,GLELE,Aïcha,1995-01-12,F,0308,SAGBO Chimène,0152943774
ENR-000468,AN-003159,ACTE_NAISSANCE,AG024,Aplahoué,2025-02-20,KOUKPAKI,Brice Ulrich,1995-04-13,M,0701,BONI Ayaba,01 18 62 11 72
ENR-000469,AN-003347,ACTE_NAISSANCE,AG029,Bohicon,2025-02-20,AMOUSSOU,Yves,1951-01-14,M,0503,SOSSOU Rachidatou,0120378451
ENR-000470,AN-003994,ACTE_NAISSANCE,AG032,Lokossa,2025-02-20,BIO,Justin Mahougnon,1964-12-09,M,0306,KPADONOU Carine,0103400593
ENR-000471,PP-004825,PASSEPORT,AG004,Parakou,2025-02-20,SOULEY,Gisèle,1983-01-08,F,1207,NOUATIN Espérance,
ENR-000472,AN-004829,ACTE_NAISSANCE,AG022,Kandi,2025-02-20,LOKONON,Gisèle Sylvie,1954-10-28,F,0105,KIKI Ayaba,0130415439
ENR-000473,AN-000232,ACTE_NAISSANCE,AG039,Porto-Novo,2025-02-21,AGOSSOU,Sènami,2011-08-31,F,1207,CODJIA Fatoumata,0181191127
ENR-000474,AN-000984,ACTE_NAISSANCE,AG021,Ouidah,2025-02-21,TCHIBOZO,Codjo Romaric,1947-11-30,M,1001,CHABI Carine,0145305087
ENR-000475,AN-001301,ACTE_NAISSANCE,AG018,Natitingou,2025-02-21,TOGBE,Romaric,2012-07-30,M,0701,GLELE Gisèle,0193777121
ENR-000476,AN-001864,ACTE_NAISSANCE,AG006,Natitingou,2025-02-21,ZINSOU,Rachid Ibrahim,1997-10-29,M,0703,ADANDE Salamatou,0130547284
ENR-000477,AN-001880,ACTE_NAISSANCE,AG004,Parakou,2025-02-21,IDRISSOU,Chimène Sèmèvo,1990-02-20,F,0504,HOUNGBO Salamatou,
ENR-000478,AN-001907,ACTE_NAISSANCE,AG031,Djougou,2025-02-21,AHOYO,Arnaud,2005-12-02,M,0307,ADJOVI Chimène,
ENR-000479,AN-002093,ACTE_NAISSANCE,AG040,Parakou,2025-02-21,AHOUANSOU,Chimène,1964-08-23,F,0103,IDRISSOU Flore,0119468895
ENR-000480,AN-002760,ACTE_NAISSANCE,AG039,Porto-Novo,2025-02-21,VODOUNON,Sèmèvo Rosine,1978-02-25,F,0207,AKPOVI Sènami,0145732767
ENR-000481,AN-003188,ACTE_NAISSANCE,AG010,Kandi,2025-02-21,ZINSOU,Bernice,1958-10-01,F,1104,GBAGUIDI Gisèle,0154337935
ENR-000482,AN-004734,ACTE_NAISSANCE,AG036,Aplahoué,2025-02-21,ADANDE,Prudence Sènami,1989-12-14,F,0303,TOGBE Rosine,0149403188
ENR-000483,AN-000079,ACTE_NAISSANCE,AG039,Porto-Novo,2025-02-22,AHOUANSOU,Comlan,1971-05-09,M,1003,DOSSOU Nadège,0133057030
ENR-000484,AN-000834,ACTE_NAISSANCE,AG006,Natitingou,2025-02-22,BONI,Ayaba,1984-12-27,F,0101,ZINSOU Rachidatou,0143210321
ENR-000485,CC-001787,CARTE_CONSULAIRE,AG014,Abomey-Calavi,2025-02-22,TOGBE,Espérance,2013-04-07,F,0208,HOUESSOU Gisèle,01 68 08 16 96
ENR-000486,AN-001849,ACTE_NAISSANCE,AG033,Ouidah,2025-02-22,SOULEY,Carine,1994-01-07,F,0702,OSSENI Salamatou,0158655850
ENR-000487,AN-002273,ACTE_NAISSANCE,AG020,Lokossa,2025-02-22,HOUNSOU,Romaric,1989-04-12,M,0406,TOGBE Salamatou,0170994633
ENR-000488,AN-002432,ACTE_NAISSANCE,AG014,Abomey-Calavi,2025-02-22,KOUKPAKI,Yves,2003-09-22,M,0901,ZANNOU Carine,0194855748
ENR-000489,AN-002874,ACTE_NAISSANCE,AG019,Djougou,2025-02-22,ADANDE,Sèmèvo,1991-10-04,F,0308,AKPOVI Nadège,0111225709
ENR-000490,AN-003273,ACTE_NAISSANCE,AG034,Kandi,2025-02-22,VODOUNON,Sylvie Flore,1999-03-25,F,1208,HOUESSOU Sylvie,0145740237
ENR-000491,AN-003884,ACTE_NAISSANCE,AG038,Abomey-Calavi,2025-02-22,ZANNOU,Serge,1985-07-22,M,0204,GBAGUIDI Gisèle,0134491340
ENR-000492,AN-003948,ACTE_NAISSANCE,AG012,Aplahoué,2025-02-22,TCHIBOZO,Gisèle,2005-01-07,F,0105,ADJOVI Gisèle,0125066517
ENR-000493,PP-000222,PASSEPORT,AG007,Djougou,2025-02-23,AGOSSOU,Nadège Estelle,1981-06-13,F,0601,KPADONOU Estelle,0146827825
ENR-000494,CC-001037,CARTE_CONSULAIRE,AG004,Parakou,2025-02-23,ASSOGBA,Serge,1978-10-24,M,1206,AKPOVI Nadège,0103163818
ENR-000495,PP-001403,PASSEPORT,AG024,Aplahoué,2025-02-23,CHABI,Serge,1968-04-08,M,0904,CHABI Espérance,0180256142
ENR-000496,PP-001918,PASSEPORT,AG015,Porto-Novo,2025-02-23,VODOUNON,Brice Yves,1992-02-15,M,0906,GBAGUIDI Rosine,0117532129
ENR-000497,PP-001992,PASSEPORT,AG018,Natitingou,2025-02-23,HOUNKPATIN,Mariam,2008-02-28,F,0401,AHOYO Carine,289264104
ENR-000498,AN-002802,ACTE_NAISSANCE,AG028,Parakou,2025-02-23,ALLADAYE,Justin Ibrahim,1979-02-12,M,0205,KIKI Fatoumata,0166751869
ENR-000499,CC-003223,CARTE_CONSULAIRE,AG004,Parakou,2025-02-23,AKPOVI,Sylvie,1991-04-07,F,0404,DANSOU Salamatou,0111077779
ENR-000500,AN-003820,ACTE_NAISSANCE,AG024,Aplahoué,2025-02-23,TOGBE,Justin,1994-09-29,M,0502,TOSSOU Sèmèvo,0155274459
ENR-000501,AN-004399,ACTE_NAISSANCE,AG028,Parakou,2025-02-23,SAGBO,Prudence Ayaba,2013-07-16,F,0901,LOKONON Chimène,0120351762
ENR-000502,AN-004431,ACTE_NAISSANCE,AG010,Kandi,2025-02-23,SAGBO,Espérance,2008-11-25,F,1005,SOSSOU Salamatou,0166081720
ENR-000503,AN-004886,ACTE_NAISSANCE,AG012,Aplahoué,2025-02-23,ALLADAYE,Serge,1983-02-22,M,0106,VODOUNON Estelle,0142114830
ENR-000504,AN-002443,ACTE_NAISSANCE,AG037,Cotonou,2025-02-24,CHABI,Sylvie Rosine,1978-01-13,F,0402,CHABI Prudence,0166670184
ENR-000505,CC-002654,CARTE_CONSULAIRE,AG015,Porto-Novo,2025-02-24,ASSOGBA,Flore,2021-02-12,F,0308,SAGBO Salamatou,
ENR-000506,AN-003261,ACTE_NAISSANCE,AG034,Kandi,2025-02-24,ZANNOU,Rachidatou Prudence,1995-12-26,F,1004,HOUNGBO Ayaba,0286976490
ENR-000507,AN-003992,ACTE_NAISSANCE,AG019,Djougou,2025-02-24,AGBODJAN,Ghislain,1998-07-07,M,0703,DANSOU Flore,0146575057
ENR-000508,CC-004064,CARTE_CONSULAIRE,AG014,Abomey-Calavi,2025-02-24,CHABI,Gildas,2005-05-15,M,0503,FASSINOU Chimène,0109381028
ENR-000509,AN-004660,ACTE_NAISSANCE,AG013,Cotonou,2025-02-24,HOUNKPATIN,Mahougnon Brice,1956-04-09,M,0406,NOUATIN Mariam,0143681522
ENR-000510,AN-004748,ACTE_NAISSANCE,AG031,Djougou,2025-02-24,TCHIBOZO,Sènami Bernice,1986-02-17,F,0403,SAGBO Sylvie,0120096954
ENR-000511,AN-000791,ACTE_NAISSANCE,AG004,Parakou,2025-02-25,AGBODJAN,Rosine,1950-12-13,F,1203,MENSAH Sènami,0104381762
ENR-000512,AN-001405,ACTE_NAISSANCE,AG031,Djougou,2025-02-25,KPADONOU,Romaric,1955-08-17,M,1008,KPADONOU Fatoumata,0128773863
ENR-000513,CC-001894,CARTE_CONSULAIRE,AG013,Cotonou,2025-02-25,ZINSOU,Ayaba,1967-09-30,F,0307,AHOYO Espérance,0143286170
ENR-000514,PP-003054,PASSEPORT,AG035,Dassa-Zoumè,2025-02-25,ASSOGBA,Mariam,2017-09-28,F,1001,MENSAH Bernice,0145029332
ENR-000515,AN-004209,ACTE_NAISSANCE,AG018,Natitingou,2025-02-25,DOSSOU,Nadège,1985-06-08,F,0202,TOSSOU Aïcha,
ENR-000516,AN-004645,ACTE_NAISSANCE,AG022,Kandi,2025-02-25,KOUKPAKI,Arnaud,2011-12-01,M,0305,VODOUNON Bernice,0130024788
ENR-000517,AN-004665,ACTE_NAISSANCE,AG025,Cotonou,2025-02-25,GLELE,Arnaud,1986-08-23,M,1008,HOUNGBO Carine,0124639367
ENR-000518,AN-000077,ACTE_NAISSANCE,AG015,Porto-Novo,2025-02-26,AMOUSSOU,Fidèle Fabrice,1988-01-01,M,0605,MENSAH Aïcha,0140429474
ENR-000519,AN-000547,ACTE_NAISSANCE,AG040,Parakou,2025-02-26,GLELE,Fabrice Ghislain,2005-09-20,M,0404,GLELE Prudence,0107546304
ENR-000520,AN-001527,ACTE_NAISSANCE,AG008,Lokossa,2025-02-26,AMOUSSOU,Comlan,2020-03-08,M,1005,TCHIBOZO Rosine,0196844648
ENR-000521,CC-001617,CARTE_CONSULAIRE,AG039,Porto-Novo,2025-02-26,AHOUANSOU,Espérance,2005-09-17,F,1209,BONI Sènami,0116746453
ENR-000522,PP-001769,PASSEPORT,AG032,Lokossa,2025-02-26,VODOUNON,Serge,1947-08-05,M,0302,AMOUSSOU Sènami,0192697197
ENR-000523,AN-001779,ACTE_NAISSANCE,AG018,Natitingou,2025-02-26,AHOYO,Prudence,1973-03-23,F,0407,DANSOU Salamatou,0186063362
ENR-000524,AN-003716,ACTE_NAISSANCE,AG007,Djougou,2025-02-26,AGOSSOU,Gisèle,2000-05-12,F,1002,ALLADAYE Sènami,0129861943
ENR-000525,AN-004011,ACTE_NAISSANCE,AG005,Bohicon,2025-02-26,SAGBO,Bienvenu,2000-12-16,M,0209,HOUNSOU Espérance,0126802335
ENR-000526,PP-000341,PASSEPORT,AG008,Lokossa,2025-02-27,ALLADAYE,Flore Nadège,1975-08-08,F,0606,DANSOU Judith,0157896273
ENR-000527,AN-000733,ACTE_NAISSANCE,AG039,Porto-Novo,2025-02-27,QUENUM,Moussa,1979-02-19,M,0905,QUENUM Bernice,
ENR-000528,AN-000980,ACTE_NAISSANCE,AG010,Kandi,2025-02-27,TCHIBOZO,Koffi,1957-07-06,M,0504,HOUESSOU Ayaba,0155504660
ENR-000529,CC-003066,CARTE_CONSULAIRE,AG024,Aplahoué,2025-02-27,KIKI,Gildas Arnaud,1939-07-27,M,0302,NOUATIN Sèmèvo,0198490377
ENR-000530,PP-003866,PASSEPORT,AG008,Lokossa,2025-02-27,VODOUNON,Chimène,1982-10-27,F,1102,ADANDE Sylvie,+2290179354191
ENR-000531,AN-003983,ACTE_NAISSANCE,AG040,Parakou,2025-02-27,KPADONOU,Yves,2011-11-26,M,1206,ASSOGBA Aïcha,0105445218
ENR-000532,CC-000783,CARTE_CONSULAIRE,AG040,Parakou,2025-02-28,dansou,Fabrice Gildas,1975-09-04,M,0403,TOGBE Mariam,0109691790
ENR-000533,CC-001489,CARTE_CONSULAIRE,AG023,Dassa-Zoumè,2025-02-28,HOUNKPATIN,Aïcha,1974-11-22,F,0704,BIO Salamatou,0175054010
ENR-000534,AN-001595,ACTE_NAISSANCE,AG036,Aplahoué,2025-02-28,YAROU,Carine,1970-07-27,F,0205,SAGBO Gisèle,0111571892
ENR-000535,PP-002192,PASSEPORT,AG001,Cotonou,2025-02-28,AHOUANSOU,Gildas,1977-11-28,M,0106,HOUESSOU Salamatou,0118714680
ENR-000536,PP-002203,PASSEPORT,AG037,Cotonou,2025-02-28,ALLADAYE,Mahougnon Moussa,1971-09-08,M,1202,TCHIBOZO Prudence,0131040119
ENR-000537,AN-002560,ACTE_NAISSANCE,AG019,Djougou,2025-02-28,agossou,Espérance Sylvie,1950-05-13,F,0103,ALLADAYE Rachidatou,0121216871
ENR-000538,AN-002694,ACTE_NAISSANCE,AG019,Djougou,2025-02-28,SAGBO,Koffi,2007-12-02,M,0403,ZINSOU Fatoumata,0109145276
ENR-000539,AN-002791,ACTE_NAISSANCE,AG023,Dassa-Zoumè,2025-02-28,ASSOGBA,Espérance Estelle,1994-11-09,F,1206,TOGBE Aïcha,0106128317
ENR-000540,PP-003531,PASSEPORT,AG033,Ouidah,2025-02-28,GBAGUIDI,Rodrigue Fidele,2008-01-28,M,0304,GLELE Judith,0195606366
ENR-000541,AN-000260,ACTE_NAISSANCE,AG020,Lokossa,2025-03-01,SOSSOU,Ghislain,1986-11-11,M,0209,ALLADAYE Espérance,0123616447
ENR-000542,AN-002005,ACTE_NAISSANCE,AG031,Djougou,2025-03-01,LOKONON,Ulrich,2000-12-16,M,0504,AHOUANSOU Aïcha,0151762407
ENR-000543,CC-003404,CARTE_CONSULAIRE,AG031,Djougou,2025-03-01,QUENUM,Ayaba,1995-10-05,F,0906,ADJOVI Aïcha,0171187064
ENR-000544,AN-004122,ACTE_NAISSANCE,AG009,Ouidah,2025-03-01,KOUKPAKI,Gildas,1992-03-31,M,0601,SAGBO Chimène,0108148887
ENR-000545,AN-004877,ACTE_NAISSANCE,AG035,Dassa-Zoumè,2025-03-01,TOGBE,Prudence,2008-06-29,F,0202,CHABI Salamatou,
ENR-000546,AN-004976,ACTE_NAISSANCE,AG026,Abomey-Calavi,2025-03-01,SOSSOU,Fidèle Fabrice,2015-08-23,M,1005,AGBODJAN Sènami,0124218699
ENR-000547,AN-000550,ACTE_NAISSANCE,AG024,Aplahoué,2025-03-02,AHOUANSOU,Fidèle,1978-10-02,M,0408,TOGBE Sèmèvo,0101362625
ENR-000548,AN-000666,ACTE_NAISSANCE,AG008,Lokossa,2025-03-02,VODOUNON,Sènami,2007-05-11,F,0408,ASSOGBA Flore,0141755685
ENR-000549,AN-001331,ACTE_NAISSANCE,AG017,Bohicon,2025-03-02,NOUATIN,Sènami,1997-05-25,F,0504,TCHIBOZO Bernice,0195711901
ENR-000550,AN-001568,ACTE_NAISSANCE,AG015,Porto-Novo,2025-03-02,CODJIA,Romaric,1987-09-20,M,0306,SOULEY Rosine,0161764305
ENR-000551,AN-002352,ACTE_NAISSANCE,AG020,Lokossa,2025-03-02,YAROU,Aïcha,1973-01-31,F,0206,HOUNGBO Ayaba,0130530207
ENR-000552,PP-002493,PASSEPORT,AG025,Cotonou,2025-03-02,GLELE,Bernice Sèmèvo,1990-08-01,F,0402,ADANDE Rachidatou,0130463124
ENR-000553,AN-004552,ACTE_NAISSANCE,AG032,Lokossa,2025-03-02,BIO,Fidèle,1988-07-05,M,0307,AHOUANSOU Ayaba,0171713298
ENR-000554,AN-004884,ACTE_NAISSANCE,AG012,Aplahoué,2025-03-02,YAROU,Espérance Estelle,2003-01-20,F,0503,SAGBO Chimène,0127154580
ENR-000555,AN-002323,ACTE_NAISSANCE,AG031,Djougou,2025-03-03,HOUESSOU,Rodrigue,1958-08-23,M,0701,AGOSSOU Espérance,0181423067
ENR-000556,AN-003034,ACTE_NAISSANCE,AG028,Parakou,2025-03-03,TOGBE,Salamatou,1992-08-21,F,1207,ADJOVI Flore,0108535505
ENR-000557,PP-003899,PASSEPORT,AG019,Djougou,2025-03-03,BIO,Fabrice,1999-03-18,M,0704,ADANDE Carine,0173285311
ENR-000558,PP-004566,PASSEPORT,AG024,Aplahoué,2025-03-03,AKPOVI,Aïcha,2005-07-01,F,0502,SOULEY Rachidatou,
ENR-000559,AN-004588,ACTE_NAISSANCE,AG037,Cotonou,2025-03-03,HOUNKPATIN,Arnaud,2017-02-25,M,0702,TCHIBOZO Nadège,0144120487
ENR-000560,CC-000058,CARTE_CONSULAIRE,AG028,Parakou,2025-03-04,AHOUANSOU,Comlan,1991-09-15,M,0201,IDRISSOU Sylvie,0148836152
ENR-000561,AN-000170,ACTE_NAISSANCE,AG028,Parakou,2025-03-04,AMOUSSOU,Arnaud Moussa,2001-08-29,M,0506,YAROU Estelle,0168572130
ENR-000562,CC-000565,CARTE_CONSULAIRE,AG009,Ouidah,2025-03-04,AGOSSOU,Salamatou Mariam,1964-07-10,F,0405,ADANDE Aïcha,0146888160
ENR-000563,AN-001008,ACTE_NAISSANCE,AG029,Bohicon,2025-03-04,AGBODJAN,Koffi Arnaud,1977-12-16,M,1008,ZANNOU Chimène,0111399839
ENR-000564,CC-001543,CARTE_CONSULAIRE,AG023,Dassa-Zoumè,2025-03-04,LOKONON,Espérance,1979-01-09,F,1103,ADJOVI Mariam,0199898163
ENR-000565,AN-001576,ACTE_NAISSANCE,AG036,Aplahoué,2025-03-04,KPADONOU,Rachidatou,1996-04-19,F,0205,ZINSOU Mariam,+229 0162970373
ENR-000566,AN-001613,ACTE_NAISSANCE,AG035,Dassa-Zoumè,2025-03-04,ALLADAYE,Flore Gisèle,1968-08-09,F,0703,BIO Salamatou,0193424776
ENR-000567,CC-001626,CARTE_CONSULAIRE,AG022,Kandi,2025-03-04,AHOUANSOU,Fabrice,1981-11-09,M,0408,AGOSSOU Sèmèvo,0114979289
ENR-000568,AN-002734,ACTE_NAISSANCE,AG001,Cotonou,2025-03-04,HOUESSOU,Sylvie Sèmèvo,1979-02-03,F,1209,KIKI Judith,0178622654
ENR-000569,CC-002960,CARTE_CONSULAIRE,AG029,Bohicon,2025-03-04,TCHIBOZO,Flore,1969-03-01,F,0301,FASSINOU Judith,0189618307
ENR-000570,AN-003337,ACTE_NAISSANCE,AG020,Lokossa,2025-03-04,BONI,Ghislain,1964-12-27,M,1206,MENSAH Chimène,
ENR-000571,CC-004110,CARTE_CONSULAIRE,AG021,Ouidah,2025-03-04,TOSSOU,Ibrahim,1982-01-06,M,0201,SAGBO Sylvie,0142474986
ENR-000572,AN-004415,ACTE_NAISSANCE,AG011,Dassa-Zoumè,2025-03-04,ASSOGBA,Fabrice,1999-04-28,M,1202,ZINSOU Prudence,0185514650
ENR-000573,AN-004848,ACTE_NAISSANCE,AG019,Djougou,2025-03-04,ADANDE,Rachidatou Carine,1970-08-14,F,1209,LOKONON Ayaba,0178104369
ENR-000574,PP-000072,PASSEPORT,AG036,Aplahoué,2025-03-05,YAROU,Ayaba Salamatou,1981-09-22,F,0403,KIKI Chimène,0156810670
ENR-000575,AN-000481,ACTE_NAISSANCE,AG021,Ouidah,2025-03-05,ZINSOU,Serge,2003-12-14,M,0103,BIO Judith,0185343316
ENR-000576,AN-000502,ACTE_NAISSANCE,AG006,Natitingou,2025-03-05,ADJOVI,Serge,1984-07-22,M,0308,QUENUM Carine,0168831691
ENR-000577,CC-001229,CARTE_CONSULAIRE,AG037,Cotonou,2025-03-05,TOGBE,Koffi,1998-11-04,M,1001,NOUATIN Salamatou,0179803149
ENR-000578,AN-002403,ACTE_NAISSANCE,AG002,Abomey-Calavi,2025-03-05,AHOUANSOU,Nadège Fatoumata,1999-04-10,F,0503,KOUKPAKI Nadège,0141325013
ENR-000579,AN-002800,ACTE_NAISSANCE,AG023,Dassa-Zoumè,2025-03-05,ADANDE,Justin,2005-10-28,M,0405,AHOYO Rosine,48834084
ENR-000580,PP-003361,PASSEPORT,AG024,Aplahoué,2025-03-05,IDRISSOU,Codjo Gildas,2005-10-05,M,1102,SOSSOU Mariam,0139121120
ENR-000581,PP-003971,PASSEPORT,AG040,Parakou,2025-03-05,vodounon,Mahougnon,2012-02-26,M,0206,SOULEY Salamatou,0139490650
ENR-000582,AN-004095,ACTE_NAISSANCE,AG014,Abomey-Calavi,2025-03-05,KPADONOU,Ibrahim Bienvenu,1981-03-15,M,0202,AHOYO Ayaba,0155060839
ENR-000583,AN-004385,ACTE_NAISSANCE,AG034,Kandi,2025-03-05,TCHIBOZO,Sèmèvo Fatoumata,2019-08-23,F,1005,ADJOVI Nadège,0141715648
ENR-000584,AN-000248,ACTE_NAISSANCE,AG017,Bohicon,2025-03-06,CODJIA,Gildas,1981-09-05,M,0105,CODJIA Chimène,0118785970
ENR-000585,PP-000661,PASSEPORT,AG004,Parakou,2025-03-06,AHOUANSOU,Aïcha Rachidatou,2014-11-13,F,0103,VODOUNON Aïcha,0121089129
ENR-000586,AN-000946,ACTE_NAISSANCE,AG033,Ouidah,2025-03-06,MENSAH,Ghislain Moussa,1996-01-14,M,0302,SAGBO Sènami,0155016201
ENR-000587,AN-001139,ACTE_NAISSANCE,AG003,Porto-Novo,2025-03-06,HOUNSOU,Codjo,1995-12-06,M,0103,AHOYO Bernice,
ENR-000588,PP-001153,PASSEPORT,AG007,Djougou,2025-03-06,HOUNSOU,Salamatou,2000-11-05,F,1209,DOSSOU Gisèle,0198948466
ENR-000589,PP-001319,PASSEPORT,AG005,Bohicon,2025-03-06,AKPOVI,Koffi Bienvenu,1991-03-02,M,0407,ZANNOU Bernice,0198809403
ENR-000590,AN-001400,ACTE_NAISSANCE,AG035,Dassa-Zoumè,2025-03-06,AGBODJAN,Ayaba,1943-05-24,F,1009,SOSSOU Rachidatou,0122720023
ENR-000591,AN-003251,ACTE_NAISSANCE,AG028,Parakou,2025-03-06,BIO,Brice,1986-11-15,M,0308,SAGBO Nadège,
ENR-000592,PP-003809,PASSEPORT,AG037,Cotonou,2025-03-06,HOUNSOU,Comlan,2010-05-28,M,0104,AGOSSOU Judith,0127625766
ENR-000593,AN-004163,ACTE_NAISSANCE,AG015,Porto-Novo,2025-03-06,ZINSOU,Mariam Flore,2008-04-10,F,0702,AGBODJAN Judith,
ENR-000594,AN-004756,ACTE_NAISSANCE,AG038,Abomey-Calavi,2025-03-06,BIO,Estelle,1989-11-28,F,1101,AHOYO Ayaba,0199059776
ENR-000595,AN-000420,ACTE_NAISSANCE,AG019,Djougou,2025-03-07,HOUNKPATIN,Fatoumata,1975-06-12,F,0408,CODJIA Mariam,0150919764
ENR-000596,AN-001426,ACTE_NAISSANCE,AG037,Cotonou,2025-03-07,TOGBE,Justin Brice,1976-05-07,M,1103,AHOYO Rosine,0101405753
ENR-000597,AN-001515,ACTE_NAISSANCE,AG009,Ouidah,2025-03-07,GBAGUIDI,Brice,1945-09-10,M,0105,DANSOU Gisèle,0145712715
ENR-000598,AN-003278,ACTE_NAISSANCE,AG010,Kandi,2025-03-07,LOKONON,Yves,2001-07-12,M,1104,SOULEY Prudence,0118077290
ENR-000599,AN-004073,ACTE_NAISSANCE,AG005,Bohicon,2025-03-07,BIO,Gildas Mahougnon,2008-04-23,M,0301,AMOUSSOU Mariam,0144873093
ENR-000600,AN-004428,ACTE_NAISSANCE,AG036,Aplahoué,2025-03-07,ZANNOU,Romaric Ibrahim,1985-10-27,M,1102,ZINSOU Chimène,0174570475
ENR-000601,AN-004539,ACTE_NAISSANCE,AG022,Kandi,2025-03-07,HOUNGBO,Gildas,2007-04-01,M,1005,SOULEY Chimène,0159399065
ENR-000602,AN-004831,ACTE_NAISSANCE,AG036,Aplahoué,2025-03-07,BIO,Yves Ghislain,1990-05-07,M,0204,MENSAH Ayaba,0107010616
ENR-000603,AN-000162,ACTE_NAISSANCE,AG003,Porto-Novo,2025-03-08,tchibozo,Codjo,1985-05-23,M,0604,TOSSOU Espérance,0146842034
ENR-000604,AN-000213,ACTE_NAISSANCE,AG008,Lokossa,2025-03-08,SOULEY,Bernice Judith,1951-03-25,F,0406,DANSOU Ayaba,
ENR-000605,AN-001323,ACTE_NAISSANCE,AG039,Porto-Novo,2025-03-08,KPADONOU,Moussa,2002-06-02,M,0103,CODJIA Estelle,0120786687
ENR-000606,AN-001379,ACTE_NAISSANCE,AG010,Kandi,2025-03-08,ADANDE,Rodrigue,1993-10-04,M,1003,LOKONON Aïcha,0116511632
ENR-000607,AN-001733,ACTE_NAISSANCE,AG038,Abomey-Calavi,2025-03-08,BONI,Ghislain,1992-05-03,M,1204,AHOYO Flore,0114176968
ENR-000608,PP-002037,PASSEPORT,AG018,Natitingou,2025-03-08,ADANDE,Flore Carine,1936-07-20,F,1104,KIKI Sènami,0112988917
ENR-000609,AN-002125,ACTE_NAISSANCE,AG038,Abomey-Calavi,2025-03-08,DANSOU,Sèmèvo,1968-07-05,F,0906,ASSOGBA Nadège,0106235391
ENR-000610,AN-002912,ACTE_NAISSANCE,AG009,Ouidah,2025-03-08,VODOUNON,Romaric,1966-03-12,M,0209,GBAGUIDI Rosine,0190432355
ENR-000611,AN-003540,ACTE_NAISSANCE,AG002,Abomey-Calavi,2025-03-08,NOUATIN,Ulrich Rodrigue,1993-05-13,M,1203,ADJOVI Aïcha,0166969748
ENR-000612,AN-000301,ACTE_NAISSANCE,AG016,Parakou,2025-03-09,SOSSOU,Rachid Koffi,2005-10-03,M,0204,CODJIA Sylvie,0167799693
ENR-000613,AN-000393,ACTE_NAISSANCE,AG022,Kandi,2025-03-09,SOULEY,Bienvenu,1989-07-26,M,0402,AHOYO Aïcha,0141924464
ENR-000614,AN-000718,ACTE_NAISSANCE,AG025,Cotonou,2025-03-09,HOUNGBO,Rosine,1995-07-14,F,0401,BIO Carine,0158396845
ENR-000615,PP-000788,PASSEPORT,AG035,Dassa-Zoumè,2025-03-09,HOUNKPATIN,Judith Fatoumata,2022-12-26,F,0903,MENSAH Rachidatou,0156443564
ENR-000616,AN-002062,ACTE_NAISSANCE,AG014,Abomey-Calavi,2025-03-09,ZANNOU,Romaric Justin,2008-11-30,M,0704,ZINSOU Aïcha,0168291984
ENR-000617,CC-002669,CARTE_CONSULAIRE,AG013,Cotonou,2025-03-09,ZANNOU,Mahougnon,2010-01-24,M,1207,AHOUANSOU Gisèle,0181034014
ENR-000618,PP-003091,PASSEPORT,AG022,Kandi,2025-03-09,ZANNOU,Yves,2001-08-15,M,0604,AGBODJAN Judith,0190420696
ENR-000619,AN-003805,ACTE_NAISSANCE,AG016,Parakou,2025-03-09,BONI,Carine,1974-07-26,F,0302,IDRISSOU Rachidatou,0154821036
ENR-000620,AN-004023,ACTE_NAISSANCE,AG009,Ouidah,2025-03-09,KPADONOU,Carine,1990-11-03,F,0906,ZINSOU Sèmèvo,0143396284
ENR-000621,AN-004840,ACTE_NAISSANCE,AG009,Ouidah,2025-03-09,HOUESSOU,Romaric,2003-12-23,M,1209,GBAGUIDI Carine,0138886676
ENR-000622,AN-000265,ACTE_NAISSANCE,AG015,Porto-Novo,2025-03-10,ZINSOU,Ghislain Fabrice,1984-04-24,M,0504,TOGBE Salamatou,0155565846
ENR-000623,CC-001086,CARTE_CONSULAIRE,AG034,Kandi,2025-03-10,BIO,Sèmèvo,1983-09-24,F,0505,DANSOU Fatoumata,0126239245
ENR-000624,AN-001259,ACTE_NAISSANCE,AG028,Parakou,2025-03-10,ALLADAYE,Justin,2007-09-27,M,1204,CHABI Aïcha,
ENR-000625,AN-001262,ACTE_NAISSANCE,AG026,Abomey-Calavi,2025-03-10,ADJOVI,Fidèle,1960-06-25,M,0208,CODJIA Sènami,0173435733
ENR-000626,CC-002421,CARTE_CONSULAIRE,AG018,Natitingou,2025-03-10,OSSENI,Flore,1966-03-10,F,0602,ADANDE Rachidatou,0155114449
ENR-000627,AN-002459,ACTE_NAISSANCE,AG015,Porto-Novo,2025-03-10,AMOUSSOU,Flore,2007-06-01,F,0501,HOUNSOU Gisèle,0138312556
ENR-000628,CC-002530,CARTE_CONSULAIRE,AG016,Parakou,2025-03-10,IDRISSOU,Mahougnon Brice,1961-02-01,M,1008,SOULEY Flore,0140719597
ENR-000629,AN-002863,ACTE_NAISSANCE,AG013,Cotonou,2025-03-10,KOUKPAKI,Rodrigue,1974-12-17,M,0308,NOUATIN Aïcha,0101394048
ENR-000630,AN-004861,ACTE_NAISSANCE,AG018,Natitingou,2025-03-10,ALLADAYE,Mahougnon,1989-08-08,M,0105,HOUNSOU Ayaba,0164377859
ENR-000631,AN-000070,ACTE_NAISSANCE,AG035,Dassa-Zoumè,2025-03-11,GBAGUIDI,Espérance,1999-08-08,F,0403,ZINSOU Nadège,
ENR-000632,CC-000943,CARTE_CONSULAIRE,AG027,Porto-Novo,2025-03-11,BIO,Fidèle,1966-02-02,M,0903,FASSINOU Carine,0103741242
ENR-000633,CC-002283,CARTE_CONSULAIRE,AG036,Aplahoué,2025-03-11,GLELE,Gildas,1972-07-18,M,1003,DANSOU Sylvie,0125356104
ENR-000634,AN-002516,ACTE_NAISSANCE,AG010,Kandi,2025-03-11,NOUATIN,Prudence Chimène,2000-02-16,F,0604,LOKONON Prudence,0158950131
ENR-000635,AN-003203,ACTE_NAISSANCE,AG012,Aplahoué,2025-03-11,AHOUANSOU,Carine,1991-02-26,F,1006,BONI Aïcha,0124509695
ENR-000636,AN-004009,ACTE_NAISSANCE,AG016,Parakou,2025-03-11,LOKONON,Comlan,2017-07-21,M,1104,YAROU Salamatou,
ENR-000637,AN-000331,ACTE_NAISSANCE,AG035,Dassa-Zoumè,2025-03-12,BIO,Ayaba,2010-11-19,F,0503,CHABI Gisèle,
ENR-000638,AN-000985,ACTE_NAISSANCE,AG002,Abomey-Calavi,2025-03-12,KOUKPAKI,Romaric,1989-07-23,M,0105,LOKONON Aïcha,0131658283
ENR-000639,AN-001029,ACTE_NAISSANCE,AG019,Djougou,2025-03-12,CODJIA,Gildas,1946-10-18,M,1206,LOKONON Bernice,0125399201
ENR-000640,CC-002835,CARTE_CONSULAIRE,AG030,Natitingou,2025-03-12,AMOUSSOU,Brice Gildas,2001-07-23,M,0701,KIKI Rachidatou,0159031656
ENR-000641,AN-002855,ACTE_NAISSANCE,AG007,Djougou,2025-03-12,CHABI,Rodrigue,1960-11-27,M,0406,FASSINOU Mariam,0193404293
ENR-000642,AN-003226,ACTE_NAISSANCE,AG015,Porto-Novo,2025-03-12,YAROU,Brice,1970-05-04,M,0204,VODOUNON Salamatou,0100268393
ENR-000643,AN-003341,ACTE_NAISSANCE,AG018,Natitingou,2025-03-12,AHOUANSOU,Judith Estelle,1973-05-19,F,1105,GLELE Sèmèvo,0102974421
ENR-000644,PP-003956,PASSEPORT,AG021,Ouidah,2025-03-12,GLELE,Ghislain Rachid,2022-10-06,M,0103,GBAGUIDI Ayaba,0119439490
ENR-000645,CC-004066,CARTE_CONSULAIRE,AG005,Bohicon,2025-03-12,ZINSOU,Rachidatou Estelle,1969-08-30,F,1202,HOUNGBO Ayaba,0168858176
ENR-000646,CC-000521,CARTE_CONSULAIRE,AG005,Bohicon,2025-03-13,DANSOU,Brice Codjo,1969-04-22,M,0202,KIKI Sylvie,0143395043
ENR-000647,AN-001535,ACTE_NAISSANCE,AG022,Kandi,2025-03-13,HOUNSOU,Mahougnon,2008-03-12,M,0403,AMOUSSOU Espérance,0169697609
ENR-000648,AN-001676,ACTE_NAISSANCE,AG038,Abomey-Calavi,2025-03-13,MENSAH,Fidèle,1965-04-16,M,0503,AHOUANSOU Estelle,0182882932
ENR-000649,AN-001943,ACTE_NAISSANCE,AG013,Cotonou,2025-03-13,QUENUM,Ulrich,1967-09-18,M,0303,ZANNOU Rosine,0183059043
ENR-000650,AN-002201,ACTE_NAISSANCE,AG019,Djougou,2025-03-13,AHOYO,Chimène Rosine,1968-05-24,F,0206,DANSOU Gisèle,0187835752
ENR-000651,AN-002294,ACTE_NAISSANCE,AG017,Bohicon,2025-03-13,SOULEY,  Fatoumata ,1967-07-09,F,1005,HOUESSOU Ayaba,0195898334
ENR-000652,AN-002602,ACTE_NAISSANCE,AG010,Kandi,2025-03-13,IDRISSOU,Arnaud Comlan,1996-09-30,M,0501,SOULEY Espérance,0174087978
ENR-000653,CC-002767,CARTE_CONSULAIRE,AG019,Djougou,2025-03-13,AHOUANSOU,Judith Bernice,1997-10-02,F,0106,SAGBO Chimène,
ENR-000654,AN-003241,ACTE_NAISSANCE,AG001,Cotonou,2025-03-13,OSSENI,Bienvenu,1976-06-07,M,0801,KIKI Chimène,0103113552
ENR-000655,AN-004101,ACTE_NAISSANCE,AG027,Porto-Novo,2025-03-13,FASSINOU,Rosine Carine,1997-08-29,F,0103,TOGBE Rachidatou,01 67 38 16 29
ENR-000656,AN-000041,ACTE_NAISSANCE,AG031,Djougou,2025-03-14,SOSSOU,Espérance,1973-07-04,F,0606,TOSSOU Estelle,0173638560
ENR-000657,AN-000512,ACTE_NAISSANCE,AG018,Natitingou,2025-03-14,SOULEY,Rodrigue,1984-11-11,M,0208,YAROU Sylvie,0183341092
ENR-000658,PP-000812,PASSEPORT,AG021,Ouidah,2025-03-14,CHABI,Sylvie Aïcha,1987-08-28,F,0606,QUENUM Mariam,0171130206
ENR-000659,AN-000847,ACTE_NAISSANCE,AG011,Dassa-Zoumè,2025-03-14,AHOUANSOU,Gisèle,2013-02-01,F,0904,ADANDE Sèmèvo,0172342945
ENR-000660,AN-000990,ACTE_NAISSANCE,AG005,Bohicon,2025-03-14,IDRISSOU,Codjo Yves,1971-01-29,M,0408,AGOSSOU Rachidatou,0128093988
ENR-000661,AN-002026,ACTE_NAISSANCE,AG015,Porto-Novo,2025-03-14,DANSOU,Prudence Semevo,1984-05-21,F,1205,SOULEY Gisele,0180907047
ENR-000662,CC-002089,CARTE_CONSULAIRE,AG021,Ouidah,2025-03-14,HOUNSOU,Aïcha,1982-05-02,F,0602,FASSINOU Salamatou,0191732564
ENR-000663,AN-002143,ACTE_NAISSANCE,AG034,Kandi,2025-03-14,AMOUSSOU,Yves,1993-11-26,M,0404,KIKI Fatoumata,0119907489
ENR-000664,CC-002193,CARTE_CONSULAIRE,AG011,Dassa-Zoumè,2025-03-14,KPADONOU,Estelle Chimène,1970-02-01,F,1202,AHOYO Sènami,0191991757
ENR-000665,AN-002242,ACTE_NAISSANCE,AG007,Djougou,2025-03-14,GBAGUIDI,Yves,1949-07-11,M,0903,DOSSOU Rachidatou,0174181658
ENR-000666,AN-002295,ACTE_NAISSANCE,AG012,Aplahoué,2025-03-14,LOKONON,Judith,2001-03-20,F,0208,ALLADAYE Bernice,89659378
ENR-000667,AN-003032,ACTE_NAISSANCE,AG026,Abomey-Calavi,2025-03-14,CHABI,Judith Salamatou,2004-07-25,F,0407,TCHIBOZO Rachidatou,0161362617
ENR-000668,AN-004047,ACTE_NAISSANCE,AG019,Djougou,2025-03-14,ZINSOU,Ibrahim,1978-11-21,M,0305,TCHIBOZO Fatoumata,0186790241
ENR-000669,CC-000369,CARTE_CONSULAIRE,AG025,Cotonou,2025-03-15,ADJOVI,Brice,1990-12-03,M,0208,YAROU Estelle,0105550024
ENR-000670,AN-000735,ACTE_NAISSANCE,AG003,Porto-Novo,2025-03-15,HOUESSOU,Rosine,1977-12-07,F,0601,VODOUNON Flore,0152305092
ENR-000671,AN-000799,ACTE_NAISSANCE,AG038,Abomey-Calavi,2025-03-15,AGBODJAN,Nadège,1967-02-20,F,0103,VODOUNON Ayaba,0116057976
ENR-000672,AN-001080,ACTE_NAISSANCE,AG035,Dassa-Zoumè,2025-03-15,ASSOGBA,Salamatou,2002-11-04,F,1006,KIKI Mariam,0175600684
ENR-000673,PP-001203,PASSEPORT,AG004,Parakou,2025-03-15,SOULEY,Ghislain Gildas,2008-11-13,M,0905,DOSSOU Fatoumata,0142551511
ENR-000674,AN-001269,ACTE_NAISSANCE,AG033,Ouidah,2025-03-15,MENSAH,Espérance,1978-11-05,F,1102,SAGBO Carine,0190143025
ENR-000675,CC-001337,CARTE_CONSULAIRE,AG004,Parakou,2025-03-15,SOULEY,Ayaba Carine,2019-02-02,F,0405,TCHIBOZO Prudence,0147820033
ENR-000676,AN-001750,ACTE_NAISSANCE,AG011,Dassa-Zoumè,2025-03-15,AMOUSSOU,Sylvie,1987-05-30,F,0603,ALLADAYE Fatoumata,0119532392
ENR-000677,AN-003990,ACTE_NAISSANCE,AG008,Lokossa,2025-03-15,codjia,Mariam Nadège,2008-08-12,F,0404,AKPOVI Fatoumata,0198793047
ENR-000678,AN-004606,ACTE_NAISSANCE,AG036,Aplahoué,2025-03-15,NOUATIN,Ulrich,1961-02-15,M,0209,BONI Sènami,013085915671
ENR-000679,CC-004880,CARTE_CONSULAIRE,AG018,Natitingou,2025-03-15,MENSAH,Mahougnon,1988-05-07,M,0302,ADJOVI Ayaba,0104230070
ENR-000680,AN-000104,ACTE_NAISSANCE,AG011,Dassa-Zoumè,2025-03-16,SOULEY,Ghislain,2008-08-11,M,1103,IDRISSOU Flore,0127138312
ENR-000681,CC-000277,CARTE_CONSULAIRE,AG019,Djougou,2025-03-16,AHOUANSOU,Ayaba,1985-04-29,F,1003,AGBODJAN Espérance,0174595061
ENR-000682,AN-000929,ACTE_NAISSANCE,AG021,Ouidah,2025-03-16,DANSOU,Rodrigue,2003-07-29,M,0506,AGBODJAN Sènami,0180987414
ENR-000683,AN-001066,ACTE_NAISSANCE,AG022,Kandi,2025-03-16,SOULEY,Yves,1999-12-06,M,0501,DOSSOU Sènami,
ENR-000684,AN-001708,ACTE_NAISSANCE,AG004,Parakou,2025-03-16,TOSSOU,Serge,1979-04-20,M,0505,SOULEY Sènami,0174259475
ENR-000685,AN-001760,ACTE_NAISSANCE,AG021,Ouidah,2025-03-16,ADANDE,Estelle,1997-11-02,F,0303,BONI Rosine,0172287466
ENR-000686,AN-002239,ACTE_NAISSANCE,AG028,Parakou,2025-03-16,TCHIBOZO,Mahougnon Koffi,2021-10-13,M,0402,MENSAH Mariam,0109357125
ENR-000687,AN-002437,ACTE_NAISSANCE,AG019,Djougou,2025-03-16,VODOUNON,Codjo Romaric,1955-08-07,M,0205,HOUNGBO Rosine,0173218736
ENR-000688,CC-003172,CARTE_CONSULAIRE,AG018,Natitingou,2025-03-16,NOUATIN,Rosine,1993-10-23,F,0905,CODJIA Sènami,0181893105
ENR-000689,CC-003452,CARTE_CONSULAIRE,AG002,Abomey-Calavi,2025-03-16,SOULEY,Serge,2003-01-08,M,0204,DANSOU Sèmèvo,0130779498
ENR-000690,AN-004257,ACTE_NAISSANCE,AG017,Bohicon,2025-03-16,FASSINOU,Brice,1962-04-08,M,0301,DOSSOU Sèmèvo,0105018579
ENR-000691,AN-004397,ACTE_NAISSANCE,AG018,Natitingou,2025-03-16,TCHIBOZO,Serge,2011-10-21,M,0505,DOSSOU Rosine,0130618080
ENR-000692,AN-004755,ACTE_NAISSANCE,AG037,Cotonou,2025-03-16,VODOUNON,Rachid Mahougnon,1992-08-31,M,0207,QUENUM Rachidatou,0108965341
ENR-000693,AN-004910,ACTE_NAISSANCE,AG005,Bohicon,2025-03-16,TOGBE,Prudence Estelle,1965-08-06,F,0307,AGOSSOU Sèmèvo,0156061140
ENR-000694,AN-000816,ACTE_NAISSANCE,AG017,Bohicon,2025-03-16,KPADONOU,Serge,1956-11-07,M,1208,KIKI Carine,0156804829
ENR-000695,AN-000596,ACTE_NAISSANCE,AG033,Ouidah,2025-03-17,HOUESSOU,Ibrahim Romaric,1962-07-27,M,0504,GBAGUIDI Espérance,0131044273
ENR-000696,PP-001149,PASSEPORT,AG033,Ouidah,2025-03-17,ADJOVI,Rachid Brice,2011-04-18,M,0504,GBAGUIDI Carine,0128342912
ENR-000697,AN-002213,ACTE_NAISSANCE,AG008,Lokossa,2025-03-17,IDRISSOU,Comlan,2001-10-05,M,1102,GBAGUIDI Bernice,0130233805
ENR-000698,CC-002811,CARTE_CONSULAIRE,AG014,Abomey-Calavi,2025-03-17,DOSSOU,Ayaba,2005-06-24,F,1209,NOUATIN Gisèle,0132934743
ENR-000699,AN-003084,ACTE_NAISSANCE,AG034,Kandi,2025-03-17,CHABI,Gildas,1995-01-31,M,0308,HOUNKPATIN Judith,0163081899
ENR-000700,AN-003147,ACTE_NAISSANCE,AG013,Cotonou,2025-03-17,KOUKPAKI,Sèmèvo,1964-09-09,F,1101,DANSOU Sèmèvo,
ENR-000701,CC-003454,CARTE_CONSULAIRE,AG009,Ouidah,2025-03-17,QUENUM,Sènami,1992-05-29,F,0602,YAROU Fatoumata,0172990615
ENR-000702,AN-003826,ACTE_NAISSANCE,AG028,Parakou,2025-03-17,AKPOVI,Mariam,1989-07-03,F,0606,HOUESSOU Aïcha,0144534703
ENR-000703,AN-000338,ACTE_NAISSANCE,AG006,Natitingou,2025-03-18,ADANDE,Gildas,1982-05-07,M,0901,KOUKPAKI Prudence,
ENR-000704,CC-000671,CARTE_CONSULAIRE,AG030,Natitingou,2025-03-18,TOGBE,Ghislain,1974-08-05,M,0103,AGBODJAN Rosine,0190566961
ENR-000705,AN-000900,ACTE_NAISSANCE,AG036,Aplahoué,2025-03-18,GBAGUIDI,Ghislain Romaric,2002-07-05,M,1206,ZINSOU Fatoumata,0161223517
ENR-000706,CC-001065,CARTE_CONSULAIRE,AG015,Porto-Novo,2025-03-18,CODJIA,  Sèmèvo   Aïcha ,1971-12-16,F,0306,CHABI Gisèle,
ENR-000707,AN-001199,ACTE_NAISSANCE,AG030,Natitingou,2025-03-18,DOSSOU,Ibrahim,2004-12-17,M,0904,ADJOVI Ayaba,0173472139
ENR-000708,AN-002050,ACTE_NAISSANCE,AG017,Bohicon,2025-03-18,OSSENI,Flore,2004-10-11,F,1205,ADANDE Carine,0148291667
ENR-000709,PP-002460,PASSEPORT,AG034,Kandi,2025-03-18,HOUNSOU,Romaric,1989-04-17,M,0703,ALLADAYE Sèmèvo,0169977689
ENR-000710,AN-002649,ACTE_NAISSANCE,AG002,Abomey-Calavi,2025-03-18,BONI,Romaric,1973-06-16,M,1105,GLELE Prudence,0161602112
ENR-000711,PP-003969,PASSEPORT,AG005,Bohicon,2025-03-18,VODOUNON,Ibrahim Arnaud,2001-02-06,M,0104,LOKONON Sèmèvo,0143752790
ENR-000712,CC-004208,CARTE_CONSULAIRE,AG001,Cotonou,2025-03-18,LOKONON,Nadège,1997-10-18,F,1009,AMOUSSOU Judith,0176338262
ENR-000713,AN-004328,ACTE_NAISSANCE,AG020,Lokossa,2025-03-18,QUENUM,Sèmèvo Flore,1982-10-18,F,0106,AKPOVI Rosine,0132009667
ENR-000714,AN-004636,ACTE_NAISSANCE,AG020,Lokossa,2025-03-18,ADJOVI,Arnaud,2012-05-10,M,0404,FASSINOU Rosine,0134485488
ENR-000715,AN-004786,ACTE_NAISSANCE,AG006,Natitingou,2025-03-18,KPADONOU,Nadège,1978-02-12,F,1207,HOUNSOU Bernice,0182622867
ENR-000716,AN-001196,ACTE_NAISSANCE,AG027,Porto-Novo,2025-03-19,AHOUANSOU,Comlan,2004-03-07,M,0606,GLELE Sènami,0150071390
ENR-000717,AN-001294,ACTE_NAISSANCE,AG016,Parakou,2025-03-19,BONI,Ghislain,1990-08-19,M,0402,HOUESSOU Espérance,0131448938
ENR-000718,AN-001682,ACTE_NAISSANCE,AG016,Parakou,2025-03-19,ZINSOU,Ayaba,2008-07-25,F,1206,HOUNGBO Salamatou,
ENR-000719,AN-001906,ACTE_NAISSANCE,AG014,Abomey-Calavi,2025-03-19,KPADONOU,Romaric,2011-04-22,M,0209,VODOUNON Mariam,0194510795
ENR-000720,AN-002104,ACTE_NAISSANCE,AG001,Cotonou,2025-03-19,SOULEY,Koffi,1946-11-06,M,0704,KIKI Rachidatou,0151180559
ENR-000721,PP-002191,PASSEPORT,AG011,Dassa-Zoumè,2025-03-19,ZINSOU,Rosine Bernice,1994-10-15,F,1208,FASSINOU Rachidatou,
ENR-000722,AN-002911,ACTE_NAISSANCE,AG031,Djougou,2025-03-19,NOUATIN,Rachidatou Chimène,1998-08-31,F,1007,ASSOGBA Estelle,0124682927
ENR-000723,AN-003098,ACTE_NAISSANCE,AG010,Kandi,2025-03-19,FASSINOU,Justin Gildas,1944-08-21,M,0606,YAROU Sènami,0179964569
ENR-000724,AN-003420,ACTE_NAISSANCE,AG039,Porto-Novo,2025-03-19,AGBODJAN,Mahougnon Yves,1998-10-14,M,1002,AHOYO Gisèle,0116642995
ENR-000725,AN-003777,ACTE_NAISSANCE,AG003,Porto-Novo,2025-03-19,FASSINOU,Flore,2003-02-17,F,0605,AKPOVI Mariam,0148608967
ENR-000726,AN-003946,ACTE_NAISSANCE,AG025,Cotonou,2025-03-19,IDRISSOU,Fidèle Moussa,1972-01-09,M,0308,CODJIA Sènami,0149027135
ENR-000727,AN-004301,ACTE_NAISSANCE,AG007,Djougou,2025-03-19,ZANNOU,Gisèle,1993-05-15,F,1203,ZINSOU Bernice,0184306919
ENR-000728,AN-004600,ACTE_NAISSANCE,AG034,Kandi,2025-03-19,SOSSOU,Ayaba,1944-02-16,F,1009,ALLADAYE Rachidatou,0179757057
ENR-000729,AN-004655,ACTE_NAISSANCE,AG025,Cotonou,2025-03-19,HOUESSOU,Nadège Sènami,2002-08-29,F,0301,AHOYO Nadège,0196748820
ENR-000730,AN-004944,ACTE_NAISSANCE,AG034,Kandi,2025-03-19,AHOYO,Bienvenu,2015-06-01,M,0306,AKPOVI Rachidatou,0191834044
ENR-000731,PP-002182,PASSEPORT,AG038,Abomey-Calavi,2025-03-19,AMOUSSOU,Fidèle,1961-10-21,M,1001,ADANDE Espérance,0111482979
ENR-000732,AN-001809,ACTE_NAISSANCE,AG022,Kandi,2025-03-20,BONI,Nadège,2001-01-26,F,0505,AHOUANSOU Chimène,0123695316
ENR-000733,PP-001969,PASSEPORT,AG010,Kandi,2025-03-20,YAROU,Codjo,2002-09-28,M,0605,HOUNGBO Chimène,01 50 08 50 63
ENR-000734,AN-002413,ACTE_NAISSANCE,AG016,Parakou,2025-03-20,VODOUNON,Fidèle,1970-11-08,M,1103,AGOSSOU Prudence,0195319575
ENR-000735,AN-002688,ACTE_NAISSANCE,AG002,Abomey-Calavi,2025-03-20,AKPOVI,Serge,1976-11-02,M,1104,ZINSOU Espérance,0186620771
ENR-000736,AN-004867,ACTE_NAISSANCE,AG022,Kandi,2025-03-20,HOUNGBO,Justin,1968-06-12,M,1201,DOSSOU Estelle,0137481198
ENR-000737,AN-000220,ACTE_NAISSANCE,AG019,Djougou,2025-03-21,HOUNGBO,Brice,1989-11-24,M,0405,IDRISSOU Carine,0132796030
ENR-000738,AN-000318,ACTE_NAISSANCE,AG010,Kandi,2025-03-21,ZINSOU,Fidèle,2012-06-21,M,0301,HOUNGBO Nadège,0189499381
ENR-000739,AN-000482,ACTE_NAISSANCE,AG034,Kandi,2025-03-21,HOUNGBO,Rosine Chimène,2000-09-09,F,0209,AMOUSSOU Sènami,0182914423
ENR-000740,AN-001559,ACTE_NAISSANCE,AG040,Parakou,2025-03-21,DANSOU,Rachidatou,1986-03-29,F,0506,OSSENI Bernice,0113293942
ENR-000741,AN-002431,ACTE_NAISSANCE,AG005,Bohicon,2025-03-21,AGBODJAN,Moussa,1999-05-12,M,1105,ADANDE Chimène,0107644673
ENR-000742,AN-003128,ACTE_NAISSANCE,AG039,Porto-Novo,2025-03-21,KIKI,Justin Comlan,1998-11-04,M,1001,HOUESSOU Gisèle,0135331430
ENR-000743,AN-004236,ACTE_NAISSANCE,AG030,Natitingou,2025-03-21,AGBODJAN,Judith,1987-10-06,F,0603,TCHIBOZO Bernice,0123496576
ENR-000744,AN-004332,ACTE_NAISSANCE,AG035,Dassa-Zoumè,2025-03-21,GBAGUIDI,Ayaba,1955-12-10,F,0207,HOUNKPATIN Judith,0116270276
ENR-000745,AN-004985,ACTE_NAISSANCE,AG014,Abomey-Calavi,2025-03-21,LOKONON,Fabrice,2014-01-13,M,0906,ZANNOU Salamatou,0193437269
ENR-000746,AN-000798,ACTE_NAISSANCE,AG036,Aplahoué,2025-03-22,AHOYO,Bernice,2002-03-10,F,0306,BONI Espérance,0174399427
ENR-000747,AN-000864,ACTE_NAISSANCE,AG038,Abomey-Calavi,2025-03-22,AKPOVI,Bienvenu,1998-01-27,M,0603,SOULEY Prudence,0174412543
ENR-000748,AN-001488,ACTE_NAISSANCE,AG026,Abomey-Calavi,2025-03-22,HOUNKPATIN,Chimène,1984-10-23,F,0603,KPADONOU Aïcha,0198950793
ENR-000749,AN-001922,ACTE_NAISSANCE,AG029,Bohicon,2025-03-22,LOKONON,  Rachid   Brice ,2003-06-27,M,1003,NOUATIN Prudence,0146043133
ENR-000750,AN-002052,ACTE_NAISSANCE,AG031,Djougou,2025-03-22,HOUNSOU,Romaric,1971-10-12,M,0306,AHOUANSOU Flore,0174761952
ENR-000751,AN-002680,ACTE_NAISSANCE,AG009,Ouidah,2025-03-22,CHABI,Ulrich Fabrice,1960-07-28,M,1003,TOSSOU Ayaba,0176350796
ENR-000752,AN-003244,ACTE_NAISSANCE,AG034,Kandi,2025-03-22,HOUNKPATIN,Ibrahim,1979-01-13,M,0503,KPADONOU Sènami,0109151653
ENR-000753,AN-003254,ACTE_NAISSANCE,AG039,Porto-Novo,2025-03-22,HOUNGBO,Ibrahim Bienvenu,1972-12-21,M,0502,AGOSSOU Carine,0156933189
ENR-000754,AN-003354,ACTE_NAISSANCE,AG017,Bohicon,2025-03-22,HOUNKPATIN,Yves,2013-10-24,M,0302,OSSENI Rosine,0191606453
ENR-000755,AN-003751,ACTE_NAISSANCE,AG005,Bohicon,2025-03-22,TOSSOU,Moussa,1961-04-11,M,0404,KIKI Espérance,0138745269
ENR-000756,AN-004041,ACTE_NAISSANCE,AG023,Dassa-Zoumè,2025-03-22,AGBODJAN,  Arnaud ,1956-01-04,M,1009,LOKONON Sènami,0173083642
ENR-000757,AN-004479,ACTE_NAISSANCE,AG012,Aplahoué,2025-03-22,ADANDE,Ghislain Moussa,2001-09-04,M,1203,ZINSOU Sylvie,0186848553
ENR-000758,AN-004664,ACTE_NAISSANCE,AG037,Cotonou,2025-03-22,AHOYO,Sylvie Nadège,1963-07-13,F,0604,KPADONOU Rosine,0110321516
ENR-000759,AN-000645,ACTE_NAISSANCE,AG037,Cotonou,2025-03-23,ZANNOU,Rachid,1969-02-03,M,0905,BIO Carine,0175283180
ENR-000760,AN-001003,ACTE_NAISSANCE,AG010,Kandi,2025-03-23,CODJIA,Espérance Judith,1981-10-24,F,1006,GLELE Sèmèvo,0180554385
ENR-000761,AN-003626,ACTE_NAISSANCE,AG008,Lokossa,2025-03-23,BIO,Espérance,1972-08-23,F,0209,KPADONOU Espérance,0190854542
ENR-000762,AN-003684,ACTE_NAISSANCE,AG030,Natitingou,2025-03-23,GBAGUIDI,Codjo,2017-06-14,M,1003,VODOUNON Flore,0158192393
ENR-000763,AN-003712,ACTE_NAISSANCE,AG021,Ouidah,2025-03-23,GBAGUIDI,Flore,1980-06-09,F,1101,DANSOU Estelle,0129218439
ENR-000764,AN-003881,ACTE_NAISSANCE,AG039,Porto-Novo,2025-03-23,TOSSOU,Yves,1978-07-17,M,1203,FASSINOU Flore,0141292725
ENR-000765,AN-004620,ACTE_NAISSANCE,AG034,Kandi,2025-03-23,SOSSOU,Gisèle,2005-07-26,F,0303,SAGBO Chimène,0190803381
ENR-000766,AN-000374,ACTE_NAISSANCE,AG017,Bohicon,2025-03-24,AGOSSOU,Brice,2014-11-27,M,0801,ZANNOU Judith,0112177206
ENR-000767,AN-000592,ACTE_NAISSANCE,AG033,Ouidah,2025-03-24,VODOUNON,Fabrice Ibrahim,1996-10-09,M,0506,QUENUM Bernice,0115894326
ENR-000768,CC-000654,CARTE_CONSULAIRE,AG033,Ouidah,2025-03-24,TOGBE,Nadège Flore,1975-10-26,F,1208,VODOUNON Flore,0196876220
ENR-000769,CC-003165,CARTE_CONSULAIRE,AG007,Djougou,2025-03-24,HOUNGBO,Semevo,1954-11-03,F,0404,ZINSOU Fatoumata,
ENR-000770,AN-003246,ACTE_NAISSANCE,AG030,Natitingou,2025-03-24,AHOUANSOU,Gildas Ulrich,1980-11-05,M,0105,ALLADAYE Fatoumata,0129363222
ENR-000771,AN-003764,ACTE_NAISSANCE,AG017,Bohicon,2025-03-24,OSSENI,Gisèle,2006-02-23,F,0401,KPADONOU Estelle,0162514673
ENR-000772,CC-003918,CARTE_CONSULAIRE,AG037,Cotonou,2025-03-24,TCHIBOZO,Justin Codjo,1994-03-28,M,0902,ZANNOU Rachidatou,0182419750
ENR-000773,PP-004555,PASSEPORT,AG010,Kandi,2025-03-24,HOUNKPATIN,Ayaba Chimène,1995-05-22,F,0902,ZANNOU Rachidatou,
ENR-000774,AN-004915,ACTE_NAISSANCE,AG002,Abomey-Calavi,2025-03-24,NOUATIN,Mariam Prudence,1985-08-18,F,0202,HOUNKPATIN Sèmèvo,
ENR-000775,CC-000324,CARTE_CONSULAIRE,AG026,Abomey-Calavi,2025-03-25,HOUNKPATIN,Rachid Comlan,1961-02-20,M,1207,QUENUM Bernice,0178940184
ENR-000776,AN-000649,ACTE_NAISSANCE,AG022,Kandi,2025-03-25,SOULEY,Flore,1991-09-18,F,0407,DANSOU Flore,0136295976
ENR-000777,PP-001074,PASSEPORT,AG005,Bohicon,2025-03-25,VODOUNON,Sèmèvo,1986-10-23,F,1006,NOUATIN Sylvie,0112512288
ENR-000778,CC-002029,CARTE_CONSULAIRE,AG035,Dassa-Zoumè,2025-03-25,KOUKPAKI,Chimène,1997-11-04,F,0101,TCHIBOZO Chimène,0147841044
ENR-000779,PP-002506,PASSEPORT,AG033,Ouidah,2025-03-25,AHOYO,Moussa,2001-03-05,M,1208,HOUESSOU Nadège,0122088876
ENR-000780,AN-003348,ACTE_NAISSANCE,AG016,Parakou,2025-03-25,CHABI,Ibrahim Gildas,2000-12-01,M,1206,ZANNOU Gisèle,0159278918
ENR-000781,AN-003382,ACTE_NAISSANCE,AG031,Djougou,2025-03-25,TOGBE,Estelle,1965-12-05,F,0702,HOUNKPATIN Salamatou,0198348202
ENR-000782,AN-003801,ACTE_NAISSANCE,AG001,Cotonou,2025-03-25,ASSOGBA,Koffi Ghislain,2005-06-27,M,1208,TOGBE Nadège,0121769275
ENR-000783,AN-003993,ACTE_NAISSANCE,AG032,Lokossa,2025-03-25,AHOYO,Gisèle,1979-08-21,F,1101,VODOUNON Bernice,0144086917
ENR-000784,AN-004317,ACTE_NAISSANCE,AG027,Porto-Novo,2025-03-25,HOUNSOU,Codjo,1996-10-11,M,1206,SAGBO Gisèle,0113504985
ENR-000785,PP-000186,PASSEPORT,AG013,Cotonou,2025-03-26,AGOSSOU,  Estelle   Fatoumata ,1985-07-24,F,0502,HOUESSOU Prudence,0185381296
ENR-000786,AN-001106,ACTE_NAISSANCE,AG021,Ouidah,2025-03-26,OSSENI,Sènami,2004-02-09,F,0305,NOUATIN Gisèle,0126569681
ENR-000787,AN-001143,ACTE_NAISSANCE,AG032,Lokossa,2025-03-26,CHABI,Sèmèvo,1961-02-06,F,0904,ZINSOU Ayaba,0138808868
ENR-000788,PP-001634,PASSEPORT,AG012,Aplahoué,2025-03-26,KIKI,Arnaud,1997-08-28,M,1205,TOSSOU Flore,0132936227
ENR-000789,AN-003113,ACTE_NAISSANCE,AG005,Bohicon,2025-03-26,SOSSOU,Romaric,1995-10-27,M,0201,TOSSOU Sylvie,0104921740
ENR-000790,AN-003374,ACTE_NAISSANCE,AG029,Bohicon,2025-03-26,FASSINOU,Justin Moussa,2008-11-24,M,1204,GBAGUIDI Sylvie,0198282129
ENR-000791,PP-003431,PASSEPORT,AG005,Bohicon,2025-03-26,SOULEY,Gisèle,1988-05-20,F,0801,DANSOU Rachidatou,0185485464
ENR-000792,AN-003681,ACTE_NAISSANCE,AG004,Parakou,2025-03-26,KPADONOU,Justin Mahougnon,2014-11-24,M,0503,AKPOVI Flore,0194342683
ENR-000793,CC-004684,CARTE_CONSULAIRE,AG022,Kandi,2025-03-26,HOUNGBO,Brice Gildas,2011-01-06,M,0703,KOUKPAKI Ayaba,0114770974
ENR-000794,AN-004713,ACTE_NAISSANCE,AG038,Abomey-Calavi,2025-03-26,GBAGUIDI,Fabrice Justin,2001-02-28,M,0202,CODJIA Salamatou,0178447494
ENR-000795,CC-004804,CARTE_CONSULAIRE,AG033,Ouidah,2025-03-26,AHOUANSOU,Flore Carine,1954-10-13,F,1203,KOUKPAKI Sènami,0145101431
ENR-000796,CC-001198,CARTE_CONSULAIRE,AG022,Kandi,2025-03-26,QUENUM,Comlan,1966-09-23,M,0103,ASSOGBA Rachidatou,0120397192
ENR-000797,AN-000149,ACTE_NAISSANCE,AG025,Cotonou,2025-03-27,AGOSSOU,Rodrigue,1993-06-30,M,1209,TOGBE Aïcha,0116210481
ENR-000798,PP-000619,PASSEPORT,AG026,Abomey-Calavi,2025-03-27,DANSOU,Flore,2019-06-20,F,0305,CHABI Nadège,0196097995
ENR-000799,PP-000737,PASSEPORT,AG015,Porto-Novo,2025-03-27,ALLADAYE,Judith Espérance,2003-12-06,F,0302,OSSENI Carine,0146759134
ENR-000800,AN-001844,ACTE_NAISSANCE,AG032,Lokossa,2025-03-27,NOUATIN,Nadège Flore,1972-09-01,F,0105,AMOUSSOU Fatoumata,0134463851
ENR-000801,CC-002259,CARTE_CONSULAIRE,AG040,Parakou,2025-03-27,ALLADAYE,Espérance,1962-05-17,F,0201,DANSOU Aïcha,
ENR-000802,AN-002518,ACTE_NAISSANCE,AG017,Bohicon,2025-03-27,VODOUNON,Bienvenu,1971-07-10,M,0606,CHABI Estelle,0174001359
ENR-000803,AN-002893,ACTE_NAISSANCE,AG002,Abomey-Calavi,2025-03-27,ZINSOU,Espérance,1995-11-19,F,0403,LOKONON Carine,0121474817
ENR-000804,PP-003123,PASSEPORT,AG030,Natitingou,2025-03-27,SAGBO,Romaric Fabrice,2003-04-13,M,0905,KIKI Fatoumata,
ENR-000805,AN-004174,ACTE_NAISSANCE,AG016,Parakou,2025-03-27,YAROU,Justin Arnaud,1982-04-03,M,0702,VODOUNON Fatoumata,0192965805
ENR-000806,AN-004234,ACTE_NAISSANCE,AG023,Dassa-Zoumè,2025-03-27,AMOUSSOU,Romaric Rachid,2018-08-07,M,0304,DOSSOU Ayaba,0156770468
ENR-000807,AN-000398,ACTE_NAISSANCE,AG003,Porto-Novo,2025-03-28,YAROU,Ayaba,2008-07-29,F,0604,CODJIA Mariam,0191732601
ENR-000808,AN-000568,ACTE_NAISSANCE,AG036,Aplahoué,2025-03-28,ALLADAYE,Rodrigue,1962-03-11,M,0702,HOUNSOU Carine,0142215939
ENR-000809,PP-000947,PASSEPORT,AG037,Cotonou,2025-03-28,KPADONOU,Espérance Bernice,1944-04-13,F,0102,LOKONON Judith,0159384630
ENR-000810,PP-001755,PASSEPORT,AG013,Cotonou,2025-03-28,BIO,Brice,1979-05-13,M,0308,AKPOVI Gisèle,0168191408
ENR-000811,AN-002117,ACTE_NAISSANCE,AG031,Djougou,2025-03-28,ADJOVI,Ayaba,1985-07-23,F,0207,KOUKPAKI Prudence,
ENR-000812,AN-002165,ACTE_NAISSANCE,AG010,Kandi,2025-03-28,CODJIA,Fabrice Moussa,1994-08-10,M,0505,ASSOGBA Flore,0154536536
ENR-000813,AN-002776,ACTE_NAISSANCE,AG017,Bohicon,2025-03-28,DANSOU,Rachidatou,1987-12-03,F,1102,NOUATIN Judith,0151226940
ENR-000814,AN-003053,ACTE_NAISSANCE,AG008,Lokossa,2025-03-28,AGBODJAN,Flore,1997-01-05,F,1008,TCHIBOZO Flore,0135600755
ENR-000815,AN-004887,ACTE_NAISSANCE,AG033,Ouidah,2025-03-28,QUENUM,Gisèle Chimène,1972-06-20,F,0601,AGOSSOU Salamatou,0113346867
ENR-000816,AN-000194,ACTE_NAISSANCE,AG007,Djougou,2025-03-29,ZANNOU,Espérance Bernice,1991-09-21,F,0206,GLELE Chimène,0155486080
ENR-000817,AN-000717,ACTE_NAISSANCE,AG040,Parakou,2025-03-29,ASSOGBA,Aïcha Nadège,1982-09-16,F,0202,ASSOGBA Ayaba,
ENR-000818,AN-000774,ACTE_NAISSANCE,AG032,Lokossa,2025-03-29,GBAGUIDI,Ibrahim Gildas,1990-03-31,M,0102,FASSINOU Fatoumata,0115691657
ENR-000819,AN-000942,ACTE_NAISSANCE,AG005,Bohicon,2025-03-29,MENSAH,Moussa,1992-10-16,M,0601,FASSINOU Estelle,0120901210
ENR-000820,CC-001599,CARTE_CONSULAIRE,AG002,Abomey-Calavi,2025-03-29,GLELE,Ibrahim,2000-12-12,M,0302,CHABI Salamatou,0149243368
ENR-000821,AN-001607,ACTE_NAISSANCE,AG031,Djougou,2025-03-29,ZINSOU,Ulrich,1997-09-30,M,1004,AGBODJAN Rachidatou,0148633261
ENR-000822,AN-002781,ACTE_NAISSANCE,AG029,Bohicon,2025-03-29,GLELE,Arnaud,1985-09-15,M,0501,KPADONOU Prudence,0162396942
ENR-000823,AN-003526,ACTE_NAISSANCE,AG014,Abomey-Calavi,2025-03-29,ADANDE,Gildas,2020-01-20,M,0401,ZINSOU Sylvie,0177973573
ENR-000824,CC-003558,CARTE_CONSULAIRE,AG027,Porto-Novo,2025-03-29,HOUNSOU,Rachid,1992-04-26,M,1006,HOUNKPATIN Salamatou,0124558362
ENR-000825,AN-003629,ACTE_NAISSANCE,AG035,Dassa-Zoumè,2025-03-29,KOUKPAKI,Ayaba Espérance,1964-08-17,F,0403,KIKI Chimène,
ENR-000826,AN-003724,ACTE_NAISSANCE,AG011,Dassa-Zoumè,2025-03-29,TOSSOU,Ayaba,2000-03-28,F,0606,HOUNSOU Salamatou,0102708606
ENR-000827,AN-004291,ACTE_NAISSANCE,AG029,Bohicon,2025-03-29,KOUKPAKI,Aïcha,2007-06-23,F,0504,QUENUM Gisèle,0163165274
ENR-000828,CC-004795,CARTE_CONSULAIRE,AG007,Djougou,2025-03-29,FASSINOU,Yves,1949-05-19,M,0702,LOKONON Chimène,0176285861
ENR-000829,AN-004858,ACTE_NAISSANCE,AG015,Porto-Novo,2025-03-29,ASSOGBA,Bienvenu Moussa,2007-08-02,M,0405,FASSINOU Gisèle,0192273014
ENR-000830,AN-000820,ACTE_NAISSANCE,AG018,Natitingou,2025-03-30,ZINSOU,Flore,2004-05-11,F,1203,AHOYO Fatoumata,0198873923
ENR-000831,CC-000878,CARTE_CONSULAIRE,AG002,Abomey-Calavi,2025-03-30,NOUATIN,Fatoumata Rosine,1964-02-19,F,0208,QUENUM Judith,0138242380
ENR-000832,PP-001326,PASSEPORT,AG011,Dassa-Zoumè,2025-03-30,SOSSOU,Ayaba,1998-06-18,F,0304,GBAGUIDI Sylvie,0110106890
ENR-000833,AN-001459,ACTE_NAISSANCE,AG002,Abomey-Calavi,2025-03-30,HOUESSOU,Serge,1997-08-10,M,0103,ADANDE Gisèle,
ENR-000834,PP-001592,PASSEPORT,AG024,Aplahoué,2025-03-30,TOSSOU,Romaric,1997-03-14,M,1104,CHABI Nadège,0133682960
ENR-000835,CC-003300,CARTE_CONSULAIRE,AG026,Abomey-Calavi,2025-03-30,AGOSSOU,Koffi,1977-04-10,M,0304,TCHIBOZO Aïcha,0106009273
ENR-000836,PP-003586,PASSEPORT,AG027,Porto-Novo,2025-03-30,KOUKPAKI,Sènami,1962-10-28,F,1009,CODJIA Carine,0169219816
ENR-000837,PP-004393,PASSEPORT,AG016,Parakou,2025-03-30,TOGBE,Gisèle,1970-11-30,F,0103,YAROU Judith,
ENR-000838,CC-000135,CARTE_CONSULAIRE,AG034,Kandi,2025-03-31,BIO,Bienvenu,1987-07-24,M,1202,MENSAH Nadège,0129907709
ENR-000839,AN-000463,ACTE_NAISSANCE,AG022,Kandi,2025-03-31,CODJIA,Bienvenu,2003-03-16,M,0502,CODJIA Espérance,0182074422
ENR-000840,PP-001011,PASSEPORT,AG001,Cotonou,2025-03-31,ADANDE,Gisèle Espérance,2001-12-07,F,0301,AGOSSOU Rosine,0110939626
ENR-000841,CC-001623,CARTE_CONSULAIRE,AG004,Parakou,2025-03-31,BIO,Gisèle,2004-08-01,F,0306,ASSOGBA Espérance,0141754060
ENR-000842,AN-002207,ACTE_NAISSANCE,AG038,Abomey-Calavi,2025-03-31,HOUNGBO,Ulrich,1991-03-02,M,1207,KOUKPAKI Gisèle,0135509560
ENR-000843,PP-002214,PASSEPORT,AG020,Lokossa,2025-03-31,BONI,Gildas,2007-09-18,M,0605,ADANDE Espérance,01 91 69 58 12
ENR-000844,AN-003737,ACTE_NAISSANCE,AG015,Porto-Novo,2025-03-31,ZINSOU,Aicha Fatoumata,1968-06-24,F,0304,AHOUANSOU Sylvie,0161433341
ENR-000845,PP-003815,PASSEPORT,AG036,Aplahoué,2025-03-31,MENSAH,Nadège Bernice,1977-08-31,F,0703,SAGBO Judith,0171189742
ENR-000846,AN-004678,ACTE_NAISSANCE,AG003,Porto-Novo,2025-03-31,ASSOGBA,Ayaba Judith,1996-05-05,F,0407,TOGBE Gisèle,0107299937
ENR-000847,AN-001398,ACTE_NAISSANCE,AG030,Natitingou,2025-03-31,BONI,Koffi Fabrice,1954-09-23,M,1205,AGBODJAN Salamatou,0189087715
ENR-000848,AN-000490,ACTE_NAISSANCE,AG017,Bohicon,2025-04-01,AGBODJAN,Fabrice,1998-01-07,M,1007,CODJIA Espérance,0146864870
ENR-000849,AN-000575,ACTE_NAISSANCE,AG024,Aplahoué,2025-04-01,KIKI,Salamatou,1991-08-12,F,0203,MENSAH Estelle,019000763723
ENR-000850,AN-001531,ACTE_NAISSANCE,AG031,Djougou,2025-04-01,SOULEY,Rodrigue Koffi,1994-12-31,M,1006,AGBODJAN Rosine,
ENR-000851,AN-001891,ACTE_NAISSANCE,AG018,Natitingou,2025-04-01,QUENUM,Sylvie Estelle,1997-01-08,F,1204,CODJIA Rachidatou,0109379752
ENR-000852,PP-002326,PASSEPORT,AG028,Parakou,2025-04-01,CHABI,Fabrice Ghislain,1974-02-26,M,0405,FASSINOU Estelle,
ENR-000853,AN-004087,ACTE_NAISSANCE,AG039,Porto-Novo,2025-04-01,BONI,Rosine,1942-09-29,F,0205,GLELE Sènami,
ENR-000854,AN-004198,ACTE_NAISSANCE,AG020,Lokossa,2025-04-01,YAROU,Rosine,1978-07-20,F,1104,TOGBE Sènami,0189603874
ENR-000855,AN-004404,ACTE_NAISSANCE,AG004,Parakou,2025-04-01,SOULEY,Ibrahim,2012-09-07,M,0606,QUENUM Estelle,0152299295
ENR-000856,PP-000892,PASSEPORT,AG006,Natitingou,2025-04-02,SOSSOU,Judith,1988-05-24,F,0905,KPADONOU Sylvie,0146635378
ENR-000857,CC-000935,CARTE_CONSULAIRE,AG010,Kandi,2025-04-02,TOGBE,Sènami,1992-12-11,F,0101,GLELE Fatoumata,0166199073
ENR-000858,AN-001084,ACTE_NAISSANCE,AG009,Ouidah,2025-04-02,TOSSOU,Justin,1979-02-08,M,1102,HOUESSOU Mariam,+229 0132720911
ENR-000859,AN-001450,ACTE_NAISSANCE,AG014,Abomey-Calavi,2025-04-02,HOUNGBO,Fatoumata,1994-11-07,F,1001,VODOUNON Flore,0169603050
ENR-000860,AN-001577,ACTE_NAISSANCE,AG033,Ouidah,2025-04-02,AHOYO,Rodrigue,1993-11-17,M,0303,KIKI Judith,0188341943
ENR-000861,AN-002359,ACTE_NAISSANCE,AG023,Dassa-Zoumè,2025-04-02,NOUATIN,Comlan Bienvenu,1996-12-25,M,0701,GLELE Gisèle,0132551489
ENR-000862,AN-002868,ACTE_NAISSANCE,AG008,Lokossa,2025-04-02,FASSINOU,Mahougnon Romaric,1985-09-01,M,0205,QUENUM Carine,0129018313
ENR-000863,PP-003058,PASSEPORT,AG018,Natitingou,2025-04-02,HOUNGBO,Romaric,1977-05-19,M,1201,AKPOVI Carine,0157203971
ENR-000864,AN-003388,ACTE_NAISSANCE,AG025,Cotonou,2025-04-02,VODOUNON,Judith Ayaba,2022-02-17,F,0403,VODOUNON Flore,0180954620
ENR-000865,AN-003437,ACTE_NAISSANCE,AG011,Dassa-Zoumè,2025-04-02,NOUATIN,Sèmèvo,1980-09-11,F,0307,ALLADAYE Flore,0171056333
ENR-000866,AN-003592,ACTE_NAISSANCE,AG040,Parakou,2025-04-02,NOUATIN,Bienvenu Romaric,1969-08-29,M,1001,SOSSOU Salamatou,0104489440
ENR-000867,AN-004216,ACTE_NAISSANCE,AG025,Cotonou,2025-04-02,DANSOU,Ibrahim,1988-01-29,M,0606,ASSOGBA Rosine,0121248570
ENR-000868,AN-001034,ACTE_NAISSANCE,AG023,Dassa-Zoumè,2025-04-03,ALLADAYE,Ghislain,1997-09-12,M,1201,AGBODJAN Salamatou,0102075270
ENR-000869,AN-001190,ACTE_NAISSANCE,AG002,Abomey-Calavi,2025-04-03,ADANDE,Moussa,2010-11-26,M,0902,YAROU Gisèle,0161500804
ENR-000870,AN-001563,ACTE_NAISSANCE,AG016,Parakou,2025-04-03,SOSSOU,Carine,1981-05-24,F,0604,CODJIA Rachidatou,
ENR-000871,AN-003029,ACTE_NAISSANCE,AG029,Bohicon,2025-04-03,HOUESSOU,Ghislain,1985-01-25,M,0605,NOUATIN Sènami,0143285790
ENR-000872,PP-003099,PASSEPORT,AG038,Abomey-Calavi,2025-04-03,FASSINOU,Carine Nadège,1955-04-15,F,0308,AHOUANSOU Sèmèvo,0134317201
ENR-000873,AN-003315,ACTE_NAISSANCE,AG003,Porto-Novo,2025-04-03,KOUKPAKI,Chimène Flore,1951-11-06,F,0304,TOGBE Chimène,0112996214
ENR-000874,CC-003661,CARTE_CONSULAIRE,AG020,Lokossa,2025-04-03,SOSSOU,Moussa,2014-07-09,M,0209,AHOYO Mariam,
ENR-000875,PP-003936,PASSEPORT,AG037,Cotonou,2025-04-03,YAROU,Comlan,1989-09-04,M,1207,NOUATIN Sèmèvo,0199781028
ENR-000876,AN-004839,ACTE_NAISSANCE,AG005,Bohicon,2025-04-03,HOUNSOU,Sèmèvo,1968-11-02,F,1101,ASSOGBA Fatoumata,0140104945
ENR-000877,AN-002618,ACTE_NAISSANCE,AG007,Djougou,2025-04-04,MENSAH,Sylvie Chimène,2008-05-14,F,1205,DOSSOU Salamatou,0124068672
ENR-000878,AN-002637,ACTE_NAISSANCE,AG018,Natitingou,2025-04-04,HOUNSOU,Rodrigue,2005-11-03,M,0904,HOUNSOU Gisèle,
ENR-000879,AN-002739,ACTE_NAISSANCE,AG012,Aplahoué,2025-04-04,AKPOVI,Prudence,1998-12-06,F,0208,SOULEY Aïcha,0187204163
ENR-000880,AN-002837,ACTE_NAISSANCE,AG017,Bohicon,2025-04-04,OSSENI,Chimène Flore,2009-01-09,F,0102,FASSINOU Salamatou,0127071303
ENR-000881,CC-003232,CARTE_CONSULAIRE,AG010,Kandi,2025-04-04,CHABI,Chimène Nadège,2019-12-13,F,0201,KIKI Salamatou,0160952630
ENR-000882,PP-003910,PASSEPORT,AG010,Kandi,2025-04-04,IDRISSOU,Romaric,1996-03-16,M,0209,KOUKPAKI Rosine,0154078961
ENR-000883,AN-004271,ACTE_NAISSANCE,AG032,Lokossa,2025-04-04,glele,Sylvie Estelle,1996-04-23,F,0306,ZINSOU Espérance,0155999938
ENR-000884,AN-004618,ACTE_NAISSANCE,AG020,Lokossa,2025-04-04,KPADONOU,Flore Nadège,1957-07-14,F,1001,ADANDE Salamatou,
ENR-000885,PP-000347,PASSEPORT,AG029,Bohicon,2025-04-05,VODOUNON,Sylvie,2012-11-07,F,0703,LOKONON Mariam,0105465076
ENR-000886,AN-001174,ACTE_NAISSANCE,AG015,Porto-Novo,2025-04-05,ZANNOU,Rachid,1962-11-08,M,1003,SAGBO Prudence,0128854279
ENR-000887,AN-003966,ACTE_NAISSANCE,AG032,Lokossa,2025-04-05,LOKONON,Rosine,1945-10-30,F,1205,QUENUM Salamatou,0158082097
ENR-000888,AN-004055,ACTE_NAISSANCE,AG032,Lokossa,2025-04-05,AGOSSOU,Mariam Prudence,1979-04-27,F,0604,DANSOU Prudence,0153665430
ENR-000889,AN-000067,ACTE_NAISSANCE,AG030,Natitingou,2025-04-06,SOSSOU,Fidèle,1998-06-30,M,1202,HOUNGBO Rosine,0122238416
ENR-000890,AN-000225,ACTE_NAISSANCE,AG010,Kandi,2025-04-06,KOUKPAKI,Flore Espérance,2000-06-24,F,0307,AHOYO Rachidatou,0169416837
ENR-000891,AN-000348,ACTE_NAISSANCE,AG023,Dassa-Zoumè,2025-04-06,SAGBO,Ayaba Gisèle,1995-12-04,F,0601,AHOYO Flore,0163477920
ENR-000892,AN-000978,ACTE_NAISSANCE,AG033,Ouidah,2025-04-06,KOUKPAKI,Ulrich Fabrice,1982-08-18,M,0505,TOSSOU Prudence,0135515368
ENR-000893,AN-001214,ACTE_NAISSANCE,AG030,Natitingou,2025-04-06,HOUNGBO,Sèmèvo,2006-06-06,F,0905,SAGBO Espérance,0168374381
ENR-000894,AN-001886,ACTE_NAISSANCE,AG021,Ouidah,2025-04-06,QUENUM,Salamatou,1983-01-31,F,0306,SOSSOU Carine,0104147972
ENR-000895,AN-002004,ACTE_NAISSANCE,AG023,Dassa-Zoumè,2025-04-06,GLELE,Koffi,1979-01-08,M,0604,FASSINOU Mariam,0184703697
ENR-000896,AN-002710,ACTE_NAISSANCE,AG025,Cotonou,2025-04-06,ZANNOU,Estelle,1985-12-31,F,1105,AKPOVI Espérance,0134590215
ENR-000897,AN-002850,ACTE_NAISSANCE,AG016,Parakou,2025-04-06,MENSAH,Serge,1953-10-23,M,0602,TCHIBOZO Mariam,0184535183
ENR-000898,AN-004091,ACTE_NAISSANCE,AG005,Bohicon,2025-04-06,QUENUM,Codjo,1977-04-21,M,0401,BONI Carine,0140557790
ENR-000899,CC-000071,CARTE_CONSULAIRE,AG015,Porto-Novo,2025-04-07,IDRISSOU,Arnaud,2001-07-21,M,0606,KIKI Mariam,
ENR-000900,AN-000204,ACTE_NAISSANCE,AG010,Kandi,2025-04-07,KOUKPAKI,Sènami,2004-02-17,F,0207,KPADONOU Rosine,0101783263
ENR-000901,AN-001487,ACTE_NAISSANCE,AG002,Abomey-Calavi,2025-04-07,HOUNGBO,Espérance,1986-06-28,F,0401,AKPOVI Rosine,0160071972
ENR-000902,AN-001967,ACTE_NAISSANCE,AG022,Kandi,2025-04-07,VODOUNON,Sèmèvo,1988-02-26,F,0504,IDRISSOU Judith,0169639511
ENR-000903,CC-002041,CARTE_CONSULAIRE,AG034,Kandi,2025-04-07,DANSOU,Ayaba,2006-10-02,F,1006,GBAGUIDI Chimène,0199713004
ENR-000904,AN-003043,ACTE_NAISSANCE,AG029,Bohicon,2025-04-07,CODJIA,Flore Fatoumata,1986-06-29,F,1208,AMOUSSOU Rosine,0191221742
ENR-000905,AN-003380,ACTE_NAISSANCE,AG014,Abomey-Calavi,2025-04-07,SOSSOU,Rosine,1992-09-29,F,1207,ASSOGBA Espérance,0150360476
ENR-000906,AN-003717,ACTE_NAISSANCE,AG002,Abomey-Calavi,2025-04-07,GBAGUIDI,Rosine,1957-09-23,F,1009,AGOSSOU Estelle,0123135565
ENR-000907,AN-003882,ACTE_NAISSANCE,AG038,Abomey-Calavi,2025-04-07,TOSSOU,Ayaba,2002-08-29,F,0704,NOUATIN Judith,0154128003
ENR-000908,PP-003931,PASSEPORT,AG011,Dassa-Zoumè,2025-04-07,TOGBE,Brice,1987-10-26,M,0103,AGOSSOU Rachidatou,0144048878
ENR-000909,AN-004044,ACTE_NAISSANCE,AG011,Dassa-Zoumè,2025-04-07,SOULEY,Rosine,1985-10-03,F,0401,TOGBE Aïcha,
ENR-000910,AN-004370,ACTE_NAISSANCE,AG029,Bohicon,2025-04-07,AMOUSSOU,Yves Codjo,1984-08-13,M,0605,KPADONOU Nadège,0144561508
ENR-000911,AN-000876,ACTE_NAISSANCE,AG035,Dassa-Zoumè,2025-04-08,TOSSOU,Rodrigue,1992-01-26,M,1009,AHOUANSOU Flore,0184822729
ENR-000912,AN-001211,ACTE_NAISSANCE,AG040,Parakou,2025-04-08,BONI,Prudence,2008-10-14,F,0301,TOGBE Chimène,0186843405
ENR-000913,AN-001456,ACTE_NAISSANCE,AG015,Porto-Novo,2025-04-08,HOUNGBO,Moussa,2005-12-22,M,1103,TCHIBOZO Judith,0148582314
ENR-000914,PP-001957,PASSEPORT,AG006,Natitingou,2025-04-08,HOUESSOU,Bienvenu,1991-05-02,M,0605,OSSENI Gisèle,0102952213
ENR-000915,PP-002055,PASSEPORT,AG026,Abomey-Calavi,2025-04-08,MENSAH,Koffi Moussa,1980-09-14,M,0503,IDRISSOU Estelle,0147340072
ENR-000916,CC-002076,CARTE_CONSULAIRE,AG005,Bohicon,2025-04-08,CODJIA,Fabrice,2019-07-06,M,0102,MENSAH Sènami,0158298091
ENR-000917,AN-002784,ACTE_NAISSANCE,AG015,Porto-Novo,2025-04-08,ADJOVI,Carine,1999-05-11,F,0306,CHABI Nadège,
ENR-000918,AN-002816,ACTE_NAISSANCE,AG034,Kandi,2025-04-08,TOGBE,Romaric Yves,2001-04-06,M,1201,HOUNKPATIN Estelle,0112133282
ENR-000919,AN-003693,ACTE_NAISSANCE,AG011,Dassa-Zoumè,2025-04-08,ALLADAYE,Espérance Rachidatou,2004-06-21,F,0305,HOUESSOU Sènami,0144055761
ENR-000920,AN-003999,ACTE_NAISSANCE,AG028,Parakou,2025-04-08,AMOUSSOU,Fatoumata Sylvie,1953-08-19,F,0505,KIKI Flore,0125028103
ENR-000921,AN-004383,ACTE_NAISSANCE,AG015,Porto-Novo,2025-04-08,IDRISSOU,Mariam,2014-08-19,F,0207,FASSINOU Fatoumata,0195024558
ENR-000922,CC-004421,CARTE_CONSULAIRE,AG017,Bohicon,2025-04-08,AGBODJAN,Judith Fatoumata,1998-07-13,F,0308,TOGBE Aïcha,
ENR-000923,CC-004797,CARTE_CONSULAIRE,AG028,Parakou,2025-04-08,BIO,Brice Ulrich,1954-12-27,M,0904,ZINSOU Judith,0105956037
ENR-000924,AN-000080,ACTE_NAISSANCE,AG026,Abomey-Calavi,2025-04-09,SOULEY,Bernice,1959-04-28,F,0204,AHOUANSOU Estelle,0111020383
ENR-000925,AN-000699,ACTE_NAISSANCE,AG021,Ouidah,2025-04-09,NOUATIN,Salamatou,1988-05-31,F,1105,YAROU Aïcha,0157158754
ENR-000926,AN-000839,ACTE_NAISSANCE,AG014,Abomey-Calavi,2025-04-09,TOSSOU,Salamatou Espérance,1965-04-19,F,0604,ADJOVI Fatoumata,0183377055
ENR-000927,AN-001071,ACTE_NAISSANCE,AG036,Aplahoué,2025-04-09,OSSENI,Espérance,1990-11-02,F,0506,ASSOGBA Rachidatou,0168754220
ENR-000928,AN-001296,ACTE_NAISSANCE,AG038,Abomey-Calavi,2025-04-09,AKPOVI,Ghislain Romaric,1961-05-20,M,0606,TOGBE Nadège,0151274997
ENR-000929,AN-002122,ACTE_NAISSANCE,AG017,Bohicon,2025-04-09,DOSSOU,Fabrice,2008-04-26,M,0901,BONI Chimène,0145976545
ENR-000930,AN-002256,ACTE_NAISSANCE,AG019,Djougou,2025-04-09,VODOUNON,Estelle,2012-10-25,F,0209,SOULEY Rachidatou,0106730030
ENR-000931,AN-004007,ACTE_NAISSANCE,AG027,Porto-Novo,2025-04-09,AGBODJAN,Koffi,1969-10-19,M,0406,TOGBE Aïcha,0110372951
ENR-000932,CC-001898,CARTE_CONSULAIRE,AG022,Kandi,2025-04-10,HOUNGBO,Gildas Ghislain,1982-06-25,M,0204,BONI Carine,0175712643
ENR-000933,AN-002057,ACTE_NAISSANCE,AG029,Bohicon,2025-04-10,NOUATIN,Serge,2002-05-04,M,0406,DANSOU Nadège,0171150135
ENR-000934,AN-002389,ACTE_NAISSANCE,AG028,Parakou,2025-04-10,SAGBO,Mahougnon,2007-06-30,M,0101,AHOYO Flore,0169524786
ENR-000935,AN-002517,ACTE_NAISSANCE,AG023,Dassa-Zoumè,2025-04-10,OSSENI,Carine Salamatou,2020-07-30,F,1204,ASSOGBA Carine,
ENR-000936,AN-003049,ACTE_NAISSANCE,AG016,Parakou,2025-04-10,HOUNKPATIN,Ayaba,1972-03-03,F,0503,GLELE Aïcha,0101863252
ENR-000937,PP-003080,PASSEPORT,AG024,Aplahoué,2025-04-10,TOGBE,Ulrich,1989-08-18,M,0408,SOSSOU Aïcha,0120818334
ENR-000938,AN-004136,ACTE_NAISSANCE,AG022,Kandi,2025-04-10,ALLADAYE,Bernice,2013-08-19,F,0209,KIKI Mariam,01 67 48 18 21
ENR-000939,AN-004341,ACTE_NAISSANCE,AG018,Natitingou,2025-04-10,KIKI,Fatoumata,1993-11-20,F,0104,DANSOU Estelle,0180532464
ENR-000940,AN-000886,ACTE_NAISSANCE,AG036,Aplahoué,2025-04-11,ADJOVI,Ibrahim,1954-01-21,M,0605,DANSOU Mariam,0141356394
ENR-000941,AN-001166,ACTE_NAISSANCE,AG031,Djougou,2025-04-11,AGBODJAN,Salamatou,1982-12-19,F,0906,LOKONON Estelle,0129048588
ENR-000942,AN-001759,ACTE_NAISSANCE,AG038,Abomey-Calavi,2025-04-11,TCHIBOZO,Koffi Ibrahim,2001-06-07,M,0405,GLELE Salamatou,0110260448
ENR-000943,AN-002108,ACTE_NAISSANCE,AG005,Bohicon,2025-04-11,HOUNKPATIN,Chimène,1946-11-19,F,0102,IDRISSOU Rosine,0124202473
ENR-000944,CC-002419,CARTE_CONSULAIRE,AG034,Kandi,2025-04-11,ADANDE,Bienvenu,1992-04-01,M,0505,HOUNSOU Bernice,0187301420
ENR-000945,AN-002594,ACTE_NAISSANCE,AG038,Abomey-Calavi,2025-04-11,GLELE,Codjo,1972-08-13,M,0703,ADANDE Chimène,0159965059
ENR-000946,CC-003407,CARTE_CONSULAIRE,AG040,Parakou,2025-04-11,KPADONOU,Ghislain Fabrice,1979-06-21,M,1008,LOKONON Fatoumata,0131634373
ENR-000947,AN-003943,ACTE_NAISSANCE,AG038,Abomey-Calavi,2025-04-11,IDRISSOU,Ayaba Nadège,1999-03-07,F,0702,AGOSSOU Aïcha,0103726693
ENR-000948,AN-004630,ACTE_NAISSANCE,AG007,Djougou,2025-04-11,ZINSOU,Gisèle,2011-06-07,F,0307,ADANDE Fatoumata,0161208355
ENR-000949,AN-000163,ACTE_NAISSANCE,AG022,Kandi,2025-04-12,NOUATIN,Estelle,1996-11-17,F,1007,BONI Sènami,0165620011
ENR-000950,AN-000167,ACTE_NAISSANCE,AG008,Lokossa,2025-04-12,CHABI,Flore Rachidatou,1991-12-02,F,0601,AMOUSSOU Carine,0177257550
ENR-000951,AN-003502,ACTE_NAISSANCE,AG032,Lokossa,2025-04-12,MENSAH,Moussa Comlan,1998-09-06,M,0701,VODOUNON Fatoumata,0130352589
ENR-000952,PP-003720,PASSEPORT,AG011,Dassa-Zoumè,2025-04-12,NOUATIN,Gisèle,2005-12-04,F,0106,YAROU Gisèle,0153679910
ENR-000953,PP-003878,PASSEPORT,AG040,Parakou,2025-04-12,GBAGUIDI,Gisèle Sènami,2021-02-02,F,1103,ASSOGBA Sènami,0161466783
ENR-000954,CC-004063,CARTE_CONSULAIRE,AG016,Parakou,2025-04-12,QUENUM,Salamatou,2004-02-18,F,1206,GLELE Ayaba,0139879392
ENR-000955,AN-004164,ACTE_NAISSANCE,AG020,Lokossa,2025-04-12,ASSOGBA,Prudence,1985-04-23,F,0203,KPADONOU Estelle,
ENR-000956,PP-004643,PASSEPORT,AG030,Natitingou,2025-04-12,HOUNKPATIN,Arnaud,2022-04-21,M,1209,AHOYO Flore,0139850519
ENR-000957,AN-004710,ACTE_NAISSANCE,AG008,Lokossa,2025-04-12,QUENUM,Chimène,1979-06-30,F,0105,ZANNOU Nadège,0189494575
ENR-000958,CC-001806,CARTE_CONSULAIRE,AG032,Lokossa,2025-04-13,DANSOU,Moussa,1997-01-02,M,0606,FASSINOU Rachidatou,0128181314
ENR-000959,AN-003430,ACTE_NAISSANCE,AG029,Bohicon,2025-04-13,BIO,Romaric,1996-12-31,M,0506,HOUNSOU Nadège,
ENR-000960,AN-003944,ACTE_NAISSANCE,AG039,Porto-Novo,2025-04-13,CODJIA,Koffi,2010-03-10,M,0405,IDRISSOU Judith,0135018322
ENR-000961,AN-004760,ACTE_NAISSANCE,AG003,Porto-Novo,2025-04-13,VODOUNON,Ulrich,1953-10-31,M,0106,AHOYO Rachidatou,0121614633
ENR-000962,AN-000227,ACTE_NAISSANCE,AG025,Cotonou,2025-04-14,TCHIBOZO,Arnaud,1995-08-14,M,0202,ADANDE Mariam,0127751519
ENR-000963,AN-000566,ACTE_NAISSANCE,AG032,Lokossa,2025-04-14,AGOSSOU,Serge,2013-09-16,M,1102,YAROU Judith,
ENR-000964,CC-000637,CARTE_CONSULAIRE,AG032,Lokossa,2025-04-14,ADJOVI,Mariam Prudence,1988-12-17,F,0307,CHABI Fatoumata,0106090018
ENR-000965,PP-003022,PASSEPORT,AG018,Natitingou,2025-04-14,DOSSOU,Prudence,2000-09-17,F,0406,ZINSOU Sènami,0132420589
ENR-000966,PP-000405,PASSEPORT,AG018,Natitingou,2025-04-15,HOUNSOU,Ibrahim Arnaud,2005-05-25,M,0204,HOUNGBO Ayaba,0104077533
ENR-000967,PP-000427,PASSEPORT,AG027,Porto-Novo,2025-04-15,HOUNKPATIN,Sèmèvo,1981-11-20,F,0504,KIKI Carine,0106190678
ENR-000968,AN-000732,ACTE_NAISSANCE,AG037,Cotonou,2025-04-15,IDRISSOU,Carine,1985-08-24,F,0903,TOGBE Espérance,
ENR-000969,PP-001240,PASSEPORT,AG034,Kandi,2025-04-15,AMOUSSOU,Gildas Ibrahim,1983-10-05,M,0701,YAROU Estelle,0104167739
ENR-000970,CC-001410,CARTE_CONSULAIRE,AG013,Cotonou,2025-04-15,GBAGUIDI,Sènami Gisèle,1946-01-07,F,0701,GBAGUIDI Sylvie,
ENR-000971,AN-002082,ACTE_NAISSANCE,AG006,Natitingou,2025-04-15,VODOUNON,Fabrice Ulrich,1993-12-23,M,0408,VODOUNON Sèmèvo,0188887525
ENR-000972,AN-003296,ACTE_NAISSANCE,AG031,Djougou,2025-04-15,SOULEY,Gildas,2007-10-26,M,1001,IDRISSOU Nadège,0113998396
ENR-000973,AN-004114,ACTE_NAISSANCE,AG036,Aplahoué,2025-04-15,TCHIBOZO,Espérance,2007-10-04,F,1009,AKPOVI Estelle,0141926847
ENR-000974,AN-004807,ACTE_NAISSANCE,AG038,Abomey-Calavi,2025-04-15,ALLADAYE,Brice Fidèle,2006-02-11,M,0106,BONI Rachidatou,0142823862
ENR-000975,AN-004881,ACTE_NAISSANCE,AG017,Bohicon,2025-04-15,BONI,Comlan Yves,2000-01-10,M,0606,ALLADAYE Sènami,019466186234
ENR-000976,PP-004991,PASSEPORT,AG036,Aplahoué,2025-04-15,BONI,Ghislain,1978-05-18,M,0504,BONI Judith,0101576699
ENR-000977,AN-000827,ACTE_NAISSANCE,AG022,Kandi,2025-04-16,SAGBO,  Fidèle ,2003-11-21,M,0505,IDRISSOU Sènami,0104661517
ENR-000978,AN-001881,ACTE_NAISSANCE,AG002,Abomey-Calavi,2025-04-16,NOUATIN,Carine,1989-09-24,F,0202,ADANDE Flore,0158234594
ENR-000979,AN-002973,ACTE_NAISSANCE,AG030,Natitingou,2025-04-16,FASSINOU,Sèmèvo,2004-06-25,F,1206,GBAGUIDI Judith,0178510056
ENR-000980,PP-003498,PASSEPORT,AG023,Dassa-Zoumè,2025-04-16,AGBODJAN,Ibrahim Romaric,1976-02-28,M,0502,ASSOGBA Chimène,0108611056
ENR-000981,CC-003698,CARTE_CONSULAIRE,AG020,Lokossa,2025-04-16,HOUESSOU,Prudence Flore,1972-05-09,F,0603,SAGBO Espérance,0168002321
ENR-000982,AN-004103,ACTE_NAISSANCE,AG023,Dassa-Zoumè,2025-04-16,SAGBO,Mahougnon,1936-05-09,M,1006,KIKI Rachidatou,0155536613
ENR-000983,AN-004917,ACTE_NAISSANCE,AG035,Dassa-Zoumè,2025-04-16,ALLADAYE,Bienvenu,2019-10-12,M,1208,NOUATIN Sènami,
ENR-000984,AN-000402,ACTE_NAISSANCE,AG008,Lokossa,2025-04-17,DOSSOU,Sènami Aïcha,1979-09-26,F,0303,QUENUM Bernice,0160505243
ENR-000985,AN-000483,ACTE_NAISSANCE,AG013,Cotonou,2025-04-17,SOSSOU,Romaric,2007-02-28,M,0704,CHABI Chimène,0120342385
ENR-000986,AN-001302,ACTE_NAISSANCE,AG034,Kandi,2025-04-17,KOUKPAKI,Nadège,1960-12-14,F,0503,TOSSOU Sylvie,
ENR-000987,AN-001776,ACTE_NAISSANCE,AG029,Bohicon,2025-04-17,ADJOVI,Nadège,2006-11-25,F,1202,ADANDE Aïcha,0111397114
ENR-000988,AN-001829,ACTE_NAISSANCE,AG032,Lokossa,2025-04-17,ADJOVI,Brice,1938-06-12,M,0904,SOSSOU Judith,0113240987
ENR-000989,AN-002454,ACTE_NAISSANCE,AG038,Abomey-Calavi,2025-04-17,TOGBE,Gisèle Chimène,1993-08-29,F,0208,HOUNGBO Nadège,0130941136
ENR-000990,AN-002643,ACTE_NAISSANCE,AG013,Cotonou,2025-04-17,DANSOU,Ibrahim,1962-11-14,M,0604,BIO Nadège,0162965491
ENR-000991,AN-003369,ACTE_NAISSANCE,AG022,Kandi,2025-04-17,KIKI,Codjo Rachid,1988-07-26,M,0701,QUENUM Bernice,0198834674
ENR-000992,AN-003584,ACTE_NAISSANCE,AG022,Kandi,2025-04-17,FASSINOU,Mariam Judith,1983-03-28,F,0202,QUENUM Sènami,0171502632
ENR-000993,CC-003618,CARTE_CONSULAIRE,AG001,Cotonou,2025-04-17,TOSSOU,Sylvie,1989-04-17,F,0206,KPADONOU Rachidatou,0196132951
ENR-000994,AN-003923,ACTE_NAISSANCE,AG025,Cotonou,2025-04-17,TCHIBOZO,Mariam Espérance,1999-02-22,F,1202,TOSSOU Carine,0134615281
ENR-000995,CC-004004,CARTE_CONSULAIRE,AG029,Bohicon,2025-04-17,IDRISSOU,Comlan,1990-06-25,M,0701,AKPOVI Carine,0157154133
ENR-000996,CC-000064,CARTE_CONSULAIRE,AG029,Bohicon,2025-04-18,NOUATIN,Mahougnon,1970-03-27,M,0902,HOUNKPATIN Carine,0180465873
ENR-000997,AN-000529,ACTE_NAISSANCE,AG019,Djougou,2025-04-18,VODOUNON,Espérance,1953-12-30,F,1005,ZANNOU Rosine,0102328217
ENR-000998,AN-001006,ACTE_NAISSANCE,AG021,Ouidah,2025-04-18,MENSAH,Rosine Espérance,2019-08-09,F,0205,AGOSSOU Judith,0193167627
ENR-000999,AN-001799,ACTE_NAISSANCE,AG033,Ouidah,2025-04-18,TOGBE,Bernice,2009-08-28,F,0406,TCHIBOZO Salamatou,0145371657
ENR-001000,PP-001876,PASSEPORT,AG006,Natitingou,2025-04-18,ZINSOU,Chimène,2018-02-07,F,1009,BONI Bernice,0157167556
ENR-001001,AN-002730,ACTE_NAISSANCE,AG018,Natitingou,2025-04-18,FASSINOU,Comlan,2022-04-01,M,0208,GLELE Rachidatou,0139646484
ENR-001002,PP-003256,PASSEPORT,AG031,Djougou,2025-04-18,SOULEY,Aïcha,1998-07-29,F,0506,GBAGUIDI Flore,0153120116
ENR-001003,CC-003258,CARTE_CONSULAIRE,AG011,Dassa-Zoumè,2025-04-18,TCHIBOZO,Koffi Ibrahim,2003-05-25,M,0406,AHOUANSOU Sènami,0182730734
ENR-001004,CC-004458,CARTE_CONSULAIRE,AG021,Ouidah,2025-04-18,vodounon,Moussa,1999-05-20,M,0603,GLELE Rachidatou,0120285053
ENR-001005,AN-004835,ACTE_NAISSANCE,AG003,Porto-Novo,2025-04-18,LOKONON,Sèmèvo,1993-04-10,F,1103,IDRISSOU Gisèle,0193312974
ENR-001006,AN-004956,ACTE_NAISSANCE,AG026,Abomey-Calavi,2025-04-18,ADJOVI,Yves,2018-11-28,M,0606,HOUNKPATIN Flore,0147384489
ENR-001007,AN-001285,ACTE_NAISSANCE,AG038,Abomey-Calavi,2025-04-19,MENSAH,Sènami Espérance,1969-12-12,F,0506,CHABI Aïcha,0180753308
ENR-001008,AN-002871,ACTE_NAISSANCE,AG005,Bohicon,2025-04-19,AGOSSOU,Ibrahim,1997-12-13,M,0606,TOGBE Sènami,0179016447
ENR-001009,AN-003148,ACTE_NAISSANCE,AG015,Porto-Novo,2025-04-19,SOSSOU,Gildas,1994-10-25,M,0606,AGOSSOU Aïcha,0123070475
ENR-001010,CC-004908,CARTE_CONSULAIRE,AG012,Aplahoué,2025-04-19,ASSOGBA,Fabrice Mahougnon,1998-03-27,M,0207,ADANDE Judith,0116749929
ENR-001011,AN-000158,ACTE_NAISSANCE,AG008,Lokossa,2025-04-20,BONI,Espérance,1976-10-05,F,0401,AHOUANSOU Salamatou,
ENR-001012,AN-001124,ACTE_NAISSANCE,AG026,Abomey-Calavi,2025-04-20,TOSSOU,Justin Bienvenu,2000-07-07,M,1104,QUENUM Carine,0136268632
ENR-001013,AN-001219,ACTE_NAISSANCE,AG018,Natitingou,2025-04-20,DOSSOU,Fabrice Yves,2007-12-13,M,0408,AHOYO Rosine,0170536052
ENR-001014,AN-001706,ACTE_NAISSANCE,AG020,Lokossa,2025-04-20,KPADONOU,Espérance,1975-09-03,F,0101,CHABI Mariam,0120938284
ENR-001015,CC-002406,CARTE_CONSULAIRE,AG012,Aplahoué,2025-04-20,ZINSOU,Koffi,1986-05-12,M,1104,OSSENI Chimène,0182027923
ENR-001016,AN-003391,ACTE_NAISSANCE,AG016,Parakou,2025-04-20,LOKONON,Nadège,2015-10-05,F,1006,AHOUANSOU Bernice,0168172242
ENR-001017,AN-000515,ACTE_NAISSANCE,AG031,Djougou,2025-04-21,OSSENI,Ghislain,1963-07-25,M,0105,AHOYO Sènami,0133933498
ENR-001018,AN-001430,ACTE_NAISSANCE,AG032,Lokossa,2025-04-21,TCHIBOZO,Rachid,2010-02-11,M,0406,TOGBE Chimène,
ENR-001019,AN-001928,ACTE_NAISSANCE,AG032,Lokossa,2025-04-21,AGBODJAN,Salamatou Flore,1994-07-20,F,0903,ZINSOU Bernice,0149879879
ENR-001020,AN-002860,ACTE_NAISSANCE,AG021,Ouidah,2025-04-21,ZINSOU,Judith,1992-07-02,F,0209,AKPOVI Sèmèvo,0120076953
ENR-001021,AN-002993,ACTE_NAISSANCE,AG024,Aplahoué,2025-04-21,DANSOU,Salamatou Nadège,1990-01-08,F,0303,AGOSSOU Judith,0118293480
ENR-001022,PP-003181,PASSEPORT,AG005,Bohicon,2025-04-21,KIKI,Sènami,1987-02-09,F,1008,KOUKPAKI Sylvie,0160539084
ENR-001023,AN-000371,ACTE_NAISSANCE,AG006,Natitingou,2025-04-22,bio,Aïcha,1978-12-11,F,1207,TOGBE Judith,0193909486
ENR-001024,AN-001428,ACTE_NAISSANCE,AG019,Djougou,2025-04-22,YAROU,Arnaud Gildas,1989-11-09,M,1201,NOUATIN Mariam,0197291688
ENR-001025,CC-001830,CARTE_CONSULAIRE,AG014,Abomey-Calavi,2025-04-22,KIKI,Carine Rachidatou,2020-05-28,F,0207,TOGBE Ayaba,0197521420
ENR-001026,CC-002002,CARTE_CONSULAIRE,AG020,Lokossa,2025-04-22,ADANDE,Estelle,1967-12-15,F,0602,LOKONON Chimène,
ENR-001027,CC-002475,CARTE_CONSULAIRE,AG037,Cotonou,2025-04-22,KIKI,Aïcha Sèmèvo,2004-07-07,F,1203,ZINSOU Flore,0124785078
ENR-001028,AN-002942,ACTE_NAISSANCE,AG019,Djougou,2025-04-22,NOUATIN,  Espérance   Bernice ,2007-07-02,F,0702,CHABI Judith,0126581235
ENR-001029,AN-003329,ACTE_NAISSANCE,AG005,Bohicon,2025-04-22,ZINSOU,Rachidatou,1998-04-08,F,0301,BONI Estelle,0171569426
ENR-001030,PP-003988,PASSEPORT,AG014,Abomey-Calavi,2025-04-22,ADJOVI,Sèmèvo,1967-01-17,F,0506,ZINSOU Fatoumata,0143465730
ENR-001031,AN-000621,ACTE_NAISSANCE,AG014,Abomey-Calavi,2025-04-23,HOUNGBO,Serge,1961-08-05,M,0904,LOKONON Carine,
ENR-001032,AN-001038,ACTE_NAISSANCE,AG028,Parakou,2025-04-23,VODOUNON,Nadège Sènami,2005-10-19,F,0601,DOSSOU Mariam,
ENR-001033,AN-001590,ACTE_NAISSANCE,AG025,Cotonou,2025-04-23,IDRISSOU,Ayaba Flore,1951-03-10,F,0702,CODJIA Nadège,0133277846
ENR-001034,AN-001847,ACTE_NAISSANCE,AG023,Dassa-Zoumè,2025-04-23,GBAGUIDI,Koffi Fabrice,1961-07-03,M,0505,KPADONOU Gisèle,0100781060
ENR-001035,AN-001933,ACTE_NAISSANCE,AG015,Porto-Novo,2025-04-23,GLELE,Gisèle Espérance,2016-08-31,F,0404,KOUKPAKI Prudence,0161531825
ENR-001036,AN-004849,ACTE_NAISSANCE,AG008,Lokossa,2025-04-23,KOUKPAKI,Comlan Codjo,1990-03-31,M,0103,HOUESSOU Sèmèvo,0102199056
ENR-001037,AN-000600,ACTE_NAISSANCE,AG021,Ouidah,2025-04-24,AHOUANSOU,Romaric,2009-10-03,M,0305,CODJIA Espérance,0105951434
ENR-001038,AN-001999,ACTE_NAISSANCE,AG018,Natitingou,2025-04-24,QUENUM,Codjo,1993-10-16,M,0404,BIO Mariam,0111527929
ENR-001039,AN-003153,ACTE_NAISSANCE,AG036,Aplahoué,2025-04-24,CODJIA,Brice,1992-06-28,M,0305,AMOUSSOU Judith,0110574406
ENR-001040,AN-003442,ACTE_NAISSANCE,AG003,Porto-Novo,2025-04-24,zinsou,Nadège,1985-07-03,F,1209,AMOUSSOU Carine,0135482403
ENR-001041,AN-004121,ACTE_NAISSANCE,AG031,Djougou,2025-04-24,ADANDE,Sylvie,1973-11-04,F,0103,KOUKPAKI Flore,0195947414
ENR-001042,AN-004377,ACTE_NAISSANCE,AG006,Natitingou,2025-04-24,CHABI,Salamatou,1994-04-15,F,0503,ASSOGBA Gisèle,0194666494
ENR-001043,AN-004400,ACTE_NAISSANCE,AG033,Ouidah,2025-04-24,TOSSOU,Salamatou,1957-08-02,F,1002,BIO Rachidatou,0140255814
ENR-001044,AN-004470,ACTE_NAISSANCE,AG017,Bohicon,2025-04-24,AGBODJAN,Judith,1970-09-19,F,1205,LOKONON Sylvie,0130433001
ENR-001045,AN-004625,ACTE_NAISSANCE,AG008,Lokossa,2025-04-24,AGOSSOU,Salamatou Sylvie,1999-04-21,F,0403,GLELE Judith,0147682874
ENR-001046,PP-004982,PASSEPORT,AG005,Bohicon,2025-04-24,KIKI,Ibrahim,1965-09-19,M,1104,AKPOVI Rosine,0118140437
ENR-001047,AN-001000,ACTE_NAISSANCE,AG021,Ouidah,2025-04-25,CHABI,Estelle,1998-01-01,F,0505,BONI Prudence,0130477094
ENR-001048,AN-001021,ACTE_NAISSANCE,AG018,Natitingou,2025-04-25,CODJIA,  Gisèle ,1979-11-22,F,0605,GBAGUIDI Rosine,0173892517
ENR-001049,CC-001088,CARTE_CONSULAIRE,AG023,Dassa-Zoumè,2025-04-25,VODOUNON,Serge Justin,2019-11-21,M,0401,AKPOVI Gisèle,0114656151
ENR-001050,AN-001212,ACTE_NAISSANCE,AG032,Lokossa,2025-04-25,CODJIA,Gisèle Prudence,1979-12-31,F,0502,DOSSOU Prudence,0147540239
ENR-001051,AN-001233,ACTE_NAISSANCE,AG022,Kandi,2025-04-25,AHOUANSOU,Chimène,2004-08-07,F,0208,TOSSOU Carine,0150581549
ENR-001052,AN-003150,ACTE_NAISSANCE,AG031,Djougou,2025-04-25,SOSSOU,Sylvie,1968-10-22,F,0701,SOSSOU Espérance,0184481103
ENR-001053,AN-003417,ACTE_NAISSANCE,AG025,Cotonou,2025-04-25,TCHIBOZO,Mariam Rosine,1998-06-23,F,0504,OSSENI Prudence,01 96 52 32 62
ENR-001054,AN-003773,ACTE_NAISSANCE,AG018,Natitingou,2025-04-25,BIO,Fatoumata,2013-03-26,F,0203,HOUNKPATIN Flore,0113843274
ENR-001055,AN-004939,ACTE_NAISSANCE,AG031,Djougou,2025-04-25,OSSENI,Prudence Aïcha,2017-03-22,F,0505,CODJIA Sènami,0180756590
ENR-001056,AN-000385,ACTE_NAISSANCE,AG001,Cotonou,2025-04-26,TOSSOU,Carine Sènami,1986-05-06,F,0105,AKPOVI Mariam,
ENR-001057,AN-000710,ACTE_NAISSANCE,AG026,Abomey-Calavi,2025-04-26,HOUNGBO,Sènami,1971-08-30,F,1208,AGOSSOU Gisèle,0181782095
ENR-001058,AN-000785,ACTE_NAISSANCE,AG016,Parakou,2025-04-26,AGOSSOU,Bienvenu,1970-07-21,M,0104,LOKONON Estelle,0106720968
ENR-001059,AN-000916,ACTE_NAISSANCE,AG007,Djougou,2025-04-26,MENSAH,Arnaud Ghislain,1979-08-05,M,0904,TOGBE Sylvie,0196169446
ENR-001060,AN-002606,ACTE_NAISSANCE,AG014,Abomey-Calavi,2025-04-26,DOSSOU,Brice,1981-07-22,M,0606,NOUATIN Sèmèvo,
ENR-001061,AN-003648,ACTE_NAISSANCE,AG018,Natitingou,2025-04-26,CODJIA,Sèmèvo,1950-01-29,F,0401,LOKONON Flore,0108603897
ENR-001062,AN-004014,ACTE_NAISSANCE,AG024,Aplahoué,2025-04-26,KOUKPAKI,Justin,2008-06-05,M,0207,ADANDE Judith,0105978860
ENR-001063,PP-004191,PASSEPORT,AG015,Porto-Novo,2025-04-26,GLELE,Fabrice,1987-04-09,M,1009,AGOSSOU Bernice,0197425793
ENR-001064,CC-004541,CARTE_CONSULAIRE,AG006,Natitingou,2025-04-26,ALLADAYE,Sylvie Rosine,1953-09-04,F,0704,TOSSOU Sènami,0186700740
ENR-001065,AN-000042,ACTE_NAISSANCE,AG032,Lokossa,2025-04-27,TCHIBOZO,Romaric,1984-07-09,M,1008,HOUESSOU Sènami,0160872438
ENR-001066,PP-000441,PASSEPORT,AG039,Porto-Novo,2025-04-27,IDRISSOU,Rachid,1996-01-30,M,1204,VODOUNON Flore,
ENR-001067,PP-001432,PASSEPORT,AG018,Natitingou,2025-04-27,BONI,Koffi,1980-12-12,M,0305,KPADONOU Carine,0186592101
ENR-001068,AN-001442,ACTE_NAISSANCE,AG004,Parakou,2025-04-27,AGOSSOU,Codjo,1992-12-19,M,0406,AGBODJAN Estelle,0102830819
ENR-001069,AN-002679,ACTE_NAISSANCE,AG040,Parakou,2025-04-27,AHOUANSOU,Aïcha,1998-11-14,F,1008,ASSOGBA Salamatou,0133076226
ENR-001070,AN-003075,ACTE_NAISSANCE,AG020,Lokossa,2025-04-27,DANSOU,Codjo,2007-02-23,M,0905,QUENUM Chimène,
ENR-001071,AN-003129,ACTE_NAISSANCE,AG008,Lokossa,2025-04-27,DANSOU,Romaric,1991-01-31,M,0901,VODOUNON Salamatou,0161750442
ENR-001072,AN-001829,ACTE_NAISSANCE,AG020,Lokossa,2025-04-27,ADJOVI,Brice,1938-06-12,M,0904,SOSSOU Judith,0113240987
ENR-001073,AN-000109,ACTE_NAISSANCE,AG005,Bohicon,2025-04-28,ALLADAYE,Codjo,1984-11-17,M,0503,KOUKPAKI Fatoumata,0157539210
ENR-001074,AN-000129,ACTE_NAISSANCE,AG015,Porto-Novo,2025-04-28,TOSSOU,Sènami Salamatou,1958-03-11,F,1003,YAROU Aïcha,0148344744
ENR-001075,AN-000333,ACTE_NAISSANCE,AG019,Djougou,2025-04-28,AKPOVI,Carine,1999-05-13,F,0402,DOSSOU Prudence,0146225256
ENR-001076,CC-001019,CARTE_CONSULAIRE,AG011,Dassa-Zoumè,2025-04-28,AGBODJAN,Chimène,2008-05-04,F,0506,YAROU Nadège,0174039158
ENR-001077,AN-001235,ACTE_NAISSANCE,AG020,Lokossa,2025-04-28,AKPOVI,Espérance,2019-06-19,F,0306,GBAGUIDI Prudence,0174751979
ENR-001078,AN-001533,ACTE_NAISSANCE,AG020,Lokossa,2025-04-28,ADJOVI,Brice Mahougnon,1974-12-23,M,0902,QUENUM Espérance,+229 0197141526
ENR-001079,AN-001756,ACTE_NAISSANCE,AG004,Parakou,2025-04-28,SOSSOU,Comlan,1988-10-14,M,0405,KIKI Sèmèvo,0159880070
ENR-001080,AN-002292,ACTE_NAISSANCE,AG013,Cotonou,2025-04-28,GBAGUIDI,Ayaba,1977-04-01,F,1009,ADJOVI Espérance,0129913424
ENR-001081,CC-002677,CARTE_CONSULAIRE,AG014,Abomey-Calavi,2025-04-28,AGOSSOU,Flore,2010-12-30,F,0408,GBAGUIDI Sèmèvo,0106595116
ENR-001082,AN-003149,ACTE_NAISSANCE,AG038,Abomey-Calavi,2025-04-28,AHOYO,Rodrigue,1992-11-30,M,0506,AHOYO Sylvie,0116097757
ENR-001083,AN-003666,ACTE_NAISSANCE,AG033,Ouidah,2025-04-28,TOGBE,Koffi,1969-03-15,M,0306,SAGBO Flore,0133032171
ENR-001084,AN-004540,ACTE_NAISSANCE,AG039,Porto-Novo,2025-04-28,KOUKPAKI,Prudence Sènami,2005-02-16,F,0101,GBAGUIDI Mariam,582191872
ENR-001085,AN-000166,ACTE_NAISSANCE,AG025,Cotonou,2025-04-29,AHOYO,Gisèle,1987-07-05,F,0404,SOULEY Espérance,0113249656
ENR-001086,AN-000624,ACTE_NAISSANCE,AG001,Cotonou,2025-04-29,KIKI,Estelle Fatoumata,1976-01-28,F,0406,TCHIBOZO Flore,013745997160
ENR-001087,AN-000677,ACTE_NAISSANCE,AG009,Ouidah,2025-04-29,NOUATIN,Salamatou,2006-01-17,F,0303,ADANDE Salamatou,0113615722
ENR-001088,PP-000714,PASSEPORT,AG036,Aplahoué,2025-04-29,AMOUSSOU,Rosine,2006-09-10,F,1001,DOSSOU Sylvie,0121172451
ENR-001089,AN-001017,ACTE_NAISSANCE,AG016,Parakou,2025-04-29,DOSSOU,Judith Mariam,2019-08-25,F,0403,KPADONOU Chimène,0185568674
ENR-001090,AN-001390,ACTE_NAISSANCE,AG021,Ouidah,2025-04-29,HOUESSOU,Rachidatou,1991-04-19,F,1101,BONI Estelle,0141650783
ENR-001091,CC-002251,CARTE_CONSULAIRE,AG004,Parakou,2025-04-29,CODJIA,Salamatou,1989-09-16,F,0903,KIKI Sèmèvo,
ENR-001092,AN-002402,ACTE_NAISSANCE,AG010,Kandi,2025-04-29,AKPOVI,Ghislain Fidèle,2004-12-26,M,0206,AHOUANSOU Carine,0184752176
ENR-001093,CC-002484,CARTE_CONSULAIRE,AG002,Abomey-Calavi,2025-04-29,MENSAH,Sylvie,2013-06-09,F,0904,AMOUSSOU Nadège,0164247962
ENR-001094,AN-003295,ACTE_NAISSANCE,AG003,Porto-Novo,2025-04-29,GBAGUIDI,Flore,2008-01-22,F,0405,SAGBO Ayaba,0194068904
ENR-001095,AN-003312,ACTE_NAISSANCE,AG018,Natitingou,2025-04-29,SOULEY,Gisèle Carine,1943-12-20,F,1002,BONI Sylvie,0142344462
ENR-001096,AN-003506,ACTE_NAISSANCE,AG022,Kandi,2025-04-29,CHABI,Rachidatou,2007-09-15,F,0104,QUENUM Rachidatou,
ENR-001097,PP-000557,PASSEPORT,AG021,Ouidah,2025-04-30,QUENUM,Ulrich Rachid,1991-11-06,M,0504,TOSSOU Salamatou,0153972021
ENR-001098,AN-000587,ACTE_NAISSANCE,AG022,Kandi,2025-04-30,DOSSOU,Sènami,2000-09-07,F,0503,HOUNSOU Rosine,0145746975
ENR-001099,AN-000772,ACTE_NAISSANCE,AG001,Cotonou,2025-04-30,CODJIA,Sènami Gisèle,1992-10-05,F,1005,AHOUANSOU Espérance,0180656112
ENR-001100,AN-001290,ACTE_NAISSANCE,AG013,Cotonou,2025-04-30,HOUNKPATIN,Fatoumata,2006-03-18,F,0906,KIKI Sèmèvo,0104385279
ENR-001101,AN-002544,ACTE_NAISSANCE,AG018,Natitingou,2025-04-30,LOKONON,Gildas Ulrich,1995-12-27,M,0406,AMOUSSOU Aïcha,0179738218
ENR-001102,AN-002568,ACTE_NAISSANCE,AG012,Aplahoué,2025-04-30,ZANNOU,Prudence,1978-06-26,F,1007,GBAGUIDI Sylvie,0173438499
ENR-001103,AN-002805,ACTE_NAISSANCE,AG025,Cotonou,2025-04-30,HOUESSOU,Salamatou Flore,1974-07-11,F,0105,AMOUSSOU Nadège,
ENR-001104,CC-002828,CARTE_CONSULAIRE,AG020,Lokossa,2025-04-30,CHABI,Ayaba,1987-09-11,F,0106,HOUNSOU Prudence,0177423632
ENR-001105,AN-003243,ACTE_NAISSANCE,AG035,Dassa-Zoumè,2025-04-30,KPADONOU,Serge,1966-07-01,M,0307,CODJIA Estelle,0102788574
ENR-001106,AN-004043,ACTE_NAISSANCE,AG027,Porto-Novo,2025-04-30,DOSSOU,Brice,2011-07-26,M,0106,KOUKPAKI Nadège,0120918894
ENR-001107,AN-004070,ACTE_NAISSANCE,AG017,Bohicon,2025-04-30,ALLADAYE,Bernice,1978-01-16,F,0208,TOGBE Judith,0122538168
ENR-001108,AN-004094,ACTE_NAISSANCE,AG025,Cotonou,2025-04-30,AGOSSOU,Rosine,1954-04-23,F,0303,ZINSOU Nadège,
ENR-001109,AN-004520,ACTE_NAISSANCE,AG008,Lokossa,2025-04-30,BONI,Bernice,1976-08-15,F,0505,HOUNSOU Chimène,0143014021
ENR-001110,AN-000093,ACTE_NAISSANCE,AG008,Lokossa,2025-05-01,KPADONOU,Ulrich,2011-08-06,M,1209,ZINSOU Chimène,0134190823
ENR-001111,CC-000179,CARTE_CONSULAIRE,AG033,Ouidah,2025-05-01,BIO,Brice,1990-06-15,M,1205,CHABI Estelle,0168188120
ENR-001112,AN-000657,ACTE_NAISSANCE,AG004,Parakou,2025-05-01,QUENUM,Espérance Rosine,2018-04-17,F,0702,HOUESSOU Sèmèvo,
ENR-001113,AN-000883,ACTE_NAISSANCE,AG016,Parakou,2025-05-01,OSSENI,Comlan,2013-05-24,M,0307,YAROU Sèmèvo,0105872558
ENR-001114,AN-001129,ACTE_NAISSANCE,AG028,Parakou,2025-05-01,CODJIA,Fidèle Gildas,1956-10-07,M,0401,LOKONON Flore,
ENR-001115,AN-002316,ACTE_NAISSANCE,AG030,Natitingou,2025-05-01,ADJOVI,Estelle Salamatou,2004-03-24,F,0302,GLELE Bernice,0181928007
ENR-001116,AN-002620,ACTE_NAISSANCE,AG008,Lokossa,2025-05-01,FASSINOU,Fidèle,2003-07-13,M,1201,LOKONON Sènami,
ENR-001117,AN-003937,ACTE_NAISSANCE,AG005,Bohicon,2025-05-01,SOSSOU,Estelle,2004-11-29,F,0207,SOULEY Sèmèvo,0155131023
ENR-001118,AN-004741,ACTE_NAISSANCE,AG008,Lokossa,2025-05-01,MENSAH,Gildas Koffi,1989-04-25,M,0206,OSSENI Sèmèvo,0178962869
ENR-001119,AN-001106,ACTE_NAISSANCE,AG008,Lokossa,2025-05-01,OSSENI,Sènami,2004-02-09,F,0305,NOUATIN Gisèle,0126569681
ENR-001120,AN-000263,ACTE_NAISSANCE,AG030,Natitingou,2025-05-02,CHABI,Rodrigue,1999-07-16,M,0704,ALLADAYE Espérance,0192112591
ENR-001121,AN-000543,ACTE_NAISSANCE,AG012,Aplahoué,2025-05-02,SAGBO,Ghislain,1980-06-03,M,0504,ASSOGBA Ayaba,0150018056
ENR-001122,CC-000921,CARTE_CONSULAIRE,AG026,Abomey-Calavi,2025-05-02,FASSINOU,Fatoumata,1967-10-10,F,0606,BONI Salamatou,0189606068
ENR-001123,AN-000941,ACTE_NAISSANCE,AG019,Djougou,2025-05-02,AMOUSSOU,Carine Aicha,2022-04-26,F,0906,TOSSOU Estelle,0107651513
ENR-001124,AN-001696,ACTE_NAISSANCE,AG019,Djougou,2025-05-02,HOUNGBO,Yves,1989-06-08,M,1002,DANSOU Judith,0109331651
ENR-001125,AN-002412,ACTE_NAISSANCE,AG017,Bohicon,2025-05-02,ZINSOU,Moussa,2006-10-07,M,0701,HOUNKPATIN Judith,0144662461
ENR-001126,AN-002662,ACTE_NAISSANCE,AG004,Parakou,2025-05-02,HOUESSOU,Codjo Comlan,1963-12-10,M,1103,IDRISSOU Gisèle,0118463361
ENR-001127,AN-003292,ACTE_NAISSANCE,AG036,Aplahoué,2025-05-02,FASSINOU,Carine Salamatou,1990-11-18,F,1001,ASSOGBA Rachidatou,0132672748
ENR-001128,AN-004717,ACTE_NAISSANCE,AG038,Abomey-Calavi,2025-05-02,VODOUNON,Rodrigue,1985-11-06,M,0503,CHABI Estelle,
ENR-001129,AN-000309,ACTE_NAISSANCE,AG025,Cotonou,2025-05-03,SOULEY,Ayaba,1972-11-05,F,0307,FASSINOU Bernice,0130220874
ENR-001130,CC-000829,CARTE_CONSULAIRE,AG005,Bohicon,2025-05-03,BIO,Fidèle,2016-01-08,M,1002,YAROU Salamatou,0130086552
ENR-001131,AN-001538,ACTE_NAISSANCE,AG027,Porto-Novo,2025-05-03,SOULEY,Romaric Brice,2007-06-20,M,1104,TOGBE Gisèle,0164057529
ENR-001132,PP-001668,PASSEPORT,AG010,Kandi,2025-05-03,ADANDE,Espérance,2001-01-21,F,0402,KPADONOU Judith,0158515380
ENR-001133,PP-001803,PASSEPORT,AG018,Natitingou,2025-05-03,SOULEY,Comlan,1965-05-01,M,0405,SOSSOU Prudence,0142863067
ENR-001134,AN-002382,ACTE_NAISSANCE,AG007,Djougou,2025-05-03,OSSENI,Judith,1997-04-30,F,0402,OSSENI Chimène,
ENR-001135,PP-002487,PASSEPORT,AG039,Porto-Novo,2025-05-03,KIKI,Carine Rachidatou,2013-10-13,F,1008,TOSSOU Nadège,0115017583
ENR-001136,CC-002789,CARTE_CONSULAIRE,AG027,Porto-Novo,2025-05-03,VODOUNON,Gildas Fabrice,1969-01-16,M,1105,ZANNOU Espérance,0173894589
ENR-001137,AN-002977,ACTE_NAISSANCE,AG007,Djougou,2025-05-03,ZINSOU,Prudence,2010-01-12,F,1202,FASSINOU Sèmèvo,0173097815
ENR-001138,AN-003410,ACTE_NAISSANCE,AG018,Natitingou,2025-05-03,TOSSOU,Salamatou,2002-01-31,F,0405,DANSOU Carine,0199931620
ENR-001139,CC-003576,CARTE_CONSULAIRE,AG019,Djougou,2025-05-03,SAGBO,Ayaba,1974-05-04,F,0403,SAGBO Rosine,0195369564
ENR-001140,AN-003858,ACTE_NAISSANCE,AG036,Aplahoué,2025-05-03,DANSOU,Sènami,1992-05-26,F,0406,GBAGUIDI Salamatou,0111133332
ENR-001141,AN-004202,ACTE_NAISSANCE,AG029,Bohicon,2025-05-03,TOGBE,Salamatou,2010-08-17,F,0801,TCHIBOZO Judith,0170259605
ENR-001142,PP-004875,PASSEPORT,AG006,Natitingou,2025-05-03,AMOUSSOU,Rosine,2017-07-07,F,0102,TOGBE Rosine,
ENR-001143,AN-002093,ACTE_NAISSANCE,AG032,Lokossa,2025-05-03,AHOUANSOU,Chimène,1964-08-23,F,0103,IDRISSOU Flore,0119468895
ENR-001144,AN-000007,ACTE_NAISSANCE,AG021,Ouidah,2025-05-04,ADANDE,Romaric Gildas,1982-08-09,M,0703,TOSSOU Sènami,0197283792
ENR-001145,AN-000302,ACTE_NAISSANCE,AG019,Djougou,2025-05-04,ZANNOU,Espérance Fatoumata,1944-01-27,F,0202,OSSENI Salamatou,
ENR-001146,AN-000574,ACTE_NAISSANCE,AG035,Dassa-Zoumè,2025-05-04,ZANNOU,Sèmèvo,1969-06-08,F,0906,AMOUSSOU Flore,0179998934
ENR-001147,AN-000581,ACTE_NAISSANCE,AG039,Porto-Novo,2025-05-04,QUENUM,Brice,1980-04-22,M,0605,AMOUSSOU Ayaba,0159478755
ENR-001148,AN-001205,ACTE_NAISSANCE,AG006,Natitingou,2025-05-04,HOUESSOU,Bienvenu,1993-12-05,M,1103,SAGBO Sylvie,0145190557
ENR-001149,AN-001401,ACTE_NAISSANCE,AG017,Bohicon,2025-05-04,CODJIA,Rachidatou,1986-03-31,F,1102,SAGBO Judith,
ENR-001150,AN-001753,ACTE_NAISSANCE,AG001,Cotonou,2025-05-04,ASSOGBA,Romaric,1993-08-12,M,0205,SOSSOU Rosine,0158965114
ENR-001151,AN-002036,ACTE_NAISSANCE,AG013,Cotonou,2025-05-04,OSSENI,Arnaud,1948-08-16,M,1103,BIO Prudence,0185824373
ENR-001152,AN-003156,ACTE_NAISSANCE,AG007,Djougou,2025-05-04,HOUESSOU,Sèmèvo,1988-09-13,F,0902,CODJIA Estelle,0194091802
ENR-001153,AN-004289,ACTE_NAISSANCE,AG007,Djougou,2025-05-04,QUENUM,Fatoumata,1991-03-26,F,0906,FASSINOU Rachidatou,0189472389
ENR-001154,AN-004466,ACTE_NAISSANCE,AG023,Dassa-Zoumè,2025-05-04,HOUNGBO,Ayaba,1991-10-08,F,0302,TOGBE Flore,0189508580
ENR-001155,AN-004952,ACTE_NAISSANCE,AG019,Djougou,2025-05-04,AGBODJAN,Brice,1965-10-10,M,1101,ALLADAYE Prudence,0156567192
ENR-001156,AN-000433,ACTE_NAISSANCE,AG028,Parakou,2025-05-05,AHOYO,Mariam Sèmèvo,1988-06-19,F,0408,VODOUNON Aïcha,0142722234
ENR-001157,AN-000522,ACTE_NAISSANCE,AG016,Parakou,2025-05-05,AGBODJAN,Ayaba Flore,1973-02-09,F,1103,BONI Espérance,0154634954
ENR-001158,AN-000569,ACTE_NAISSANCE,AG019,Djougou,2025-05-05,ADJOVI,Yves,2008-12-19,M,0205,ZANNOU Chimène,0174208618
ENR-001159,AN-000670,ACTE_NAISSANCE,AG034,Kandi,2025-05-05,HOUNSOU,Fabrice,1958-12-05,M,0604,KPADONOU Ayaba,0107071880
ENR-001160,AN-000766,ACTE_NAISSANCE,AG003,Porto-Novo,2025-05-05,AHOYO,Serge,1945-07-28,M,1209,TOGBE Rosine,0135527320
ENR-001161,PP-001004,PASSEPORT,AG016,Parakou,2025-05-05,ZANNOU,Rachidatou,1953-04-11,F,0605,LOKONON Rosine,0152854673
ENR-001162,AN-001188,ACTE_NAISSANCE,AG023,Dassa-Zoumè,2025-05-05,YAROU,Ulrich Justin,2014-01-02,M,0502,IDRISSOU Fatoumata,0117731148
ENR-001163,AN-001919,ACTE_NAISSANCE,AG019,Djougou,2025-05-05,AHOYO,  Chimène ,2001-04-03,F,0101,ZINSOU Gisèle,0173711364
ENR-001164,AN-003898,ACTE_NAISSANCE,AG029,Bohicon,2025-05-05,GLELE,Flore Judith,1975-09-04,F,1205,CODJIA Sylvie,0103541900
ENR-001165,AN-003998,ACTE_NAISSANCE,AG038,Abomey-Calavi,2025-05-05,BONI,Mahougnon,1988-03-22,M,0402,GBAGUIDI Judith,0103572776
ENR-001166,AN-004495,ACTE_NAISSANCE,AG028,Parakou,2025-05-05,HOUESSOU,Moussa Fabrice,2003-05-23,M,0403,ASSOGBA Sènami,0111677476
ENR-001167,AN-000559,ACTE_NAISSANCE,AG038,Abomey-Calavi,2025-05-06,ZINSOU,Rodrigue,1993-10-24,M,1209,HOUNKPATIN Sènami,
ENR-001168,AN-001855,ACTE_NAISSANCE,AG040,Parakou,2025-05-06,KIKI,Comlan,1976-09-18,M,1208,ALLADAYE Aïcha,0174180437
ENR-001169,AN-002123,ACTE_NAISSANCE,AG040,Parakou,2025-05-06,QUENUM,Ulrich,1949-03-21,M,1208,FASSINOU Carine,0104031267
ENR-001170,PP-002416,PASSEPORT,AG030,Natitingou,2025-05-06,AHOYO,Fidèle,2002-02-03,M,0102,ADANDE Sylvie,0115214136
ENR-001171,AN-002980,ACTE_NAISSANCE,AG003,Porto-Novo,2025-05-06,GLELE,Romaric,1994-08-17,M,0407,ZANNOU Fatoumata,
ENR-001172,CC-003077,CARTE_CONSULAIRE,AG022,Kandi,2025-05-06,VODOUNON,Flore,1962-03-20,F,1105,ADANDE Flore,0121557960
ENR-001173,AN-003163,ACTE_NAISSANCE,AG009,Ouidah,2025-05-06,NOUATIN,Ibrahim Rachid,1999-10-28,M,0903,ADANDE Espérance,0169917674
ENR-001174,AN-003902,ACTE_NAISSANCE,AG026,Abomey-Calavi,2025-05-06,BIO,Sylvie,2016-03-04,F,0307,HOUESSOU Judith,0152877273
ENR-001175,AN-004381,ACTE_NAISSANCE,AG009,Ouidah,2025-05-06,KOUKPAKI,Espérance,1987-01-09,F,0703,YAROU Bernice,0134055620
ENR-001176,AN-000280,ACTE_NAISSANCE,AG007,Djougou,2025-05-07,SOULEY,Espérance,1991-07-19,F,0206,DANSOU Gisèle,0195860704
ENR-001177,AN-000734,ACTE_NAISSANCE,AG016,Parakou,2025-05-07,HOUNGBO,Fabrice Arnaud,1972-04-30,M,0207,CODJIA Sèmèvo,0121182239
ENR-001178,AN-001347,ACTE_NAISSANCE,AG005,Bohicon,2025-05-07,AGBODJAN,Chimène,1965-10-29,F,0505,GBAGUIDI Nadège,0197959692
ENR-001179,AN-001748,ACTE_NAISSANCE,AG016,Parakou,2025-05-07,AGOSSOU,Fidèle,1971-01-15,M,0306,SOULEY Aïcha,0152874473
ENR-001180,AN-002121,ACTE_NAISSANCE,AG001,Cotonou,2025-05-07,HOUNSOU,Sèmèvo Rachidatou,2007-10-11,F,0301,GLELE Chimène,0133252805
ENR-001181,AN-002160,ACTE_NAISSANCE,AG007,Djougou,2025-05-07,KOUKPAKI,Mahougnon,2014-05-28,M,1105,MENSAH Carine,0147064506
ENR-001182,AN-002722,ACTE_NAISSANCE,AG006,Natitingou,2025-05-07,SAGBO,Rodrigue,1948-07-14,M,1102,ASSOGBA Estelle,
ENR-001183,PP-002840,PASSEPORT,AG025,Cotonou,2025-05-07,VODOUNON,Sèmèvo,1974-09-05,F,1007,ASSOGBA Nadège,0128988674
ENR-001184,AN-003286,ACTE_NAISSANCE,AG030,Natitingou,2025-05-07,ZINSOU,Mahougnon Ibrahim,1996-08-14,M,1007,ADJOVI Judith,0104728143
ENR-001185,AN-004024,ACTE_NAISSANCE,AG024,Aplahoué,2025-05-07,FASSINOU,Judith,1994-05-20,F,0502,OSSENI Sylvie,0172145126
ENR-001186,PP-004363,PASSEPORT,AG018,Natitingou,2025-05-07,FASSINOU,Mahougnon Ulrich,2020-02-18,M,0903,HOUNKPATIN Aïcha,
ENR-001187,CC-004789,CARTE_CONSULAIRE,AG033,Ouidah,2025-05-07,ZANNOU,Flore Judith,1978-01-03,F,0602,BIO Mariam,0107515040
ENR-001188,AN-001321,ACTE_NAISSANCE,AG001,Cotonou,2025-05-08,ZINSOU,Rachidatou,1972-02-10,F,0904,FASSINOU Judith,
ENR-001189,AN-001826,ACTE_NAISSANCE,AG030,Natitingou,2025-05-08,KPADONOU,Ayaba,1988-10-29,F,0504,TCHIBOZO Bernice,0117244529
ENR-001190,AN-002065,ACTE_NAISSANCE,AG033,Ouidah,2025-05-08,NOUATIN,Mahougnon Rachid,2014-01-11,M,0405,KOUKPAKI Carine,0135171815
ENR-001191,AN-002367,ACTE_NAISSANCE,AG003,Porto-Novo,2025-05-08,DOSSOU,Sèmèvo Salamatou,2011-12-01,F,1105,BIO Rachidatou,0134941702
ENR-001192,AN-002486,ACTE_NAISSANCE,AG030,Natitingou,2025-05-08,HOUESSOU,Judith Ayaba,1999-12-23,F,0506,CHABI Fatoumata,0108495745
ENR-001193,AN-004900,ACTE_NAISSANCE,AG019,Djougou,2025-05-08,AHOYO,Aïcha Chimène,2018-04-01,F,0502,CHABI Sylvie,0160679039
ENR-001194,AN-001771,ACTE_NAISSANCE,AG017,Bohicon,2025-05-09,HOUESSOU,Arnaud Ghislain,2003-06-05,M,0103,IDRISSOU Aïcha,0188198161
ENR-001195,CC-001912,CARTE_CONSULAIRE,AG024,Aplahoué,2025-05-09,HOUNSOU,Ulrich,1995-09-13,M,0203,TCHIBOZO Judith,0191588393
ENR-001196,AN-003063,ACTE_NAISSANCE,AG006,Natitingou,2025-05-09,ADANDE,Romaric Bienvenu,2000-07-23,M,1003,AHOYO Mariam,0117769911
ENR-001197,PP-003190,PASSEPORT,AG006,Natitingou,2025-05-09,KOUKPAKI,Carine,1999-02-13,F,1002,ASSOGBA Sylvie,0157495469
ENR-001198,AN-003583,ACTE_NAISSANCE,AG004,Parakou,2025-05-09,MENSAH,Arnaud Fidele,2005-10-30,M,0506,VODOUNON Rosine,0116673255
ENR-001199,CC-003759,CARTE_CONSULAIRE,AG011,Dassa-Zoumè,2025-05-09,AHOUANSOU,Gildas,1985-02-07,M,0305,KIKI Salamatou,
ENR-001200,AN-004215,ACTE_NAISSANCE,AG032,Lokossa,2025-05-09,HOUESSOU,Ibrahim Fidèle,1985-09-28,M,0801,AMOUSSOU Sylvie,+229 0171317261
ENR-001201,CC-004714,CARTE_CONSULAIRE,AG024,Aplahoué,2025-05-09,SOULEY,Codjo Gildas,1964-08-01,M,0701,KPADONOU Gisèle,0177992290
ENR-001202,AN-002631,ACTE_NAISSANCE,AG020,Lokossa,2025-05-10,ZANNOU,Nadège,1983-05-12,F,1202,LOKONON Judith,0162433531
ENR-001203,CC-003790,CARTE_CONSULAIRE,AG003,Porto-Novo,2025-05-10,HOUESSOU,Bienvenu Justin,1972-01-26,M,0702,SOSSOU Sèmèvo,0155462179
ENR-001204,AN-004077,ACTE_NAISSANCE,AG017,Bohicon,2025-05-10,ADANDE,Prudence,1995-01-17,F,0306,HOUNSOU Ayaba,0146020833
ENR-001205,AN-004212,ACTE_NAISSANCE,AG013,Cotonou,2025-05-10,YAROU,Bernice,1980-07-08,F,0801,AHOUANSOU Estelle,0105481074
ENR-001206,AN-004503,ACTE_NAISSANCE,AG006,Natitingou,2025-05-10,ALLADAYE,Espérance,1953-12-10,F,0102,CODJIA Prudence,0170243923
ENR-001207,AN-004925,ACTE_NAISSANCE,AG029,Bohicon,2025-05-10,KOUKPAKI,Mahougnon,1995-09-16,M,1208,SOSSOU Bernice,0134171933
ENR-001208,PP-000148,PASSEPORT,AG015,Porto-Novo,2025-05-11,AHOYO,Fidèle Arnaud,2007-06-20,M,0104,VODOUNON Chimène,0119760434
ENR-001209,PP-000161,PASSEPORT,AG034,Kandi,2025-05-11,AGBODJAN,Chimène Flore,2016-12-15,F,0506,NOUATIN Judith,
ENR-001210,CC-000339,CARTE_CONSULAIRE,AG026,Abomey-Calavi,2025-05-11,BONI,Judith,1948-07-22,F,1103,CODJIA Mariam,0181016601
ENR-001211,AN-000760,ACTE_NAISSANCE,AG037,Cotonou,2025-05-11,ZANNOU,Rachidatou Aïcha,1984-11-28,F,1207,FASSINOU Aïcha,0185379821
ENR-001212,AN-000789,ACTE_NAISSANCE,AG030,Natitingou,2025-05-11,ZINSOU,Rodrigue,1978-12-23,M,1201,SAGBO Espérance,0103271450
ENR-001213,AN-000931,ACTE_NAISSANCE,AG022,Kandi,2025-05-11,YAROU,Moussa,2006-04-26,M,1208,AMOUSSOU Gisèle,0148111783
ENR-001214,AN-001256,ACTE_NAISSANCE,AG009,Ouidah,2025-05-11,OSSENI,Fabrice,2005-09-08,M,0308,SOULEY Bernice,0179297514
ENR-001215,PP-001761,PASSEPORT,AG019,Djougou,2025-05-11,QUENUM,Rosine Prudence,1975-06-22,F,0702,MENSAH Prudence,0148772770
ENR-001216,AN-003218,ACTE_NAISSANCE,AG015,Porto-Novo,2025-05-11,TOGBE,Koffi,2003-10-31,M,0703,YAROU Sylvie,0169011225
ENR-001217,AN-004250,ACTE_NAISSANCE,AG004,Parakou,2025-05-11,VODOUNON,Ulrich,1982-09-06,M,0401,ALLADAYE Flore,0183653461
ENR-001218,PP-000401,PASSEPORT,AG018,Natitingou,2025-05-12,ADANDE,Serge,1965-02-19,M,0305,CHABI Sylvie,0163932077
ENR-001219,AN-001118,ACTE_NAISSANCE,AG013,Cotonou,2025-05-12,GBAGUIDI,Rosine,1998-09-15,F,0203,KOUKPAKI Rosine,0140880436
ENR-001220,PP-001356,PASSEPORT,AG014,Abomey-Calavi,2025-05-12,VODOUNON,Sènami,1967-09-06,F,0303,HOUESSOU Judith,0109040720
ENR-001221,AN-001467,ACTE_NAISSANCE,AG023,Dassa-Zoumè,2025-05-12,HOUNSOU,Sènami,1987-01-06,F,0204,HOUNGBO Judith,0149933156
ENR-001222,AN-001654,ACTE_NAISSANCE,AG033,Ouidah,2025-05-12,HOUNKPATIN,Bernice Carine,2003-02-04,F,0106,KIKI Judith,0109933786
ENR-001223,AN-002163,ACTE_NAISSANCE,AG012,Aplahoué,2025-05-12,AGOSSOU,Comlan,1988-03-01,M,0304,DANSOU Salamatou,0127489469
ENR-001224,PP-002392,PASSEPORT,AG036,Aplahoué,2025-05-12,FASSINOU,Judith,1991-12-22,F,1209,DANSOU Nadège,
ENR-001225,CC-003499,CARTE_CONSULAIRE,AG029,Bohicon,2025-05-12,IDRISSOU,Gisele Rosine,1994-01-23,F,0506,BONI Fatoumata,0118382759
ENR-001226,AN-003539,ACTE_NAISSANCE,AG031,Djougou,2025-05-12,AGOSSOU,Flore Estelle,1988-08-14,F,1006,SOULEY Aïcha,0111452235
ENR-001227,AN-003666,ACTE_NAISSANCE,AG006,Natitingou,2025-05-12,TOGBE,Koffi,1969-03-15,M,0306,SAGBO Flore,0133032171
ENR-001228,AN-000219,ACTE_NAISSANCE,AG015,Porto-Novo,2025-05-13,KIKI,Rachidatou,2000-10-17,F,0906,AMOUSSOU Sènami,0184538105
ENR-001229,AN-000231,ACTE_NAISSANCE,AG013,Cotonou,2025-05-13,TOSSOU,Judith,1966-04-28,F,1207,NOUATIN Nadège,0151776874
ENR-001230,AN-001208,ACTE_NAISSANCE,AG023,Dassa-Zoumè,2025-05-13,KIKI,Bernice,1980-11-04,F,1105,NOUATIN Sylvie,0117796726
ENR-001231,PP-001816,PASSEPORT,AG033,Ouidah,2025-05-13,TOGBE,Ghislain Fidèle,1948-04-07,M,0408,GBAGUIDI Mariam,
ENR-001232,AN-002712,ACTE_NAISSANCE,AG033,Ouidah,2025-05-13,SAGBO,Ghislain,1971-10-14,M,1005,GLELE Prudence,0188388499
ENR-001233,CC-003037,CARTE_CONSULAIRE,AG038,Abomey-Calavi,2025-05-13,IDRISSOU,Gildas,1981-02-26,M,0407,KPADONOU Bernice,0174578142
ENR-001234,AN-003647,ACTE_NAISSANCE,AG025,Cotonou,2025-05-13,DOSSOU,Fabrice,1998-06-11,M,0801,TOSSOU Bernice,0184766388
ENR-001235,AN-003738,ACTE_NAISSANCE,AG006,Natitingou,2025-05-13,TOGBE,Espérance,2004-09-07,F,0403,KOUKPAKI Sènami,0144799398
ENR-001236,AN-003782,ACTE_NAISSANCE,AG010,Kandi,2025-05-13,AGOSSOU,Yves Codjo,2012-11-27,M,0306,VODOUNON Judith,0177658673
ENR-001237,CC-004319,CARTE_CONSULAIRE,AG023,Dassa-Zoumè,2025-05-13,AKPOVI,Rachid,2015-06-30,M,0206,BIO Fatoumata,0148280315
ENR-001238,AN-004528,ACTE_NAISSANCE,AG024,Aplahoué,2025-05-13,ADANDE,Flore,2001-07-18,F,0206,CHABI Chimène,0195037533
ENR-001239,AN-004975,ACTE_NAISSANCE,AG015,Porto-Novo,2025-05-13,OSSENI,Salamatou,1977-03-19,F,0208,AMOUSSOU Sylvie,0158042534
ENR-001240,AN-001384,ACTE_NAISSANCE,AG015,Porto-Novo,2025-05-14,HOUNKPATIN,Yves,1996-07-04,M,0502,DOSSOU Flore,+2290147437673
ENR-001241,AN-002551,ACTE_NAISSANCE,AG003,Porto-Novo,2025-05-14,AMOUSSOU,Rachidatou,1966-01-26,F,0403,FASSINOU Ayaba,0125978892
ENR-001242,AN-003352,ACTE_NAISSANCE,AG024,Aplahoué,2025-05-14,FASSINOU,Comlan Yves,1991-08-30,M,0603,HOUNKPATIN Bernice,0154753412
ENR-001243,CC-003386,CARTE_CONSULAIRE,AG028,Parakou,2025-05-14,OSSENI,Moussa,1966-08-18,M,0506,HOUNKPATIN Estelle,0108132199
ENR-001244,AN-003754,ACTE_NAISSANCE,AG021,Ouidah,2025-05-14,FASSINOU,Espérance Sèmèvo,1962-07-14,F,0106,CHABI Sènami,0162971436
ENR-001245,AN-003862,ACTE_NAISSANCE,AG013,Cotonou,2025-05-14,YAROU,Fatoumata Rachidatou,1988-12-13,F,0106,AGBODJAN Estelle,0184713762
ENR-001246,CC-004615,CARTE_CONSULAIRE,AG017,Bohicon,2025-05-14,ALLADAYE,Ulrich,1969-06-20,M,1002,HOUNGBO Mariam,
ENR-001247,AN-004328,ACTE_NAISSANCE,AG011,Dassa-Zoumè,2025-05-14,QUENUM,Sèmèvo Flore,1982-10-18,F,0106,AKPOVI Rosine,0132009667
ENR-001248,CC-003165,CARTE_CONSULAIRE,AG028,Parakou,2025-05-14,HOUNGBO,Semevo,1954-11-03,F,0404,ZINSOU Fatoumata,
ENR-001249,CC-000154,CARTE_CONSULAIRE,AG027,Porto-Novo,2025-05-15,dansou,Rodrigue Bienvenu,1998-05-12,M,0201,GBAGUIDI Chimène,0161265249
ENR-001250,AN-000703,ACTE_NAISSANCE,AG038,Abomey-Calavi,2025-05-15,CHABI,Rachidatou,1980-12-19,F,1001,TOSSOU Nadège,0103057619
ENR-001251,CC-000712,CARTE_CONSULAIRE,AG034,Kandi,2025-05-15,ADJOVI,Fabrice,1957-04-06,M,1002,LOKONON Sèmèvo,0136379239
ENR-001252,AN-000778,ACTE_NAISSANCE,AG018,Natitingou,2025-05-15,HOUESSOU,Romaric,2007-12-25,M,0405,KPADONOU Judith,0125888243
ENR-001253,AN-000915,ACTE_NAISSANCE,AG021,Ouidah,2025-05-15,KPADONOU,Ibrahim,1987-06-19,M,0502,ADANDE Fatoumata,0100407660
ENR-001254,PP-001593,PASSEPORT,AG021,Ouidah,2025-05-15,KIKI,Chimène,2008-07-08,F,1005,ZANNOU Estelle,0124505382
ENR-001255,AN-001647,ACTE_NAISSANCE,AG021,Ouidah,2025-05-15,SOULEY,Rachidatou Mariam,1983-10-03,F,0503,ZINSOU Sènami,0184986109
ENR-001256,CC-001851,CARTE_CONSULAIRE,AG026,Abomey-Calavi,2025-05-15,ADJOVI,Arnaud Bienvenu,1953-03-31,M,1103,VODOUNON Ayaba,0192829482
ENR-001257,AN-002468,ACTE_NAISSANCE,AG017,Bohicon,2025-05-15,BIO,Bienvenu,1987-06-21,M,0403,AGOSSOU Mariam,0174631628
ENR-001258,AN-003196,ACTE_NAISSANCE,AG008,Lokossa,2025-05-15,KIKI,Arnaud Moussa,1971-08-13,M,0406,AGBODJAN Ayaba,
ENR-001259,AN-003711,ACTE_NAISSANCE,AG038,Abomey-Calavi,2025-05-15,BIO,Yves,2006-08-14,M,0603,DANSOU Sènami,0120051775
ENR-001260,CC-002338,CARTE_CONSULAIRE,AG037,Cotonou,2025-05-16,DOSSOU,Rachidatou,2001-07-21,F,0401,DOSSOU Sèmèvo,
ENR-001261,CC-002803,CARTE_CONSULAIRE,AG005,Bohicon,2025-05-16,QUENUM,Flore,2005-07-09,F,1005,TOGBE Sylvie,0108121018
ENR-001262,AN-002883,ACTE_NAISSANCE,AG025,Cotonou,2025-05-16,SOSSOU,Sènami,2009-03-12,F,1103,HOUNGBO Aïcha,0106614512
ENR-001263,CC-003639,CARTE_CONSULAIRE,AG023,Dassa-Zoumè,2025-05-16,ZANNOU,Ibrahim,1974-03-09,M,1001,KOUKPAKI Estelle,
ENR-001264,AN-004346,ACTE_NAISSANCE,AG020,Lokossa,2025-05-16,AMOUSSOU,Rachidatou,1985-11-04,F,1102,ALLADAYE Rosine,0121322198
ENR-001265,CC-004921,CARTE_CONSULAIRE,AG013,Cotonou,2025-05-16,TOGBE,Bernice,2007-02-02,F,0901,KIKI Rosine,0124762129
ENR-001266,AN-000354,ACTE_NAISSANCE,AG001,Cotonou,2025-05-17,amoussou,Ghislain Ulrich,1947-10-12,M,0703,VODOUNON Carine,0128969779
ENR-001267,AN-000541,ACTE_NAISSANCE,AG008,Lokossa,2025-05-17,ZANNOU,Aïcha,1980-07-21,F,0403,LOKONON Gisèle,0178113738
ENR-001268,CC-000567,CARTE_CONSULAIRE,AG027,Porto-Novo,2025-05-17,TOSSOU,Koffi,1983-11-13,M,1007,SAGBO Chimène,
ENR-001269,PP-001423,PASSEPORT,AG006,Natitingou,2025-05-17,CODJIA,Flore Gisèle,1998-11-06,F,0501,SAGBO Fatoumata,0109565352
ENR-001270,PP-001429,PASSEPORT,AG031,Djougou,2025-05-17,AGOSSOU,Bienvenu Gildas,1945-05-14,M,1104,OSSENI Ayaba,0190283988
ENR-001271,CC-001454,CARTE_CONSULAIRE,AG019,Djougou,2025-05-17,OSSENI,Rosine,1952-02-16,F,1004,CODJIA Rosine,0132842998
ENR-001272,CC-001470,CARTE_CONSULAIRE,AG033,Ouidah,2025-05-17,SOSSOU,Romaric Ghislain,1990-08-14,M,0302,BONI Estelle,0125459248
ENR-001273,PP-001616,PASSEPORT,AG009,Ouidah,2025-05-17,CHABI,  Rosine   Aïcha ,1974-07-09,F,0303,HOUNKPATIN Ayaba,
ENR-001274,AN-001624,ACTE_NAISSANCE,AG011,Dassa-Zoumè,2025-05-17,TOGBE,Fabrice,1999-09-06,M,0604,QUENUM Sylvie,0148494746
ENR-001275,PP-001824,PASSEPORT,AG028,Parakou,2025-05-17,KIKI,Prudence,1958-08-02,F,1207,AHOUANSOU Sylvie,0122030524
ENR-001276,CC-002946,CARTE_CONSULAIRE,AG006,Natitingou,2025-05-17,SOSSOU,Salamatou,1985-12-27,F,0502,ZINSOU Flore,0180186720
ENR-001277,AN-003259,ACTE_NAISSANCE,AG011,Dassa-Zoumè,2025-05-17,akpovi,Romaric Ibrahim,1978-10-05,M,0201,NOUATIN Sènami,0107903924
ENR-001278,PP-003919,PASSEPORT,AG016,Parakou,2025-05-17,HOUNGBO,Gisèle,1996-12-20,F,1204,CODJIA Chimène,0148309774
ENR-001279,CC-004951,CARTE_CONSULAIRE,AG021,Ouidah,2025-05-17,MENSAH,Yves Rodrigue,2000-08-31,M,0503,VODOUNON Flore,0151347263
ENR-001280,AN-000509,ACTE_NAISSANCE,AG023,Dassa-Zoumè,2025-05-18,IDRISSOU,Moussa,1988-09-29,M,0406,DANSOU Ayaba,0185458085
ENR-001281,AN-001164,ACTE_NAISSANCE,AG017,Bohicon,2025-05-18,AHOYO,Sylvie,1956-06-24,F,0303,KPADONOU Chimène,0156929836
ENR-001282,PP-001348,PASSEPORT,AG025,Cotonou,2025-05-18,SAGBO,Judith,1959-04-11,F,1202,YAROU Fatoumata,0117599527
ENR-001283,CC-001444,CARTE_CONSULAIRE,AG010,Kandi,2025-05-18,DANSOU,Serge Mahougnon,1969-12-21,M,1209,HOUNKPATIN Prudence,0131893939
ENR-001284,AN-001650,ACTE_NAISSANCE,AG020,Lokossa,2025-05-18,FASSINOU,Sylvie Ayaba,1990-01-23,F,1201,DOSSOU Flore,0163645824
ENR-001285,AN-002444,ACTE_NAISSANCE,AG004,Parakou,2025-05-18,YAROU,Romaric,1981-10-23,M,0401,AHOYO Nadège,
ENR-001286,AN-002945,ACTE_NAISSANCE,AG010,Kandi,2025-05-18,YAROU,  Rachidatou ,1989-03-14,F,0105,KIKI Mariam,0167486276
ENR-001287,CC-003055,CARTE_CONSULAIRE,AG001,Cotonou,2025-05-18,HOUNGBO,Sylvie,1975-08-11,F,1204,ALLADAYE Sylvie,0120530960
ENR-001288,AN-003854,ACTE_NAISSANCE,AG036,Aplahoué,2025-05-18,AKPOVI,Fidèle,1988-10-31,M,0305,HOUNSOU Rachidatou,0100661191
ENR-001289,AN-004871,ACTE_NAISSANCE,AG023,Dassa-Zoumè,2025-05-18,BIO,Chimène,1990-04-06,F,0408,CODJIA Rosine,0172918534
ENR-001290,AN-004918,ACTE_NAISSANCE,AG030,Natitingou,2025-05-18,AHOYO,Romaric,1988-02-25,M,0104,HOUNKPATIN Prudence,0120725293
ENR-001291,AN-004959,ACTE_NAISSANCE,AG036,Aplahoué,2025-05-18,OSSENI,Mariam Prudence,1996-06-07,F,0506,BONI Prudence,0195590815
ENR-001292,AN-000172,ACTE_NAISSANCE,AG019,Djougou,2025-05-19,HOUESSOU,Gisèle,2004-10-19,F,0606,KIKI Nadège,0175560349
ENR-001293,CC-001995,CARTE_CONSULAIRE,AG023,Dassa-Zoumè,2025-05-19,SAGBO,Nadège Judith,1996-12-07,F,0305,BIO Sèmèvo,+229 0106140634
ENR-001294,CC-002241,CARTE_CONSULAIRE,AG030,Natitingou,2025-05-19,HOUESSOU,Mahougnon,1965-03-04,M,1103,CODJIA Nadège,0119088773
ENR-001295,AN-003445,ACTE_NAISSANCE,AG007,Djougou,2025-05-19,AGBODJAN,Prudence,1994-11-03,F,0602,BONI Carine,0181730822
ENR-001296,AN-003650,ACTE_NAISSANCE,AG036,Aplahoué,2025-05-19,IDRISSOU,Brice,1994-05-10,M,1202,AGBODJAN Salamatou,0180499018
ENR-001297,AN-000215,ACTE_NAISSANCE,AG035,Dassa-Zoumè,2025-05-20,AKPOVI,Codjo,1983-02-06,M,0701,LOKONON Nadège,0115348286
ENR-001298,AN-000891,ACTE_NAISSANCE,AG039,Porto-Novo,2025-05-20,AKPOVI,Yves Fabrice,1958-11-04,M,0106,CHABI Judith,+2290121287777
ENR-001299,AN-002699,ACTE_NAISSANCE,AG018,Natitingou,2025-05-20,CODJIA,Ibrahim Ghislain,2022-06-27,M,0106,SOSSOU Bernice,0145103680
ENR-001300,AN-003170,ACTE_NAISSANCE,AG014,Abomey-Calavi,2025-05-20,TCHIBOZO,Rachid,1950-12-18,M,1104,BIO Mariam,0102828664
ENR-001301,AN-003284,ACTE_NAISSANCE,AG028,Parakou,2025-05-20,ASSOGBA,Brice,1951-01-17,M,0704,DANSOU Sylvie,0148023003
ENR-001302,AN-004483,ACTE_NAISSANCE,AG037,Cotonou,2025-05-20,DANSOU,Yves,1997-05-25,M,0903,IDRISSOU Bernice,01 69 22 19 75
ENR-001303,AN-000711,ACTE_NAISSANCE,AG034,Kandi,2025-05-21,KIKI,Gildas,1982-10-07,M,1008,ALLADAYE Fatoumata,0121601040
ENR-001304,AN-002115,ACTE_NAISSANCE,AG009,Ouidah,2025-05-21,KPADONOU,Flore,2012-11-29,F,1206,AHOYO Estelle,0163715541
ENR-001305,AN-002309,ACTE_NAISSANCE,AG021,Ouidah,2025-05-21,TCHIBOZO,Ibrahim Brice,1992-04-05,M,0604,AGOSSOU Rachidatou,0152676460
ENR-001306,AN-002442,ACTE_NAISSANCE,AG011,Dassa-Zoumè,2025-05-21,CHABI,Koffi,1977-01-21,M,0408,DOSSOU Mariam,0186643361
ENR-001307,AN-002501,ACTE_NAISSANCE,AG023,Dassa-Zoumè,2025-05-21,AHOYO,Mahougnon,2009-11-22,M,0407,ADJOVI Rosine,0185615077
ENR-001308,AN-003009,ACTE_NAISSANCE,AG005,Bohicon,2025-05-21,HOUNSOU,Justin,1978-12-04,M,0504,MENSAH Bernice,0105160926
ENR-001309,AN-003727,ACTE_NAISSANCE,AG014,Abomey-Calavi,2025-05-21,IDRISSOU,Judith Rachidatou,2001-07-22,F,1006,ZINSOU Flore,0150826706
ENR-001310,AN-000723,ACTE_NAISSANCE,AG031,Djougou,2025-05-22,AKPOVI,Sèmèvo,1985-09-17,F,0306,ASSOGBA Sèmèvo,+2290110060409
ENR-001311,AN-001798,ACTE_NAISSANCE,AG017,Bohicon,2025-05-22,NOUATIN,Rodrigue Gildas,1994-10-22,M,0102,IDRISSOU Sènami,0174832918
ENR-001312,CC-002804,CARTE_CONSULAIRE,AG010,Kandi,2025-05-22,ZANNOU,Flore Salamatou,1984-09-17,F,0101,AMOUSSOU Bernice,0177910425
ENR-001313,AN-003477,ACTE_NAISSANCE,AG022,Kandi,2025-05-22,KPADONOU,Ibrahim,1963-02-01,M,0904,BIO Chimène,0157528805
ENR-001314,CC-001025,CARTE_CONSULAIRE,AG012,Aplahoué,2025-05-23,QUENUM,Comlan Ulrich,1972-05-27,M,1007,TOSSOU Estelle,0144290280
ENR-001315,AN-002748,ACTE_NAISSANCE,AG033,Ouidah,2025-05-23,AHOUANSOU,Rosine,2001-08-14,F,0603,MENSAH Judith,0157447325
ENR-001316,CC-003605,CARTE_CONSULAIRE,AG016,Parakou,2025-05-23,SOULEY,Flore,1937-03-21,F,0302,YAROU Mariam,0164502974
ENR-001317,AN-004398,ACTE_NAISSANCE,AG006,Natitingou,2025-05-23,SOSSOU,Estelle,1970-12-03,F,0101,GLELE Bernice,0191395000
ENR-001318,AN-004691,ACTE_NAISSANCE,AG015,Porto-Novo,2025-05-23,AGBODJAN,Estelle,1980-10-13,F,0203,DOSSOU Ayaba,0159688857
ENR-001319,AN-004947,ACTE_NAISSANCE,AG018,Natitingou,2025-05-23,GLELE,Serge Arnaud,1997-08-13,M,0208,HOUNGBO Prudence,0110950319
ENR-001320,AN-000937,ACTE_NAISSANCE,AG009,Ouidah,2025-05-24,ADJOVI,Rosine,1942-10-26,F,0702,VODOUNON Chimène,0118318069
ENR-001321,AN-001132,ACTE_NAISSANCE,AG028,Parakou,2025-05-24,KOUKPAKI,Rachidatou,2007-05-08,F,1209,HOUNKPATIN Mariam,0143080147
ENR-001322,AN-001932,ACTE_NAISSANCE,AG025,Cotonou,2025-05-24,ADANDE,Fatoumata,2019-02-22,F,0702,QUENUM Espérance,0145116352
ENR-001323,AN-002001,ACTE_NAISSANCE,AG016,Parakou,2025-05-24,KIKI,Aïcha Ayaba,1980-09-06,F,0207,FASSINOU Judith,0123703209
ENR-001324,AN-002441,ACTE_NAISSANCE,AG008,Lokossa,2025-05-24,NOUATIN,Salamatou,1998-10-23,F,1208,AGOSSOU Carine,0167192750
ENR-001325,AN-003036,ACTE_NAISSANCE,AG023,Dassa-Zoumè,2025-05-24,KPADONOU,Moussa,2005-06-09,M,0604,ADJOVI Sènami,0178813378
ENR-001326,AN-003505,ACTE_NAISSANCE,AG038,Abomey-Calavi,2025-05-24,OSSENI,Prudence,1989-09-11,F,0308,CHABI Nadège,0185456306
ENR-001327,AN-004186,ACTE_NAISSANCE,AG005,Bohicon,2025-05-24,AGOSSOU,Bernice,2011-02-13,F,0306,AMOUSSOU Nadège,0175202561
ENR-001328,AN-004531,ACTE_NAISSANCE,AG015,Porto-Novo,2025-05-24,AGBODJAN,Justin Rachid,1982-04-25,M,1005,KIKI Fatoumata,
ENR-001329,AN-004779,ACTE_NAISSANCE,AG035,Dassa-Zoumè,2025-05-24,SAGBO,Comlan Arnaud,1985-10-20,M,1007,KIKI Chimène,0177746791
ENR-001330,PP-004980,PASSEPORT,AG039,Porto-Novo,2025-05-24,MENSAH,Rodrigue Ghislain,1976-05-22,M,0701,LOKONON Carine,0105921502
ENR-001331,AN-000582,ACTE_NAISSANCE,AG024,Aplahoué,2025-05-25,FASSINOU,Sènami Estelle,1976-07-25,F,0306,OSSENI Espérance,0169539186
ENR-001332,AN-001684,ACTE_NAISSANCE,AG018,Natitingou,2025-05-25,SOULEY,Mahougnon,1990-12-25,M,0404,YAROU Rosine,0192706516
ENR-001333,CC-001960,CARTE_CONSULAIRE,AG039,Porto-Novo,2025-05-25,YAROU,Rosine,1998-10-01,F,0703,VODOUNON Chimène,0115816192
ENR-001334,CC-002569,CARTE_CONSULAIRE,AG020,Lokossa,2025-05-25,BIO,Arnaud Bienvenu,1989-02-25,M,0306,HOUNGBO Aïcha,0193317191
ENR-001335,AN-002632,ACTE_NAISSANCE,AG001,Cotonou,2025-05-25,KIKI,Ulrich,1969-09-10,M,0603,TOGBE Nadège,
ENR-001336,CC-002865,CARTE_CONSULAIRE,AG001,Cotonou,2025-05-25,amoussou,Arnaud Comlan,1990-04-15,M,0401,FASSINOU Mariam,0141360904
ENR-001337,AN-002969,ACTE_NAISSANCE,AG039,Porto-Novo,2025-05-25,KOUKPAKI,Ayaba,2000-11-07,F,0304,SOULEY Rosine,0193277282
ENR-001338,AN-003057,ACTE_NAISSANCE,AG038,Abomey-Calavi,2025-05-25,ADANDE,Espérance Aïcha,1988-08-05,F,0406,ZANNOU Sèmèvo,0185349953
ENR-001339,AN-003416,ACTE_NAISSANCE,AG033,Ouidah,2025-05-25,SAGBO,Judith,1961-09-19,F,1001,AGOSSOU Fatoumata,0175137060
ENR-001340,AN-004278,ACTE_NAISSANCE,AG036,Aplahoué,2025-05-25,SOULEY,Mariam,1965-02-01,F,0103,AGBODJAN Mariam,0131147437
ENR-001341,AN-004799,ACTE_NAISSANCE,AG022,Kandi,2025-05-25,IDRISSOU,Mahougnon,1957-09-10,M,1204,OSSENI Fatoumata,0140736289
ENR-001342,PP-000254,PASSEPORT,AG037,Cotonou,2025-05-26,TCHIBOZO,Justin Brice,1971-07-10,M,1005,OSSENI Fatoumata,0135035161
ENR-001343,AN-000578,ACTE_NAISSANCE,AG005,Bohicon,2025-05-26,IDRISSOU,Bernice,1992-08-19,F,0402,DANSOU Estelle,0155356525
ENR-001344,AN-000888,ACTE_NAISSANCE,AG014,Abomey-Calavi,2025-05-26,AKPOVI,Salamatou,1968-11-22,F,0301,LOKONON Rachidatou,0144721673
ENR-001345,AN-001114,ACTE_NAISSANCE,AG001,Cotonou,2025-05-26,ZANNOU,Moussa,1990-06-05,M,1102,GBAGUIDI Carine,0149829065
ENR-001346,CC-001247,CARTE_CONSULAIRE,AG010,Kandi,2025-05-26,CHABI,Koffi,1974-08-24,M,1207,SOULEY Salamatou,0145398798
ENR-001347,AN-002372,ACTE_NAISSANCE,AG014,Abomey-Calavi,2025-05-26,TCHIBOZO,Mahougnon,1950-10-04,M,0905,AKPOVI Estelle,0101455357
ENR-001348,PP-002525,PASSEPORT,AG029,Bohicon,2025-05-26,GLELE,Koffi,1984-06-22,M,0207,SAGBO Aïcha,0146839615
ENR-001349,AN-004051,ACTE_NAISSANCE,AG004,Parakou,2025-05-26,ADANDE,Gisèle,1995-04-17,F,1001,ZINSOU Prudence,0129483899
ENR-001350,AN-004124,ACTE_NAISSANCE,AG033,Ouidah,2025-05-26,CODJIA,Flore Mariam,1989-10-06,F,0704,AKPOVI Sèmèvo,0145901594
ENR-001351,AN-004392,ACTE_NAISSANCE,AG026,Abomey-Calavi,2025-05-26,HOUNSOU,Codjo Brice,2010-11-22,M,1003,SOSSOU Chimène,0141746276
ENR-001352,AN-004561,ACTE_NAISSANCE,AG004,Parakou,2025-05-26,OSSENI,Brice,1971-07-31,M,0308,ZINSOU Nadège,0172565149
ENR-001353,AN-000226,ACTE_NAISSANCE,AG038,Abomey-Calavi,2025-05-27,VODOUNON,Moussa Brice,1986-06-12,M,1003,ZANNOU Mariam,0184702654
ENR-001354,AN-000603,ACTE_NAISSANCE,AG031,Djougou,2025-05-27,TCHIBOZO,Comlan,1976-11-25,M,0502,KPADONOU Mariam,0148429166
ENR-001355,AN-000794,ACTE_NAISSANCE,AG025,Cotonou,2025-05-27,MENSAH,Fatoumata,1996-10-28,F,1204,BONI Nadège,0110571252
ENR-001356,AN-001895,ACTE_NAISSANCE,AG032,Lokossa,2025-05-27,AGBODJAN,Sèmèvo,2000-08-14,F,0408,SAGBO Nadège,
ENR-001357,AN-002728,ACTE_NAISSANCE,AG020,Lokossa,2025-05-27,NOUATIN,Yves Moussa,2018-08-09,M,1101,AHOYO Judith,0104400323
ENR-001358,AN-002846,ACTE_NAISSANCE,AG001,Cotonou,2025-05-27,OSSENI,Yves,1994-01-11,M,1204,LOKONON Rachidatou,0186925040
ENR-001359,CC-003599,CARTE_CONSULAIRE,AG029,Bohicon,2025-05-27,DOSSOU,  Chimène ,2003-01-06,F,0401,HOUNSOU Prudence,0104088275
ENR-001360,CC-003703,CARTE_CONSULAIRE,AG037,Cotonou,2025-05-27,DANSOU,Justin Koffi,2008-03-18,M,0106,ADJOVI Carine,0176019221
ENR-001361,AN-003706,ACTE_NAISSANCE,AG007,Djougou,2025-05-27,NOUATIN,Rachid Rodrigue,1948-08-09,M,0904,ALLADAYE Flore,0127246788
ENR-001362,AN-004054,ACTE_NAISSANCE,AG025,Cotonou,2025-05-27,LOKONON,Arnaud Romaric,1951-10-18,M,0904,LOKONON Rosine,0181419488
ENR-001363,AN-004280,ACTE_NAISSANCE,AG022,Kandi,2025-05-27,KPADONOU,Nadège Chimène,1985-03-20,F,0904,QUENUM Ayaba,0150676706
ENR-001364,AN-000741,ACTE_NAISSANCE,AG001,Cotonou,2025-05-28,ZANNOU,Sènami,1985-12-22,F,0303,AKPOVI Nadège,0166671602
ENR-001365,AN-003225,ACTE_NAISSANCE,AG013,Cotonou,2025-05-28,HOUNGBO,Codjo,1990-10-14,M,0905,KPADONOU Flore,0169691640
ENR-001366,AN-003494,ACTE_NAISSANCE,AG027,Porto-Novo,2025-05-28,AGOSSOU,Rachidatou,2004-06-17,F,0606,DANSOU Bernice,0144806129
ENR-001367,PP-003672,PASSEPORT,AG017,Bohicon,2025-05-28,SOULEY,Rachidatou,2011-08-28,F,0303,SOSSOU Prudence,0125986250
ENR-001368,PP-004500,PASSEPORT,AG006,Natitingou,2025-05-28,SOULEY,Mariam,1984-12-13,F,1208,KOUKPAKI Carine,
ENR-001369,AN-004589,ACTE_NAISSANCE,AG003,Porto-Novo,2025-05-28,SOULEY,Yves,1959-01-31,M,0101,TOGBE Judith,0105597136
ENR-001370,PP-000023,PASSEPORT,AG024,Aplahoué,2025-05-29,GLELE,Arnaud,2006-04-05,M,0101,YAROU Judith,0182993215
ENR-001371,AN-000443,ACTE_NAISSANCE,AG040,Parakou,2025-05-29,HOUNSOU,Gisèle Estelle,1967-03-18,F,0305,DOSSOU Rachidatou,0117583430
ENR-001372,AN-001277,ACTE_NAISSANCE,AG005,Bohicon,2025-05-29,MENSAH,Rodrigue Bienvenu,1960-02-22,M,0606,SOSSOU Espérance,0177386937
ENR-001373,AN-001413,ACTE_NAISSANCE,AG006,Natitingou,2025-05-29,QUENUM,Salamatou,1950-07-25,F,1002,BONI Rosine,0119271624
ENR-001374,AN-001501,ACTE_NAISSANCE,AG030,Natitingou,2025-05-29,YAROU,Comlan,1994-09-09,M,0704,ALLADAYE Prudence,0109378895
ENR-001375,AN-002161,ACTE_NAISSANCE,AG005,Bohicon,2025-05-29,VODOUNON,Mahougnon,2002-09-27,M,0204,SOSSOU Fatoumata,0145092248
ENR-001376,AN-002671,ACTE_NAISSANCE,AG016,Parakou,2025-05-29,KPADONOU,Mariam,1989-04-06,F,0405,AHOYO Flore,0120012259
ENR-001377,AN-002899,ACTE_NAISSANCE,AG016,Parakou,2025-05-29,BONI,Sèmèvo,2006-10-10,F,0101,HOUNSOU Carine,
ENR-001378,CC-004583,CARTE_CONSULAIRE,AG024,Aplahoué,2025-05-29,AKPOVI,Prudence,1966-08-26,F,0106,AHOUANSOU Rosine,
ENR-001379,AN-004844,ACTE_NAISSANCE,AG007,Djougou,2025-05-29,KOUKPAKI,Sènami,1952-05-17,F,0102,ZANNOU Bernice,0176551273
ENR-001380,PP-000189,PASSEPORT,AG040,Parakou,2025-05-30,ASSOGBA,Mahougnon,1991-01-26,M,0307,TOGBE Bernice,0186703642
ENR-001381,AN-000537,ACTE_NAISSANCE,AG021,Ouidah,2025-05-30,KIKI,  Brice ,1967-11-25,M,1009,ASSOGBA Fatoumata,
ENR-001382,AN-002438,ACTE_NAISSANCE,AG012,Aplahoué,2025-05-30,AGBODJAN,Arnaud,1989-01-01,M,1205,YAROU Mariam,0185582701
ENR-001383,PP-002561,PASSEPORT,AG034,Kandi,2025-05-30,SOULEY,Arnaud,2008-09-23,M,0502,ADJOVI Salamatou,0140088602
ENR-001384,AN-003253,ACTE_NAISSANCE,AG025,Cotonou,2025-05-30,ADANDE,Gisèle Fatoumata,1996-03-13,F,0206,SAGBO Ayaba,07328315
ENR-001385,PP-003350,PASSEPORT,AG015,Porto-Novo,2025-05-30,SAGBO,Bienvenu,1973-03-26,M,0903,IDRISSOU Ayaba,
ENR-001386,AN-003835,ACTE_NAISSANCE,AG035,Dassa-Zoumè,2025-05-30,KPADONOU,Sènami,1991-07-08,F,0405,BONI Estelle,0188359290
ENR-001387,AN-004462,ACTE_NAISSANCE,AG016,Parakou,2025-05-30,MENSAH,Justin Mahougnon,1990-08-21,M,0904,VODOUNON Sèmèvo,0198102471
ENR-001388,PP-004957,PASSEPORT,AG010,Kandi,2025-05-30,BIO,Brice,2015-06-16,M,0403,AKPOVI Nadège,
ENR-001389,AN-000525,ACTE_NAISSANCE,AG029,Bohicon,2025-05-31,HOUNSOU,Sylvie,2023-10-29,F,0308,GBAGUIDI Carine,0120003751
ENR-001390,AN-002340,ACTE_NAISSANCE,AG023,Dassa-Zoumè,2025-05-31,IDRISSOU,Rodrigue,2000-12-25,M,0301,DOSSOU Sèmèvo,0165789426
ENR-001391,PP-004560,PASSEPORT,AG038,Abomey-Calavi,2025-05-31,SAGBO,Aïcha Sènami,1947-02-02,F,0406,KIKI Sèmèvo,0141054566
ENR-001392,AN-001637,ACTE_NAISSANCE,AG014,Abomey-Calavi,2025-06-01,AHOYO,Salamatou Carine,2006-09-05,F,1003,VODOUNON Carine,0195715158
ENR-001393,AN-001700,ACTE_NAISSANCE,AG036,Aplahoué,2025-06-01,BONI,Rodrigue Koffi,1985-11-12,M,1002,BIO Rachidatou,0145170690
ENR-001394,AN-001834,ACTE_NAISSANCE,AG034,Kandi,2025-06-01,nouatin,Fabrice,1991-08-19,M,0906,HOUESSOU Salamatou,
ENR-001395,AN-001983,ACTE_NAISSANCE,AG007,Djougou,2025-06-01,KIKI,Justin Mahougnon,2009-10-11,M,1102,FASSINOU Gisèle,0195268272
ENR-001396,AN-002105,ACTE_NAISSANCE,AG029,Bohicon,2025-06-01,AHOYO,Espérance Nadège,2012-01-24,F,0204,HOUESSOU Sènami,0154405729
ENR-001397,AN-002170,ACTE_NAISSANCE,AG037,Cotonou,2025-06-01,SOULEY,Sylvie,1975-02-13,F,1207,FASSINOU Ayaba,
ENR-001398,AN-002697,ACTE_NAISSANCE,AG038,Abomey-Calavi,2025-06-01,SAGBO,Ayaba,2005-07-25,F,1009,SAGBO Gisèle,
ENR-001399,AN-002737,ACTE_NAISSANCE,AG036,Aplahoué,2025-06-01,FASSINOU,Ibrahim,2022-04-26,M,1209,HOUESSOU Chimène,0180406860
ENR-001400,CC-003415,CARTE_CONSULAIRE,AG010,Kandi,2025-06-01,ADANDE,Mariam,1989-04-20,F,0401,KPADONOU Aïcha,0123992217
ENR-001401,AN-003636,ACTE_NAISSANCE,AG032,Lokossa,2025-06-01,HOUESSOU,Sènami,2007-05-20,F,1205,VODOUNON Gisèle,0110667718
ENR-001402,AN-004197,ACTE_NAISSANCE,AG016,Parakou,2025-06-01,CODJIA,Moussa,1994-02-09,M,0202,ZINSOU Rachidatou,0169903915
ENR-001403,AN-004287,ACTE_NAISSANCE,AG013,Cotonou,2025-06-01,ALLADAYE,Serge Romaric,1946-03-20,M,0902,GBAGUIDI Estelle,
ENR-001404,AN-004695,ACTE_NAISSANCE,AG015,Porto-Novo,2025-06-01,AHOUANSOU,Gildas,2016-01-15,M,0303,GLELE Gisèle,0111229620
ENR-001405,CC-004802,CARTE_CONSULAIRE,AG021,Ouidah,2025-06-01,ZANNOU,Serge,1960-07-15,M,0606,VODOUNON Judith,0199503929
ENR-001406,AN-001367,ACTE_NAISSANCE,AG024,Aplahoué,2025-06-02,VODOUNON,Espérance,1974-05-03,F,0504,AHOYO Flore,0176644494
ENR-001407,PP-001813,PASSEPORT,AG027,Porto-Novo,2025-06-02,AKPOVI,Estelle Salamatou,1972-02-14,F,0209,IDRISSOU Sènami,0103485196
ENR-001408,AN-001852,ACTE_NAISSANCE,AG013,Cotonou,2025-06-02,AMOUSSOU,Romaric,1948-02-04,M,0906,AGOSSOU Rosine,0193614358
ENR-001409,AN-002752,ACTE_NAISSANCE,AG019,Djougou,2025-06-02,VODOUNON,Moussa Rodrigue,2003-02-01,M,0601,NOUATIN Carine,0116632656
ENR-001410,AN-003294,ACTE_NAISSANCE,AG019,Djougou,2025-06-02,VODOUNON,Aïcha Sènami,1999-03-07,F,1207,AGOSSOU Sènami,0189673455
ENR-001411,AN-003449,ACTE_NAISSANCE,AG032,Lokossa,2025-06-02,ASSOGBA,Romaric,1999-01-15,M,0208,FASSINOU Ayaba,+2290160538411
ENR-001412,AN-003761,ACTE_NAISSANCE,AG019,Djougou,2025-06-02,GLELE,Salamatou Fatoumata,1967-01-01,F,0801,HOUNKPATIN Judith,0179521451
ENR-001413,PP-004408,PASSEPORT,AG031,Djougou,2025-06-02,osseni,Mahougnon Fidèle,1978-11-02,M,1003,SOSSOU Espérance,0195792335
ENR-001414,AN-000271,ACTE_NAISSANCE,AG030,Natitingou,2025-06-03,BIO,Fidèle,2012-05-25,M,0401,DANSOU Prudence,0143848714
ENR-001415,AN-000526,ACTE_NAISSANCE,AG001,Cotonou,2025-06-03,CODJIA,Prudence Fatoumata,2000-03-13,F,0604,VODOUNON Ayaba,0111571692
ENR-001416,CC-001801,CARTE_CONSULAIRE,AG029,Bohicon,2025-06-03,KPADONOU,Ghislain,1980-06-05,M,0305,KOUKPAKI Fatoumata,0129511921
ENR-001417,CC-001903,CARTE_CONSULAIRE,AG008,Lokossa,2025-06-03,NOUATIN,Romaric Justin,1990-08-19,M,0102,ADANDE Ayaba,0142726363
ENR-001418,AN-002157,ACTE_NAISSANCE,AG024,Aplahoué,2025-06-03,KPADONOU,Ibrahim,1993-05-21,M,0605,HOUNGBO Bernice,0148630062
ENR-001419,AN-002721,ACTE_NAISSANCE,AG003,Porto-Novo,2025-06-03,TCHIBOZO,Rodrigue,1995-02-28,M,0403,OSSENI Estelle,
ENR-001420,AN-002793,ACTE_NAISSANCE,AG001,Cotonou,2025-06-03,HOUESSOU,Aïcha,1987-10-20,F,0103,ZINSOU Sylvie,0145995417
ENR-001421,CC-004057,CARTE_CONSULAIRE,AG004,Parakou,2025-06-03,AHOUANSOU,Sylvie,1978-02-15,F,0905,KOUKPAKI Rosine,0177016860
ENR-001422,AN-004728,ACTE_NAISSANCE,AG013,Cotonou,2025-06-03,BONI,Aïcha,1982-10-29,F,0106,AHOUANSOU Bernice,0138808777
ENR-001423,AN-000066,ACTE_NAISSANCE,AG030,Natitingou,2025-06-04,ALLADAYE,Sèmèvo Bernice,2004-03-20,F,0104,AHOUANSOU Nadège,0156105914
ENR-001424,AN-000959,ACTE_NAISSANCE,AG037,Cotonou,2025-06-04,GBAGUIDI,Rachid,1963-08-05,M,0304,GLELE Flore,0181101140
ENR-001425,AN-001245,ACTE_NAISSANCE,AG027,Porto-Novo,2025-06-04,KIKI,Brice Yves,1993-01-09,M,1002,QUENUM Fatoumata,0190001438
ENR-001426,CC-001714,CARTE_CONSULAIRE,AG005,Bohicon,2025-06-04,KIKI,Gisèle Sènami,2007-10-09,F,0602,IDRISSOU Ayaba,0193031562
ENR-001427,CC-001772,CARTE_CONSULAIRE,AG035,Dassa-Zoumè,2025-06-04,NOUATIN,Moussa,2003-08-28,M,0101,OSSENI Chimène,0193599371
ENR-001428,AN-002131,ACTE_NAISSANCE,AG008,Lokossa,2025-06-04,TOSSOU,Salamatou Flore,2003-11-26,F,0604,AKPOVI Sènami,0141509998
ENR-001429,AN-002888,ACTE_NAISSANCE,AG024,Aplahoué,2025-06-04,AGOSSOU,Justin,1960-01-08,M,1103,KPADONOU Sènami,
ENR-001430,AN-002958,ACTE_NAISSANCE,AG023,Dassa-Zoumè,2025-06-04,FASSINOU,Arnaud,1981-03-26,M,0101,IDRISSOU Fatoumata,0106597303
ENR-001431,AN-003664,ACTE_NAISSANCE,AG037,Cotonou,2025-06-04,CODJIA,Carine,1986-08-13,F,1002,ADJOVI Ayaba,
ENR-001432,CC-004168,CARTE_CONSULAIRE,AG003,Porto-Novo,2025-06-04,OSSENI,Ayaba Chimène,1965-04-19,F,0104,KPADONOU Espérance,0187758149
ENR-001433,AN-004401,ACTE_NAISSANCE,AG031,Djougou,2025-06-04,SOULEY,Sèmèvo,1987-09-25,F,0201,IDRISSOU Prudence,0187113946
ENR-001434,AN-004574,ACTE_NAISSANCE,AG028,Parakou,2025-06-04,GBAGUIDI,Ibrahim,1955-08-08,M,0105,VODOUNON Espérance,0183369758
ENR-001435,AN-004904,ACTE_NAISSANCE,AG009,Ouidah,2025-06-04,BIO,Gildas,2015-12-10,M,0103,GBAGUIDI Sylvie,0127931375
ENR-001436,PP-000359,PASSEPORT,AG012,Aplahoué,2025-06-05,AKPOVI,Estelle Carine,1996-09-21,F,0301,HOUNKPATIN Sèmèvo,
ENR-001437,CC-001207,CARTE_CONSULAIRE,AG039,Porto-Novo,2025-06-05,ZANNOU,Gildas Ulrich,1939-05-22,M,0308,CHABI Espérance,0135803063
ENR-001438,AN-001421,ACTE_NAISSANCE,AG002,Abomey-Calavi,2025-06-05,GBAGUIDI,Fatoumata,1983-01-05,F,0904,CODJIA Sylvie,0158740316
ENR-001439,AN-001817,ACTE_NAISSANCE,AG029,Bohicon,2025-06-05,AKPOVI,Estelle,2008-01-19,F,0903,ADANDE Estelle,0155404079
ENR-001440,AN-001968,ACTE_NAISSANCE,AG019,Djougou,2025-06-05,ASSOGBA,Rosine,1954-04-18,F,0101,AGOSSOU Aïcha,0129195200
ENR-001441,AN-002360,ACTE_NAISSANCE,AG024,Aplahoué,2025-06-05,GLELE,Prudence,1989-12-21,F,0702,ADANDE Prudence,0101436599
ENR-001442,AN-002790,ACTE_NAISSANCE,AG031,Djougou,2025-06-05,NOUATIN,Bernice,1988-11-01,F,0102,GBAGUIDI Nadège,0118386854
ENR-001443,PP-003622,PASSEPORT,AG010,Kandi,2025-06-05,KIKI,Prudence,1973-06-24,F,0702,HOUESSOU Sèmèvo,
ENR-001444,PP-003845,PASSEPORT,AG014,Abomey-Calavi,2025-06-05,ALLADAYE,Fidèle Serge,1964-12-12,M,0302,AHOUANSOU Nadège,0171548805
ENR-001445,CC-000102,CARTE_CONSULAIRE,AG018,Natitingou,2025-06-06,HOUNSOU,Yves,2001-01-27,M,0203,BONI Sèmèvo,0164323167
ENR-001446,PP-000773,PASSEPORT,AG037,Cotonou,2025-06-06,ASSOGBA,Gildas,1996-08-09,M,0104,NOUATIN Sènami,0170205613
ENR-001447,AN-001357,ACTE_NAISSANCE,AG012,Aplahoué,2025-06-06,BONI,Koffi,1989-06-24,M,0703,AKPOVI Sylvie,0115049185
ENR-001448,AN-001639,ACTE_NAISSANCE,AG001,Cotonou,2025-06-06,ADJOVI,Flore Gisèle,1958-01-27,F,0406,VODOUNON Sylvie,0161136732
ENR-001449,AN-003743,ACTE_NAISSANCE,AG022,Kandi,2025-06-06,HOUNSOU,Codjo,1973-02-19,M,0103,HOUESSOU Prudence,0163359513
ENR-001450,AN-004125,ACTE_NAISSANCE,AG021,Ouidah,2025-06-06,OSSENI,Chimène Fatoumata,1974-06-20,F,0506,YAROU Nadège,0117083750
ENR-001451,AN-000603,ACTE_NAISSANCE,AG017,Bohicon,2025-06-06,TCHIBOZO,Comlan,1976-11-25,M,0502,KPADONOU Mariam,0148429166
ENR-001452,AN-000325,ACTE_NAISSANCE,AG008,Lokossa,2025-06-07,AHOYO,Rosine Sèmèvo,1991-08-07,F,0604,DOSSOU Fatoumata,
ENR-001453,AN-001227,ACTE_NAISSANCE,AG018,Natitingou,2025-06-07,ASSOGBA,  Ghislain   Serge ,1971-12-21,M,1006,ALLADAYE Aïcha,0137739084
ENR-001454,AN-001486,ACTE_NAISSANCE,AG012,Aplahoué,2025-06-07,ADANDE,Ulrich,1997-01-26,M,0403,LOKONON Estelle,0160207298
ENR-001455,PP-001757,PASSEPORT,AG005,Bohicon,2025-06-07,MENSAH,Salamatou,1960-02-04,F,0104,ZANNOU Sèmèvo,0114184528
ENR-001456,AN-002081,ACTE_NAISSANCE,AG012,Aplahoué,2025-06-07,ADJOVI,Fabrice Ibrahim,1983-10-26,M,0408,HOUNKPATIN Chimene,0193317971
ENR-001457,AN-002583,ACTE_NAISSANCE,AG010,Kandi,2025-06-07,DANSOU,Aïcha,1985-04-06,F,1008,TCHIBOZO Sènami,
ENR-001458,CC-002935,CARTE_CONSULAIRE,AG039,Porto-Novo,2025-06-07,HOUNKPATIN,Bernice,1984-05-27,F,1203,ADJOVI Gisèle,0177186780
ENR-001459,AN-003560,ACTE_NAISSANCE,AG028,Parakou,2025-06-07,IDRISSOU,Rosine,1998-09-19,F,0601,HOUNSOU Aïcha,0121866616
ENR-001460,AN-004307,ACTE_NAISSANCE,AG036,Aplahoué,2025-06-07,KOUKPAKI,Moussa,1968-08-19,M,1208,TCHIBOZO Sylvie,0155669670
ENR-001461,AN-004993,ACTE_NAISSANCE,AG029,Bohicon,2025-06-07,ADJOVI,Fidèle,1978-08-14,M,0702,BIO Mariam,0180184018
ENR-001462,AN-000651,ACTE_NAISSANCE,AG038,Abomey-Calavi,2025-06-08,AHOUANSOU,Bernice,1970-07-02,F,0301,YAROU Bernice,0118380210
ENR-001463,AN-000982,ACTE_NAISSANCE,AG001,Cotonou,2025-06-08,TCHIBOZO,Gisèle Bernice,1944-12-09,F,1105,SOSSOU Nadège,0198855522
ENR-001464,AN-001925,ACTE_NAISSANCE,AG009,Ouidah,2025-06-08,ZINSOU,Judith Sylvie,1991-12-30,F,0405,HOUESSOU Sèmèvo,0154913720
ENR-001465,AN-002091,ACTE_NAISSANCE,AG002,Abomey-Calavi,2025-06-08,AMOUSSOU,Ayaba Sènami,1999-01-29,F,0603,AHOYO Estelle,0166824996
ENR-001466,PP-002270,PASSEPORT,AG025,Cotonou,2025-06-08,ADANDE,Carine,2002-10-16,F,0902,IDRISSOU Ayaba,0195319765
ENR-001467,AN-002417,ACTE_NAISSANCE,AG028,Parakou,2025-06-08,NOUATIN,Estelle,2008-05-26,F,0904,SOULEY Chimène,0163975489
ENR-001468,AN-002701,ACTE_NAISSANCE,AG010,Kandi,2025-06-08,AMOUSSOU,Judith,1960-05-22,F,0906,LOKONON Ayaba,0192364572
ENR-001469,AN-002713,ACTE_NAISSANCE,AG004,Parakou,2025-06-08,AMOUSSOU,Espérance,2012-12-11,F,0903,ZINSOU Mariam,0147807012
ENR-001470,AN-003486,ACTE_NAISSANCE,AG037,Cotonou,2025-06-08,NOUATIN,Codjo,1991-02-06,M,1204,AHOUANSOU Judith,0174416163
ENR-001471,PP-003645,PASSEPORT,AG037,Cotonou,2025-06-08,BONI,Rachidatou,1943-12-15,F,0405,SOULEY Gisèle,0127291490
ENR-001472,AN-003833,ACTE_NAISSANCE,AG039,Porto-Novo,2025-06-08,GBAGUIDI,Gisèle Rosine,2014-12-20,F,0407,ALLADAYE Aïcha,0198598412
ENR-001473,CC-004137,CARTE_CONSULAIRE,AG023,Dassa-Zoumè,2025-06-08,BONI,Bienvenu,1967-02-21,M,0704,ZANNOU Flore,0112390481
ENR-001474,CC-004888,CARTE_CONSULAIRE,AG030,Natitingou,2025-06-08,OSSENI,Mariam Ayaba,1996-06-21,F,0203,DANSOU Mariam,0114464366
ENR-001475,AN-001375,ACTE_NAISSANCE,AG034,Kandi,2025-06-09,QUENUM,Comlan Bienvenu,2001-11-09,M,1104,LOKONON Aïcha,0104995440
ENR-001476,CC-001764,CARTE_CONSULAIRE,AG001,Cotonou,2025-06-09,DOSSOU,Romaric,1979-01-16,M,0404,CODJIA Sènami,0138792743
ENR-001477,PP-002526,PASSEPORT,AG039,Porto-Novo,2025-06-09,DANSOU,Sènami Judith,1976-04-18,F,0505,FASSINOU Carine,0110731510
ENR-001478,AN-002948,ACTE_NAISSANCE,AG020,Lokossa,2025-06-09,TOGBE,Arnaud,1988-06-23,M,0701,BONI Sèmèvo,0186630883
ENR-001479,PP-003267,PASSEPORT,AG036,Aplahoué,2025-06-09,ADJOVI,Rachidatou,1978-01-29,F,0102,YAROU Sèmèvo,0152492557
ENR-001480,AN-003269,ACTE_NAISSANCE,AG028,Parakou,2025-06-09,BIO,Koffi Yves,1999-01-07,M,0405,DANSOU Fatoumata,0102913363
ENR-001481,PP-003527,PASSEPORT,AG040,Parakou,2025-06-09,KPADONOU,Rosine,1997-08-19,F,0604,HOUNGBO Flore,0132641775
ENR-001482,AN-004836,ACTE_NAISSANCE,AG032,Lokossa,2025-06-09,AKPOVI,Ayaba,1983-01-21,F,0901,GBAGUIDI Ayaba,0139318949
ENR-001483,AN-000448,ACTE_NAISSANCE,AG021,Ouidah,2025-06-10,ASSOGBA,Prudence,1982-02-11,F,1102,QUENUM Chimène,0191587286
ENR-001484,CC-001810,CARTE_CONSULAIRE,AG028,Parakou,2025-06-10,QUENUM,Flore,1965-12-09,F,1201,ALLADAYE Aïcha,0116461045
ENR-001485,AN-003406,ACTE_NAISSANCE,AG014,Abomey-Calavi,2025-06-10,HOUNSOU,Nadège,1988-10-31,F,0501,QUENUM Sèmèvo,0188396431
ENR-001486,AN-003412,ACTE_NAISSANCE,AG035,Dassa-Zoumè,2025-06-10,AGBODJAN,  Romaric ,1986-12-17,M,0501,ALLADAYE Estelle,0198757339
ENR-001487,CC-000477,CARTE_CONSULAIRE,AG036,Aplahoué,2025-06-11,LOKONON,Judith,2013-11-28,F,0404,SOULEY Fatoumata,0105550320
ENR-001488,CC-001215,CARTE_CONSULAIRE,AG032,Lokossa,2025-06-11,LOKONON,Brice,1990-11-02,M,1004,VODOUNON Rosine,
ENR-001489,AN-001257,ACTE_NAISSANCE,AG023,Dassa-Zoumè,2025-06-11,DOSSOU,Chimène,1992-03-18,F,0105,TCHIBOZO Rosine,0142531311
ENR-001490,AN-002120,ACTE_NAISSANCE,AG003,Porto-Novo,2025-06-11,KPADONOU,Justin,1986-01-04,M,1208,TOSSOU Gisele,0111047349
ENR-001491,CC-002376,CARTE_CONSULAIRE,AG016,Parakou,2025-06-11,TOSSOU,Sènami Carine,1990-04-18,F,0903,DOSSOU Ayaba,0123060353
ENR-001492,AN-002423,ACTE_NAISSANCE,AG008,Lokossa,2025-06-11,HOUNKPATIN,Moussa,1992-01-04,M,0905,QUENUM Ayaba,014197022845
ENR-001493,PP-002867,PASSEPORT,AG030,Natitingou,2025-06-11,KOUKPAKI,Comlan Ulrich,1996-08-19,M,0901,AHOYO Sèmèvo,0141198809
ENR-001494,AN-003779,ACTE_NAISSANCE,AG012,Aplahoué,2025-06-11,GLELE,Sylvie,1979-02-05,F,1004,TOGBE Flore,0174322734
ENR-001495,AN-003906,ACTE_NAISSANCE,AG012,Aplahoué,2025-06-11,HOUESSOU,Bernice,1984-07-12,F,0606,ALLADAYE Rosine,
ENR-001496,PP-004930,PASSEPORT,AG010,Kandi,2025-06-11,DANSOU,Fatoumata,1940-07-22,F,0104,BONI Aïcha,0154995736
ENR-001497,CC-002193,CARTE_CONSULAIRE,AG018,Natitingou,2025-06-11,KPADONOU,Estelle Chimène,1970-02-01,F,1202,AHOYO Sènami,0191991757
ENR-001498,AN-000264,ACTE_NAISSANCE,AG005,Bohicon,2025-06-12,KOUKPAKI,Codjo Mahougnon,1998-02-14,M,1203,HOUESSOU Aïcha,0108562995
ENR-001499,AN-000763,ACTE_NAISSANCE,AG003,Porto-Novo,2025-06-12,AHOYO,Rachid,1962-03-20,M,1105,IDRISSOU Carine,
ENR-001500,AN-001775,ACTE_NAISSANCE,AG003,Porto-Novo,2025-06-12,ASSOGBA,Sènami Salamatou,1938-06-08,F,0209,TOSSOU Rachidatou,0176270631
ENR-001501,PP-002579,PASSEPORT,AG013,Cotonou,2025-06-12,SOSSOU,  Romaric   Moussa ,1989-08-23,M,0403,QUENUM Rosine,0176026788
ENR-001502,AN-002766,ACTE_NAISSANCE,AG024,Aplahoué,2025-06-12,BONI,Mahougnon,2012-10-24,M,0903,YAROU Judith,0185987171
ENR-001503,AN-004954,ACTE_NAISSANCE,AG033,Ouidah,2025-06-12,KIKI,Koffi,1986-09-13,M,0205,ASSOGBA Rachidatou,0153123948
ENR-001504,CC-000008,CARTE_CONSULAIRE,AG010,Kandi,2025-06-13,KOUKPAKI,Salamatou,1954-09-04,F,1102,IDRISSOU Fatoumata,0136016105
ENR-001505,AN-000152,ACTE_NAISSANCE,AG023,Dassa-Zoumè,2025-06-13,DANSOU,Moussa,1961-09-29,M,0308,HOUNKPATIN Chimène,0133161881
ENR-001506,CC-001020,CARTE_CONSULAIRE,AG006,Natitingou,2025-06-13,AHOUANSOU,Ulrich,1972-06-12,M,0901,ASSOGBA Aïcha,
ENR-001507,AN-002278,ACTE_NAISSANCE,AG023,Dassa-Zoumè,2025-06-13,AHOUANSOU,Aïcha Prudence,1997-11-14,F,0208,TOGBE Prudence,0123789730
ENR-001508,AN-002473,ACTE_NAISSANCE,AG026,Abomey-Calavi,2025-06-13,GLELE,Gildas Serge,2012-05-20,M,0504,SAGBO Ayaba,0120466853
ENR-001509,AN-002562,ACTE_NAISSANCE,AG026,Abomey-Calavi,2025-06-13,CODJIA,Ayaba Sèmèvo,1988-08-06,F,0602,AGBODJAN Nadège,0103761875
ENR-001510,AN-004339,ACTE_NAISSANCE,AG018,Natitingou,2025-06-13,ASSOGBA,Comlan,1996-11-18,M,0905,VODOUNON Gisèle,0126307877
ENR-001511,AN-004983,ACTE_NAISSANCE,AG030,Natitingou,2025-06-13,AGOSSOU,Carine Sènami,1956-02-17,F,0104,QUENUM Sènami,0187455933
ENR-001512,AN-000683,ACTE_NAISSANCE,AG022,Kandi,2025-06-14,IDRISSOU,Koffi,2012-01-17,M,1006,ZINSOU Gisèle,01 09 39 41 61
ENR-001513,AN-000813,ACTE_NAISSANCE,AG013,Cotonou,2025-06-14,ADJOVI,Bienvenu,2016-05-20,M,1001,GLELE Espérance,0108192423
ENR-001514,AN-001388,ACTE_NAISSANCE,AG026,Abomey-Calavi,2025-06-14,TOGBE,  Fatoumata   Sylvie ,1973-07-22,F,0207,GBAGUIDI Aïcha,0184691024
ENR-001515,CC-001478,CARTE_CONSULAIRE,AG034,Kandi,2025-06-14,TCHIBOZO,Brice Romaric,2006-08-10,M,0605,HOUNKPATIN Flore,0132103470
ENR-001516,CC-001573,CARTE_CONSULAIRE,AG040,Parakou,2025-06-14,AHOUANSOU,Judith,1954-03-20,F,0209,DANSOU Nadège,0158470695
ENR-001517,AN-001622,ACTE_NAISSANCE,AG020,Lokossa,2025-06-14,HOUNSOU,Fatoumata,1964-02-07,F,0306,AGOSSOU Bernice,0171486747
ENR-001518,AN-001974,ACTE_NAISSANCE,AG001,Cotonou,2025-06-14,KOUKPAKI,Ulrich,2009-07-09,M,0105,VODOUNON Carine,0170378953
ENR-001519,PP-002098,PASSEPORT,AG029,Bohicon,2025-06-14,BONI,Salamatou,1989-09-19,F,1001,HOUNGBO Sèmèvo,0113416810
ENR-001520,CC-002451,CARTE_CONSULAIRE,AG033,Ouidah,2025-06-14,AHOUANSOU,Judith,1948-05-29,F,1008,HOUNSOU Rachidatou,
ENR-001521,PP-002866,PASSEPORT,AG031,Djougou,2025-06-14,HOUNSOU,Justin Rachid,1968-03-07,M,0404,ADANDE Aïcha,0165722890
ENR-001522,AN-000014,ACTE_NAISSANCE,AG001,Cotonou,2025-06-15,ADJOVI,Arnaud,2001-05-20,M,0905,FASSINOU Salamatou,
ENR-001523,AN-000599,ACTE_NAISSANCE,AG036,Aplahoué,2025-06-15,TOGBE,Rachid,1981-07-03,M,0302,TOSSOU Chimène,
ENR-001524,AN-000924,ACTE_NAISSANCE,AG029,Bohicon,2025-06-15,HOUNGBO,Rachidatou Aïcha,1987-11-28,F,0403,TOSSOU Gisèle,0131717825
ENR-001525,AN-001173,ACTE_NAISSANCE,AG039,Porto-Novo,2025-06-15,BONI,Brice,1969-10-25,M,0603,SOSSOU Flore,0122636215
ENR-001526,PP-001468,PASSEPORT,AG020,Lokossa,2025-06-15,AHOUANSOU,Sènami,1994-03-17,F,0307,ADANDE Fatoumata,
ENR-001527,AN-001929,ACTE_NAISSANCE,AG012,Aplahoué,2025-06-15,NOUATIN,Bernice,1967-03-28,F,0503,LOKONON Chimène,0134993266
ENR-001528,CC-002268,CARTE_CONSULAIRE,AG018,Natitingou,2025-06-15,BONI,  Sènami ,1964-09-05,F,1201,QUENUM Rosine,0151617212
ENR-001529,AN-002937,ACTE_NAISSANCE,AG032,Lokossa,2025-06-15,BONI,Fatoumata Ayaba,1969-03-03,F,0501,VODOUNON Carine,
ENR-001530,AN-003210,ACTE_NAISSANCE,AG033,Ouidah,2025-06-15,OSSENI,Rachid Codjo,1971-02-10,M,0302,TCHIBOZO Mariam,0125708571
ENR-001531,CC-003932,CARTE_CONSULAIRE,AG025,Cotonou,2025-06-15,OSSENI,Espérance,2001-01-19,F,0101,TCHIBOZO Judith,0143908690
ENR-001532,AN-004180,ACTE_NAISSANCE,AG024,Aplahoué,2025-06-15,YAROU,Gildas,1966-10-06,M,0904,CHABI Carine,
ENR-001533,AN-004613,ACTE_NAISSANCE,AG018,Natitingou,2025-06-15,AHOUANSOU,Gildas,2010-03-22,M,1102,VODOUNON Bernice,0127804932
ENR-001534,CC-002145,CARTE_CONSULAIRE,AG005,Bohicon,2025-06-16,ADANDE,Koffi,1964-07-19,M,1006,CODJIA Rosine,
ENR-001535,PP-002608,PASSEPORT,AG013,Cotonou,2025-06-16,DANSOU,Bernice,2001-02-13,F,1005,DOSSOU Prudence,
ENR-001536,CC-003780,CARTE_CONSULAIRE,AG038,Abomey-Calavi,2025-06-16,ADJOVI,Ibrahim,1978-01-13,M,0301,FASSINOU Chimène,0159446092
ENR-001537,AN-004752,ACTE_NAISSANCE,AG012,Aplahoué,2025-06-16,ALLADAYE,Sylvie,1993-11-10,F,1007,ADJOVI Bernice,0162982134
ENR-001538,AN-004937,ACTE_NAISSANCE,AG020,Lokossa,2025-06-16,BIO,Codjo,2015-12-23,M,0402,AMOUSSOU Gisèle,
ENR-001539,AN-000478,ACTE_NAISSANCE,AG019,Djougou,2025-06-17,IDRISSOU,Estelle,2009-08-22,F,0801,DANSOU Sènami,0139614387
ENR-001540,PP-000769,PASSEPORT,AG004,Parakou,2025-06-17,ADJOVI,Fabrice,2016-04-27,M,0504,AGOSSOU Bernice,0154011313
ENR-001541,AN-001338,ACTE_NAISSANCE,AG038,Abomey-Calavi,2025-06-17,ASSOGBA,Rosine,1980-01-19,F,0303,AHOUANSOU Prudence,0107434722
ENR-001542,CC-001365,CARTE_CONSULAIRE,AG002,Abomey-Calavi,2025-06-17,AHOYO,Sèmèvo,1995-11-14,F,0403,HOUESSOU Judith,0104757769
ENR-001543,AN-001433,ACTE_NAISSANCE,AG036,Aplahoué,2025-06-17,GBAGUIDI,Estelle Bernice,2004-04-19,F,0905,ASSOGBA Ayaba,0165772998
ENR-001544,CC-003688,CARTE_CONSULAIRE,AG013,Cotonou,2025-06-17,KPADONOU,Nadège,1981-03-03,F,1101,KOUKPAKI Rosine,
ENR-001545,PP-004266,PASSEPORT,AG014,Abomey-Calavi,2025-06-17,SOULEY,Yves Bienvenu,1981-10-16,M,0106,GBAGUIDI Sylvie,0152023517
ENR-001546,AN-004493,ACTE_NAISSANCE,AG030,Natitingou,2025-06-17,LOKONON,Estelle Rosine,1999-02-12,F,1002,TCHIBOZO Judith,0189542512
ENR-001547,PP-004593,PASSEPORT,AG011,Dassa-Zoumè,2025-06-17,ADJOVI,Ayaba,2010-12-18,F,0203,OSSENI Espérance,0172442199
ENR-001548,CC-000664,CARTE_CONSULAIRE,AG006,Natitingou,2025-06-18,ZINSOU,Ulrich,2005-04-03,M,0503,IDRISSOU Flore,
ENR-001549,PP-000899,PASSEPORT,AG019,Djougou,2025-06-18,HOUNKPATIN,Serge Codjo,1957-05-25,M,0602,MENSAH Aïcha,0198178414
ENR-001550,AN-001265,ACTE_NAISSANCE,AG020,Lokossa,2025-06-18,AKPOVI,Comlan,1995-05-31,M,0606,HOUNSOU Ayaba,01 12 16 58 97
ENR-001551,AN-001313,ACTE_NAISSANCE,AG024,Aplahoué,2025-06-18,YAROU,Aïcha,1985-09-29,F,1004,HOUNKPATIN Nadège,0116555450
ENR-001552,AN-001485,ACTE_NAISSANCE,AG017,Bohicon,2025-06-18,ASSOGBA,Serge Brice,1987-05-22,M,0505,QUENUM Flore,0110468606
ENR-001553,PP-001530,PASSEPORT,AG038,Abomey-Calavi,2025-06-18,SAGBO,Brice,1994-07-13,M,0106,BONI Judith,0179970484
ENR-001554,AN-001662,ACTE_NAISSANCE,AG038,Abomey-Calavi,2025-06-18,ADJOVI,Nadège Mariam,1976-04-26,F,1204,ASSOGBA Flore,0127376878
ENR-001555,AN-001778,ACTE_NAISSANCE,AG020,Lokossa,2025-06-18,YAROU,Gisèle,1982-03-26,F,0703,TOGBE Chimène,
ENR-001556,AN-001965,ACTE_NAISSANCE,AG014,Abomey-Calavi,2025-06-18,QUENUM,Gisèle Espérance,1974-07-02,F,1101,AKPOVI Sènami,0188169519
ENR-001557,CC-002260,CARTE_CONSULAIRE,AG037,Cotonou,2025-06-18,AGOSSOU,Sènami,2012-12-18,F,0606,HOUESSOU Salamatou,0192500461
ENR-001558,AN-003834,ACTE_NAISSANCE,AG012,Aplahoué,2025-06-18,OSSENI,Moussa,2008-05-22,M,0305,SOSSOU Judith,0184315572
ENR-001559,AN-004387,ACTE_NAISSANCE,AG035,Dassa-Zoumè,2025-06-18,HOUNSOU,Flore Judith,1966-07-27,F,0504,FASSINOU Estelle,0143523841
ENR-001560,AN-004700,ACTE_NAISSANCE,AG040,Parakou,2025-06-18,GLELE,Rachid,1993-10-09,M,0603,OSSENI Rachidatou,0115091610
ENR-001561,AN-004805,ACTE_NAISSANCE,AG038,Abomey-Calavi,2025-06-18,HOUNSOU,Aïcha,1948-07-03,F,0603,ADANDE Prudence,0112038381
ENR-001562,AN-004889,ACTE_NAISSANCE,AG024,Aplahoué,2025-06-18,KOUKPAKI,Ghislain,1983-08-18,M,0602,CODJIA Aïcha,0192970581
ENR-001563,AN-000363,ACTE_NAISSANCE,AG033,Ouidah,2025-06-19,KPADONOU,Comlan,1977-03-16,M,0901,TOSSOU Ayaba,0149487517
ENR-001564,PP-001058,PASSEPORT,AG019,Djougou,2025-06-19,BONI,Fabrice,1955-08-16,M,0208,BIO Aïcha,0186881502
ENR-001565,AN-002039,ACTE_NAISSANCE,AG020,Lokossa,2025-06-19,GLELE,Mahougnon,1959-11-15,M,0504,QUENUM Prudence,0136807474
ENR-001566,AN-002109,ACTE_NAISSANCE,AG017,Bohicon,2025-06-19,VODOUNON,Chimène,1995-03-03,F,0406,SOULEY Aïcha,0122127920
ENR-001567,CC-002336,CARTE_CONSULAIRE,AG003,Porto-Novo,2025-06-19,TOGBE,Chimène,1975-06-30,F,0406,LOKONON Fatoumata,0109386328
ENR-001568,PP-003007,PASSEPORT,AG013,Cotonou,2025-06-19,TOSSOU,Rachid,2008-05-08,M,0302,IDRISSOU Judith,0101399363
ENR-001569,CC-003589,CARTE_CONSULAIRE,AG001,Cotonou,2025-06-19,AMOUSSOU,Brice,1999-10-11,M,1103,QUENUM Judith,0117298815
ENR-001570,AN-003774,ACTE_NAISSANCE,AG006,Natitingou,2025-06-19,OSSENI,Brice,1993-02-06,M,1101,SOULEY Semevo,0157871834
ENR-001571,PP-004199,PASSEPORT,AG001,Cotonou,2025-06-19,ZINSOU,Gisèle,1996-02-22,F,0703,MENSAH Sylvie,0119653217
ENR-001572,AN-000752,ACTE_NAISSANCE,AG003,Porto-Novo,2025-06-20,TOGBE,Judith Bernice,1985-01-13,F,0903,VODOUNON Bernice,0125665391
ENR-001573,AN-000753,ACTE_NAISSANCE,AG019,Djougou,2025-06-20,SOSSOU,Bernice,1996-06-20,F,0101,BIO Prudence,
ENR-001574,AN-000756,ACTE_NAISSANCE,AG021,Ouidah,2025-06-20,YAROU,Flore,2000-11-24,F,1006,HOUESSOU Judith,0134073377
ENR-001575,CC-001554,CARTE_CONSULAIRE,AG029,Bohicon,2025-06-20,TCHIBOZO,Serge,2015-12-14,M,1204,FASSINOU Gisèle,0165257908
ENR-001576,PP-003704,PASSEPORT,AG009,Ouidah,2025-06-20,AHOYO,  Gisèle ,1950-08-20,F,0506,GBAGUIDI Estelle,0123446520
ENR-001577,AN-000650,ACTE_NAISSANCE,AG016,Parakou,2025-06-21,SOULEY,Mariam,2001-05-13,F,1009,FASSINOU Sènami,
ENR-001578,PP-000880,PASSEPORT,AG022,Kandi,2025-06-21,TCHIBOZO,Aicha,2008-11-03,F,0901,KOUKPAKI Gisele,0160102730
ENR-001579,AN-001085,ACTE_NAISSANCE,AG021,Ouidah,2025-06-21,AHOYO,Arnaud,1990-03-17,M,0205,ADANDE Rosine,0170017817
ENR-001580,AN-001619,ACTE_NAISSANCE,AG012,Aplahoué,2025-06-21,TOGBE,Koffi Fabrice,1966-05-13,M,1008,TOGBE Bernice,0145866590
ENR-001581,AN-003140,ACTE_NAISSANCE,AG040,Parakou,2025-06-21,ALLADAYE,Mahougnon,1994-08-13,M,1201,AGOSSOU Fatoumata,0194847730
ENR-001582,AN-003675,ACTE_NAISSANCE,AG037,Cotonou,2025-06-21,SOSSOU,Justin,1998-12-02,M,1204,BONI Espérance,0120865029
ENR-001583,AN-004049,ACTE_NAISSANCE,AG012,Aplahoué,2025-06-21,AHOUANSOU,Ulrich Rodrigue,1951-02-08,M,0408,FASSINOU Estelle,0182213350
ENR-001584,AN-004311,ACTE_NAISSANCE,AG038,Abomey-Calavi,2025-06-21,KPADONOU,Codjo Romaric,1979-06-06,M,0906,TOGBE Estelle,0112330833
ENR-001585,AN-004690,ACTE_NAISSANCE,AG036,Aplahoué,2025-06-21,AGOSSOU,Salamatou Mariam,1993-09-07,F,1203,HOUESSOU Aïcha,0133389032
ENR-001586,AN-000047,ACTE_NAISSANCE,AG034,Kandi,2025-06-22,BIO,Chimène,1991-06-22,F,0204,KPADONOU Flore,0172527812
ENR-001587,AN-000925,ACTE_NAISSANCE,AG035,Dassa-Zoumè,2025-06-22,AHOYO,Aïcha,1952-03-06,F,0905,NOUATIN Chimène,0111016422
ENR-001588,AN-002216,ACTE_NAISSANCE,AG009,Ouidah,2025-06-22,ASSOGBA,Nadège,1973-06-12,F,0906,VODOUNON Chimène,0150726826
ENR-001589,PP-002605,PASSEPORT,AG018,Natitingou,2025-06-22,TCHIBOZO,Bienvenu,1970-12-28,M,0606,MENSAH Flore,0175961669
ENR-001590,AN-003016,ACTE_NAISSANCE,AG034,Kandi,2025-06-22,GLELE,Nadège,1987-12-25,F,0502,AHOYO Fatoumata,0188883438
ENR-001591,PP-003663,PASSEPORT,AG018,Natitingou,2025-06-22,HOUNKPATIN,Rachidatou Aïcha,1991-07-01,F,1001,CHABI Flore,0196948587
ENR-001592,AN-003861,ACTE_NAISSANCE,AG030,Natitingou,2025-06-22,IDRISSOU,Comlan Rachid,1983-01-22,M,1102,BONI Prudence,0188386405
ENR-001593,PP-003871,PASSEPORT,AG017,Bohicon,2025-06-22,HOUESSOU,Mariam,1973-05-02,F,1207,GBAGUIDI Bernice,0129171374
ENR-001594,AN-004133,ACTE_NAISSANCE,AG031,Djougou,2025-06-22,HOUESSOU,Rosine,1978-12-07,F,0301,KOUKPAKI Espérance,01 85 67 04 43
ENR-001595,AN-004243,ACTE_NAISSANCE,AG001,Cotonou,2025-06-22,AKPOVI,Rodrigue,1996-03-04,M,0104,AHOUANSOU Judith,0133435773
ENR-001596,PP-004501,PASSEPORT,AG010,Kandi,2025-06-22,HOUNKPATIN,Espérance,1993-07-28,F,0203,BONI Salamatou,0192675350
ENR-001597,AN-004774,ACTE_NAISSANCE,AG007,Djougou,2025-06-22,MENSAH,Sylvie,1995-08-24,F,0301,YAROU Prudence,
ENR-001598,AN-000083,ACTE_NAISSANCE,AG004,Parakou,2025-06-23,HOUNGBO,Sylvie Flore,2003-10-12,F,0402,AGOSSOU Ayaba,0171861581
ENR-001599,AN-000640,ACTE_NAISSANCE,AG019,Djougou,2025-06-23,BIO,Mariam Rosine,1979-08-15,F,0205,AGOSSOU Carine,
ENR-001600,AN-002078,ACTE_NAISSANCE,AG025,Cotonou,2025-06-23,SOULEY,Nadège Rachidatou,1975-03-25,F,0308,ALLADAYE Carine,
ENR-001601,AN-002797,ACTE_NAISSANCE,AG033,Ouidah,2025-06-23,GBAGUIDI,Moussa Bienvenu,2001-06-21,M,0702,AHOYO Sènami,0139910350
ENR-001602,AN-003715,ACTE_NAISSANCE,AG032,Lokossa,2025-06-23,GLELE,Ghislain,1992-12-09,M,1001,BIO Rachidatou,0192884668
ENR-001603,CC-003731,CARTE_CONSULAIRE,AG019,Djougou,2025-06-23,KIKI,Serge,1954-06-18,M,1205,HOUNKPATIN Sènami,0146278947
ENR-001604,AN-004179,ACTE_NAISSANCE,AG032,Lokossa,2025-06-23,HOUNKPATIN,Romaric,2002-12-12,M,0204,LOKONON Chimène,0139323926
ENR-001605,AN-004750,ACTE_NAISSANCE,AG028,Parakou,2025-06-23,FASSINOU,Fatoumata Aïcha,2005-07-09,F,1201,ALLADAYE Chimène,0198147101
ENR-001606,AN-000239,ACTE_NAISSANCE,AG037,Cotonou,2025-06-24,DANSOU,Comlan,1988-11-20,M,0905,ADJOVI Nadège,0197246376
ENR-001607,AN-000243,ACTE_NAISSANCE,AG038,Abomey-Calavi,2025-06-24,AHOUANSOU,Aïcha,1975-03-06,F,1203,DOSSOU Fatoumata,0140737420
ENR-001608,AN-000424,ACTE_NAISSANCE,AG029,Bohicon,2025-06-24,KOUKPAKI,Mariam,2008-10-28,F,0408,YAROU Nadège,0151551022
ENR-001609,PP-000429,PASSEPORT,AG021,Ouidah,2025-06-24,HOUNKPATIN,Brice,1988-06-05,M,0702,AMOUSSOU Sèmèvo,0114770015
ENR-001610,AN-000802,ACTE_NAISSANCE,AG028,Parakou,2025-06-24,KIKI,Bernice,1970-07-06,F,1101,ADJOVI Bernice,0126342793
ENR-001611,CC-000823,CARTE_CONSULAIRE,AG016,Parakou,2025-06-24,KOUKPAKI,Prudence,1972-02-22,F,0105,AGBODJAN Nadège,0144021291
ENR-001612,CC-000863,CARTE_CONSULAIRE,AG013,Cotonou,2025-06-24,NOUATIN,Nadège,1965-09-08,F,0405,AKPOVI Rosine,0168354209
ENR-001613,PP-001649,PASSEPORT,AG034,Kandi,2025-06-24,DOSSOU,Ibrahim,1989-03-15,M,1209,GBAGUIDI Fatoumata,0150564258
ENR-001614,AN-001998,ACTE_NAISSANCE,AG007,Djougou,2025-06-24,SAGBO,Ulrich Rachid,1995-02-27,M,0408,AMOUSSOU Ayaba,0124728775
ENR-001615,AN-002226,ACTE_NAISSANCE,AG035,Dassa-Zoumè,2025-06-24,BONI,Rosine Prudence,2016-12-10,F,0503,CODJIA Nadège,130655229
ENR-001616,AN-002379,ACTE_NAISSANCE,AG017,Bohicon,2025-06-24,AHOUANSOU,Chimène,1961-06-27,F,0101,SOSSOU Estelle,0186869322
ENR-001617,AN-002545,ACTE_NAISSANCE,AG019,Djougou,2025-06-24,ZINSOU,Espérance,2013-04-25,F,0203,ASSOGBA Nadège,0166831505
ENR-001618,AN-003185,ACTE_NAISSANCE,AG003,Porto-Novo,2025-06-24,BIO,Moussa Ulrich,1953-12-15,M,1209,BIO Ayaba,0189481854
ENR-001619,PP-003451,PASSEPORT,AG013,Cotonou,2025-06-24,AKPOVI,Comlan,1969-11-24,M,0402,QUENUM Ayaba,0124395775
ENR-001620,AN-003962,ACTE_NAISSANCE,AG013,Cotonou,2025-06-24,BIO,Arnaud Ibrahim,2001-01-01,M,1103,AHOYO Gisèle,0172209333
ENR-001621,CC-004001,CARTE_CONSULAIRE,AG019,Djougou,2025-06-24,KOUKPAKI,Gildas,2013-12-09,M,0904,QUENUM Salamatou,0105836973
ENR-001622,CC-004405,CARTE_CONSULAIRE,AG019,Djougou,2025-06-24,HOUNGBO,Moussa Justin,1978-10-01,M,0906,ADJOVI Rachidatou,0161504525
ENR-001623,AN-000095,ACTE_NAISSANCE,AG017,Bohicon,2025-06-25,HOUESSOU,Brice,1999-12-16,M,0605,ALLADAYE Carine,0176412974
ENR-001624,AN-000523,ACTE_NAISSANCE,AG016,Parakou,2025-06-25,NOUATIN,Rodrigue,1955-05-22,M,1007,ASSOGBA Aïcha,0100332274
ENR-001625,AN-000691,ACTE_NAISSANCE,AG026,Abomey-Calavi,2025-06-25,ALLADAYE,Gildas,1939-10-17,M,1208,SOSSOU Chimène,0171702021
ENR-001626,AN-000795,ACTE_NAISSANCE,AG033,Ouidah,2025-06-25,NOUATIN,Rachidatou,1996-11-19,F,0605,KPADONOU Carine,0115924404
ENR-001627,AN-001391,ACTE_NAISSANCE,AG005,Bohicon,2025-06-25,ADJOVI,Rosine Prudence,1939-05-01,F,0503,AGOSSOU Sèmèvo,0154679254
ENR-001628,AN-002183,ACTE_NAISSANCE,AG015,Porto-Novo,2025-06-25,HOUNKPATIN,Ulrich Serge,2000-03-22,M,0203,GBAGUIDI Carine,0171645509
ENR-001629,AN-002758,ACTE_NAISSANCE,AG034,Kandi,2025-06-25,GLELE,Nadège,1987-10-04,F,0402,HOUNKPATIN Flore,
ENR-001630,AN-003207,ACTE_NAISSANCE,AG027,Porto-Novo,2025-06-25,KIKI,Rosine Mariam,1986-05-08,F,1205,BONI Ayaba,0152045210
ENR-001631,CC-003276,CARTE_CONSULAIRE,AG004,Parakou,2025-06-25,GBAGUIDI,Romaric,2002-07-05,M,1205,ZINSOU Espérance,0109409042
ENR-001632,AN-003608,ACTE_NAISSANCE,AG019,Djougou,2025-06-25,QUENUM,Rodrigue,2000-05-26,M,0307,AGBODJAN Rachidatou,0199972492
ENR-001633,PP-003627,PASSEPORT,AG017,Bohicon,2025-06-25,HOUESSOU,Romaric,2016-08-15,M,1209,CODJIA Espérance,0157311956
ENR-001634,AN-004838,ACTE_NAISSANCE,AG003,Porto-Novo,2025-06-25,BIO,Flore Rosine,2004-02-21,F,0205,KOUKPAKI Flore,0100025546
ENR-001635,AN-000909,ACTE_NAISSANCE,AG005,Bohicon,2025-06-26,YAROU,Judith Ayaba,1973-02-07,F,0504,AMOUSSOU Prudence,0158323541
ENR-001636,AN-000910,ACTE_NAISSANCE,AG019,Djougou,2025-06-26,HOUESSOU,Yves,2015-06-14,M,0407,AKPOVI Fatoumata,0159129228
ENR-001637,PP-001228,PASSEPORT,AG006,Natitingou,2025-06-26,NOUATIN,Rodrigue,1986-04-28,M,1207,CODJIA Nadège,0164723017
ENR-001638,CC-001507,CARTE_CONSULAIRE,AG038,Abomey-Calavi,2025-06-26,MENSAH,Flore Judith,2013-05-23,F,0704,CODJIA Rachidatou,0179132874
ENR-001639,AN-001661,ACTE_NAISSANCE,AG032,Lokossa,2025-06-26,IDRISSOU,Sèmèvo,1998-11-29,F,0103,YAROU Gisèle,0126544027
ENR-001640,PP-001991,PASSEPORT,AG034,Kandi,2025-06-26,AHOUANSOU,Ibrahim,1988-09-10,M,0207,AHOYO Sènami,0170936692
ENR-001641,AN-002305,ACTE_NAISSANCE,AG027,Porto-Novo,2025-06-26,BONI,Nadège,1993-05-28,F,0703,DANSOU Rachidatou,0197657702
ENR-001642,AN-003177,ACTE_NAISSANCE,AG014,Abomey-Calavi,2025-06-26,SOSSOU,Bienvenu,2011-03-17,M,0406,CHABI Prudence,0145986652
ENR-001643,PP-004334,PASSEPORT,AG033,Ouidah,2025-06-26,HOUNSOU,Espérance,1999-01-26,F,1204,GBAGUIDI Rosine,0171583034
ENR-001644,AN-004607,ACTE_NAISSANCE,AG027,Porto-Novo,2025-06-26,AKPOVI,Flore,1981-06-07,F,0704,VODOUNON Prudence,0126632202
ENR-001645,CC-004627,CARTE_CONSULAIRE,AG025,Cotonou,2025-06-26,FASSINOU,Salamatou,1995-12-10,F,0605,SOULEY Flore,0162795550
ENR-001646,CC-000356,CARTE_CONSULAIRE,AG030,Natitingou,2025-06-27,AGOSSOU,Ibrahim,1949-04-23,M,1201,KPADONOU Sènami,
ENR-001647,AN-001083,ACTE_NAISSANCE,AG030,Natitingou,2025-06-27,TOGBE,Sèmèvo Estelle,1996-06-30,F,0905,ALLADAYE Prudence,0129074324
ENR-001648,AN-001372,ACTE_NAISSANCE,AG027,Porto-Novo,2025-06-27,AHOUANSOU,Codjo,1991-06-20,M,0305,GBAGUIDI Rosine,0196460513
ENR-001649,AN-003121,ACTE_NAISSANCE,AG035,Dassa-Zoumè,2025-06-27,DANSOU,Rosine,2017-07-17,F,1202,DANSOU Carine,0128849621
ENR-001650,AN-000197,ACTE_NAISSANCE,AG038,Abomey-Calavi,2025-06-28,KPADONOU,Judith,2005-04-20,F,0307,GLELE Estelle,0173046523
ENR-001651,PP-000259,PASSEPORT,AG031,Djougou,2025-06-28,ADANDE,Gisèle,1976-05-07,F,1008,ADANDE Sènami,
ENR-001652,CC-000375,CARTE_CONSULAIRE,AG025,Cotonou,2025-06-28,YAROU,Koffi,1975-02-13,M,0408,ALLADAYE Sènami,0160768331
ENR-001653,AN-000678,ACTE_NAISSANCE,AG019,Djougou,2025-06-28,CODJIA,Sènami,1978-04-05,F,0408,ZANNOU Sènami,0170409903
ENR-001654,PP-002048,PASSEPORT,AG027,Porto-Novo,2025-06-28,SOSSOU,  Salamatou   Bernice ,1981-02-10,F,1206,MENSAH Fatoumata,0115427111
ENR-001655,PP-002552,PASSEPORT,AG013,Cotonou,2025-06-28,VODOUNON,Brice,1980-12-30,M,0204,KPADONOU Fatoumata,0109122691
ENR-001656,AN-003548,ACTE_NAISSANCE,AG023,Dassa-Zoumè,2025-06-28,QUENUM,Nadège,1979-09-20,F,1101,IDRISSOU Gisèle,0143997881
ENR-001657,CC-004308,CARTE_CONSULAIRE,AG031,Djougou,2025-06-28,LOKONON,Bernice,1948-12-08,F,0906,ADANDE Bernice,0108648878
ENR-001658,CC-004357,CARTE_CONSULAIRE,AG009,Ouidah,2025-06-28,ADANDE,Mariam Gisèle,2009-12-30,F,0404,HOUNKPATIN Sènami,0140039923
ENR-001659,AN-004868,ACTE_NAISSANCE,AG030,Natitingou,2025-06-28,ZANNOU,Aïcha Mariam,1995-04-18,F,0302,AHOUANSOU Nadège,
ENR-001660,AN-000049,ACTE_NAISSANCE,AG039,Porto-Novo,2025-06-29,AHOUANSOU,Arnaud,1975-09-13,M,0501,CODJIA Sylvie,0171120984
ENR-001661,AN-000053,ACTE_NAISSANCE,AG028,Parakou,2025-06-29,TOGBE,Rosine,1989-06-19,F,0403,KOUKPAKI Sylvie,0127670940
ENR-001662,AN-000507,ACTE_NAISSANCE,AG034,Kandi,2025-06-29,IDRISSOU,Comlan,2004-05-08,M,0308,CODJIA Flore,0147518390
ENR-001663,AN-001126,ACTE_NAISSANCE,AG027,Porto-Novo,2025-06-29,IDRISSOU,Ibrahim,1985-05-04,M,1004,ZANNOU Espérance,0138013081
ENR-001664,PP-001561,PASSEPORT,AG015,Porto-Novo,2025-06-29,AKPOVI,Gildas,1963-07-11,M,1008,SOSSOU Nadège,
ENR-001665,CC-002016,CARTE_CONSULAIRE,AG024,Aplahoué,2025-06-29,OSSENI,Mariam,1988-04-23,F,1006,QUENUM Mariam,0118879957
ENR-001666,AN-002582,ACTE_NAISSANCE,AG002,Abomey-Calavi,2025-06-29,OSSENI,Estelle,1969-02-12,F,0403,HOUNSOU Rosine,0122912830
ENR-001667,PP-003027,PASSEPORT,AG036,Aplahoué,2025-06-29,ASSOGBA,Gisèle,2013-08-02,F,1006,ALLADAYE Flore,
ENR-001668,PP-003340,PASSEPORT,AG022,Kandi,2025-06-29,ADANDE,Ibrahim,1998-08-20,M,1104,SOULEY Gisèle,0167740963
ENR-001669,CC-003479,CARTE_CONSULAIRE,AG028,Parakou,2025-06-29,SOULEY,Carine,2015-09-15,F,0305,FASSINOU Nadège,0182110974
ENR-001670,AN-004340,ACTE_NAISSANCE,AG036,Aplahoué,2025-06-29,IDRISSOU,Bernice Sèmèvo,1990-04-06,F,0905,DANSOU Nadège,0109381961
ENR-001671,CC-004745,CARTE_CONSULAIRE,AG029,Bohicon,2025-06-29,TCHIBOZO,Rosine,1956-12-21,F,1102,ASSOGBA Aïcha,0127636401
ENR-001672,PP-004819,PASSEPORT,AG018,Natitingou,2025-06-29,AGOSSOU,Salamatou,1992-09-25,F,1201,KPADONOU Gisèle,0118878549
ENR-001673,AN-004873,ACTE_NAISSANCE,AG020,Lokossa,2025-06-29,MENSAH,Koffi,1981-10-12,M,0606,AHOYO Sylvie,0139947195
ENR-001674,CC-001225,CARTE_CONSULAIRE,AG028,Parakou,2025-06-30,DOSSOU,Rachid,2004-07-07,M,0606,ADJOVI Nadège,0167474968
ENR-001675,CC-001572,CARTE_CONSULAIRE,AG013,Cotonou,2025-06-30,KPADONOU,Fatoumata Estelle,1982-06-24,F,1104,GLELE Bernice,0177610733
ENR-001676,AN-002571,ACTE_NAISSANCE,AG024,Aplahoué,2025-06-30,ADJOVI,Judith,1980-07-25,F,0404,TOSSOU Ayaba,0156776268
ENR-001677,AN-002976,ACTE_NAISSANCE,AG022,Kandi,2025-06-30,KIKI,Carine,1949-03-26,F,1104,BIO Rachidatou,
ENR-001678,AN-000228,ACTE_NAISSANCE,AG010,Kandi,2025-07-01,BIO,Chimène Ayaba,1990-10-14,F,1205,ASSOGBA Carine,0169518350
ENR-001679,PP-000403,PASSEPORT,AG007,Djougou,2025-07-01,HOUESSOU,Espérance,1987-02-12,F,0204,SAGBO Fatoumata,0125199140
ENR-001680,AN-000469,ACTE_NAISSANCE,AG005,Bohicon,2025-07-01,TCHIBOZO,Sènami Rachidatou,1976-11-15,F,0401,BIO Salamatou,0134588051
ENR-001681,AN-002327,ACTE_NAISSANCE,AG010,Kandi,2025-07-01,FASSINOU,Sylvie,1990-08-08,F,1101,ZINSOU Sènami,0124355559
ENR-001682,AN-002395,ACTE_NAISSANCE,AG034,Kandi,2025-07-01,ASSOGBA,Ulrich Fidèle,1966-10-22,M,0305,GLELE Salamatou,0166414745
ENR-001683,AN-002492,ACTE_NAISSANCE,AG003,Porto-Novo,2025-07-01,AKPOVI,Justin,1983-02-26,M,1206,QUENUM Sylvie,0165482858
ENR-001684,PP-004274,PASSEPORT,AG027,Porto-Novo,2025-07-01,SOSSOU,Bernice,1985-04-15,F,0504,QUENUM Fatoumata,0172734624
ENR-001685,AN-000869,ACTE_NAISSANCE,AG003,Porto-Novo,2025-07-02,ALLADAYE,Moussa,1977-12-05,M,1104,LOKONON Estelle,0179940965
ENR-001686,AN-000926,ACTE_NAISSANCE,AG021,Ouidah,2025-07-02,GBAGUIDI,Fidèle,1977-04-12,M,0903,BIO Sèmèvo,0129958009
ENR-001687,AN-001113,ACTE_NAISSANCE,AG016,Parakou,2025-07-02,CODJIA,Sèmèvo,1992-07-31,F,0606,KOUKPAKI Fatoumata,0100116067
ENR-001688,CC-001483,CARTE_CONSULAIRE,AG037,Cotonou,2025-07-02,HOUNGBO,Ayaba,1972-05-18,F,0504,HOUNSOU Chimène,0115569110
ENR-001689,AN-001516,ACTE_NAISSANCE,AG024,Aplahoué,2025-07-02,CHABI,  Rachid ,1978-01-15,M,0304,QUENUM Bernice,0173909013
ENR-001690,AN-002058,ACTE_NAISSANCE,AG024,Aplahoué,2025-07-02,ADJOVI,Fabrice Rodrigue,1997-01-18,M,0205,OSSENI Bernice,+2290137900320
ENR-001691,CC-002404,CARTE_CONSULAIRE,AG023,Dassa-Zoumè,2025-07-02,ZINSOU,Carine,2016-08-13,F,1101,SOSSOU Ayaba,0167555633
ENR-001692,AN-002876,ACTE_NAISSANCE,AG005,Bohicon,2025-07-02,ZANNOU,Judith Salamatou,1960-08-07,F,0203,ADANDE Bernice,0185188985
ENR-001693,AN-003144,ACTE_NAISSANCE,AG001,Cotonou,2025-07-02,NOUATIN,Rosine,1950-06-10,F,1201,AHOYO Carine,0172054575
ENR-001694,AN-003609,ACTE_NAISSANCE,AG030,Natitingou,2025-07-02,ASSOGBA,Ghislain,1964-09-03,M,0103,VODOUNON Rachidatou,
ENR-001695,AN-003856,ACTE_NAISSANCE,AG027,Porto-Novo,2025-07-02,QUENUM,Chimène,1976-03-08,F,0904,GLELE Fatoumata,0186809457
ENR-001696,CC-004730,CARTE_CONSULAIRE,AG002,Abomey-Calavi,2025-07-02,CHABI,Rachid Codjo,1978-04-14,M,0407,AGBODJAN Salamatou,0165250021
ENR-001697,AN-000629,ACTE_NAISSANCE,AG022,Kandi,2025-07-03,QUENUM,Rodrigue,1995-04-30,M,1005,AHOUANSOU Fatoumata,0134754233
ENR-001698,AN-000782,ACTE_NAISSANCE,AG028,Parakou,2025-07-03,HOUNKPATIN,Rodrigue Arnaud,1961-12-17,M,0503,GBAGUIDI Carine,0184846903
ENR-001699,AN-000893,ACTE_NAISSANCE,AG016,Parakou,2025-07-03,GBAGUIDI,Aïcha,1998-09-11,F,0504,GBAGUIDI Rosine,0124725948
ENR-001700,AN-001490,ACTE_NAISSANCE,AG033,Ouidah,2025-07-03,ADJOVI,Prudence Gisèle,1962-03-31,F,0403,SOSSOU Judith,
ENR-001701,AN-002028,ACTE_NAISSANCE,AG030,Natitingou,2025-07-03,AMOUSSOU,Sylvie Rachidatou,2022-11-16,F,0205,ADANDE Salamatou,0189949329
ENR-001702,AN-002285,ACTE_NAISSANCE,AG014,Abomey-Calavi,2025-07-03,BIO,Prudence,2025-04-09,F,1102,IDRISSOU Rosine,0106912183
ENR-001703,CC-002354,CARTE_CONSULAIRE,AG004,Parakou,2025-07-03,LOKONON,Salamatou Nadège,1957-04-07,F,0703,OSSENI Salamatou,0128117773
ENR-001704,AN-002393,ACTE_NAISSANCE,AG037,Cotonou,2025-07-03,AGBODJAN,Flore Estelle,1995-03-08,F,0606,TOGBE Fatoumata,
ENR-001705,AN-002726,ACTE_NAISSANCE,AG019,Djougou,2025-07-03,HOUNKPATIN,Fidèle,2010-01-23,M,0208,BONI Rosine,0102149144
ENR-001706,AN-002808,ACTE_NAISSANCE,AG019,Djougou,2025-07-03,YAROU,Bienvenu Arnaud,1992-09-07,M,0202,GLELE Sèmèvo,0108458969
ENR-001707,AN-003127,ACTE_NAISSANCE,AG033,Ouidah,2025-07-03,AHOYO,Nadège Prudence,2006-01-30,F,1008,TOSSOU Nadège,0109348431
ENR-001708,PP-003633,PASSEPORT,AG014,Abomey-Calavi,2025-07-03,OSSENI,Espérance,1966-02-26,F,0506,SOULEY Carine,0159491702
ENR-001709,AN-003710,ACTE_NAISSANCE,AG031,Djougou,2025-07-03,KPADONOU,Romaric,1950-12-15,M,0103,ADANDE Rosine,
ENR-001710,AN-000126,ACTE_NAISSANCE,AG040,Parakou,2025-07-04,AHOYO,Yves,1994-08-27,M,1202,AMOUSSOU Rachidatou,0127105286
ENR-001711,CC-000304,CARTE_CONSULAIRE,AG015,Porto-Novo,2025-07-04,MENSAH,Rachid,1948-01-12,M,0902,IDRISSOU Fatoumata,0146907048
ENR-001712,PP-000996,PASSEPORT,AG023,Dassa-Zoumè,2025-07-04,SOULEY,Gisèle,2001-11-29,F,0801,NOUATIN Ayaba,0166220055
ENR-001713,AN-001335,ACTE_NAISSANCE,AG022,Kandi,2025-07-04,DANSOU,Rodrigue Yves,1988-09-30,M,1003,CODJIA Salamatou,0137277971
ENR-001714,AN-001553,ACTE_NAISSANCE,AG017,Bohicon,2025-07-04,HOUNKPATIN,Yves,1952-08-14,M,0703,ZINSOU Rachidatou,0161718886
ENR-001715,AN-001783,ACTE_NAISSANCE,AG033,Ouidah,2025-07-04,DANSOU,Sèmèvo,2003-06-09,F,1206,GLELE Gisèle,0187369243
ENR-001716,AN-002044,ACTE_NAISSANCE,AG017,Bohicon,2025-07-04,OSSENI,Brice,1973-10-24,M,1205,SOSSOU Sèmèvo,0191041305
ENR-001717,PP-002930,PASSEPORT,AG036,Aplahoué,2025-07-04,TCHIBOZO,Moussa,2002-05-09,M,1002,SAGBO Judith,0101226876
ENR-001718,AN-002966,ACTE_NAISSANCE,AG031,Djougou,2025-07-04,DOSSOU,  Ibrahim ,2020-03-04,M,0203,ADANDE Bernice,0180937425
ENR-001719,AN-003168,ACTE_NAISSANCE,AG024,Aplahoué,2025-07-04,HOUESSOU,Ghislain,1965-01-11,M,0406,YAROU Judith,0196190838
ENR-001720,AN-003739,ACTE_NAISSANCE,AG036,Aplahoué,2025-07-04,IDRISSOU,Espérance Rachidatou,1996-06-08,F,1005,YAROU Chimène,01 25 95 48 91
ENR-001721,PP-003744,PASSEPORT,AG008,Lokossa,2025-07-04,TCHIBOZO,Brice,1984-08-13,M,0301,QUENUM Mariam,0130811287
ENR-001722,AN-004134,ACTE_NAISSANCE,AG031,Djougou,2025-07-04,sossou,Chimène Aïcha,1996-03-26,F,0604,AHOYO Espérance,0198052553
ENR-001723,CC-000100,CARTE_CONSULAIRE,AG022,Kandi,2025-07-05,KIKI,  Moussa   Ghislain ,2016-08-21,M,1003,IDRISSOU Flore,0197110098
ENR-001724,AN-000731,ACTE_NAISSANCE,AG002,Abomey-Calavi,2025-07-05,GBAGUIDI,Carine,1997-04-05,F,0905,SAGBO Chimène,0122335374
ENR-001725,AN-001504,ACTE_NAISSANCE,AG038,Abomey-Calavi,2025-07-05,AGBODJAN,Arnaud,1965-04-17,M,0308,GBAGUIDI Fatoumata,0140595308
ENR-001726,AN-001840,ACTE_NAISSANCE,AG004,Parakou,2025-07-05,ZINSOU,Rodrigue Arnaud,1981-11-27,M,0703,HOUNSOU Prudence,66200543
ENR-001727,AN-003331,ACTE_NAISSANCE,AG031,Djougou,2025-07-05,AKPOVI,Rodrigue,2015-05-16,M,1002,YAROU Mariam,0175711963
ENR-001728,AN-004078,ACTE_NAISSANCE,AG003,Porto-Novo,2025-07-05,DANSOU,Ghislain Serge,1975-01-06,M,0402,CODJIA Carine,0151881238
ENR-001729,PP-004435,PASSEPORT,AG030,Natitingou,2025-07-05,ADJOVI,Fabrice,2007-08-07,M,1204,TOSSOU Mariam,0111647080
ENR-001730,AN-000807,ACTE_NAISSANCE,AG030,Natitingou,2025-07-06,BIO,Ghislain,1965-07-04,M,0306,ALLADAYE Ayaba,0150868041
ENR-001731,AN-001039,ACTE_NAISSANCE,AG039,Porto-Novo,2025-07-06,DANSOU,Chimène,1973-09-25,F,1105,HOUESSOU Rachidatou,0108491758
ENR-001732,PP-001252,PASSEPORT,AG031,Djougou,2025-07-06,ASSOGBA,Sènami,2007-05-30,F,0103,AHOYO Sènami,0173520114
ENR-001733,CC-001940,CARTE_CONSULAIRE,AG015,Porto-Novo,2025-07-06,HOUESSOU,Gildas,1982-03-26,M,0801,AGBODJAN Nadège,0142200179
ENR-001734,AN-002178,ACTE_NAISSANCE,AG015,Porto-Novo,2025-07-06,AHOYO,Ghislain,1983-12-14,M,0403,AGBODJAN Salamatou,
ENR-001735,AN-002208,ACTE_NAISSANCE,AG009,Ouidah,2025-07-06,FASSINOU,Espérance,2021-12-08,F,0902,BIO Judith,0186967265
ENR-001736,AN-003673,ACTE_NAISSANCE,AG027,Porto-Novo,2025-07-06,DANSOU,Serge,2017-04-18,M,0408,AHOYO Sylvie,0165988863
ENR-001737,AN-004017,ACTE_NAISSANCE,AG032,Lokossa,2025-07-06,AHOYO,Fidèle,1989-11-23,M,0404,ZINSOU Espérance,0143947018
ENR-001738,AN-004203,ACTE_NAISSANCE,AG005,Bohicon,2025-07-06,BONI,Rachid,2000-11-03,M,0101,AHOYO Mariam,0101395818
ENR-001739,AN-004409,ACTE_NAISSANCE,AG019,Djougou,2025-07-06,FASSINOU,Sènami Estelle,1992-04-29,F,1006,ZANNOU Ayaba,0112598982
ENR-001740,CC-004977,CARTE_CONSULAIRE,AG013,Cotonou,2025-07-06,SAGBO,Ghislain Gildas,1986-10-07,M,1205,BONI Salamatou,0142615269
ENR-001741,AN-000503,ACTE_NAISSANCE,AG013,Cotonou,2025-07-07,KOUKPAKI,Estelle Fatoumata,2001-02-23,F,1208,AMOUSSOU Sèmèvo,0142586012
ENR-001742,AN-001104,ACTE_NAISSANCE,AG015,Porto-Novo,2025-07-07,QUENUM,Rosine,1994-04-27,F,1005,ADANDE Sèmèvo,0199891405
ENR-001743,AN-001171,ACTE_NAISSANCE,AG035,Dassa-Zoumè,2025-07-07,DOSSOU,Ulrich,1998-09-26,M,0603,SOSSOU Carine,0156831021
ENR-001744,AN-001630,ACTE_NAISSANCE,AG017,Bohicon,2025-07-07,DOSSOU,Prudence Estelle,1982-09-20,F,0801,AGOSSOU Sènami,0177030503
ENR-001745,CC-002204,CARTE_CONSULAIRE,AG034,Kandi,2025-07-07,AGOSSOU,Koffi,2001-03-29,M,0205,MENSAH Aïcha,0182473250
ENR-001746,PP-002311,PASSEPORT,AG013,Cotonou,2025-07-07,FASSINOU,Fidèle,2008-11-20,M,0901,GBAGUIDI Prudence,0121546357
ENR-001747,AN-003141,ACTE_NAISSANCE,AG024,Aplahoué,2025-07-07,OSSENI,Rachid,1969-02-16,M,0505,QUENUM Judith,0113377489
ENR-001748,AN-003220,ACTE_NAISSANCE,AG014,Abomey-Calavi,2025-07-07,DOSSOU,Justin Ibrahim,2004-06-19,M,0501,AHOYO Rosine,0150466846
ENR-001749,AN-003897,ACTE_NAISSANCE,AG017,Bohicon,2025-07-07,AGOSSOU,Carine,1992-09-23,F,0305,DOSSOU Rachidatou,0168937951
ENR-001750,PP-004808,PASSEPORT,AG039,Porto-Novo,2025-07-07,IDRISSOU,Codjo,1948-03-22,M,0703,ZANNOU Salamatou,0101049205
ENR-001751,PP-004970,PASSEPORT,AG026,Abomey-Calavi,2025-07-07,GLELE,Koffi,1985-11-06,M,0105,AHOYO Bernice,0123749015
ENR-001752,AN-001503,ACTE_NAISSANCE,AG014,Abomey-Calavi,2025-07-08,TOGBE,Arnaud Romaric,2009-02-28,M,0901,TCHIBOZO Flore,0156722850
ENR-001753,CC-001545,CARTE_CONSULAIRE,AG026,Abomey-Calavi,2025-07-08,agossou,Rachid,2011-03-21,M,0206,SAGBO Sènami,0110072123
ENR-001754,AN-004084,ACTE_NAISSANCE,AG014,Abomey-Calavi,2025-07-08,KOUKPAKI,Gildas Koffi,2014-02-16,M,0505,KPADONOU Sylvie,0142635516
ENR-001755,PP-004175,PASSEPORT,AG035,Dassa-Zoumè,2025-07-08,GBAGUIDI,Fatoumata,2017-11-01,F,1202,HOUNKPATIN Sèmèvo,0198108050
ENR-001756,CC-004427,CARTE_CONSULAIRE,AG036,Aplahoué,2025-07-08,OSSENI,Ulrich Koffi,1977-04-29,M,1102,FASSINOU Ayaba,
ENR-001757,AN-000030,ACTE_NAISSANCE,AG023,Dassa-Zoumè,2025-07-09,ASSOGBA,Espérance,1986-10-30,F,1007,AHOYO Aïcha,014478378305
ENR-001758,AN-001263,ACTE_NAISSANCE,AG006,Natitingou,2025-07-09,AHOYO,Codjo,2002-07-12,M,0905,SOULEY Rosine,0180000557
ENR-001759,AN-003237,ACTE_NAISSANCE,AG029,Bohicon,2025-07-09,TCHIBOZO,Chimène,2004-02-03,F,0906,KOUKPAKI Salamatou,0114282512
ENR-001760,AN-003409,ACTE_NAISSANCE,AG024,Aplahoué,2025-07-09,HOUNGBO,Arnaud,1973-11-11,M,0505,AKPOVI Prudence,0132458251
ENR-001761,AN-000572,ACTE_NAISSANCE,AG010,Kandi,2025-07-10,HOUNKPATIN,Fatoumata Carine,1980-01-22,F,0305,BONI Rachidatou,0113974212
ENR-001762,CC-001046,CARTE_CONSULAIRE,AG016,Parakou,2025-07-10,MENSAH,Ayaba,1969-06-25,F,0106,AMOUSSOU Ayaba,
ENR-001763,AN-001254,ACTE_NAISSANCE,AG037,Cotonou,2025-07-10,BIO,Nadege,2014-03-15,F,0901,YAROU Salamatou,0168039718
ENR-001764,PP-002118,PASSEPORT,AG013,Cotonou,2025-07-10,AGBODJAN,Sènami,2020-09-14,F,0301,SAGBO Espérance,0183848452
ENR-001765,AN-003012,ACTE_NAISSANCE,AG006,Natitingou,2025-07-10,DOSSOU,Fidele,1987-12-13,M,0201,AKPOVI Carine,0132473750
ENR-001766,AN-004614,ACTE_NAISSANCE,AG032,Lokossa,2025-07-10,BIO,Serge,2017-02-15,M,0305,ADJOVI Rachidatou,0123741985
ENR-001767,AN-004810,ACTE_NAISSANCE,AG015,Porto-Novo,2025-07-10,TCHIBOZO,Estelle Ayaba,1957-09-23,F,0208,TOGBE Judith,0123412085
ENR-001768,AN-000261,ACTE_NAISSANCE,AG018,Natitingou,2025-07-11,BONI,Romaric,2003-04-30,M,1206,ALLADAYE Ayaba,0178609462
ENR-001769,AN-000961,ACTE_NAISSANCE,AG006,Natitingou,2025-07-11,HOUNGBO,Arnaud,2004-01-10,M,1101,QUENUM Chimène,
ENR-001770,AN-001050,ACTE_NAISSANCE,AG019,Djougou,2025-07-11,OSSENI,Judith,1979-11-27,F,0402,AGOSSOU Fatoumata,0102555211
ENR-001771,AN-001194,ACTE_NAISSANCE,AG017,Bohicon,2025-07-11,LOKONON,Romaric,1974-10-15,M,0603,TCHIBOZO Chimène,0152377124
ENR-001772,AN-001354,ACTE_NAISSANCE,AG024,Aplahoué,2025-07-11,KPADONOU,Ibrahim Gildas,1997-11-19,M,0303,SOSSOU Estelle,0170666446
ENR-001773,AN-001551,ACTE_NAISSANCE,AG020,Lokossa,2025-07-11,osseni,Fatoumata,1988-12-03,F,1203,AGOSSOU Rachidatou,0195979483
ENR-001774,AN-002181,ACTE_NAISSANCE,AG005,Bohicon,2025-07-11,HOUESSOU,Fabrice,1984-05-27,M,0202,AGBODJAN Aïcha,0164728574
ENR-001775,CC-003363,CARTE_CONSULAIRE,AG035,Dassa-Zoumè,2025-07-11,ZINSOU,Fidèle,1959-10-23,M,0902,FASSINOU Judith,0166535341
ENR-001776,AN-003503,ACTE_NAISSANCE,AG039,Porto-Novo,2025-07-11,AHOUANSOU,Serge,1983-01-20,M,1202,KIKI Salamatou,0104945493
ENR-001777,AN-003733,ACTE_NAISSANCE,AG027,Porto-Novo,2025-07-11,houessou,Rodrigue,1988-07-21,M,0205,KIKI Bernice,0193588388
ENR-001778,AN-003935,ACTE_NAISSANCE,AG016,Parakou,2025-07-11,FASSINOU,Serge,1980-08-21,M,0105,TCHIBOZO Sènami,0114455322
ENR-001779,PP-004222,PASSEPORT,AG038,Abomey-Calavi,2025-07-11,MENSAH,Estelle,1988-06-06,F,1104,AMOUSSOU Rachidatou,
ENR-001780,AN-004686,ACTE_NAISSANCE,AG035,Dassa-Zoumè,2025-07-11,AHOUANSOU,Mariam Salamatou,1999-02-17,F,0203,HOUNKPATIN Ayaba,
ENR-001781,AN-004772,ACTE_NAISSANCE,AG029,Bohicon,2025-07-11,AGBODJAN,Moussa,2005-08-07,M,0202,BONI Flore,0133447209
ENR-001782,AN-000068,ACTE_NAISSANCE,AG009,Ouidah,2025-07-12,CODJIA,Nadège,1973-01-22,F,0203,VODOUNON Mariam,0148085347
ENR-001783,AN-000452,ACTE_NAISSANCE,AG017,Bohicon,2025-07-12,AGBODJAN,Chimène,1982-11-13,F,1207,HOUNSOU Ayaba,0164199593
ENR-001784,AN-001641,ACTE_NAISSANCE,AG010,Kandi,2025-07-12,BONI,Ibrahim Codjo,1981-09-18,M,0905,HOUNKPATIN Rachidatou,0172711107
ENR-001785,AN-002240,ACTE_NAISSANCE,AG037,Cotonou,2025-07-12,HOUESSOU,Chimène,1969-11-30,F,0404,AGOSSOU Fatoumata,0158436466
ENR-001786,AN-002782,ACTE_NAISSANCE,AG032,Lokossa,2025-07-12,CHABI,Sènami Espérance,2010-06-04,F,0605,ASSOGBA Nadège,
ENR-001787,AN-003734,ACTE_NAISSANCE,AG020,Lokossa,2025-07-12,ALLADAYE,Espérance,1990-04-24,F,0701,BIO Espérance,
ENR-001788,AN-004227,ACTE_NAISSANCE,AG022,Kandi,2025-07-12,SOULEY,Bienvenu,2003-06-13,M,1101,LOKONON Fatoumata,0100759088
ENR-001789,AN-004687,ACTE_NAISSANCE,AG003,Porto-Novo,2025-07-12,MENSAH,Sèmèvo,1990-02-24,F,0202,GBAGUIDI Nadège,0106387412
ENR-001790,CC-000343,CARTE_CONSULAIRE,AG036,Aplahoué,2025-07-13,YAROU,Rosine,1985-02-22,F,0703,AGOSSOU Sènami,0195728062
ENR-001791,PP-002066,PASSEPORT,AG006,Natitingou,2025-07-13,GBAGUIDI,Prudence,1998-04-28,F,1006,ALLADAYE Chimène,0109846263
ENR-001792,AN-002380,ACTE_NAISSANCE,AG035,Dassa-Zoumè,2025-07-13,QUENUM,Mahougnon Brice,1978-01-28,M,0104,DOSSOU Estelle,0147157952
ENR-001793,AN-002387,ACTE_NAISSANCE,AG036,Aplahoué,2025-07-13,agbodjan,Rodrigue Serge,1954-06-19,M,0101,ZINSOU Flore,0193314919
ENR-001794,AN-002807,ACTE_NAISSANCE,AG020,Lokossa,2025-07-13,SAGBO,Romaric Rachid,1980-09-14,M,0302,TOGBE Espérance,0149112387
ENR-001795,AN-002918,ACTE_NAISSANCE,AG021,Ouidah,2025-07-13,ZINSOU,Carine,2009-08-18,F,1203,AGOSSOU Ayaba,0112136977
ENR-001796,AN-003580,ACTE_NAISSANCE,AG030,Natitingou,2025-07-13,KPADONOU,Serge,1990-10-07,M,1002,AMOUSSOU Espérance,0100522095
ENR-001797,AN-003989,ACTE_NAISSANCE,AG026,Abomey-Calavi,2025-07-13,SAGBO,Espérance,2010-09-15,F,0305,YAROU Sèmèvo,0125908326
ENR-001798,AN-004022,ACTE_NAISSANCE,AG027,Porto-Novo,2025-07-13,NOUATIN,Rachidatou,1985-02-25,F,0301,SOSSOU Flore,0146112057
ENR-001799,AN-000022,ACTE_NAISSANCE,AG009,Ouidah,2025-07-14,ALLADAYE,Flore,2006-02-20,F,1202,ALLADAYE Rachidatou,0130976582
ENR-001800,AN-000417,ACTE_NAISSANCE,AG014,Abomey-Calavi,2025-07-14,HOUESSOU,Judith,1985-12-13,F,0506,KIKI Rachidatou,01 34 20 42 91
ENR-001801,PP-002732,PASSEPORT,AG025,Cotonou,2025-07-14,NOUATIN,Estelle,1985-03-01,F,0602,TOSSOU Espérance,0151359770
ENR-001802,CC-002771,CARTE_CONSULAIRE,AG017,Bohicon,2025-07-14,HOUNKPATIN,Carine,1996-02-28,F,0502,ALLADAYE Aïcha,0169710534
ENR-001803,AN-004837,ACTE_NAISSANCE,AG002,Abomey-Calavi,2025-07-14,CODJIA,Gisèle,2006-11-23,F,0207,KOUKPAKI Carine,0153279068
ENR-001804,AN-000036,ACTE_NAISSANCE,AG016,Parakou,2025-07-15,CHABI,Rachid,1963-06-15,M,1002,AGOSSOU Sylvie,0173528667
ENR-001805,AN-000518,ACTE_NAISSANCE,AG039,Porto-Novo,2025-07-15,ZANNOU,Salamatou,1974-12-08,F,1201,DANSOU Nadège,0197965786
ENR-001806,AN-001376,ACTE_NAISSANCE,AG034,Kandi,2025-07-15,GBAGUIDI,Justin,2007-11-15,M,0603,AKPOVI Ayaba,0196665819
ENR-001807,AN-002386,ACTE_NAISSANCE,AG009,Ouidah,2025-07-15,AMOUSSOU,Fatoumata Flore,1994-01-22,F,0702,FASSINOU Rachidatou,0151394000
ENR-001808,AN-002634,ACTE_NAISSANCE,AG030,Natitingou,2025-07-15,TOGBE,Koffi,2007-05-16,M,0506,OSSENI Judith,0198429940
ENR-001809,AN-003808,ACTE_NAISSANCE,AG038,Abomey-Calavi,2025-07-15,BONI,Rachid Koffi,1966-01-12,M,0606,SAGBO Sylvie,0186601984
ENR-001810,AN-004117,ACTE_NAISSANCE,AG025,Cotonou,2025-07-15,BONI,Rachid,2004-12-08,M,0801,TCHIBOZO Bernice,0171537326
ENR-001811,AN-004903,ACTE_NAISSANCE,AG005,Bohicon,2025-07-15,FASSINOU,Judith,1983-05-08,F,1002,HOUESSOU Sèmèvo,0115279733
ENR-001812,AN-000321,ACTE_NAISSANCE,AG016,Parakou,2025-07-16,ZINSOU,Sèmèvo,1974-10-11,F,0305,ZANNOU Salamatou,0197225193
ENR-001813,AN-001546,ACTE_NAISSANCE,AG028,Parakou,2025-07-16,ZINSOU,  Prudence   Salamatou ,1963-07-13,F,1007,ASSOGBA Sènami,0166063305
ENR-001814,AN-001612,ACTE_NAISSANCE,AG014,Abomey-Calavi,2025-07-16,CODJIA,Bienvenu Mahougnon,1967-12-03,M,1001,CODJIA Rachidatou,0164554815
ENR-001815,AN-003086,ACTE_NAISSANCE,AG014,Abomey-Calavi,2025-07-16,CHABI,Codjo,1980-04-02,M,0602,KPADONOU Judith,0149412107
ENR-001816,PP-004367,PASSEPORT,AG007,Djougou,2025-07-16,AGBODJAN,Fidèle,2009-04-26,M,0503,BIO Sènami,0124443796
ENR-001817,CC-000322,CARTE_CONSULAIRE,AG031,Djougou,2025-07-17,SOSSOU,Fidèle,1989-03-30,M,0703,NOUATIN Judith,0140493337
ENR-001818,AN-001142,ACTE_NAISSANCE,AG006,Natitingou,2025-07-17,HOUNKPATIN,Rachidatou,2022-03-24,F,0402,QUENUM Chimène,0168701824
ENR-001819,AN-001512,ACTE_NAISSANCE,AG034,Kandi,2025-07-17,SOULEY,Arnaud,1968-06-01,M,1104,TCHIBOZO Carine,0127925203
ENR-001820,AN-002362,ACTE_NAISSANCE,AG006,Natitingou,2025-07-17,CODJIA,Bienvenu Mahougnon,2018-02-28,M,1103,AHOYO Bernice,0166585647
ENR-001821,AN-002885,ACTE_NAISSANCE,AG038,Abomey-Calavi,2025-07-17,BIO,Arnaud,2013-11-09,M,0602,CODJIA Nadège,0138001415
ENR-001822,CC-003376,CARTE_CONSULAIRE,AG008,Lokossa,2025-07-17,fassinou,Aïcha,1963-02-07,F,0503,DOSSOU Salamatou,
ENR-001823,AN-003400,ACTE_NAISSANCE,AG030,Natitingou,2025-07-17,MENSAH,Rachidatou,1977-01-10,F,0606,NOUATIN Prudence,0165177111
ENR-001824,AN-001014,ACTE_NAISSANCE,AG003,Porto-Novo,2025-07-18,ZANNOU,Chimène,1999-07-07,F,0502,SOSSOU Nadège,0129190721
ENR-001825,AN-001629,ACTE_NAISSANCE,AG019,Djougou,2025-07-18,YAROU,Gildas Comlan,1973-09-30,M,0905,SOULEY Prudence,0102475876
ENR-001826,AN-001738,ACTE_NAISSANCE,AG009,Ouidah,2025-07-18,YAROU,Rachid Rodrigue,1998-05-10,M,0403,NOUATIN Estelle,0138718571
ENR-001827,PP-001833,PASSEPORT,AG038,Abomey-Calavi,2025-07-18,FASSINOU,Gisèle,2021-10-06,F,0704,AGBODJAN Salamatou,0181128873
ENR-001828,AN-002589,ACTE_NAISSANCE,AG008,Lokossa,2025-07-18,BONI,Aïcha,1986-08-05,F,1102,ZINSOU Estelle,
ENR-001829,AN-003162,ACTE_NAISSANCE,AG021,Ouidah,2025-07-18,AGBODJAN,Carine,1971-01-30,F,0606,DANSOU Judith,0159280324
ENR-001830,CC-003365,CARTE_CONSULAIRE,AG014,Abomey-Calavi,2025-07-18,DOSSOU,Sylvie,1988-05-08,F,0405,GBAGUIDI Estelle,0188596436
ENR-001831,AN-004026,ACTE_NAISSANCE,AG002,Abomey-Calavi,2025-07-18,TCHIBOZO,Aïcha,1983-07-29,F,0301,ASSOGBA Espérance,0145668782
ENR-001832,AN-004181,ACTE_NAISSANCE,AG008,Lokossa,2025-07-18,HOUNSOU,Gisèle,2005-06-17,F,0202,MENSAH Carine,0105677863
ENR-001833,AN-000434,ACTE_NAISSANCE,AG029,Bohicon,2025-07-19,ASSOGBA,Fatoumata Gisèle,1999-08-19,F,0504,KPADONOU Mariam,0193104728
ENR-001834,AN-001997,ACTE_NAISSANCE,AG035,Dassa-Zoumè,2025-07-19,VODOUNON,Rachidatou Judith,1991-05-12,F,0104,HOUNSOU Judith,0170671011
ENR-001835,PP-002337,PASSEPORT,AG015,Porto-Novo,2025-07-19,SAGBO,Sèmèvo Espérance,1993-12-14,F,0404,ADJOVI Gisèle,0130799289
ENR-001836,AN-002349,ACTE_NAISSANCE,AG018,Natitingou,2025-07-19,HOUESSOU,Bienvenu,1985-06-08,M,0206,DANSOU Judith,0124521170
ENR-001837,AN-003514,ACTE_NAISSANCE,AG004,Parakou,2025-07-19,TOGBE,Rachidatou,2009-07-30,F,1009,CHABI Sylvie,0172007285
ENR-001838,CC-003865,CARTE_CONSULAIRE,AG010,Kandi,2025-07-19,QUENUM,Rachid,2016-09-05,M,0403,YAROU Rachidatou,0185379894
ENR-001839,AN-004075,ACTE_NAISSANCE,AG011,Dassa-Zoumè,2025-07-19,GBAGUIDI,Judith,2016-08-27,F,1207,ASSOGBA Salamatou,0149057211
ENR-001840,CC-004162,CARTE_CONSULAIRE,AG033,Ouidah,2025-07-19,ASSOGBA,Fatoumata,1963-01-27,F,0408,HOUNKPATIN Sènami,0176694094
ENR-001841,AN-004316,ACTE_NAISSANCE,AG012,Aplahoué,2025-07-19,TOSSOU,Ulrich,2007-09-15,M,0209,SAGBO Nadège,0132845946
ENR-001842,AN-002189,ACTE_NAISSANCE,AG014,Abomey-Calavi,2025-07-20,GBAGUIDI,Rosine,2007-04-22,F,1009,AGBODJAN Nadège,0166437481
ENR-001843,AN-003875,ACTE_NAISSANCE,AG021,Ouidah,2025-07-20,KIKI,Nadège Chimène,1988-01-03,F,0402,KPADONOU Prudence,0122427559
ENR-001844,AN-004726,ACTE_NAISSANCE,AG026,Abomey-Calavi,2025-07-20,SOULEY,Arnaud,1965-12-03,M,0704,SOSSOU Flore,
ENR-001845,AN-000195,ACTE_NAISSANCE,AG001,Cotonou,2025-07-21,ADANDE,Ghislain Justin,2004-08-06,M,0604,IDRISSOU Aïcha,0134425312
ENR-001846,AN-000399,ACTE_NAISSANCE,AG003,Porto-Novo,2025-07-21,HOUNKPATIN,Judith,2003-09-18,F,0701,GLELE Estelle,0169946747
ENR-001847,AN-000558,ACTE_NAISSANCE,AG006,Natitingou,2025-07-21,SOULEY,Sèmèvo,1975-08-31,F,1204,FASSINOU Salamatou,
ENR-001848,AN-001030,ACTE_NAISSANCE,AG011,Dassa-Zoumè,2025-07-21,SOSSOU,Aïcha,2008-05-09,F,0104,ADJOVI Bernice,0170687026
ENR-001849,AN-001148,ACTE_NAISSANCE,AG031,Djougou,2025-07-21,LOKONON,Rodrigue,1963-10-25,M,0408,YAROU Sylvie,+229 0175254238
ENR-001850,AN-002257,ACTE_NAISSANCE,AG040,Parakou,2025-07-21,KIKI,Gisèle,1967-04-27,F,1202,FASSINOU Espérance,
ENR-001851,AN-002612,ACTE_NAISSANCE,AG032,Lokossa,2025-07-21,DOSSOU,Sèmèvo Ayaba,1987-01-22,F,1207,CODJIA Sènami,0156061475
ENR-001852,AN-003166,ACTE_NAISSANCE,AG001,Cotonou,2025-07-21,BONI,Rachidatou,1977-07-19,F,0904,KPADONOU Bernice,0117451537
ENR-001853,AN-003248,ACTE_NAISSANCE,AG015,Porto-Novo,2025-07-21,TOGBE,Ibrahim,1988-03-20,M,0605,QUENUM Mariam,0111591824
ENR-001854,PP-004040,PASSEPORT,AG040,Parakou,2025-07-21,DOSSOU,Ibrahim,1961-01-13,M,1202,HOUESSOU Salamatou,0129044841
ENR-001855,PP-000308,PASSEPORT,AG015,Porto-Novo,2025-07-22,SOSSOU,Sènami,2017-02-24,F,0304,DANSOU Sèmèvo,
ENR-001856,AN-000644,ACTE_NAISSANCE,AG007,Djougou,2025-07-22,ADANDE,Prudence Nadège,1976-01-10,F,0501,ADJOVI Nadège,
ENR-001857,CC-002849,CARTE_CONSULAIRE,AG004,Parakou,2025-07-22,ZANNOU,Rosine,2003-04-24,F,1209,ZANNOU Rosine,0126381320
ENR-001858,AN-003701,ACTE_NAISSANCE,AG017,Bohicon,2025-07-22,KIKI,Ghislain,2001-06-04,M,1005,LOKONON Fatoumata,
ENR-001859,AN-003702,ACTE_NAISSANCE,AG015,Porto-Novo,2025-07-22,souley,Judith,1974-11-07,F,0404,ZINSOU Estelle,0130340636
ENR-001860,AN-004336,ACTE_NAISSANCE,AG021,Ouidah,2025-07-22,KIKI,Espérance,1975-07-03,F,0407,FASSINOU Rosine,0167800311
ENR-001861,AN-000031,ACTE_NAISSANCE,AG004,Parakou,2025-07-23,SOULEY,Sèmèvo,1995-11-11,F,0602,HOUNSOU Flore,0118847918
ENR-001862,AN-000074,ACTE_NAISSANCE,AG028,Parakou,2025-07-23,ZANNOU,Rodrigue,1977-03-03,M,0603,CHABI Estelle,0186316653
ENR-001863,AN-001343,ACTE_NAISSANCE,AG013,Cotonou,2025-07-23,FASSINOU,Prudence,1968-04-07,F,0503,HOUNKPATIN Fatoumata,0181537295
ENR-001864,AN-001586,ACTE_NAISSANCE,AG013,Cotonou,2025-07-23,AMOUSSOU,Fidèle,2006-04-18,M,0702,ADANDE Sylvie,0142940107
ENR-001865,AN-001643,ACTE_NAISSANCE,AG022,Kandi,2025-07-23,ASSOGBA,Salamatou Sènami,1975-04-21,F,0207,KOUKPAKI Mariam,0110522921
ENR-001866,AN-002056,ACTE_NAISSANCE,AG013,Cotonou,2025-07-23,ADJOVI,Arnaud,1971-02-25,M,0201,VODOUNON Flore,0190976481
ENR-001867,AN-002173,ACTE_NAISSANCE,AG023,Dassa-Zoumè,2025-07-23,ADANDE,Sènami,2001-05-29,F,0209,TOGBE Sylvie,0176499722
ENR-001868,PP-002248,PASSEPORT,AG020,Lokossa,2025-07-23,AHOYO,Koffi,1972-02-10,M,1202,IDRISSOU Carine,0112015126
ENR-001869,AN-002290,ACTE_NAISSANCE,AG034,Kandi,2025-07-23,IDRISSOU,Codjo,1987-12-11,M,0407,SOULEY Sèmèvo,0169115256
ENR-001870,AN-002678,ACTE_NAISSANCE,AG011,Dassa-Zoumè,2025-07-23,HOUNKPATIN,Justin,1983-05-13,M,1104,ALLADAYE Flore,0152616727
ENR-001871,AN-003798,ACTE_NAISSANCE,AG021,Ouidah,2025-07-23,ALLADAYE,Bernice,2004-08-09,F,0101,HOUNGBO Estelle,0110812604
ENR-001872,AN-003903,ACTE_NAISSANCE,AG027,Porto-Novo,2025-07-23,TOSSOU,Sylvie Ayaba,2006-04-24,F,0209,ASSOGBA Nadège,0158571187
ENR-001873,AN-004564,ACTE_NAISSANCE,AG031,Djougou,2025-07-23,ADANDE,Judith Bernice,1972-10-18,F,1203,TOSSOU Aïcha,0190507969
ENR-001874,AN-000912,ACTE_NAISSANCE,AG033,Ouidah,2025-07-24,DANSOU,Sylvie,1946-12-18,F,1009,ZANNOU Mariam,0163699164
ENR-001875,PP-001075,PASSEPORT,AG002,Abomey-Calavi,2025-07-24,HOUNSOU,Nadège Flore,1973-10-05,F,0207,KIKI Espérance,0125972208
ENR-001876,PP-001141,PASSEPORT,AG003,Porto-Novo,2025-07-24,LOKONON,Codjo,1967-02-11,M,0902,GBAGUIDI Sylvie,
ENR-001877,CC-001471,CARTE_CONSULAIRE,AG004,Parakou,2025-07-24,DOSSOU,Serge,1975-05-07,M,0304,ZINSOU Gisèle,01 60 45 81 03
ENR-001878,AN-001707,ACTE_NAISSANCE,AG037,Cotonou,2025-07-24,HOUNGBO,Justin,1991-10-13,M,1005,GBAGUIDI Carine,0135642472
ENR-001879,CC-002180,CARTE_CONSULAIRE,AG002,Abomey-Calavi,2025-07-24,BIO,Gisèle Fatoumata,2008-08-31,F,0903,BIO Prudence,0189225912
ENR-001880,AN-002543,ACTE_NAISSANCE,AG012,Aplahoué,2025-07-24,GBAGUIDI,Gisèle,1990-07-14,F,0903,ZINSOU Aïcha,0159852528
ENR-001881,CC-002588,CARTE_CONSULAIRE,AG001,Cotonou,2025-07-24,OSSENI,Sèmèvo,1996-10-27,F,0307,CODJIA Ayaba,
ENR-001882,AN-002787,ACTE_NAISSANCE,AG039,Porto-Novo,2025-07-24,TOSSOU,  Mariam ,2007-08-10,F,1009,IDRISSOU Fatoumata,0119586486
ENR-001883,AN-003522,ACTE_NAISSANCE,AG012,Aplahoué,2025-07-24,AMOUSSOU,Espérance Gisèle,2020-03-26,F,1009,AKPOVI Sèmèvo,0135324134
ENR-001884,AN-003697,ACTE_NAISSANCE,AG036,Aplahoué,2025-07-24,HOUNSOU,Nadège Gisèle,1964-10-30,F,0602,TCHIBOZO Salamatou,0177485208
ENR-001885,AN-004010,ACTE_NAISSANCE,AG038,Abomey-Calavi,2025-07-24,HOUNGBO,Ulrich Gildas,1989-08-11,M,1003,ADANDE Carine,0181232925
ENR-001886,PP-004252,PASSEPORT,AG035,Dassa-Zoumè,2025-07-24,OSSENI,Ulrich Fidèle,1985-06-29,M,1209,VODOUNON Bernice,0142062487
ENR-001887,PP-004322,PASSEPORT,AG014,Abomey-Calavi,2025-07-24,GBAGUIDI,Yves,1985-12-10,M,1008,AHOYO Judith,0164074954
ENR-001888,AN-004698,ACTE_NAISSANCE,AG035,Dassa-Zoumè,2025-07-24,NOUATIN,Ayaba,2015-02-24,F,0503,TOSSOU Gisèle,0125562699
ENR-001889,PP-001414,PASSEPORT,AG001,Cotonou,2025-07-25,MENSAH,Salamatou,2020-03-19,F,0305,AHOYO Estelle,
ENR-001890,CC-001422,CARTE_CONSULAIRE,AG030,Natitingou,2025-07-25,ALLADAYE,Comlan Rachid,1994-04-29,M,1204,ADJOVI Sylvie,0176858269
ENR-001891,AN-002195,ACTE_NAISSANCE,AG022,Kandi,2025-07-25,MENSAH,Fabrice,1962-04-23,M,0906,AHOYO Carine,0179237053
ENR-001892,AN-002994,ACTE_NAISSANCE,AG035,Dassa-Zoumè,2025-07-25,YAROU,Mahougnon,2010-04-26,M,1007,OSSENI Chimène,0186638284
ENR-001893,AN-003270,ACTE_NAISSANCE,AG030,Natitingou,2025-07-25,AGBODJAN,Ayaba,1977-09-01,F,1003,ADANDE Rosine,0173189097
ENR-001894,AN-003481,ACTE_NAISSANCE,AG023,Dassa-Zoumè,2025-07-25,CODJIA,Chimène,1953-04-23,F,1104,BONI Aïcha,0128666682
ENR-001895,CC-003657,CARTE_CONSULAIRE,AG015,Porto-Novo,2025-07-25,HOUNKPATIN,Ghislain,1983-12-20,M,0906,AGOSSOU Judith,0115870085
ENR-001896,AN-003922,ACTE_NAISSANCE,AG027,Porto-Novo,2025-07-25,AHOUANSOU,Brice Mahougnon,2002-03-26,M,0505,FASSINOU Flore,0156847159
ENR-001897,AN-003984,ACTE_NAISSANCE,AG015,Porto-Novo,2025-07-25,AGOSSOU,Koffi,2002-03-08,M,0103,GBAGUIDI Judith,
ENR-001898,AN-004068,ACTE_NAISSANCE,AG014,Abomey-Calavi,2025-07-25,DANSOU,Bienvenu,2004-02-11,M,0302,ADANDE Estelle,0184113155
ENR-001899,AN-004362,ACTE_NAISSANCE,AG031,Djougou,2025-07-25,AKPOVI,Sèmèvo,1942-01-17,F,0301,HOUNSOU Rosine,0178613295
ENR-001900,AN-004601,ACTE_NAISSANCE,AG012,Aplahoué,2025-07-25,GBAGUIDI,Sylvie,2001-02-01,F,0201,KIKI Estelle,0165400038
ENR-001901,AN-004782,ACTE_NAISSANCE,AG018,Natitingou,2025-07-25,GBAGUIDI,Bienvenu,1999-05-12,M,0906,DOSSOU Nadège,0128865193
ENR-001902,CC-000090,CARTE_CONSULAIRE,AG013,Cotonou,2025-07-26,SOSSOU,Judith,1963-02-07,F,0201,DOSSOU Salamatou,0171711243
ENR-001903,AN-000793,ACTE_NAISSANCE,AG015,Porto-Novo,2025-07-26,HOUNGBO,Justin Ghislain,1949-08-16,M,1102,GLELE Judith,0125064884
ENR-001904,AN-001292,ACTE_NAISSANCE,AG012,Aplahoué,2025-07-26,NOUATIN,Salamatou,2004-05-10,F,0404,HOUNSOU Mariam,
ENR-001905,AN-001524,ACTE_NAISSANCE,AG012,Aplahoué,2025-07-26,MENSAH,Mahougnon Codjo,2000-03-21,M,0201,GBAGUIDI Prudence,0140450714
ENR-001906,PP-002164,PASSEPORT,AG026,Abomey-Calavi,2025-07-26,FASSINOU,Aïcha,1972-05-18,F,0206,SAGBO Mariam,0198833160
ENR-001907,AN-002250,ACTE_NAISSANCE,AG024,Aplahoué,2025-07-26,GBAGUIDI,Prudence,1978-06-15,F,0801,TOSSOU Flore,0150475576
ENR-001908,AN-002931,ACTE_NAISSANCE,AG018,Natitingou,2025-07-26,SOSSOU,Ghislain,1964-04-13,M,0302,KOUKPAKI Nadège,0195364377
ENR-001909,AN-003784,ACTE_NAISSANCE,AG023,Dassa-Zoumè,2025-07-26,TOGBE,Espérance,2003-02-04,F,1207,AHOYO Rosine,
ENR-001910,CC-004288,CARTE_CONSULAIRE,AG034,Kandi,2025-07-26,TOSSOU,Romaric,1958-10-05,M,0502,GBAGUIDI Bernice,0151907428
ENR-001911,PP-004508,PASSEPORT,AG012,Aplahoué,2025-07-26,HOUNGBO,Salamatou,2015-02-20,F,1101,AGOSSOU Fatoumata,0140526172
ENR-001912,AN-000554,ACTE_NAISSANCE,AG038,Abomey-Calavi,2025-07-27,MENSAH,Bienvenu,2008-03-15,M,1102,YAROU Rachidatou,0113746632
ENR-001913,AN-001144,ACTE_NAISSANCE,AG033,Ouidah,2025-07-27,TOSSOU,Koffi,1980-02-05,M,0209,ZINSOU Sylvie,0109654972
ENR-001914,AN-001359,ACTE_NAISSANCE,AG017,Bohicon,2025-07-27,AKPOVI,Ayaba,1985-08-12,F,1203,AMOUSSOU Rosine,0186856040
ENR-001915,CC-002300,CARTE_CONSULAIRE,AG023,Dassa-Zoumè,2025-07-27,GLELE,Rosine,1999-12-14,F,0703,AGBODJAN Nadège,0168455972
ENR-001916,AN-003302,ACTE_NAISSANCE,AG021,Ouidah,2025-07-27,ZINSOU,Koffi,2001-11-25,M,0704,AGOSSOU Bernice,0125047766
ENR-001917,AN-003377,ACTE_NAISSANCE,AG040,Parakou,2025-07-27,OSSENI,Chimène,2012-02-02,F,0202,DANSOU Salamatou,0174902620
ENR-001918,CC-003385,CARTE_CONSULAIRE,AG003,Porto-Novo,2025-07-27,BONI,Ibrahim,1972-03-03,M,1003,ASSOGBA Prudence,0190960810
ENR-001919,AN-004384,ACTE_NAISSANCE,AG025,Cotonou,2025-07-27,HOUNSOU,Espérance Judith,1996-04-14,F,1207,DOSSOU Aïcha,
ENR-001920,AN-004510,ACTE_NAISSANCE,AG002,Abomey-Calavi,2025-07-27,IDRISSOU,Ibrahim Brice,2002-08-30,M,0307,HOUESSOU Flore,0105335037
ENR-001921,AN-000804,ACTE_NAISSANCE,AG020,Lokossa,2025-07-28,ALLADAYE,Serge,1990-12-10,M,0601,TOGBE Aïcha,
ENR-001922,AN-001147,ACTE_NAISSANCE,AG025,Cotonou,2025-07-28,DANSOU,Brice,1960-04-30,M,0306,BONI Rachidatou,
ENR-001923,CC-002150,CARTE_CONSULAIRE,AG037,Cotonou,2025-07-28,IDRISSOU,Sènami,2001-12-07,F,0401,KPADONOU Aïcha,0178935289
ENR-001924,AN-003132,ACTE_NAISSANCE,AG023,Dassa-Zoumè,2025-07-28,HOUNKPATIN,Carine Nadège,1993-01-25,F,1002,AHOYO Espérance,0144779489
ENR-001925,AN-003158,ACTE_NAISSANCE,AG027,Porto-Novo,2025-07-28,ALLADAYE,Aïcha,1985-11-27,F,0301,TOSSOU Rachidatou,0191799117
ENR-001926,AN-003787,ACTE_NAISSANCE,AG002,Abomey-Calavi,2025-07-28,AMOUSSOU,Mariam,1999-10-02,F,0204,ADJOVI Sèmèvo,0154944515
ENR-001927,AN-004221,ACTE_NAISSANCE,AG005,Bohicon,2025-07-28,VODOUNON,Serge,1989-10-24,M,1205,AKPOVI Flore,
ENR-001928,AN-004224,ACTE_NAISSANCE,AG021,Ouidah,2025-07-28,CHABI,Koffi,1963-12-19,M,0801,AKPOVI Carine,0177456782
ENR-001929,PP-004249,PASSEPORT,AG028,Parakou,2025-07-28,SOSSOU,Carine Gisèle,1981-08-08,F,0308,DANSOU Estelle,0126191322
ENR-001930,PP-004474,PASSEPORT,AG010,Kandi,2025-07-28,GLELE,  Estelle ,1993-02-16,F,1203,GBAGUIDI Salamatou,0198289978
ENR-001931,AN-004708,ACTE_NAISSANCE,AG013,Cotonou,2025-07-28,AGOSSOU,Comlan,1983-11-10,M,1207,DOSSOU Prudence,
ENR-001932,AN-002976,ACTE_NAISSANCE,AG016,Parakou,2025-07-28,KIKI,Carine,1949-03-26,F,1104,BIO Rachidatou,
ENR-001933,PP-000530,PASSEPORT,AG021,Ouidah,2025-07-29,DOSSOU,Carine,1974-09-25,F,1002,DANSOU Gisèle,0152373594
ENR-001934,AN-001602,ACTE_NAISSANCE,AG021,Ouidah,2025-07-29,SOSSOU,Gisèle,2008-02-10,F,1105,ZINSOU Flore,0151915739
ENR-001935,AN-001729,ACTE_NAISSANCE,AG040,Parakou,2025-07-29,TOSSOU,Fidèle Ibrahim,1980-07-17,M,0601,IDRISSOU Rosine,0136760846
ENR-001936,PP-002628,PASSEPORT,AG022,Kandi,2025-07-29,ASSOGBA,Sèmèvo,1954-12-06,F,0904,CODJIA Chimène,0188720509
ENR-001937,AN-003822,ACTE_NAISSANCE,AG031,Djougou,2025-07-29,CODJIA,Ghislain,1958-02-11,M,0604,DANSOU Nadège,0103323181
ENR-001938,AN-003889,ACTE_NAISSANCE,AG003,Porto-Novo,2025-07-29,HOUESSOU,Bernice Judith,1979-09-23,F,0202,HOUNSOU Rachidatou,0127167305
ENR-001939,AN-003907,ACTE_NAISSANCE,AG012,Aplahoué,2025-07-29,CHABI,Arnaud,1975-11-28,M,0906,VODOUNON Rachidatou,0102225506
ENR-001940,AN-004371,ACTE_NAISSANCE,AG031,Djougou,2025-07-29,HOUNKPATIN,Rodrigue Ghislain,1956-05-02,M,0203,CHABI Sènami,0175238943
ENR-001941,CC-001452,CARTE_CONSULAIRE,AG006,Natitingou,2025-07-30,DANSOU,Sèmèvo Rosine,2001-05-09,F,1007,HOUNKPATIN Nadège,0118508216
ENR-001942,AN-003006,ACTE_NAISSANCE,AG020,Lokossa,2025-07-30,AHOYO,Brice,2003-01-23,M,0402,ADJOVI Sènami,0166911396
ENR-001943,PP-003227,PASSEPORT,AG036,Aplahoué,2025-07-30,AGBODJAN,Fatoumata Judith,1997-06-11,F,0906,ADANDE Flore,0143316484
ENR-001944,AN-003958,ACTE_NAISSANCE,AG011,Dassa-Zoumè,2025-07-30,TOGBE,Brice,1948-03-02,M,1104,GLELE Espérance,0197973817
ENR-001945,CC-000081,CARTE_CONSULAIRE,AG029,Bohicon,2025-07-31,KOUKPAKI,Koffi,2023-07-29,M,0307,TCHIBOZO Nadège,0167155293
ENR-001946,AN-000684,ACTE_NAISSANCE,AG006,Natitingou,2025-07-31,BIO,Fidèle,1953-10-29,M,1104,MENSAH Ayaba,0105071968
ENR-001947,AN-002284,ACTE_NAISSANCE,AG030,Natitingou,2025-07-31,TOGBE,Salamatou,1993-10-14,F,1009,GBAGUIDI Espérance,
ENR-001948,CC-002542,CARTE_CONSULAIRE,AG010,Kandi,2025-07-31,DANSOU,Fatoumata,1999-12-04,F,0205,LOKONON Bernice,0198981825
ENR-001949,PP-001216,PASSEPORT,AG024,Aplahoué,2025-08-01,QUENUM,Sylvie Fatoumata,1982-11-03,F,0106,TOGBE Judith,0194413687
ENR-001950,AN-001341,ACTE_NAISSANCE,AG005,Bohicon,2025-08-01,SAGBO,Flore,1986-12-04,F,1201,KPADONOU Rachidatou,0126024826
ENR-001951,CC-001702,CARTE_CONSULAIRE,AG037,Cotonou,2025-08-01,HOUNGBO,Aïcha,2004-07-22,F,0303,HOUNGBO Rosine,0126256558
ENR-001952,AN-002467,ACTE_NAISSANCE,AG007,Djougou,2025-08-01,VODOUNON,Ibrahim,1973-09-21,M,1105,HOUESSOU Prudence,0182576941
ENR-001953,AN-003803,ACTE_NAISSANCE,AG011,Dassa-Zoumè,2025-08-01,HOUNKPATIN,Codjo,1996-09-01,M,0502,CODJIA Estelle,0193734570
ENR-001954,AN-003929,ACTE_NAISSANCE,AG025,Cotonou,2025-08-01,DOSSOU,Flore,2014-07-29,F,0505,QUENUM Fatoumata,0106049906
ENR-001955,AN-004076,ACTE_NAISSANCE,AG003,Porto-Novo,2025-08-01,SOSSOU,Bienvenu,2012-01-09,M,0301,SOSSOU Fatoumata,
ENR-001956,AN-004670,ACTE_NAISSANCE,AG026,Abomey-Calavi,2025-08-01,CHABI,Fabrice,1987-01-27,M,0901,ALLADAYE Salamatou,0178662604
ENR-001957,AN-000294,ACTE_NAISSANCE,AG007,Djougou,2025-08-02,ADANDE,Codjo,1991-07-10,M,1209,HOUNKPATIN Rosine,0183249575
ENR-001958,AN-000358,ACTE_NAISSANCE,AG022,Kandi,2025-08-02,NOUATIN,Fabrice Ghislain,1972-06-09,M,0601,CHABI Bernice,
ENR-001959,AN-000858,ACTE_NAISSANCE,AG028,Parakou,2025-08-02,YAROU,Romaric,2006-02-22,M,0303,BIO Mariam,0107660072
ENR-001960,AN-000877,ACTE_NAISSANCE,AG009,Ouidah,2025-08-02,SAGBO,Rachid,1999-10-05,M,0403,TOGBE Rachidatou,0199165454
ENR-001961,AN-001073,ACTE_NAISSANCE,AG007,Djougou,2025-08-02,AGOSSOU,Aïcha,2001-01-23,F,0407,ALLADAYE Gisèle,0155501301
ENR-001962,PP-001125,PASSEPORT,AG027,Porto-Novo,2025-08-02,ALLADAYE,Ulrich,1980-07-14,M,0101,AMOUSSOU Rachidatou,0178079011
ENR-001963,AN-001402,ACTE_NAISSANCE,AG021,Ouidah,2025-08-02,ALLADAYE,Ghislain,1988-03-14,M,1206,TOSSOU Bernice,0189229287
ENR-001964,AN-001987,ACTE_NAISSANCE,AG002,Abomey-Calavi,2025-08-02,IDRISSOU,Sèmèvo Bernice,1972-07-21,F,0204,HOUNGBO Mariam,0122649609
ENR-001965,AN-002843,ACTE_NAISSANCE,AG018,Natitingou,2025-08-02,SOULEY,Brice,1967-06-09,M,0204,SAGBO Fatoumata,0173958344
ENR-001966,CC-003398,CARTE_CONSULAIRE,AG039,Porto-Novo,2025-08-02,ADJOVI,Chimène,1998-01-08,F,1006,HOUNGBO Rachidatou,0164534837
ENR-001967,CC-000327,CARTE_CONSULAIRE,AG033,Ouidah,2025-08-03,KOUKPAKI,Ibrahim,1998-12-06,M,0605,AHOUANSOU Judith,0161420462
ENR-001968,AN-000800,ACTE_NAISSANCE,AG037,Cotonou,2025-08-03,ADANDE,Espérance Gisèle,2000-11-12,F,0203,AHOUANSOU Aïcha,0169133938
ENR-001969,AN-002772,ACTE_NAISSANCE,AG033,Ouidah,2025-08-03,HOUNGBO,Rachid,2003-08-23,M,1201,DOSSOU Sènami,0174400960
ENR-001970,AN-002836,ACTE_NAISSANCE,AG027,Porto-Novo,2025-08-03,ZANNOU,Romaric Codjo,1965-08-24,M,0202,AKPOVI Aïcha,0124064172
ENR-001971,CC-002864,CARTE_CONSULAIRE,AG020,Lokossa,2025-08-03,IDRISSOU,Yves Bienvenu,2024-06-05,M,0601,KIKI Rosine,0179802909
ENR-001972,AN-003313,ACTE_NAISSANCE,AG008,Lokossa,2025-08-03,YAROU,Rosine,1982-11-17,F,1003,NOUATIN Salamatou,0176202548
ENR-001973,CC-003665,CARTE_CONSULAIRE,AG006,Natitingou,2025-08-03,AMOUSSOU,Romaric,2002-02-16,M,0101,CHABI Prudence,0182183934
ENR-001974,CC-003973,CARTE_CONSULAIRE,AG015,Porto-Novo,2025-08-03,KIKI,Sènami,2001-05-23,F,0603,AGBODJAN Sèmèvo,0172861066
ENR-001975,CC-004079,CARTE_CONSULAIRE,AG004,Parakou,2025-08-03,VODOUNON,Comlan Koffi,1998-07-15,M,1203,HOUNSOU Chimène,0191751323
ENR-001976,AN-004355,ACTE_NAISSANCE,AG009,Ouidah,2025-08-03,TOGBE,Rachidatou Fatoumata,2012-07-11,F,0905,AHOYO Salamatou,0196250857
ENR-001977,AN-004587,ACTE_NAISSANCE,AG005,Bohicon,2025-08-03,SOULEY,Rosine,1937-02-18,F,0906,CODJIA Prudence,0106885784
ENR-001978,AN-000465,ACTE_NAISSANCE,AG010,Kandi,2025-08-04,ALLADAYE,Mahougnon,1994-11-03,M,0303,ZANNOU Rosine,0195511638
ENR-001979,AN-002825,ACTE_NAISSANCE,AG006,Natitingou,2025-08-04,ASSOGBA,Espérance,1979-09-29,F,0506,TOGBE Flore,0146619632
ENR-001980,PP-004251,PASSEPORT,AG019,Djougou,2025-08-04,AKPOVI,Brice Fabrice,2008-06-15,M,0906,DOSSOU Judith,0175161083
ENR-001981,PP-004281,PASSEPORT,AG007,Djougou,2025-08-04,SOSSOU,Espérance,1963-01-04,F,0205,ALLADAYE Judith,0162649090
ENR-001982,AN-000500,ACTE_NAISSANCE,AG017,Bohicon,2025-08-05,TOSSOU,Rachid Fidèle,2008-04-02,M,0201,AKPOVI Sèmèvo,0158259209
ENR-001983,AN-000633,ACTE_NAISSANCE,AG002,Abomey-Calavi,2025-08-05,GLELE,Rodrigue Codjo,2004-10-15,M,0403,DANSOU Rachidatou,0162866222
ENR-001984,AN-001010,ACTE_NAISSANCE,AG014,Abomey-Calavi,2025-08-05,AGBODJAN,Fidèle Gildas,1977-05-12,M,0202,AHOUANSOU Gisèle,0189487235
ENR-001985,AN-001408,ACTE_NAISSANCE,AG015,Porto-Novo,2025-08-05,ZINSOU,Judith,2016-06-30,F,0206,HOUNKPATIN Rachidatou,0101442505
ENR-001986,PP-001781,PASSEPORT,AG006,Natitingou,2025-08-05,QUENUM,Ulrich Rachid,1950-12-12,M,0104,MENSAH Chimène,0150846546
ENR-001987,AN-002021,ACTE_NAISSANCE,AG016,Parakou,2025-08-05,YAROU,Salamatou,2011-05-21,F,0403,AHOYO Estelle,0162615895
ENR-001988,CC-002345,CARTE_CONSULAIRE,AG030,Natitingou,2025-08-05,CHABI,Yves,1959-12-11,M,1205,QUENUM Fatoumata,0152994656
ENR-001989,AN-002761,ACTE_NAISSANCE,AG004,Parakou,2025-08-05,BIO,Rodrigue,1971-02-28,M,1204,FASSINOU Fatoumata,0180802065
ENR-001990,AN-004248,ACTE_NAISSANCE,AG023,Dassa-Zoumè,2025-08-05,TOSSOU,Codjo,1961-01-25,M,0205,CHABI Estelle,0164958727
ENR-001991,AN-004610,ACTE_NAISSANCE,AG040,Parakou,2025-08-05,ASSOGBA,Sènami Sèmèvo,1995-05-07,F,0105,HOUNGBO Prudence,
ENR-001992,AN-004935,ACTE_NAISSANCE,AG010,Kandi,2025-08-05,LOKONON,Salamatou,2015-01-20,F,1101,ZANNOU Espérance,0180822845
ENR-001993,PP-000274,PASSEPORT,AG035,Dassa-Zoumè,2025-08-06,NOUATIN,Carine,1957-12-03,F,1207,TOSSOU Ayaba,0151222104
ENR-001994,AN-000973,ACTE_NAISSANCE,AG036,Aplahoué,2025-08-06,BIO,Fidèle Romaric,2007-01-31,M,1102,OSSENI Gisèle,0120691320
ENR-001995,AN-001419,ACTE_NAISSANCE,AG022,Kandi,2025-08-06,ADJOVI,Bienvenu,1968-11-22,M,0402,DANSOU Sèmèvo,0183434749
ENR-001996,AN-002027,ACTE_NAISSANCE,AG023,Dassa-Zoumè,2025-08-06,QUENUM,Serge,2004-05-04,M,0301,HOUNGBO Rosine,0168213381
ENR-001997,AN-003197,ACTE_NAISSANCE,AG029,Bohicon,2025-08-06,HOUNKPATIN,Fidèle,1983-09-22,M,0206,HOUNGBO Carine,0127711719
ENR-001998,AN-000421,ACTE_NAISSANCE,AG027,Porto-Novo,2025-08-07,AGOSSOU,Aïcha,1955-07-29,F,0106,BONI Chimène,0168045385
ENR-001999,CC-000695,CARTE_CONSULAIRE,AG005,Bohicon,2025-08-07,ZINSOU,Mahougnon Gildas,1996-08-03,M,0407,GLELE Sèmèvo,0191609423
ENR-002000,CC-001509,CARTE_CONSULAIRE,AG035,Dassa-Zoumè,2025-08-07,ZINSOU,Gildas,2011-02-02,M,0205,SAGBO Nadège,0122789308
ENR-002001,AN-001920,ACTE_NAISSANCE,AG025,Cotonou,2025-08-07,ADANDE,Romaric Fabrice,1945-09-17,M,0103,AMOUSSOU Sènami,0188345098
ENR-002002,AN-002346,ACTE_NAISSANCE,AG007,Djougou,2025-08-07,DOSSOU,Justin,1988-08-23,M,1206,MENSAH Espérance,0130201723
ENR-002003,AN-002995,ACTE_NAISSANCE,AG015,Porto-Novo,2025-08-07,ADJOVI,Fabrice,2007-07-14,M,1001,KIKI Ayaba,0172937306
ENR-002004,CC-004029,CARTE_CONSULAIRE,AG006,Natitingou,2025-08-07,KPADONOU,Prudence,1960-05-22,F,1105,AGBODJAN Carine,0104417043
ENR-002005,AN-000168,ACTE_NAISSANCE,AG040,Parakou,2025-08-08,MENSAH,Gildas Codjo,2000-03-28,M,0406,AHOYO Carine,0175077739
ENR-002006,PP-000422,PASSEPORT,AG004,Parakou,2025-08-08,SAGBO,Comlan Ibrahim,1986-09-17,M,1101,ASSOGBA Fatoumata,0153924757
ENR-002007,AN-001101,ACTE_NAISSANCE,AG033,Ouidah,2025-08-08,TCHIBOZO,Comlan,1999-08-04,M,1005,TOGBE Sylvie,+229 0120434631
ENR-002008,PP-002599,PASSEPORT,AG005,Bohicon,2025-08-08,YAROU,Rodrigue Codjo,1963-08-29,M,0205,LOKONON Sèmèvo,0100547574
ENR-002009,AN-004042,ACTE_NAISSANCE,AG037,Cotonou,2025-08-08,ALLADAYE,Carine,1989-12-15,F,0801,YAROU Aïcha,0176502379
ENR-002010,AN-004365,ACTE_NAISSANCE,AG034,Kandi,2025-08-08,NOUATIN,Serge Rachid,1971-04-29,M,1002,KIKI Judith,0100847905
ENR-002011,AN-004682,ACTE_NAISSANCE,AG035,Dassa-Zoumè,2025-08-08,AHOYO,Gisèle Rosine,2015-11-17,F,0103,ZINSOU Flore,0130669998
ENR-002012,AN-000192,ACTE_NAISSANCE,AG029,Bohicon,2025-08-09,SAGBO,Ghislain,2018-08-02,M,0602,HOUNGBO Bernice,0135928463
ENR-002013,PP-000368,PASSEPORT,AG015,Porto-Novo,2025-08-09,ZANNOU,Justin,1963-12-27,M,1205,DOSSOU Estelle,
ENR-002014,PP-001096,PASSEPORT,AG028,Parakou,2025-08-09,SOSSOU,Flore,1994-07-04,F,0205,HOUNKPATIN Sènami,0134265915
ENR-002015,AN-001097,ACTE_NAISSANCE,AG034,Kandi,2025-08-09,FASSINOU,Comlan Brice,1999-07-14,M,1001,DANSOU Estelle,0190032846
ENR-002016,AN-001665,ACTE_NAISSANCE,AG035,Dassa-Zoumè,2025-08-09,BONI,Moussa,1977-06-16,M,0408,AGBODJAN Sylvie,0135220415
ENR-002017,AN-002144,ACTE_NAISSANCE,AG019,Djougou,2025-08-09,HOUNKPATIN,Sèmèvo,1962-06-09,F,0902,IDRISSOU Sèmèvo,0146900651
ENR-002018,AN-002274,ACTE_NAISSANCE,AG034,Kandi,2025-08-09,ZANNOU,Prudence,1990-07-29,F,0407,GLELE Gisèle,0100116962
ENR-002019,PP-003118,PASSEPORT,AG012,Aplahoué,2025-08-09,DANSOU,Rachidatou,1978-02-22,F,0103,AGOSSOU Carine,0191906681
ENR-002020,AN-003911,ACTE_NAISSANCE,AG001,Cotonou,2025-08-09,CHABI,  Ibrahim   Brice ,2001-05-27,M,1006,TCHIBOZO Salamatou,0114713305
ENR-002021,AN-004183,ACTE_NAISSANCE,AG021,Ouidah,2025-08-09,HOUNKPATIN,Chimène Judith,1966-06-19,F,0504,GLELE Judith,
ENR-002022,PP-004407,PASSEPORT,AG012,Aplahoué,2025-08-09,HOUESSOU,Salamatou,2020-03-13,F,1002,SOSSOU Judith,
ENR-002023,AN-000528,ACTE_NAISSANCE,AG002,Abomey-Calavi,2025-08-10,YAROU,Ayaba,1966-05-12,F,0304,CODJIA Espérance,0157851156
ENR-002024,AN-001068,ACTE_NAISSANCE,AG026,Abomey-Calavi,2025-08-10,ADANDE,Ayaba,2008-11-06,F,1001,IDRISSOU Estelle,0128536314
ENR-002025,CC-001110,CARTE_CONSULAIRE,AG018,Natitingou,2025-08-10,DOSSOU,Ulrich,1992-05-22,M,0305,QUENUM Judith,0143390818
ENR-002026,CC-002689,CARTE_CONSULAIRE,AG021,Ouidah,2025-08-10,QUENUM,Bienvenu,1984-06-11,M,0902,BIO Carine,0142338359
ENR-002027,AN-003211,ACTE_NAISSANCE,AG001,Cotonou,2025-08-10,DANSOU,Ibrahim,2002-03-10,M,0308,TCHIBOZO Judith,0198401212
ENR-002028,AN-003247,ACTE_NAISSANCE,AG022,Kandi,2025-08-10,AGBODJAN,Fabrice Arnaud,1978-10-14,M,0304,OSSENI Rachidatou,0128607599
ENR-002029,PP-003283,PASSEPORT,AG027,Porto-Novo,2025-08-10,KOUKPAKI,Brice,1984-03-12,M,0604,HOUNSOU Aïcha,0119534639
ENR-002030,PP-003500,PASSEPORT,AG015,Porto-Novo,2025-08-10,yarou,Mahougnon,1999-10-26,M,0308,HOUESSOU Espérance,0186168702
ENR-002031,AN-003692,ACTE_NAISSANCE,AG037,Cotonou,2025-08-10,BIO,Espérance,2007-08-02,F,0604,KPADONOU Chimène,0143997089
ENR-002032,AN-003981,ACTE_NAISSANCE,AG008,Lokossa,2025-08-10,GLELE,Gildas,1967-11-25,M,0605,HOUNKPATIN Sènami,0181917083
ENR-002033,PP-004088,PASSEPORT,AG020,Lokossa,2025-08-10,DANSOU,Mahougnon,1986-04-24,M,1204,LOKONON Fatoumata,0142661998
ENR-002034,CC-004167,CARTE_CONSULAIRE,AG009,Ouidah,2025-08-10,ALLADAYE,Espérance Mariam,1989-04-03,F,0308,HOUNKPATIN Espérance,0156109208
ENR-002035,AN-004200,ACTE_NAISSANCE,AG029,Bohicon,2025-08-10,KPADONOU,Comlan Brice,1993-06-26,M,1006,GBAGUIDI Sèmèvo,0169565941
ENR-002036,CC-004331,CARTE_CONSULAIRE,AG028,Parakou,2025-08-10,KPADONOU,Brice Arnaud,1992-01-28,M,0306,ADJOVI Rachidatou,0106603925
ENR-002037,AN-003313,ACTE_NAISSANCE,AG004,Parakou,2025-08-10,YAROU,Rosine,1982-11-17,F,1003,NOUATIN Salamatou,0176202548
ENR-002038,PP-000140,PASSEPORT,AG033,Ouidah,2025-08-11,GLELE,Prudence Rachidatou,2005-01-16,F,1008,AGBODJAN Sèmèvo,0144317367
ENR-002039,PP-000311,PASSEPORT,AG007,Djougou,2025-08-11,LOKONON,Prudence,1997-06-10,F,1105,ZANNOU Fatoumata,0189064373
ENR-002040,CC-000902,CARTE_CONSULAIRE,AG012,Aplahoué,2025-08-11,OSSENI,Chimène,1977-09-02,F,0703,SOULEY Flore,0134040881
ENR-002041,PP-000974,PASSEPORT,AG036,Aplahoué,2025-08-11,BIO,Rachidatou Sylvie,1972-04-16,F,0204,TOSSOU Rosine,0145625824
ENR-002042,AN-001828,ACTE_NAISSANCE,AG038,Abomey-Calavi,2025-08-11,AGOSSOU,Fatoumata Gisèle,2018-10-31,F,0506,QUENUM Gisèle,0155172822
ENR-002043,AN-002872,ACTE_NAISSANCE,AG031,Djougou,2025-08-11,SOSSOU,Rodrigue,2011-11-15,M,0403,BONI Aïcha,0143910278
ENR-002044,CC-003427,CARTE_CONSULAIRE,AG037,Cotonou,2025-08-11,ADJOVI,Fatoumata,1979-05-27,F,0308,ADJOVI Prudence,0131756871
ENR-002045,AN-004697,ACTE_NAISSANCE,AG009,Ouidah,2025-08-11,ASSOGBA,Serge,1962-12-10,M,0603,SOSSOU Ayaba,0179461798
ENR-002046,AN-000063,ACTE_NAISSANCE,AG035,Dassa-Zoumè,2025-08-12,ZANNOU,Nadège,2014-04-20,F,0201,YAROU Mariam,0198890421
ENR-002047,AN-000771,ACTE_NAISSANCE,AG011,Dassa-Zoumè,2025-08-12,TOGBE,Estelle,2003-08-03,F,0503,NOUATIN Gisèle,
ENR-002048,PP-001449,PASSEPORT,AG029,Bohicon,2025-08-12,HOUESSOU,Ibrahim,1999-12-28,M,0902,QUENUM Prudence,0184813382
ENR-002049,AN-002574,ACTE_NAISSANCE,AG033,Ouidah,2025-08-12,codjia,Rodrigue Serge,1971-09-23,M,1209,VODOUNON Nadège,0184250501
ENR-002050,PP-003306,PASSEPORT,AG008,Lokossa,2025-08-12,fassinou,Bienvenu,1972-02-14,M,0506,AHOYO Gisèle,0126041910
ENR-002051,CC-003323,CARTE_CONSULAIRE,AG015,Porto-Novo,2025-08-12,IDRISSOU,Estelle,1989-12-25,F,1001,ZANNOU Rosine,0112103340
ENR-002052,CC-003395,CARTE_CONSULAIRE,AG026,Abomey-Calavi,2025-08-12,CHABI,Brice Gildas,1958-02-22,M,0902,BONI Ayaba,0130021436
ENR-002053,AN-003403,ACTE_NAISSANCE,AG018,Natitingou,2025-08-12,AHOUANSOU,Mahougnon,2016-01-03,M,0308,KPADONOU Prudence,0171504100
ENR-002054,AN-003426,ACTE_NAISSANCE,AG036,Aplahoué,2025-08-12,BIO,Gildas,1998-07-06,M,0206,TOGBE Prudence,
ENR-002055,CC-004035,CARTE_CONSULAIRE,AG025,Cotonou,2025-08-12,AHOYO,Prudence Sènami,1994-10-22,F,0702,KPADONOU Rosine,0164332992
ENR-002056,CC-004696,CARTE_CONSULAIRE,AG032,Lokossa,2025-08-12,glele,Carine,1990-03-18,F,1101,SOULEY Chimène,
ENR-002057,AN-000602,ACTE_NAISSANCE,AG001,Cotonou,2025-08-13,BONI,Fatoumata,1988-04-08,F,0101,DANSOU Fatoumata,0160261399
ENR-002058,AN-000663,ACTE_NAISSANCE,AG023,Dassa-Zoumè,2025-08-13,TOGBE,Romaric,2015-04-29,M,0601,HOUNGBO Estelle,0114968808
ENR-002059,AN-000832,ACTE_NAISSANCE,AG012,Aplahoué,2025-08-13,VODOUNON,Rachid Koffi,1967-01-15,M,0303,KPADONOU Chimène,0169065084
ENR-002060,AN-000983,ACTE_NAISSANCE,AG001,Cotonou,2025-08-13,TCHIBOZO,Rodrigue,2003-09-28,M,0403,KIKI Espérance,0107186368
ENR-002061,PP-001201,PASSEPORT,AG012,Aplahoué,2025-08-13,TOGBE,Carine,2004-07-28,F,0209,TOSSOU Sèmèvo,0114082505
ENR-002062,PP-001921,PASSEPORT,AG040,Parakou,2025-08-13,AHOYO,Estelle Gisèle,1978-04-03,F,1208,HOUNKPATIN Chimène,0177871529
ENR-002063,AN-003462,ACTE_NAISSANCE,AG028,Parakou,2025-08-13,TCHIBOZO,Moussa Koffi,1997-05-18,M,1105,HOUESSOU Rachidatou,0185608064
ENR-002064,AN-004219,ACTE_NAISSANCE,AG015,Porto-Novo,2025-08-13,VODOUNON,Prudence,1995-05-13,F,0203,HOUNSOU Rachidatou,018048790501
ENR-002065,CC-004653,CARTE_CONSULAIRE,AG012,Aplahoué,2025-08-13,AHOUANSOU,Aïcha Sènami,1998-11-09,F,0202,ADJOVI Mariam,
ENR-002066,AN-002291,ACTE_NAISSANCE,AG029,Bohicon,2025-08-14,TOSSOU,Rachid,2008-01-27,M,0801,SOULEY Mariam,0140522633
ENR-002067,AN-002535,ACTE_NAISSANCE,AG023,Dassa-Zoumè,2025-08-14,DOSSOU,Arnaud Ibrahim,2019-09-24,M,0102,IDRISSOU Nadège,0113850696
ENR-002068,CC-003087,CARTE_CONSULAIRE,AG004,Parakou,2025-08-14,AGOSSOU,Arnaud,1989-06-19,M,0403,AKPOVI Rosine,
ENR-002069,AN-003562,ACTE_NAISSANCE,AG005,Bohicon,2025-08-14,LOKONON,Ayaba,1993-10-31,F,0503,ZINSOU Carine,0153665620
ENR-002070,AN-003644,ACTE_NAISSANCE,AG019,Djougou,2025-08-14,SOULEY,Estelle Sèmèvo,1986-09-26,F,0306,AGOSSOU Aïcha,0119596564
ENR-002071,AN-004778,ACTE_NAISSANCE,AG028,Parakou,2025-08-14,BONI,Judith,1982-10-22,F,1009,DOSSOU Flore,
ENR-002072,AN-000221,ACTE_NAISSANCE,AG038,Abomey-Calavi,2025-08-15,YAROU,Fatoumata,2004-12-24,F,0704,DANSOU Gisèle,0128524132
ENR-002073,AN-001673,ACTE_NAISSANCE,AG012,Aplahoué,2025-08-15,FASSINOU,Ghislain,1985-09-10,M,0905,VODOUNON Sèmèvo,077089061
ENR-002074,AN-001697,ACTE_NAISSANCE,AG003,Porto-Novo,2025-08-15,MENSAH,Rachid,2009-09-30,M,0503,ADANDE Chimène,0143412560
ENR-002075,AN-001835,ACTE_NAISSANCE,AG032,Lokossa,2025-08-15,AGOSSOU,Chimène,2004-01-13,F,0202,BONI Rosine,0100840268
ENR-002076,AN-001843,ACTE_NAISSANCE,AG010,Kandi,2025-08-15,TOSSOU,Rosine Rachidatou,1993-06-15,F,1204,SOSSOU Flore,0122835015
ENR-002077,PP-002046,PASSEPORT,AG027,Porto-Novo,2025-08-15,GLELE,Moussa,1987-08-30,M,0404,AMOUSSOU Carine,0159164615
ENR-002078,AN-002168,ACTE_NAISSANCE,AG027,Porto-Novo,2025-08-15,GLELE,Bernice,1999-10-19,F,1007,MENSAH Chimène,0144183158
ENR-002079,AN-002554,ACTE_NAISSANCE,AG031,Djougou,2025-08-15,HOUESSOU,Prudence,1995-09-28,F,0704,GLELE Flore,
ENR-002080,CC-002613,CARTE_CONSULAIRE,AG007,Djougou,2025-08-15,VODOUNON,Mariam Carine,2017-05-13,F,0301,AKPOVI Rosine,0122439499
ENR-002081,CC-003530,CARTE_CONSULAIRE,AG040,Parakou,2025-08-15,QUENUM,Sylvie Aïcha,1961-10-22,F,0403,FASSINOU Chimène,0120102124
ENR-002082,PP-003658,PASSEPORT,AG013,Cotonou,2025-08-15,TOGBE,Carine,2001-05-23,F,0902,TCHIBOZO Ayaba,
ENR-002083,AN-004176,ACTE_NAISSANCE,AG039,Porto-Novo,2025-08-15,AGOSSOU,Fabrice,2004-10-08,M,0901,AMOUSSOU Flore,0159472282
ENR-002084,PP-004537,PASSEPORT,AG015,Porto-Novo,2025-08-15,DOSSOU,Koffi,1949-05-07,M,0101,GBAGUIDI Judith,0192637921
ENR-002085,AN-000923,ACTE_NAISSANCE,AG023,Dassa-Zoumè,2025-08-16,ASSOGBA,Brice,1951-06-10,M,0308,GLELE Rosine,0139512970
ENR-002086,AN-001320,ACTE_NAISSANCE,AG035,Dassa-Zoumè,2025-08-16,YAROU,Mahougnon,1956-12-06,M,0105,NOUATIN Rachidatou,0165210385
ENR-002087,CC-001498,CARTE_CONSULAIRE,AG027,Porto-Novo,2025-08-16,AMOUSSOU,Estelle Flore,1985-03-06,F,0502,HOUESSOU Mariam,0192625337
ENR-002088,AN-001784,ACTE_NAISSANCE,AG035,Dassa-Zoumè,2025-08-16,CODJIA,Gildas,1999-10-22,M,0408,VODOUNON Rosine,0162625323
ENR-002089,AN-002073,ACTE_NAISSANCE,AG012,Aplahoué,2025-08-16,FASSINOU,Ghislain,1999-06-21,M,0702,GBAGUIDI Bernice,0117020360
ENR-002090,AN-002075,ACTE_NAISSANCE,AG026,Abomey-Calavi,2025-08-16,FASSINOU,Nadège Prudence,1995-11-20,F,0104,HOUNSOU Gisèle,0182014918
ENR-002091,PP-002255,PASSEPORT,AG018,Natitingou,2025-08-16,NOUATIN,Sènami,1951-04-29,F,0306,AMOUSSOU Rosine,0134152394
ENR-002092,PP-003996,PASSEPORT,AG002,Abomey-Calavi,2025-08-16,HOUNKPATIN,Estelle,1983-01-01,F,1206,ADANDE Chimène,0161419513
ENR-002093,CC-004173,CARTE_CONSULAIRE,AG019,Djougou,2025-08-16,QUENUM,Sènami,2001-01-15,F,0205,GBAGUIDI Bernice,0168616833
ENR-002094,AN-000480,ACTE_NAISSANCE,AG002,Abomey-Calavi,2025-08-17,KOUKPAKI,Aïcha Rachidatou,1992-01-09,F,0406,SOSSOU Sèmèvo,0146002960
ENR-002095,PP-000548,PASSEPORT,AG017,Bohicon,2025-08-17,zinsou,Ayaba Espérance,1953-02-04,F,0602,MENSAH Gisèle,0196677943
ENR-002096,AN-001012,ACTE_NAISSANCE,AG008,Lokossa,2025-08-17,AHOUANSOU,Nadège Prudence,2015-03-02,F,0604,HOUESSOU Sèmèvo,0186973262
ENR-002097,AN-001239,ACTE_NAISSANCE,AG033,Ouidah,2025-08-17,IDRISSOU,Sylvie,1967-01-27,F,0407,HOUESSOU Estelle,
ENR-002098,AN-001466,ACTE_NAISSANCE,AG006,Natitingou,2025-08-17,AGOSSOU,Ibrahim,2013-05-07,M,1003,AHOUANSOU Estelle,0196951443
ENR-002099,AN-002119,ACTE_NAISSANCE,AG033,Ouidah,2025-08-17,SAGBO,Fatoumata Mariam,1986-11-11,F,0307,AGOSSOU Prudence,0112874707
ENR-002100,PP-002229,PASSEPORT,AG039,Porto-Novo,2025-08-17,GLELE,Carine,1964-12-25,F,1203,HOUNSOU Salamatou,0104748046
ENR-002101,AN-002570,ACTE_NAISSANCE,AG001,Cotonou,2025-08-17,YAROU,Bernice Prudence,1989-08-12,F,1201,AHOYO Chimène,
ENR-002102,PP-003528,PASSEPORT,AG022,Kandi,2025-08-17,TOSSOU,Gildas Fidèle,1987-03-18,M,0303,DOSSOU Mariam,909600262
ENR-002103,AN-004658,ACTE_NAISSANCE,AG031,Djougou,2025-08-17,DOSSOU,Ayaba Salamatou,1966-06-29,F,1204,DOSSOU Ayaba,0103119111
ENR-002104,AN-000123,ACTE_NAISSANCE,AG031,Djougou,2025-08-18,YAROU,Carine,2011-04-06,F,0303,LOKONON Ayaba,
ENR-002105,AN-001985,ACTE_NAISSANCE,AG033,Ouidah,2025-08-18,SOSSOU,Fabrice,1946-05-24,M,0202,TOSSOU Ayaba,+229 0191222565
ENR-002106,AN-002851,ACTE_NAISSANCE,AG013,Cotonou,2025-08-18,IDRISSOU,Flore Sylvie,2004-02-16,F,0404,HOUNSOU Sènami,0168166920
ENR-002107,AN-002947,ACTE_NAISSANCE,AG016,Parakou,2025-08-18,IDRISSOU,Ibrahim,1997-06-04,M,0801,SOULEY Carine,0101572284
ENR-002108,AN-003266,ACTE_NAISSANCE,AG011,Dassa-Zoumè,2025-08-18,YAROU,Ayaba Gisèle,1977-03-22,F,0403,TCHIBOZO Nadège,
ENR-002109,AN-003544,ACTE_NAISSANCE,AG005,Bohicon,2025-08-18,ADANDE,Justin,2012-05-15,M,0704,ZANNOU Sylvie,0168817914
ENR-002110,AN-004158,ACTE_NAISSANCE,AG006,Natitingou,2025-08-18,SOSSOU,Comlan,2001-06-20,M,0308,HOUNKPATIN Sylvie,0106197430
ENR-002111,AN-004554,ACTE_NAISSANCE,AG035,Dassa-Zoumè,2025-08-18,AHOUANSOU,Ghislain Rachid,2020-07-16,M,0406,SAGBO Carine,
ENR-002112,AN-001642,ACTE_NAISSANCE,AG001,Cotonou,2025-08-19,BIO,Bernice Gisèle,1955-06-06,F,1003,HOUNSOU Sèmèvo,
ENR-002113,PP-002315,PASSEPORT,AG009,Ouidah,2025-08-19,MENSAH,Yves,1970-07-18,M,0205,DANSOU Ayaba,0189731500
ENR-002114,AN-002644,ACTE_NAISSANCE,AG019,Djougou,2025-08-19,ZINSOU,Koffi,1993-05-10,M,1203,AHOUANSOU Mariam,0166652647
ENR-002115,AN-003810,ACTE_NAISSANCE,AG016,Parakou,2025-08-19,AGOSSOU,Ghislain,1973-01-09,M,0906,MENSAH Mariam,0192774007
ENR-002116,AN-004536,ACTE_NAISSANCE,AG019,Djougou,2025-08-19,HOUNGBO,Mahougnon,2006-04-20,M,0606,AGBODJAN Carine,0175979285
ENR-002117,PP-000054,PASSEPORT,AG033,Ouidah,2025-08-20,KIKI,Estelle Salamatou,1944-10-22,F,1103,ALLADAYE Mariam,251525991
ENR-002118,AN-001146,ACTE_NAISSANCE,AG021,Ouidah,2025-08-20,TOSSOU,Espérance Flore,1989-09-03,F,1002,YAROU Gisèle,
ENR-002119,AN-001570,ACTE_NAISSANCE,AG012,Aplahoué,2025-08-20,AMOUSSOU,Moussa,2024-06-27,M,0902,MENSAH Ayaba,0130081377
ENR-002120,AN-002708,ACTE_NAISSANCE,AG035,Dassa-Zoumè,2025-08-20,ZANNOU,Fidèle Justin,2000-12-14,M,0905,HOUNKPATIN Aïcha,0143380183
ENR-002121,AN-003466,ACTE_NAISSANCE,AG003,Porto-Novo,2025-08-20,HOUNKPATIN,Mahougnon,1964-10-31,M,1203,QUENUM Rosine,0150967186
ENR-002122,AN-004019,ACTE_NAISSANCE,AG039,Porto-Novo,2025-08-20,AHOUANSOU,Ghislain,2011-08-11,M,1101,GBAGUIDI Sènami,0139765355
ENR-002123,AN-004420,ACTE_NAISSANCE,AG028,Parakou,2025-08-20,NOUATIN,Yves,1984-08-16,M,0701,AHOUANSOU Flore,0144333225
ENR-002124,AN-001254,ACTE_NAISSANCE,AG008,Lokossa,2025-08-20,BIO,Nadege,2014-03-15,F,0901,YAROU Salamatou,0168039718
ENR-002125,AN-000642,ACTE_NAISSANCE,AG005,Bohicon,2025-08-21,ZINSOU,Fabrice Ghislain,1995-04-11,M,0301,DANSOU Bernice,0132193588
ENR-002126,AN-000928,ACTE_NAISSANCE,AG019,Djougou,2025-08-21,VODOUNON,Salamatou Sylvie,2010-01-23,F,1204,AHOYO Espérance,0109933383
ENR-002127,AN-001309,ACTE_NAISSANCE,AG015,Porto-Novo,2025-08-21,NOUATIN,Serge Comlan,1965-05-24,M,1008,AGOSSOU Aïcha,0122839202
ENR-002128,CC-001736,CARTE_CONSULAIRE,AG001,Cotonou,2025-08-21,HOUNSOU,Espérance,1987-04-29,F,1206,CHABI Aïcha,0106045191
ENR-002129,CC-002249,CARTE_CONSULAIRE,AG035,Dassa-Zoumè,2025-08-21,DANSOU,Rachid,1995-11-27,M,0102,TOSSOU Sylvie,0129726053
ENR-002130,AN-002342,ACTE_NAISSANCE,AG028,Parakou,2025-08-21,AHOUANSOU,Codjo,1997-09-14,M,0407,SAGBO Chimène,0110052680
ENR-002131,PP-002788,PASSEPORT,AG036,Aplahoué,2025-08-21,KPADONOU,Sèmèvo,1978-10-29,F,0703,HOUNGBO Estelle,0192519002
ENR-002132,AN-003285,ACTE_NAISSANCE,AG007,Djougou,2025-08-21,VODOUNON,Bienvenu,1989-05-11,M,0407,DOSSOU Espérance,0105189589
ENR-002133,PP-003290,PASSEPORT,AG008,Lokossa,2025-08-21,BIO,Gisèle Rachidatou,2014-06-02,F,1207,KIKI Carine,0127604187
ENR-002134,CC-004372,CARTE_CONSULAIRE,AG026,Abomey-Calavi,2025-08-21,HOUNGBO,Koffi,1990-01-29,M,0207,ZANNOU Sylvie,0133392435
ENR-002135,AN-004515,ACTE_NAISSANCE,AG014,Abomey-Calavi,2025-08-21,CODJIA,Gisèle Sèmèvo,1983-02-22,F,0105,CHABI Aïcha,0154538705
ENR-002136,AN-004681,ACTE_NAISSANCE,AG012,Aplahoué,2025-08-21,AHOUANSOU,Ayaba Rosine,1989-07-08,F,0902,AGOSSOU Flore,
ENR-002137,CC-004688,CARTE_CONSULAIRE,AG003,Porto-Novo,2025-08-21,FASSINOU,Ibrahim Serge,1968-07-14,M,1003,DOSSOU Gisèle,0182976983
ENR-002138,CC-004823,CARTE_CONSULAIRE,AG010,Kandi,2025-08-21,BONI,Rosine,1965-07-08,F,0205,TOSSOU Rosine,0152120724
ENR-002139,AN-004987,ACTE_NAISSANCE,AG011,Dassa-Zoumè,2025-08-21,KIKI,Justin Ulrich,2010-05-29,M,0201,BIO Nadège,0114282178
ENR-002140,AN-001485,ACTE_NAISSANCE,AG027,Porto-Novo,2025-08-21,ASSOGBA,Serge Brice,1987-05-22,M,0505,QUENUM Flore,0110468606
ENR-002141,AN-000018,ACTE_NAISSANCE,AG021,Ouidah,2025-08-22,KIKI,Carine,2018-04-05,F,1008,IDRISSOU Chimène,0191280845
ENR-002142,AN-000614,ACTE_NAISSANCE,AG024,Aplahoué,2025-08-22,FASSINOU,Ulrich,1956-03-25,M,0303,MENSAH Carine,0129349852
ENR-002143,CC-001055,CARTE_CONSULAIRE,AG040,Parakou,2025-08-22,HOUNKPATIN,Gildas Bienvenu,1966-04-01,M,0305,AGBODJAN Mariam,
ENR-002144,AN-001539,ACTE_NAISSANCE,AG011,Dassa-Zoumè,2025-08-22,KPADONOU,Arnaud,2009-07-07,M,0203,OSSENI Fatoumata,0157213511
ENR-002145,CC-001591,CARTE_CONSULAIRE,AG032,Lokossa,2025-08-22,GLELE,Serge,1998-06-05,M,0906,BONI Sylvie,0141185565
ENR-002146,CC-002463,CARTE_CONSULAIRE,AG013,Cotonou,2025-08-22,AHOUANSOU,Gildas,1976-08-29,M,1209,HOUESSOU Aïcha,0177169198
ENR-002147,AN-002537,ACTE_NAISSANCE,AG032,Lokossa,2025-08-22,ADANDE,Ulrich Codjo,2013-12-13,M,0704,ADJOVI Prudence,0197131192
ENR-002148,AN-003438,ACTE_NAISSANCE,AG010,Kandi,2025-08-22,lokonon,Flore,2020-04-29,F,0704,NOUATIN Carine,
ENR-002149,AN-003568,ACTE_NAISSANCE,AG008,Lokossa,2025-08-22,kpadonou,Mariam,1985-02-03,F,1104,HOUNSOU Sèmèvo,0152462964
ENR-002150,AN-004430,ACTE_NAISSANCE,AG020,Lokossa,2025-08-22,SAGBO,Rachid Mahougnon,1957-09-27,M,0208,SAGBO Rachidatou,0114107645
ENR-002151,AN-004434,ACTE_NAISSANCE,AG031,Djougou,2025-08-22,YAROU,Romaric,1990-01-24,M,0403,HOUNGBO Sèmèvo,0129613539
ENR-002152,CC-004721,CARTE_CONSULAIRE,AG036,Aplahoué,2025-08-22,BONI,Prudence,1954-04-15,F,0704,HOUNKPATIN Rosine,0173725876
ENR-002153,AN-004863,ACTE_NAISSANCE,AG034,Kandi,2025-08-22,IDRISSOU,Ayaba Prudence,1981-03-29,F,1102,HOUNSOU Fatoumata,0104489736
ENR-002154,AN-004870,ACTE_NAISSANCE,AG028,Parakou,2025-08-22,TOGBE,Fabrice,1989-12-18,M,1202,IDRISSOU Rosine,0164745201
ENR-002155,AN-000454,ACTE_NAISSANCE,AG031,Djougou,2025-08-23,KIKI,Espérance,2000-02-12,F,0204,AGBODJAN Prudence,0101333156
ENR-002156,PP-001175,PASSEPORT,AG009,Ouidah,2025-08-23,TOGBE,Salamatou,1959-03-03,F,0205,FASSINOU Mariam,0174563823
ENR-002157,AN-002639,ACTE_NAISSANCE,AG028,Parakou,2025-08-23,HOUESSOU,Ibrahim Codjo,2006-02-08,M,0106,SOSSOU Chimène,0175650391
ENR-002158,PP-003065,PASSEPORT,AG015,Porto-Novo,2025-08-23,HOUNGBO,Fatoumata,1990-01-11,F,0207,AKPOVI Ayaba,0162318842
ENR-002159,AN-000312,ACTE_NAISSANCE,AG032,Lokossa,2025-08-24,TOSSOU,Carine Gisèle,1999-05-16,F,0801,HOUNKPATIN Judith,0157231572
ENR-002160,AN-000513,ACTE_NAISSANCE,AG011,Dassa-Zoumè,2025-08-24,HOUNKPATIN,Mahougnon,1946-05-16,M,0602,TCHIBOZO Sèmèvo,
ENR-002161,AN-001051,ACTE_NAISSANCE,AG006,Natitingou,2025-08-24,AHOYO,Romaric,1998-09-21,M,0407,DANSOU Flore,0119052374
ENR-002162,AN-001371,ACTE_NAISSANCE,AG036,Aplahoué,2025-08-24,LOKONON,Nadège Mariam,1965-03-28,F,1204,AHOUANSOU Sèmèvo,0109503163
ENR-002163,AN-002598,ACTE_NAISSANCE,AG003,Porto-Novo,2025-08-24,KIKI,Fabrice,2003-09-29,M,0504,IDRISSOU Chimène,0135836861
ENR-002164,PP-003003,PASSEPORT,AG001,Cotonou,2025-08-24,ADANDE,Flore Aïcha,1987-12-22,F,0105,GBAGUIDI Sènami,0101110741
ENR-002165,CC-004315,CARTE_CONSULAIRE,AG012,Aplahoué,2025-08-24,GBAGUIDI,Flore,2009-06-19,F,0701,KIKI Espérance,0128089586
ENR-002166,PP-004438,PASSEPORT,AG019,Djougou,2025-08-24,ASSOGBA,Yves,2009-01-16,M,0603,HOUNGBO Mariam,
ENR-002167,AN-000012,ACTE_NAISSANCE,AG012,Aplahoué,2025-08-25,BONI,Nadège,2022-07-10,F,0606,IDRISSOU Gisèle,0152589831
ENR-002168,AN-000128,ACTE_NAISSANCE,AG040,Parakou,2025-08-25,TOSSOU,Gisèle Bernice,2015-06-02,F,0904,AHOYO Chimène,0189823384
ENR-002169,AN-001099,ACTE_NAISSANCE,AG005,Bohicon,2025-08-25,AKPOVI,Ghislain,1960-05-12,M,1004,AHOUANSOU Fatoumata,0193772979
ENR-002170,AN-001544,ACTE_NAISSANCE,AG027,Porto-Novo,2025-08-25,ZINSOU,Ghislain Moussa,1999-02-13,M,0204,YAROU Rachidatou,0119449972
ENR-002171,PP-001796,PASSEPORT,AG036,Aplahoué,2025-08-25,DANSOU,Fabrice,1983-11-07,M,1209,VODOUNON Carine,0185580408
ENR-002172,AN-001914,ACTE_NAISSANCE,AG033,Ouidah,2025-08-25,VODOUNON,Gildas,1959-09-09,M,0301,BIO Bernice,
ENR-002173,PP-002630,PASSEPORT,AG018,Natitingou,2025-08-25,HOUNSOU,Comlan,2002-01-14,M,0902,AMOUSSOU Ayaba,0128030843
ENR-002174,AN-003756,ACTE_NAISSANCE,AG004,Parakou,2025-08-25,TCHIBOZO,  Estelle ,1988-03-08,F,0205,HOUNKPATIN Prudence,0108441882
ENR-002175,CC-003758,CARTE_CONSULAIRE,AG031,Djougou,2025-08-25,AGOSSOU,Comlan Mahougnon,1950-10-27,M,0904,HOUNGBO Salamatou,0123745957
ENR-002176,PP-000573,PASSEPORT,AG001,Cotonou,2025-08-26,ASSOGBA,Sèmèvo,1995-05-17,F,1205,NOUATIN Aïcha,0186530193
ENR-002177,CC-002519,CARTE_CONSULAIRE,AG017,Bohicon,2025-08-26,HOUESSOU,Sènami,1964-09-09,F,1201,ZINSOU Sylvie,0193363292
ENR-002178,AN-003533,ACTE_NAISSANCE,AG027,Porto-Novo,2025-08-26,CHABI,Semevo,1962-01-24,F,1001,SOULEY Judith,0109031335
ENR-002179,AN-001955,ACTE_NAISSANCE,AG025,Cotonou,2025-08-27,SOULEY,Espérance,1994-01-21,F,0201,LOKONON Espérance,0142809002
ENR-002180,AN-003050,ACTE_NAISSANCE,AG036,Aplahoué,2025-08-27,AHOUANSOU,Yves,1997-05-27,M,1002,AHOYO Carine,
ENR-002181,AN-003825,ACTE_NAISSANCE,AG028,Parakou,2025-08-27,QUENUM,Sènami Salamatou,1950-01-14,F,0205,DOSSOU Rosine,0190066671
ENR-002182,AN-003957,ACTE_NAISSANCE,AG029,Bohicon,2025-08-27,ASSOGBA,Fidèle,1966-02-20,M,1004,AGBODJAN Sèmèvo,0173486396
ENR-002183,CC-003960,CARTE_CONSULAIRE,AG012,Aplahoué,2025-08-27,KIKI,Gisèle,1963-07-28,F,0403,SOULEY Salamatou,0106412021
ENR-002184,PP-004138,PASSEPORT,AG036,Aplahoué,2025-08-27,VODOUNON,Gildas,1971-03-24,M,0602,TOSSOU Carine,0157136661
ENR-002185,CC-004550,CARTE_CONSULAIRE,AG033,Ouidah,2025-08-27,KPADONOU,Arnaud,1999-10-18,M,0801,HOUNGBO Carine,0172233666
ENR-002186,AN-004759,ACTE_NAISSANCE,AG012,Aplahoué,2025-08-27,AMOUSSOU,Mahougnon Fabrice,1996-12-07,M,1103,BIO Estelle,0112498424
ENR-002187,AN-000340,ACTE_NAISSANCE,AG033,Ouidah,2025-08-28,KIKI,Mahougnon,1953-11-09,M,0401,SOULEY Rachidatou,0106051132
ENR-002188,PP-000616,PASSEPORT,AG027,Porto-Novo,2025-08-28,SOSSOU,Koffi,1946-02-24,M,0305,OSSENI Carine,0188167173
ENR-002189,AN-000951,ACTE_NAISSANCE,AG018,Natitingou,2025-08-28,HOUNGBO,Fidèle,1951-01-15,M,0701,MENSAH Sèmèvo,0190131688
ENR-002190,CC-002647,CARTE_CONSULAIRE,AG005,Bohicon,2025-08-28,ADANDE,Gisèle,1970-10-19,F,0504,BONI Ayaba,0179419325
ENR-002191,CC-002858,CARTE_CONSULAIRE,AG028,Parakou,2025-08-28,BONI,Bienvenu Ibrahim,1961-06-06,M,1105,AKPOVI Aïcha,0184192231
ENR-002192,PP-003021,PASSEPORT,AG026,Abomey-Calavi,2025-08-28,ADANDE,Brice,2003-08-21,M,0302,CODJIA Chimène,0111101959
ENR-002193,CC-003139,CARTE_CONSULAIRE,AG035,Dassa-Zoumè,2025-08-28,ASSOGBA,Gildas,1998-12-14,M,0308,BIO Bernice,0100510419
ENR-002194,AN-003192,ACTE_NAISSANCE,AG037,Cotonou,2025-08-28,TOGBE,Bienvenu,1964-10-03,M,1002,GBAGUIDI Prudence,0124645127
ENR-002195,AN-004671,ACTE_NAISSANCE,AG011,Dassa-Zoumè,2025-08-28,KPADONOU,Gisèle Carine,2003-04-09,F,0506,HOUESSOU Sènami,0166211652
ENR-002196,CC-004704,CARTE_CONSULAIRE,AG026,Abomey-Calavi,2025-08-28,TCHIBOZO,Estelle,1971-03-09,F,1201,YAROU Judith,0178994294
ENR-002197,PP-004790,PASSEPORT,AG031,Djougou,2025-08-28,QUENUM,Rachid,1956-10-08,M,0502,AGOSSOU Carine,0181931647
ENR-002198,AN-000139,ACTE_NAISSANCE,AG020,Lokossa,2025-08-29,KIKI,Rachid,2004-01-04,M,0401,DOSSOU Aïcha,
ENR-002199,AN-000765,ACTE_NAISSANCE,AG010,Kandi,2025-08-29,DOSSOU,Rosine,2007-06-27,F,0905,SOSSOU Judith,0114010650
ENR-002200,AN-001474,ACTE_NAISSANCE,AG008,Lokossa,2025-08-29,ASSOGBA,Rosine,1970-03-09,F,0602,AGBODJAN Rosine,0100215693
ENR-002201,AN-001857,ACTE_NAISSANCE,AG032,Lokossa,2025-08-29,DANSOU,Moussa,2021-12-26,M,0605,ADANDE Rosine,0102302791
ENR-002202,AN-001878,ACTE_NAISSANCE,AG024,Aplahoué,2025-08-29,KPADONOU,Rachid Justin,1995-10-03,M,0603,GLELE Aïcha,0136254913
ENR-002203,AN-003863,ACTE_NAISSANCE,AG027,Porto-Novo,2025-08-29,NOUATIN,Flore,1989-04-16,F,0701,BIO Carine,0190039464
ENR-002204,AN-004217,ACTE_NAISSANCE,AG007,Djougou,2025-08-29,TCHIBOZO,Ibrahim Ghislain,1962-06-01,M,0903,HOUESSOU Carine,0199434166
ENR-002205,AN-004294,ACTE_NAISSANCE,AG007,Djougou,2025-08-29,NOUATIN,Codjo Rodrigue,1967-10-06,M,0306,TOSSOU Prudence,0161381850
ENR-002206,AN-004439,ACTE_NAISSANCE,AG036,Aplahoué,2025-08-29,GLELE,Nadège,1976-12-19,F,0402,TOSSOU Espérance,0103345564
ENR-002207,AN-000233,ACTE_NAISSANCE,AG007,Djougou,2025-08-30,HOUNSOU,Arnaud,2011-07-02,M,0106,YAROU Sèmèvo,0165610066
ENR-002208,AN-000252,ACTE_NAISSANCE,AG017,Bohicon,2025-08-30,sossou,Gildas,2004-12-24,M,0208,CHABI Fatoumata,0172660394
ENR-002209,AN-000330,ACTE_NAISSANCE,AG006,Natitingou,2025-08-30,OSSENI,Chimène,1947-02-21,F,1007,CHABI Rosine,0121111992
ENR-002210,AN-000487,ACTE_NAISSANCE,AG020,Lokossa,2025-08-30,KIKI,Mahougnon,1982-03-07,M,0405,TOSSOU Chimène,0174855426
ENR-002211,CC-000939,CARTE_CONSULAIRE,AG029,Bohicon,2025-08-30,KPADONOU,Serge Moussa,2004-12-16,M,0301,AMOUSSOU Carine,0185186348
ENR-002212,CC-001853,CARTE_CONSULAIRE,AG014,Abomey-Calavi,2025-08-30,AGBODJAN,Gisèle,2000-10-25,F,1204,ZANNOU Prudence,0147725822
ENR-002213,PP-003100,PASSEPORT,AG015,Porto-Novo,2025-08-30,AHOUANSOU,Rachid,1981-10-09,M,0408,GLELE Chimène,0163064859
ENR-002214,PP-004062,PASSEPORT,AG032,Lokossa,2025-08-30,HOUNSOU,Espérance Nadège,1944-01-20,F,0502,AGOSSOU Judith,0125556728
ENR-002215,AN-004843,ACTE_NAISSANCE,AG015,Porto-Novo,2025-08-30,ADJOVI,Rachidatou Prudence,1969-07-05,F,0506,AMOUSSOU Rachidatou,0129812036
ENR-002216,AN-000283,ACTE_NAISSANCE,AG011,Dassa-Zoumè,2025-08-31,KIKI,Chimène,2004-12-17,F,0408,KOUKPAKI Ayaba,0103627407
ENR-002217,AN-000364,ACTE_NAISSANCE,AG022,Kandi,2025-08-31,HOUESSOU,Moussa,1970-02-15,M,0503,VODOUNON Estelle,0138248599
ENR-002218,PP-000451,PASSEPORT,AG038,Abomey-Calavi,2025-08-31,ZANNOU,Codjo,1993-07-26,M,0407,LOKONON Nadège,0106431329
ENR-002219,AN-000815,ACTE_NAISSANCE,AG037,Cotonou,2025-08-31,SOULEY,Rachidatou,1969-01-03,F,0205,IDRISSOU Prudence,0123805928
ENR-002220,AN-001481,ACTE_NAISSANCE,AG028,Parakou,2025-08-31,DOSSOU,Moussa Romaric,2001-07-09,M,0301,AGBODJAN Ayaba,0149131646
ENR-002221,AN-001747,ACTE_NAISSANCE,AG033,Ouidah,2025-08-31,DOSSOU,Arnaud Fabrice,1969-06-26,M,0201,SAGBO Espérance,
ENR-002222,CC-001770,CARTE_CONSULAIRE,AG004,Parakou,2025-08-31,AGBODJAN,Yves Comlan,1955-02-27,M,0904,BIO Mariam,0105576733
ENR-002223,AN-002400,ACTE_NAISSANCE,AG007,Djougou,2025-08-31,AGOSSOU,Yves,1998-03-02,M,0904,TCHIBOZO Bernice,0199101826
ENR-002224,AN-003680,ACTE_NAISSANCE,AG015,Porto-Novo,2025-08-31,SOULEY,Ibrahim,2013-06-16,M,1202,AHOUANSOU Gisèle,0128014562
ENR-002225,AN-004132,ACTE_NAISSANCE,AG031,Djougou,2025-08-31,CODJIA,Salamatou,1959-08-20,F,0207,MENSAH Rachidatou,0171134907
ENR-002226,AN-004611,ACTE_NAISSANCE,AG004,Parakou,2025-08-31,ALLADAYE,Chimène Gisèle,2004-01-17,F,0401,IDRISSOU Aïcha,0160282734
ENR-002227,AN-000108,ACTE_NAISSANCE,AG036,Aplahoué,2025-09-01,CHABI,Romaric,2014-02-26,M,0106,FASSINOU Sènami,0137819596
ENR-002228,AN-002265,ACTE_NAISSANCE,AG016,Parakou,2025-09-01,ALLADAYE,Judith Prudence,1957-12-28,F,0501,GBAGUIDI Salamatou,0112680325
ENR-002229,AN-003428,ACTE_NAISSANCE,AG023,Dassa-Zoumè,2025-09-01,HOUNSOU,Fatoumata,1994-02-03,F,0501,ADANDE Espérance,0187077669
ENR-002230,AN-004375,ACTE_NAISSANCE,AG007,Djougou,2025-09-01,DOSSOU,Flore,1975-07-13,F,1101,HOUESSOU Salamatou,0162879546
ENR-002231,AN-004895,ACTE_NAISSANCE,AG032,Lokossa,2025-09-01,FASSINOU,  Justin ,2011-10-16,M,0904,KPADONOU Ayaba,0180324675
ENR-002232,AN-000075,ACTE_NAISSANCE,AG012,Aplahoué,2025-09-02,LOKONON,Aïcha,1975-03-30,F,0206,AGOSSOU Chimène,
ENR-002233,CC-001789,CARTE_CONSULAIRE,AG025,Cotonou,2025-09-02,AMOUSSOU,Aïcha Rachidatou,2002-02-25,F,0303,DANSOU Sylvie,0110654045
ENR-002234,PP-001994,PASSEPORT,AG014,Abomey-Calavi,2025-09-02,FASSINOU,Justin,1960-05-22,M,0704,SAGBO Fatoumata,0174035081
ENR-002235,AN-002698,ACTE_NAISSANCE,AG034,Kandi,2025-09-02,QUENUM,Codjo,1997-03-26,M,0404,HOUNSOU Estelle,0124233708
ENR-002236,CC-002933,CARTE_CONSULAIRE,AG003,Porto-Novo,2025-09-02,CODJIA,Nadège,1958-07-28,F,0503,KIKI Fatoumata,0155531954
ENR-002237,AN-003297,ACTE_NAISSANCE,AG024,Aplahoué,2025-09-02,SOSSOU,Yves,1982-05-20,M,0106,AMOUSSOU Salamatou,0186519209
ENR-002238,AN-004342,ACTE_NAISSANCE,AG038,Abomey-Calavi,2025-09-02,SOSSOU,Arnaud,1948-05-27,M,0605,ASSOGBA Nadège,0192882212
ENR-002239,AN-004451,ACTE_NAISSANCE,AG007,Djougou,2025-09-02,HOUNGBO,Ibrahim Mahougnon,1998-07-10,M,1102,DOSSOU Ayaba,0102994981
ENR-002240,AN-004716,ACTE_NAISSANCE,AG001,Cotonou,2025-09-02,HOUNSOU,Mariam,2023-12-08,F,0205,AHOYO Prudence,0119744643
ENR-002241,AN-004125,ACTE_NAISSANCE,AG015,Porto-Novo,2025-09-02,OSSENI,Chimène Fatoumata,1974-06-20,F,0506,YAROU Nadège,0117083750
ENR-002242,AN-002250,ACTE_NAISSANCE,AG002,Abomey-Calavi,2025-09-02,GBAGUIDI,Prudence,1978-06-15,F,0801,TOSSOU Flore,0150475576
ENR-002243,CC-002301,CARTE_CONSULAIRE,AG002,Abomey-Calavi,2025-09-03,ZINSOU,Arnaud Moussa,2021-11-07,M,1201,ASSOGBA Chimène,0194320730
ENR-002244,AN-003229,ACTE_NAISSANCE,AG018,Natitingou,2025-09-03,HOUNGBO,Bernice,1986-09-11,F,1008,TCHIBOZO Estelle,0100276939
ENR-002245,PP-003240,PASSEPORT,AG029,Bohicon,2025-09-03,GBAGUIDI,Rosine Fatoumata,1975-09-15,F,1007,QUENUM Prudence,0112210937
ENR-002246,AN-003435,ACTE_NAISSANCE,AG004,Parakou,2025-09-03,ADANDE,Codjo,1990-10-08,M,1204,TOGBE Mariam,0120216681
ENR-002247,CC-003457,CARTE_CONSULAIRE,AG013,Cotonou,2025-09-03,KOUKPAKI,Bernice,2000-08-12,F,0201,VODOUNON Espérance,0136416543
ENR-002248,AN-003541,ACTE_NAISSANCE,AG019,Djougou,2025-09-03,HOUESSOU,Fabrice,1941-10-09,M,0105,ZINSOU Prudence,0190044078
ENR-002249,AN-003930,ACTE_NAISSANCE,AG031,Djougou,2025-09-03,HOUNSOU,Salamatou,1939-03-02,F,0401,QUENUM Bernice,0182067191
ENR-002250,AN-004139,ACTE_NAISSANCE,AG002,Abomey-Calavi,2025-09-03,ADANDE,Salamatou Rachidatou,1968-08-01,F,0601,GBAGUIDI Sèmèvo,0106465461
ENR-002251,CC-000269,CARTE_CONSULAIRE,AG021,Ouidah,2025-09-04,TOGBE,Rachidatou Flore,1998-09-11,F,0801,ADJOVI Carine,0125654055
ENR-002252,AN-000328,ACTE_NAISSANCE,AG039,Porto-Novo,2025-09-04,AKPOVI,Brice,1972-03-25,M,0206,KPADONOU Sèmèvo,0136502649
ENR-002253,AN-000874,ACTE_NAISSANCE,AG037,Cotonou,2025-09-04,GBAGUIDI,Espérance,1970-06-29,F,0101,QUENUM Estelle,0156391537
ENR-002254,AN-002820,ACTE_NAISSANCE,AG016,Parakou,2025-09-04,YAROU,Serge,1975-08-09,M,0208,CHABI Salamatou,0138407229
ENR-002255,AN-002827,ACTE_NAISSANCE,AG037,Cotonou,2025-09-04,CHABI,Ghislain Mahougnon,2001-07-04,M,0308,ADANDE Mariam,
ENR-002256,AN-003097,ACTE_NAISSANCE,AG008,Lokossa,2025-09-04,TCHIBOZO,Brice,1990-09-30,M,1201,QUENUM Chimène,0161598704
ENR-002257,CC-003115,CARTE_CONSULAIRE,AG030,Natitingou,2025-09-04,SOULEY,Ulrich,1970-09-22,M,1105,AKPOVI Sèmèvo,0132021497
ENR-002258,AN-000404,ACTE_NAISSANCE,AG039,Porto-Novo,2025-09-05,NOUATIN,Moussa Fabrice,1971-10-03,M,1202,DANSOU Mariam,0178660266
ENR-002259,AN-000467,ACTE_NAISSANCE,AG012,Aplahoué,2025-09-05,FASSINOU,Ghislain Yves,2003-01-24,M,1005,AHOUANSOU Gisèle,0152077763
ENR-002260,CC-001043,CARTE_CONSULAIRE,AG027,Porto-Novo,2025-09-05,GBAGUIDI,Ibrahim Gildas,1976-08-05,M,1205,KIKI Aïcha,0199534427
ENR-002261,PP-001412,PASSEPORT,AG027,Porto-Novo,2025-09-05,MENSAH,Rodrigue Rachid,1950-03-08,M,0101,AKPOVI Prudence,0179873515
ENR-002262,AN-001963,ACTE_NAISSANCE,AG033,Ouidah,2025-09-05,ADANDE,Brice,1955-10-08,M,0205,QUENUM Prudence,0185025023
ENR-002263,AN-002330,ACTE_NAISSANCE,AG014,Abomey-Calavi,2025-09-05,GBAGUIDI,Rosine Bernice,1989-07-09,F,0104,ADANDE Aïcha,0182308316
ENR-002264,CC-002724,CARTE_CONSULAIRE,AG004,Parakou,2025-09-05,BIO,Bernice,2003-01-11,F,1205,QUENUM Prudence,0175225166
ENR-002265,AN-002984,ACTE_NAISSANCE,AG018,Natitingou,2025-09-05,ahoyo,Bernice,1966-11-08,F,1007,BIO Ayaba,0162644938
ENR-002266,AN-003076,ACTE_NAISSANCE,AG026,Abomey-Calavi,2025-09-05,TOSSOU,Rosine Fatoumata,1979-09-03,F,0303,CODJIA Salamatou,0199367720
ENR-002267,CC-003154,CARTE_CONSULAIRE,AG016,Parakou,2025-09-05,AHOYO,Fatoumata,2007-05-19,F,0202,TOSSOU Espérance,0113022722
ENR-002268,AN-004391,ACTE_NAISSANCE,AG010,Kandi,2025-09-05,DOSSOU,Bernice Sènami,2003-04-02,F,1005,BONI Ayaba,0101464335
ENR-002269,PP-004499,PASSEPORT,AG018,Natitingou,2025-09-05,QUENUM,Arnaud,1987-03-15,M,0604,YAROU Sylvie,0100122403
ENR-002270,AN-004906,ACTE_NAISSANCE,AG037,Cotonou,2025-09-05,IDRISSOU,Rosine Gisèle,1996-02-25,F,0204,SOSSOU Estelle,0118496459
ENR-002271,AN-000019,ACTE_NAISSANCE,AG015,Porto-Novo,2025-09-06,GLELE,Sènami,1991-05-25,F,0305,SOULEY Rachidatou,0145355778
ENR-002272,AN-000208,ACTE_NAISSANCE,AG008,Lokossa,2025-09-06,DANSOU,Ayaba,1942-03-30,F,0306,ADJOVI Ayaba,
ENR-002273,AN-000648,ACTE_NAISSANCE,AG018,Natitingou,2025-09-06,AGOSSOU,Yves Arnaud,2003-11-24,M,1003,HOUNSOU Flore,0111715201
ENR-002274,AN-001108,ACTE_NAISSANCE,AG029,Bohicon,2025-09-06,AMOUSSOU,Bienvenu Gildas,2005-10-06,M,1104,AHOYO Mariam,0162121307
ENR-002275,AN-002246,ACTE_NAISSANCE,AG034,Kandi,2025-09-06,YAROU,Rachid,2002-05-20,M,0407,ADANDE Rosine,0189649065
ENR-002276,CC-002723,CARTE_CONSULAIRE,AG029,Bohicon,2025-09-06,AGOSSOU,Carine Prudence,1964-09-15,F,1101,YAROU Aïcha,0133567894
ENR-002277,AN-004265,ACTE_NAISSANCE,AG033,Ouidah,2025-09-06,DOSSOU,Serge,2001-12-15,M,0407,KPADONOU Aïcha,0154868074
ENR-002278,PP-004496,PASSEPORT,AG017,Bohicon,2025-09-06,YAROU,Codjo,1971-11-15,M,0603,KIKI Sèmèvo,0109251364
ENR-002279,AN-001615,ACTE_NAISSANCE,AG022,Kandi,2025-09-07,CHABI,Gisèle Rachidatou,2005-05-21,F,0105,ZINSOU Sènami,0102928582
ENR-002280,CC-001802,CARTE_CONSULAIRE,AG020,Lokossa,2025-09-07,ADANDE,Sylvie Aïcha,1962-06-14,F,0403,SOULEY Gisèle,0152441851
ENR-002281,AN-002072,ACTE_NAISSANCE,AG034,Kandi,2025-09-07,QUENUM,Justin Mahougnon,2001-10-27,M,1004,HOUNGBO Rosine,0139111051
ENR-002282,AN-002084,ACTE_NAISSANCE,AG039,Porto-Novo,2025-09-07,ASSOGBA,  Bienvenu   Yves ,1993-12-27,M,0701,AKPOVI Estelle,0110586448
ENR-002283,AN-002455,ACTE_NAISSANCE,AG010,Kandi,2025-09-07,TCHIBOZO,  Ghislain ,2004-10-15,M,0301,NOUATIN Carine,0154466602
ENR-002284,AN-002580,ACTE_NAISSANCE,AG021,Ouidah,2025-09-07,AHOUANSOU,Fidèle,1992-07-23,M,0106,LOKONON Fatoumata,0123785301
ENR-002285,AN-002889,ACTE_NAISSANCE,AG021,Ouidah,2025-09-07,QUENUM,Mahougnon Koffi,1972-11-04,M,0301,SOULEY Chimène,0177795873
ENR-002286,AN-003344,ACTE_NAISSANCE,AG010,Kandi,2025-09-07,AHOUANSOU,Arnaud,2001-05-21,M,0905,SAGBO Salamatou,
ENR-002287,AN-003669,ACTE_NAISSANCE,AG034,Kandi,2025-09-07,HOUESSOU,Romaric Fabrice,1974-10-15,M,0208,VODOUNON Bernice,0148978626
ENR-002288,AN-003849,ACTE_NAISSANCE,AG002,Abomey-Calavi,2025-09-07,HOUNGBO,Serge Justin,2006-12-13,M,0902,KOUKPAKI Flore,0126878067
ENR-002289,AN-003894,ACTE_NAISSANCE,AG027,Porto-Novo,2025-09-07,KOUKPAKI,Judith Flore,1977-01-21,F,0203,MENSAH Mariam,
ENR-002290,PP-004781,PASSEPORT,AG033,Ouidah,2025-09-07,TOGBE,  Mariam ,2013-03-10,F,1201,YAROU Sylvie,0100516686
ENR-002291,AN-004796,ACTE_NAISSANCE,AG029,Bohicon,2025-09-07,AGOSSOU,Fidèle,1986-02-21,M,0504,FASSINOU Rosine,0153814118
ENR-002292,PP-000044,PASSEPORT,AG006,Natitingou,2025-09-08,AKPOVI,Sènami,2004-05-02,F,1105,ADANDE Rachidatou,0103817805
ENR-002293,AN-000532,ACTE_NAISSANCE,AG040,Parakou,2025-09-08,AGOSSOU,Mariam,1986-02-01,F,0902,NOUATIN Sèmèvo,0160868919
ENR-002294,AN-001792,ACTE_NAISSANCE,AG039,Porto-Novo,2025-09-08,AHOUANSOU,Prudence,2023-06-30,F,0505,ADJOVI Ayaba,
ENR-002295,AN-002008,ACTE_NAISSANCE,AG027,Porto-Novo,2025-09-08,HOUNGBO,Codjo,2018-06-10,M,1105,NOUATIN Ayaba,0160718993
ENR-002296,AN-002009,ACTE_NAISSANCE,AG027,Porto-Novo,2025-09-08,HOUNSOU,Ulrich,1988-08-24,M,1001,GBAGUIDI Aïcha,0119648890
ENR-002297,PP-002238,PASSEPORT,AG005,Bohicon,2025-09-08,TOGBE,Fidèle Serge,1967-06-04,M,0906,SAGBO Estelle,0137186103
ENR-002298,PP-002861,PASSEPORT,AG015,Porto-Novo,2025-09-08,DANSOU,Sèmèvo Sylvie,1988-06-14,F,0506,DANSOU Chimène,0113521872
ENR-002299,AN-003011,ACTE_NAISSANCE,AG020,Lokossa,2025-09-08,ADANDE,Ghislain Fidèle,1990-11-08,M,1006,HOUNKPATIN Flore,0194099921
ENR-002300,PP-003655,PASSEPORT,AG009,Ouidah,2025-09-08,AHOUANSOU,Mahougnon,1992-10-09,M,0407,QUENUM Rosine,0127558599
ENR-002301,AN-004390,ACTE_NAISSANCE,AG023,Dassa-Zoumè,2025-09-08,ZANNOU,Ayaba Prudence,2001-02-11,F,0304,ZINSOU Mariam,0125015178
ENR-002302,CC-004517,CARTE_CONSULAIRE,AG014,Abomey-Calavi,2025-09-08,AHOUANSOU,Ghislain,2012-08-27,M,1101,ASSOGBA Nadège,0180898901
ENR-002303,AN-000652,ACTE_NAISSANCE,AG021,Ouidah,2025-09-09,SOULEY,Gisèle Bernice,1985-11-16,F,1005,KPADONOU Fatoumata,0184742269
ENR-002304,AN-000986,ACTE_NAISSANCE,AG016,Parakou,2025-09-09,ADJOVI,Justin Romaric,1997-01-09,M,0103,HOUNKPATIN Flore,
ENR-002305,PP-001861,PASSEPORT,AG004,Parakou,2025-09-09,HOUNGBO,Ibrahim Ulrich,1963-05-22,M,0105,CHABI Espérance,0143909915
ENR-002306,AN-002043,ACTE_NAISSANCE,AG034,Kandi,2025-09-09,HOUESSOU,Rosine,1992-09-06,F,1009,ALLADAYE Chimène,0169586284
ENR-002307,AN-002426,ACTE_NAISSANCE,AG033,Ouidah,2025-09-09,AGBODJAN,Fabrice Codjo,1984-01-28,M,0106,IDRISSOU Nadège,0185341125
ENR-002308,PP-002499,PASSEPORT,AG023,Dassa-Zoumè,2025-09-09,AKPOVI,Prudence,1962-05-05,F,1004,IDRISSOU Estelle,0105619318
ENR-002309,AN-002692,ACTE_NAISSANCE,AG025,Cotonou,2025-09-09,TOGBE,Koffi Romaric,1969-08-10,M,0101,HOUESSOU Rosine,
ENR-002310,AN-004086,ACTE_NAISSANCE,AG002,Abomey-Calavi,2025-09-09,AMOUSSOU,Rachidatou,2003-03-13,F,0506,TOGBE Estelle,077299757
ENR-002311,AN-001340,ACTE_NAISSANCE,AG034,Kandi,2025-09-10,ALLADAYE,Comlan Ibrahim,2019-05-02,M,0506,GLELE Mariam,
ENR-002312,AN-001505,ACTE_NAISSANCE,AG033,Ouidah,2025-09-10,AHOYO,Espérance,2005-02-20,F,1204,SOSSOU Salamatou,0124747284
ENR-002313,AN-001578,ACTE_NAISSANCE,AG024,Aplahoué,2025-09-10,OSSENI,Gildas,1973-09-22,M,0204,TCHIBOZO Espérance,0103465245
ENR-002314,AN-001811,ACTE_NAISSANCE,AG001,Cotonou,2025-09-10,AGBODJAN,Sènami,1998-10-11,F,0905,OSSENI Flore,
ENR-002315,AN-002258,ACTE_NAISSANCE,AG039,Porto-Novo,2025-09-10,ASSOGBA,Salamatou Ayaba,1989-12-21,F,1006,AMOUSSOU Chimène,0195266421
ENR-002316,CC-004297,CARTE_CONSULAIRE,AG012,Aplahoué,2025-09-10,IDRISSOU,Mahougnon,1976-12-04,M,0205,HOUNKPATIN Fatoumata,
ENR-002317,AN-004361,ACTE_NAISSANCE,AG019,Djougou,2025-09-10,GBAGUIDI,Judith,2000-02-05,F,0204,AMOUSSOU Flore,0170083202
ENR-002318,AN-004512,ACTE_NAISSANCE,AG014,Abomey-Calavi,2025-09-10,ADANDE,Nadège,1981-08-05,F,0601,LOKONON Flore,0157967489
ENR-002319,AN-004701,ACTE_NAISSANCE,AG009,Ouidah,2025-09-10,SOULEY,Judith,1970-03-18,F,1006,IDRISSOU Sènami,0196970590
ENR-002320,AN-004800,ACTE_NAISSANCE,AG030,Natitingou,2025-09-10,BONI,Sènami,1958-12-18,F,0408,TCHIBOZO Carine,0173087074
ENR-002321,AN-002537,ACTE_NAISSANCE,AG013,Cotonou,2025-09-10,ADANDE,Ulrich Codjo,2013-12-13,M,0704,ADJOVI Prudence,0197131192
ENR-002322,PP-000397,PASSEPORT,AG025,Cotonou,2025-09-11,BIO,Ibrahim,1963-10-25,M,0404,SOULEY Prudence,0147571474
ENR-002323,AN-001333,ACTE_NAISSANCE,AG025,Cotonou,2025-09-11,glele,Prudence Estelle,1975-06-14,F,1007,DOSSOU Fatoumata,0127467615
ENR-002324,AN-001950,ACTE_NAISSANCE,AG014,Abomey-Calavi,2025-09-11,NOUATIN,Yves,1986-02-12,M,1003,ADANDE Judith,0118264451
ENR-002325,CC-002190,CARTE_CONSULAIRE,AG025,Cotonou,2025-09-11,TOSSOU,Serge Koffi,1986-02-26,M,0905,VODOUNON Flore,0157350019
ENR-002326,AN-002627,ACTE_NAISSANCE,AG010,Kandi,2025-09-11,LOKONON,Mahougnon Koffi,2000-02-10,M,1005,TOGBE Mariam,0100380773
ENR-002327,CC-003023,CARTE_CONSULAIRE,AG031,Djougou,2025-09-11,AGOSSOU,Bienvenu,1960-06-02,M,0208,LOKONON Rachidatou,0199686618
ENR-002328,PP-003508,PASSEPORT,AG032,Lokossa,2025-09-11,ZANNOU,Rachid Rodrigue,1940-05-23,M,0201,GBAGUIDI Prudence,0110467973
ENR-002329,CC-004293,CARTE_CONSULAIRE,AG022,Kandi,2025-09-11,HOUESSOU,Gildas Serge,1987-06-04,M,0402,NOUATIN Aïcha,0170557465
ENR-002330,PP-000462,PASSEPORT,AG010,Kandi,2025-09-12,DOSSOU,Ibrahim,2013-12-09,M,0903,IDRISSOU Mariam,0189001444
ENR-002331,AN-000622,ACTE_NAISSANCE,AG021,Ouidah,2025-09-12,DANSOU,Ghislain,1987-02-01,M,0208,SOULEY Fatoumata,0180158363
ENR-002332,AN-001234,ACTE_NAISSANCE,AG009,Ouidah,2025-09-12,VODOUNON,Flore,1997-02-06,F,0402,AHOYO Chimène,0113049731
ENR-002333,AN-001795,ACTE_NAISSANCE,AG001,Cotonou,2025-09-12,KOUKPAKI,Ulrich Rachid,1981-11-22,M,0905,DANSOU Sylvie,0128067179
ENR-002334,CC-003271,CARTE_CONSULAIRE,AG008,Lokossa,2025-09-12,BONI,Prudence,2020-07-02,F,0703,KOUKPAKI Rachidatou,0128407201
ENR-002335,AN-003876,ACTE_NAISSANCE,AG007,Djougou,2025-09-12,BONI,Prudence,2016-03-09,F,0201,SOULEY Ayaba,0182057842
ENR-002336,AN-003913,ACTE_NAISSANCE,AG007,Djougou,2025-09-12,LOKONON,Rodrigue,1968-11-04,M,0903,OSSENI Rachidatou,0180038728
ENR-002337,AN-004567,ACTE_NAISSANCE,AG029,Bohicon,2025-09-12,BONI,Fatoumata,1966-02-24,F,1008,SAGBO Sèmèvo,0153286437
ENR-002338,AN-004715,ACTE_NAISSANCE,AG021,Ouidah,2025-09-12,AKPOVI,Gildas Romaric,1992-06-03,M,1004,SOULEY Salamatou,0183035844
ENR-002339,AN-004773,ACTE_NAISSANCE,AG006,Natitingou,2025-09-12,AGOSSOU,Mahougnon Ulrich,2016-10-03,M,0902,LOKONON Gisèle,0141021015
ENR-002340,AN-004783,ACTE_NAISSANCE,AG040,Parakou,2025-09-12,DANSOU,Romaric,1955-04-11,M,1103,FASSINOU Mariam,0180332409
ENR-002341,PP-004857,PASSEPORT,AG017,Bohicon,2025-09-12,KPADONOU,Salamatou,1955-07-29,F,1009,AHOUANSOU Gisèle,0150893392
ENR-002342,AN-001308,ACTE_NAISSANCE,AG002,Abomey-Calavi,2025-09-13,AGOSSOU,Ibrahim Gildas,1997-06-30,M,0506,HOUESSOU Sènami,0109472751
ENR-002343,AN-001856,ACTE_NAISSANCE,AG031,Djougou,2025-09-13,AGBODJAN,Brice,2001-12-28,M,0605,AHOUANSOU Sylvie,0103593215
ENR-002344,AN-002106,ACTE_NAISSANCE,AG003,Porto-Novo,2025-09-13,YAROU,Justin,1990-03-24,M,0207,HOUNKPATIN Chimène,
ENR-002345,AN-003793,ACTE_NAISSANCE,AG013,Cotonou,2025-09-13,CODJIA,Bienvenu,1999-07-28,M,0206,CHABI Sèmèvo,0132825312
ENR-002346,AN-003811,ACTE_NAISSANCE,AG036,Aplahoué,2025-09-13,IDRISSOU,Bienvenu,2006-07-24,M,0206,GBAGUIDI Sylvie,0116602151
ENR-002347,AN-004018,ACTE_NAISSANCE,AG001,Cotonou,2025-09-13,ASSOGBA,Flore,1991-09-24,F,0206,GBAGUIDI Aïcha,0143215109
ENR-002348,AN-004349,ACTE_NAISSANCE,AG023,Dassa-Zoumè,2025-09-13,HOUNGBO,Espérance Sènami,2017-04-13,F,0407,GLELE Espérance,0183365528
ENR-002349,AN-004852,ACTE_NAISSANCE,AG040,Parakou,2025-09-13,NOUATIN,Judith,2015-07-06,F,0704,TOGBE Bernice,0165797613
ENR-002350,AN-001360,ACTE_NAISSANCE,AG013,Cotonou,2025-09-14,KIKI,Nadège,2020-11-29,F,0301,AGOSSOU Sènami,0104307787
ENR-002351,AN-001407,ACTE_NAISSANCE,AG004,Parakou,2025-09-14,ZANNOU,Rachidatou Fatoumata,1990-12-07,F,0902,CHABI Rosine,0126454835
ENR-002352,AN-001424,ACTE_NAISSANCE,AG026,Abomey-Calavi,2025-09-14,FASSINOU,Romaric,1992-05-03,M,1203,HOUESSOU Judith,0124229344
ENR-002353,AN-001631,ACTE_NAISSANCE,AG016,Parakou,2025-09-14,DOSSOU,  Ibrahim   Fabrice ,1991-07-29,M,0801,ZINSOU Judith,0195321144
ENR-002354,AN-003056,ACTE_NAISSANCE,AG025,Cotonou,2025-09-14,TCHIBOZO,Justin,1983-10-12,M,0209,VODOUNON Judith,0114889428
ENR-002355,PP-004259,PASSEPORT,AG003,Porto-Novo,2025-09-14,MENSAH,Gildas,1976-06-23,M,0601,YAROU Mariam,0113530890
ENR-002356,AN-004441,ACTE_NAISSANCE,AG011,Dassa-Zoumè,2025-09-14,sossou,Moussa,1987-12-30,M,0208,AGBODJAN Estelle,
ENR-002357,PP-004530,PASSEPORT,AG036,Aplahoué,2025-09-14,AKPOVI,Arnaud,2013-03-05,M,1001,ASSOGBA Aïcha,0123566865
ENR-002358,AN-004585,ACTE_NAISSANCE,AG011,Dassa-Zoumè,2025-09-14,TCHIBOZO,Brice,1994-06-27,M,1003,YAROU Bernice,
ENR-002359,AN-004604,ACTE_NAISSANCE,AG003,Porto-Novo,2025-09-14,NOUATIN,Fatoumata,1977-02-18,F,0206,DOSSOU Carine,0189003193
ENR-002360,AN-004949,ACTE_NAISSANCE,AG025,Cotonou,2025-09-14,HOUESSOU,Bienvenu,2009-04-23,M,0301,ADJOVI Sèmèvo,0128805263
ENR-002361,AN-000460,ACTE_NAISSANCE,AG006,Natitingou,2025-09-15,SOSSOU,Moussa,1994-03-07,M,0701,AKPOVI Estelle,0146493915
ENR-002362,AN-001218,ACTE_NAISSANCE,AG029,Bohicon,2025-09-15,OSSENI,Carine,2011-06-14,F,0304,AKPOVI Flore,0106338107
ENR-002363,AN-001281,ACTE_NAISSANCE,AG021,Ouidah,2025-09-15,HOUNKPATIN,Brice,1994-10-26,M,1202,ADANDE Rachidatou,
ENR-002364,CC-001620,CARTE_CONSULAIRE,AG024,Aplahoué,2025-09-15,AGOSSOU,Gisèle,1970-11-16,F,0303,CODJIA Prudence,0162602487
ENR-002365,CC-002370,CARTE_CONSULAIRE,AG018,Natitingou,2025-09-15,CHABI,Rachid,2009-10-26,M,0104,ASSOGBA Ayaba,0177939464
ENR-002366,AN-002648,ACTE_NAISSANCE,AG034,Kandi,2025-09-15,GLELE,Ghislain Gildas,1990-06-04,M,0703,DANSOU Aïcha,0157634661
ENR-002367,AN-003901,ACTE_NAISSANCE,AG001,Cotonou,2025-09-15,GLELE,Sènami,2016-12-30,F,1002,TCHIBOZO Nadège,0133152152
ENR-002368,AN-000372,ACTE_NAISSANCE,AG019,Djougou,2025-09-16,SOSSOU,Romaric Moussa,1981-07-31,M,0901,NOUATIN Estelle,0175305483
ENR-002369,CC-000968,CARTE_CONSULAIRE,AG024,Aplahoué,2025-09-16,AHOUANSOU,Comlan Codjo,1987-08-10,M,0605,AGOSSOU Sylvie,0151861979
ENR-002370,AN-001773,ACTE_NAISSANCE,AG010,Kandi,2025-09-16,AHOYO,Moussa,1979-08-16,M,0201,SAGBO Mariam,0172130707
ENR-002371,AN-003067,ACTE_NAISSANCE,AG008,Lokossa,2025-09-16,TCHIBOZO,Chimène Aïcha,1990-01-17,F,0207,OSSENI Gisèle,
ENR-002372,AN-003171,ACTE_NAISSANCE,AG011,Dassa-Zoumè,2025-09-16,QUENUM,Sèmèvo,2010-12-20,F,1208,AGBODJAN Rosine,0141121811
ENR-002373,AN-003305,ACTE_NAISSANCE,AG028,Parakou,2025-09-16,AMOUSSOU,Gisèle,2017-08-07,F,1203,ASSOGBA Fatoumata,01 90 18 08 49
ENR-002374,AN-004609,ACTE_NAISSANCE,AG011,Dassa-Zoumè,2025-09-16,ZINSOU,Mariam,1981-02-18,F,0701,HOUNKPATIN Aïcha,0176160806
ENR-002375,PP-004834,PASSEPORT,AG002,Abomey-Calavi,2025-09-16,GLELE,Mariam,2013-08-05,F,0406,OSSENI Rachidatou,0155857406
ENR-002376,AN-000326,ACTE_NAISSANCE,AG024,Aplahoué,2025-09-17,YAROU,Chimène,2004-02-19,F,1203,TOGBE Flore,0188454572
ENR-002377,AN-000585,ACTE_NAISSANCE,AG031,Djougou,2025-09-17,DANSOU,Chimène,2003-10-19,F,0901,CHABI Estelle,+2290153226385
ENR-002378,AN-001013,ACTE_NAISSANCE,AG036,Aplahoué,2025-09-17,TOGBE,Arnaud Justin,1995-07-24,M,0901,CHABI Judith,0125255809
ENR-002379,AN-001666,ACTE_NAISSANCE,AG015,Porto-Novo,2025-09-17,BONI,Gisèle,1991-06-25,F,1102,CHABI Aïcha,0170214548
ENR-002380,AN-001777,ACTE_NAISSANCE,AG028,Parakou,2025-09-17,HOUESSOU,Rachid Fidèle,1951-10-17,M,1209,HOUNSOU Chimène,0185937828
ENR-002381,CC-002310,CARTE_CONSULAIRE,AG017,Bohicon,2025-09-17,AGOSSOU,Fatoumata,1965-12-05,F,1105,BIO Gisèle,0181625287
ENR-002382,PP-003001,PASSEPORT,AG001,Cotonou,2025-09-17,IDRISSOU,Fabrice,1969-05-10,M,0505,SOULEY Prudence,0113124733
ENR-002383,AN-004659,ACTE_NAISSANCE,AG029,Bohicon,2025-09-17,DANSOU,Koffi,1983-05-30,M,0205,AGBODJAN Flore,0148093536
ENR-002384,AN-004860,ACTE_NAISSANCE,AG022,Kandi,2025-09-17,TOGBE,Bernice,2009-01-22,F,0302,MENSAH Nadège,0104991175
ENR-002385,PP-000669,PASSEPORT,AG004,Parakou,2025-09-18,ZANNOU,Brice,1966-03-21,M,0207,ASSOGBA Estelle,0191331611
ENR-002386,AN-001608,ACTE_NAISSANCE,AG014,Abomey-Calavi,2025-09-18,AGBODJAN,Carine Prudence,1985-05-04,F,0502,TCHIBOZO Fatoumata,
ENR-002387,AN-001621,ACTE_NAISSANCE,AG026,Abomey-Calavi,2025-09-18,AHOUANSOU,Rodrigue,1968-04-08,M,0301,AHOYO Sylvie,+229 0155607651
ENR-002388,AN-001644,ACTE_NAISSANCE,AG039,Porto-Novo,2025-09-18,AHOUANSOU,Aïcha,1982-08-20,F,0702,CHABI Rachidatou,0180424688
ENR-002389,AN-001690,ACTE_NAISSANCE,AG026,Abomey-Calavi,2025-09-18,BIO,Ayaba,1989-03-09,F,0503,ZANNOU Ayaba,
ENR-002390,CC-002186,CARTE_CONSULAIRE,AG025,Cotonou,2025-09-18,MENSAH,  Espérance ,1986-06-29,F,0906,HOUESSOU Estelle,0178671634
ENR-002391,PP-002621,PASSEPORT,AG003,Porto-Novo,2025-09-18,MENSAH,Espérance,2006-10-10,F,0203,AKPOVI Rosine,0122481554
ENR-002392,AN-003325,ACTE_NAISSANCE,AG016,Parakou,2025-09-18,ALLADAYE,Rosine,1954-07-13,F,0206,AGOSSOU Espérance,0158912047
ENR-002393,AN-004902,ACTE_NAISSANCE,AG010,Kandi,2025-09-18,HOUNGBO,Moussa,1974-11-07,M,1103,AMOUSSOU Ayaba,0197184979
ENR-002394,PP-003744,PASSEPORT,AG034,Kandi,2025-09-18,TCHIBOZO,Brice,1984-08-13,M,0301,QUENUM Mariam,0130811287
ENR-002395,CC-000632,CARTE_CONSULAIRE,AG025,Cotonou,2025-09-19,LOKONON,Bienvenu,1998-09-24,M,0402,GLELE Estelle,0179047462
ENR-002396,AN-001136,ACTE_NAISSANCE,AG014,Abomey-Calavi,2025-09-19,LOKONON,Brice,1950-02-23,M,0406,OSSENI Aïcha,0178974377
ENR-002397,AN-001434,ACTE_NAISSANCE,AG027,Porto-Novo,2025-09-19,OSSENI,Espérance,1960-05-16,F,0704,MENSAH Aïcha,0134586772
ENR-002398,CC-001506,CARTE_CONSULAIRE,AG009,Ouidah,2025-09-19,KOUKPAKI,Serge,1960-10-27,M,0904,QUENUM Carine,0145536454
ENR-002399,AN-002130,ACTE_NAISSANCE,AG036,Aplahoué,2025-09-19,VODOUNON,Rachidatou,1966-04-30,F,1002,IDRISSOU Nadège,
ENR-002400,AN-002353,ACTE_NAISSANCE,AG028,Parakou,2025-09-19,SOSSOU,Ulrich,1979-04-08,M,0901,CODJIA Bernice,0189210202
ENR-002401,AN-002749,ACTE_NAISSANCE,AG033,Ouidah,2025-09-19,AHOUANSOU,Brice,1989-04-28,M,0701,BIO Flore,0166253490
ENR-002402,AN-003335,ACTE_NAISSANCE,AG019,Djougou,2025-09-19,AHOUANSOU,Flore,1994-06-01,F,0104,SAGBO Aïcha,0196478967
ENR-002403,AN-003551,ACTE_NAISSANCE,AG019,Djougou,2025-09-19,VODOUNON,Flore,1997-01-21,F,0307,KPADONOU Mariam,0148517832
ENR-002404,PP-003691,PASSEPORT,AG012,Aplahoué,2025-09-19,CHABI,Serge,1994-05-07,M,0209,AHOYO Flore,0141778982
ENR-002405,AN-002379,ACTE_NAISSANCE,AG001,Cotonou,2025-09-19,AHOUANSOU,Chimène,1961-06-27,F,0101,SOSSOU Estelle,0186869322
ENR-002406,AN-000728,ACTE_NAISSANCE,AG010,Kandi,2025-09-20,SAGBO,Salamatou,1967-12-02,F,0602,BIO Espérance,0176518229
ENR-002407,AN-000759,ACTE_NAISSANCE,AG033,Ouidah,2025-09-20,IDRISSOU,Romaric,2011-08-20,M,0902,ASSOGBA Ayaba,0153939139
ENR-002408,PP-001270,PASSEPORT,AG014,Abomey-Calavi,2025-09-20,AGOSSOU,Rachid Ibrahim,2001-05-16,M,1004,HOUESSOU Estelle,0143233487
ENR-002409,PP-001790,PASSEPORT,AG007,Djougou,2025-09-20,LOKONON,Fidèle,1990-12-11,M,0206,DOSSOU Rosine,
ENR-002410,AN-003142,ACTE_NAISSANCE,AG039,Porto-Novo,2025-09-20,TOGBE,Ulrich,2004-11-26,M,1207,ADANDE Bernice,0136216300
ENR-002411,AN-003510,ACTE_NAISSANCE,AG003,Porto-Novo,2025-09-20,TOSSOU,Romaric,1988-09-22,M,1004,KOUKPAKI Prudence,0140252409
ENR-002412,AN-003755,ACTE_NAISSANCE,AG030,Natitingou,2025-09-20,KPADONOU,Chimène,1998-12-27,F,0205,BIO Sèmèvo,0147371715
ENR-002413,AN-004127,ACTE_NAISSANCE,AG035,Dassa-Zoumè,2025-09-20,AHOYO,Judith,1975-02-08,F,0406,AGBODJAN Estelle,0180139856
ENR-002414,AN-000258,ACTE_NAISSANCE,AG033,Ouidah,2025-09-21,FASSINOU,Fatoumata,1998-12-05,F,1205,AHOUANSOU Aïcha,0169158937
ENR-002415,CC-000286,CARTE_CONSULAIRE,AG019,Djougou,2025-09-21,AGBODJAN,Sènami,1987-03-28,F,0203,ALLADAYE Chimène,0148020086
ENR-002416,CC-002011,CARTE_CONSULAIRE,AG033,Ouidah,2025-09-21,ALLADAYE,Rodrigue,1989-04-21,M,0101,HOUNKPATIN Gisèle,
ENR-002417,AN-003282,ACTE_NAISSANCE,AG038,Abomey-Calavi,2025-09-21,TOSSOU,Yves,2002-12-03,M,1101,TOGBE Sylvie,0113446673
ENR-002418,AN-003667,ACTE_NAISSANCE,AG008,Lokossa,2025-09-21,ZINSOU,Mariam,1995-07-28,F,0208,DANSOU Sylvie,0121672471
ENR-002419,CC-003725,CARTE_CONSULAIRE,AG006,Natitingou,2025-09-21,YAROU,Rosine,2015-02-06,F,0207,DOSSOU Gisèle,
ENR-002420,PP-004605,PASSEPORT,AG006,Natitingou,2025-09-21,GBAGUIDI,Sylvie Chimène,2006-11-04,F,1002,QUENUM Gisèle,
ENR-002421,AN-000059,ACTE_NAISSANCE,AG027,Porto-Novo,2025-09-22,AHOUANSOU,Justin Brice,1972-02-26,M,0406,YAROU Judith,0119945699
ENR-002422,AN-000428,ACTE_NAISSANCE,AG021,Ouidah,2025-09-22,ADJOVI,Gildas Ghislain,1991-02-11,M,1202,TCHIBOZO Salamatou,0196011194
ENR-002423,CC-000707,CARTE_CONSULAIRE,AG013,Cotonou,2025-09-22,TOSSOU,Sylvie,2000-05-24,F,0204,ADANDE Sènami,
ENR-002424,AN-000770,ACTE_NAISSANCE,AG010,Kandi,2025-09-22,LOKONON,Fabrice Yves,2019-01-31,M,0703,KPADONOU Sylvie,0169556271
ENR-002425,PP-000904,PASSEPORT,AG031,Djougou,2025-09-22,AHOYO,Ayaba Mariam,1966-01-22,F,0201,KIKI Estelle,0103196050
ENR-002426,CC-001023,CARTE_CONSULAIRE,AG033,Ouidah,2025-09-22,HOUNGBO,Justin,1969-03-13,M,0902,CODJIA Chimène,0178673309
ENR-002427,AN-001374,ACTE_NAISSANCE,AG029,Bohicon,2025-09-22,GLELE,Rodrigue,1983-09-19,M,0203,AHOYO Nadège,0133994669
ENR-002428,AN-001446,ACTE_NAISSANCE,AG017,Bohicon,2025-09-22,IDRISSOU,Ayaba Sènami,1999-02-22,F,0403,ADJOVI Espérance,0106752047
ENR-002429,AN-001635,ACTE_NAISSANCE,AG014,Abomey-Calavi,2025-09-22,TOSSOU,Rachid,2014-03-29,M,1206,ADJOVI Nadège,
ENR-002430,CC-001709,CARTE_CONSULAIRE,AG040,Parakou,2025-09-22,ALLADAYE,Arnaud,1971-09-25,M,0904,ALLADAYE Judith,0158931084
ENR-002431,AN-002824,ACTE_NAISSANCE,AG003,Porto-Novo,2025-09-22,ALLADAYE,Flore Judith,1981-03-18,F,0403,SAGBO Nadège,0199161519
ENR-002432,CC-002853,CARTE_CONSULAIRE,AG021,Ouidah,2025-09-22,TOSSOU,Gildas,1966-01-23,M,0102,ZANNOU Judith,0141241840
ENR-002433,AN-002956,ACTE_NAISSANCE,AG035,Dassa-Zoumè,2025-09-22,CHABI,Rachidatou Bernice,1973-03-31,F,0504,CODJIA Mariam,0128919166
ENR-002434,PP-003018,PASSEPORT,AG023,Dassa-Zoumè,2025-09-22,BONI,Gisèle,1982-07-05,F,0605,HOUNKPATIN Sylvie,0137093494
ENR-002435,CC-004733,CARTE_CONSULAIRE,AG031,Djougou,2025-09-22,VODOUNON,Ulrich,1988-11-18,M,1005,YAROU Aïcha,0191093674
ENR-002436,AN-004934,ACTE_NAISSANCE,AG034,Kandi,2025-09-22,ZANNOU,Prudence,1986-11-15,F,0206,FASSINOU Chimène,0123182569
ENR-002437,AN-004990,ACTE_NAISSANCE,AG008,Lokossa,2025-09-22,ZANNOU,Comlan,1956-11-07,M,1207,BIO Rosine,0194016342
ENR-002438,CC-001702,CARTE_CONSULAIRE,AG015,Porto-Novo,2025-09-22,HOUNGBO,Aïcha,2004-07-22,F,0303,HOUNGBO Rosine,0126256558
ENR-002439,PP-000459,PASSEPORT,AG028,Parakou,2025-09-23,HOUNGBO,Ulrich,1963-05-22,M,1104,ASSOGBA Prudence,0114011574
ENR-002440,AN-001128,ACTE_NAISSANCE,AG002,Abomey-Calavi,2025-09-23,LOKONON,Rachid,1982-05-04,M,0601,BONI Salamatou,
ENR-002441,AN-001295,ACTE_NAISSANCE,AG023,Dassa-Zoumè,2025-09-23,HOUNGBO,Carine Aïcha,1949-05-24,F,0408,QUENUM Aïcha,0190545622
ENR-002442,AN-001297,ACTE_NAISSANCE,AG026,Abomey-Calavi,2025-09-23,AHOUANSOU,Prudence,1996-09-27,F,0901,BIO Rachidatou,0172649637
ENR-002443,AN-001351,ACTE_NAISSANCE,AG039,Porto-Novo,2025-09-23,KPADONOU,Estelle,1969-08-02,F,1101,IDRISSOU Sylvie,0191326067
ENR-002444,AN-001652,ACTE_NAISSANCE,AG029,Bohicon,2025-09-23,TOSSOU,Fabrice,1983-12-23,M,1003,ZINSOU Judith,0110368070
ENR-002445,AN-001837,ACTE_NAISSANCE,AG004,Parakou,2025-09-23,KIKI,Arnaud,1979-07-05,M,1009,ALLADAYE Sèmèvo,0157984088
ENR-002446,AN-002470,ACTE_NAISSANCE,AG038,Abomey-Calavi,2025-09-23,SAGBO,Gildas Brice,1983-01-09,M,1004,YAROU Fatoumata,0142276017
ENR-002447,AN-003515,ACTE_NAISSANCE,AG018,Natitingou,2025-09-23,QUENUM,Chimène,2002-11-07,F,0405,ALLADAYE Salamatou,+2290146560389
ENR-002448,AN-003582,ACTE_NAISSANCE,AG002,Abomey-Calavi,2025-09-23,TCHIBOZO,Bienvenu,2024-04-13,M,0601,SOSSOU Aïcha,0125854682
ENR-002449,AN-003685,ACTE_NAISSANCE,AG026,Abomey-Calavi,2025-09-23,MENSAH,Ulrich Moussa,1973-10-01,M,0204,TOSSOU Fatoumata,0140907676
ENR-002450,AN-004694,ACTE_NAISSANCE,AG012,Aplahoué,2025-09-23,GBAGUIDI,Chimène,1992-05-29,F,0505,AGOSSOU Salamatou,0162493229
ENR-002451,AN-004938,ACTE_NAISSANCE,AG036,Aplahoué,2025-09-23,GLELE,Fatoumata Judith,1970-05-11,F,0603,HOUNSOU Nadège,0102360134
ENR-002452,AN-004783,ACTE_NAISSANCE,AG012,Aplahoué,2025-09-23,DANSOU,Romaric,1955-04-11,M,1103,FASSINOU Mariam,0180332409
ENR-002453,AN-001435,ACTE_NAISSANCE,AG013,Cotonou,2025-09-24,SOULEY,Ibrahim Fabrice,2011-03-30,M,1008,BONI Chimène,0127772750
ENR-002454,AN-002511,ACTE_NAISSANCE,AG036,Aplahoué,2025-09-24,AKPOVI,Mahougnon,1988-07-27,M,1101,SOSSOU Fatoumata,0146593791
ENR-002455,AN-002838,ACTE_NAISSANCE,AG009,Ouidah,2025-09-24,HOUNSOU,Mahougnon,1994-10-27,M,0801,ALLADAYE Ayaba,0101051227
ENR-002456,AN-003623,ACTE_NAISSANCE,AG008,Lokossa,2025-09-24,IDRISSOU,Estelle Sèmèvo,1992-09-14,F,0704,ASSOGBA Prudence,0182090188
ENR-002457,CC-000601,CARTE_CONSULAIRE,AG018,Natitingou,2025-09-25,TOSSOU,Ayaba,1991-07-04,F,0208,AHOYO Flore,0156240001
ENR-002458,AN-001767,ACTE_NAISSANCE,AG026,Abomey-Calavi,2025-09-25,AHOUANSOU,Rachidatou,2004-07-09,F,0106,DOSSOU Sylvie,0102816053
ENR-002459,AN-002683,ACTE_NAISSANCE,AG023,Dassa-Zoumè,2025-09-25,DANSOU,Carine,1952-09-27,F,0104,YAROU Bernice,0100981871
ENR-002460,AN-003373,ACTE_NAISSANCE,AG003,Porto-Novo,2025-09-25,ADJOVI,Ghislain,1963-03-17,M,0506,TOSSOU Ayaba,0107632942
ENR-002461,AN-003471,ACTE_NAISSANCE,AG039,Porto-Novo,2025-09-25,ADANDE,Koffi,1999-09-03,M,0502,FASSINOU Gisèle,0117539680
ENR-002462,AN-004048,ACTE_NAISSANCE,AG017,Bohicon,2025-09-25,CODJIA,Rosine,1958-12-28,F,0103,QUENUM Flore,0169908393
ENR-002463,PP-004185,PASSEPORT,AG040,Parakou,2025-09-25,ADJOVI,Moussa,2001-11-09,M,0702,TOGBE Rosine,
ENR-002464,AN-004809,ACTE_NAISSANCE,AG017,Bohicon,2025-09-25,AKPOVI,Rachidatou Ayaba,1984-11-07,F,1004,GBAGUIDI Bernice,0145101169
ENR-002465,AN-000176,ACTE_NAISSANCE,AG038,Abomey-Calavi,2025-09-26,ASSOGBA,Fidèle,1976-08-19,M,0505,HOUNSOU Mariam,0195965462
ENR-002466,CC-000303,CARTE_CONSULAIRE,AG030,Natitingou,2025-09-26,HOUNSOU,Arnaud,1971-08-06,M,1005,ALLADAYE Fatoumata,0151942373
ENR-002467,AN-000329,ACTE_NAISSANCE,AG014,Abomey-Calavi,2025-09-26,CHABI,Arnaud,1994-01-28,M,1201,YAROU Sènami,0189054811
ENR-002468,PP-000436,PASSEPORT,AG007,Djougou,2025-09-26,ALLADAYE,Gisèle Aïcha,1941-10-31,F,0208,CHABI Mariam,0128372904
ENR-002469,CC-000685,CARTE_CONSULAIRE,AG028,Parakou,2025-09-26,HOUNKPATIN,Fatoumata,1984-03-26,F,1007,TOSSOU Espérance,
ENR-002470,AN-001063,ACTE_NAISSANCE,AG010,Kandi,2025-09-26,TOGBE,Fidèle,1996-11-30,M,1001,ASSOGBA Carine,0150048750
ENR-002471,AN-001484,ACTE_NAISSANCE,AG025,Cotonou,2025-09-26,NOUATIN,Serge,1983-01-18,M,0205,ZINSOU Fatoumata,0165953302
ENR-002472,AN-001730,ACTE_NAISSANCE,AG021,Ouidah,2025-09-26,NOUATIN,Ayaba,2000-03-06,F,0801,DANSOU Chimène,0132978120
ENR-002473,AN-002512,ACTE_NAISSANCE,AG026,Abomey-Calavi,2025-09-26,GLELE,Gildas,1991-02-15,M,1101,GLELE Sènami,0173179065
ENR-002474,AN-002714,ACTE_NAISSANCE,AG038,Abomey-Calavi,2025-09-26,CHABI,Chimène Judith,2000-11-14,F,0903,BIO Flore,0143400689
ENR-002475,CC-002765,CARTE_CONSULAIRE,AG018,Natitingou,2025-09-26,AHOUANSOU,Rachidatou,1992-10-02,F,1006,KIKI Chimène,0150146324
ENR-002476,AN-002965,ACTE_NAISSANCE,AG024,Aplahoué,2025-09-26,TOSSOU,Sèmèvo,1973-10-29,F,0703,VODOUNON Ayaba,0128061824
ENR-002477,PP-003439,PASSEPORT,AG030,Natitingou,2025-09-26,KPADONOU,Sylvie,1956-05-11,F,0904,IDRISSOU Carine,0150720473
ENR-002478,AN-003821,ACTE_NAISSANCE,AG017,Bohicon,2025-09-26,kiki,Salamatou,1974-06-08,F,1209,LOKONON Chimène,0199647819
ENR-002479,AN-004169,ACTE_NAISSANCE,AG026,Abomey-Calavi,2025-09-26,QUENUM,Rodrigue,1978-10-27,M,0501,AMOUSSOU Bernice,
ENR-002480,AN-004410,ACTE_NAISSANCE,AG038,Abomey-Calavi,2025-09-26,KPADONOU,Yves,1963-03-18,M,0408,TOGBE Salamatou,
ENR-002481,AN-004656,ACTE_NAISSANCE,AG022,Kandi,2025-09-26,SOULEY,Prudence,2016-07-30,F,0701,AHOUANSOU Estelle,0191176259
ENR-002482,AN-001731,ACTE_NAISSANCE,AG040,Parakou,2025-09-27,FASSINOU,Carine,2000-06-28,F,0906,ZINSOU Mariam,0148209779
ENR-002483,AN-002585,ACTE_NAISSANCE,AG024,Aplahoué,2025-09-27,OSSENI,Fabrice,2000-08-24,M,0106,DOSSOU Salamatou,0109112166
ENR-002484,AN-002668,ACTE_NAISSANCE,AG021,Ouidah,2025-09-27,SOULEY,Rachidatou,2000-03-08,F,0405,ADANDE Flore,0182253059
ENR-002485,AN-003763,ACTE_NAISSANCE,AG024,Aplahoué,2025-09-27,SAGBO,Salamatou Sèmèvo,1968-03-08,F,0103,BIO Sènami,0159250552
ENR-002486,AN-003914,ACTE_NAISSANCE,AG025,Cotonou,2025-09-27,ALLADAYE,Bienvenu,1967-05-02,M,0801,CHABI Sèmèvo,+229 0187615778
ENR-002487,CC-004436,CARTE_CONSULAIRE,AG037,Cotonou,2025-09-27,ADANDE,Estelle Bernice,1986-12-30,F,0208,DANSOU Bernice,0104579881
ENR-002488,AN-004513,ACTE_NAISSANCE,AG033,Ouidah,2025-09-27,QUENUM,Espérance Ayaba,1965-04-23,F,0503,CHABI Sylvie,0199511511
ENR-002489,AN-004928,ACTE_NAISSANCE,AG011,Dassa-Zoumè,2025-09-27,ZINSOU,Rachid Ghislain,1950-09-06,M,0106,KOUKPAKI Flore,0154476124
ENR-002490,AN-000200,ACTE_NAISSANCE,AG027,Porto-Novo,2025-09-28,GBAGUIDI,Ayaba,2016-05-17,F,0506,TCHIBOZO Espérance,0126817353
ENR-002491,AN-000613,ACTE_NAISSANCE,AG021,Ouidah,2025-09-28,QUENUM,Ulrich Rodrigue,1984-01-02,M,0701,ZANNOU Espérance,0130718439
ENR-002492,AN-001266,ACTE_NAISSANCE,AG023,Dassa-Zoumè,2025-09-28,NOUATIN,Rodrigue,1996-06-02,M,0905,HOUESSOU Ayaba,0164241776
ENR-002493,CC-001663,CARTE_CONSULAIRE,AG019,Djougou,2025-09-28,AMOUSSOU,Flore,2017-10-11,F,0204,SOULEY Espérance,0151809173
ENR-002494,AN-001815,ACTE_NAISSANCE,AG005,Bohicon,2025-09-28,LOKONON,Bienvenu Yves,1989-04-10,M,0104,BONI Estelle,0183241676
ENR-002495,AN-001819,ACTE_NAISSANCE,AG031,Djougou,2025-09-28,AGOSSOU,Prudence,1989-07-17,F,0904,ASSOGBA Ayaba,0102456030
ENR-002496,CC-001858,CARTE_CONSULAIRE,AG025,Cotonou,2025-09-28,AGOSSOU,Estelle Sèmèvo,1972-09-02,F,1105,CHABI Carine,0107633275
ENR-002497,AN-002228,ACTE_NAISSANCE,AG035,Dassa-Zoumè,2025-09-28,HOUESSOU,Espérance,2006-07-03,F,0906,ZINSOU Sylvie,0115862969
ENR-002498,AN-002390,ACTE_NAISSANCE,AG005,Bohicon,2025-09-28,DOSSOU,Ibrahim,2009-06-16,M,0404,AHOYO Ayaba,0157105423
ENR-002499,AN-002578,ACTE_NAISSANCE,AG016,Parakou,2025-09-28,CODJIA,Carine,2000-10-20,F,1202,AHOYO Ayaba,0153742732
ENR-002500,AN-002990,ACTE_NAISSANCE,AG012,Aplahoué,2025-09-28,LOKONON,Rodrigue,1951-03-02,M,0504,AGOSSOU Fatoumata,0161206972
ENR-002501,AN-003501,ACTE_NAISSANCE,AG033,Ouidah,2025-09-28,TOSSOU,Rachid Ibrahim,1973-02-12,M,0605,AHOYO Espérance,0118729525
ENR-002502,AN-003507,ACTE_NAISSANCE,AG019,Djougou,2025-09-28,ADANDE,Chimène,1993-07-10,F,0208,KIKI Flore,0139753723
ENR-002503,AN-004299,ACTE_NAISSANCE,AG017,Bohicon,2025-09-28,AGOSSOU,Prudence,1959-08-16,F,1105,NOUATIN Sèmèvo,0120341736
ENR-002504,CC-004360,CARTE_CONSULAIRE,AG021,Ouidah,2025-09-28,KPADONOU,Moussa,1972-12-13,M,0605,AGBODJAN Sèmèvo,
ENR-002505,AN-004893,ACTE_NAISSANCE,AG012,Aplahoué,2025-09-28,ALLADAYE,Romaric,2006-01-03,M,0207,OSSENI Gisèle,0108674162
ENR-002506,AN-001374,ACTE_NAISSANCE,AG004,Parakou,2025-09-28,GLELE,Rodrigue,1983-09-19,M,0203,AHOYO Nadège,0133994669
ENR-002507,AN-000159,ACTE_NAISSANCE,AG040,Parakou,2025-09-29,LOKONON,Fabrice Yves,2000-04-10,M,0502,VODOUNON Judith,0108340983
ENR-002508,AN-001658,ACTE_NAISSANCE,AG021,Ouidah,2025-09-29,IDRISSOU,Sènami,1996-04-15,F,1203,BIO Gisèle,0142444419
ENR-002509,AN-002538,ACTE_NAISSANCE,AG002,Abomey-Calavi,2025-09-29,ZANNOU,Comlan Koffi,1995-03-04,M,0206,HOUNSOU Estelle,0187256312
ENR-002510,AN-002610,ACTE_NAISSANCE,AG035,Dassa-Zoumè,2025-09-29,ASSOGBA,Judith,2001-07-05,F,0504,HOUESSOU Flore,0128860497
ENR-002511,AN-002750,ACTE_NAISSANCE,AG038,Abomey-Calavi,2025-09-29,KPADONOU,Semevo,1975-12-03,F,0401,GLELE Rosine,0177151682
ENR-002512,AN-002774,ACTE_NAISSANCE,AG006,Natitingou,2025-09-29,YAROU,Semevo,1998-05-17,F,0606,GBAGUIDI Carine,0144538401
ENR-002513,AN-003600,ACTE_NAISSANCE,AG032,Lokossa,2025-09-29,YAROU,Ghislain Romaric,1979-11-03,M,0602,SOULEY Sylvie,0199409087
ENR-002514,PP-003952,PASSEPORT,AG009,Ouidah,2025-09-29,AGOSSOU,Rosine Fatoumata,1990-01-05,F,0305,ZANNOU Espérance,0172310129
ENR-002515,CC-003972,CARTE_CONSULAIRE,AG040,Parakou,2025-09-29,AMOUSSOU,Brice,2014-01-09,M,0202,AMOUSSOU Sèmèvo,01O2355998
ENR-002516,AN-000078,ACTE_NAISSANCE,AG026,Abomey-Calavi,2025-09-30,SOULEY,Rodrigue Fidèle,1995-07-09,M,0206,TOGBE Rachidatou,0108010005
ENR-002517,AN-000762,ACTE_NAISSANCE,AG007,Djougou,2025-09-30,AMOUSSOU,Ghislain,2023-10-01,M,1203,HOUNKPATIN Sylvie,01O2983773
ENR-002518,AN-000872,ACTE_NAISSANCE,AG028,Parakou,2025-09-30,AGBODJAN,Ghislain,1959-12-06,M,0901,VODOUNON Aïcha,0103887873
ENR-002519,AN-001018,ACTE_NAISSANCE,AG030,Natitingou,2025-09-30,ahoyo,Flore,1987-03-23,F,0104,YAROU Rachidatou,0194236591
ENR-002520,AN-001566,ACTE_NAISSANCE,AG034,Kandi,2025-09-30,DANSOU,Rodrigue,1973-08-24,M,0208,AHOYO Chimene,0196965852
ENR-002521,AN-002287,ACTE_NAISSANCE,AG019,Djougou,2025-09-30,YAROU,Fatoumata,1989-10-27,F,1008,TOSSOU Estelle,86191848
ENR-002522,AN-002777,ACTE_NAISSANCE,AG013,Cotonou,2025-09-30,CODJIA,Fatoumata,1984-07-19,F,1001,MENSAH Sylvie,0158814837
ENR-002523,PP-002926,PASSEPORT,AG040,Parakou,2025-09-30,TCHIBOZO,Codjo,2000-05-02,M,0904,ASSOGBA Fatoumata,0181713661
ENR-002524,AN-003965,ACTE_NAISSANCE,AG010,Kandi,2025-09-30,GBAGUIDI,Koffi,1963-01-04,M,0405,BONI Carine,
ENR-002525,AN-004129,ACTE_NAISSANCE,AG023,Dassa-Zoumè,2025-09-30,TOSSOU,Gildas Brice,2009-12-30,M,1004,AGOSSOU Rosine,0174902110
ENR-002526,CC-000065,CARTE_CONSULAIRE,AG030,Natitingou,2025-10-01,AKPOVI,Carine,1981-01-11,F,0903,DOSSOU Judith,0167720412
ENR-002527,PP-000588,PASSEPORT,AG018,Natitingou,2025-10-01,SOULEY,Rosine,2015-11-17,F,0101,IDRISSOU Ayaba,
ENR-002528,AN-001353,ACTE_NAISSANCE,AG022,Kandi,2025-10-01,MENSAH,Aïcha Salamatou,1983-11-20,F,0904,ALLADAYE Nadège,0151682617
ENR-002529,AN-001451,ACTE_NAISSANCE,AG036,Aplahoué,2025-10-01,VODOUNON,Yves,1988-04-27,M,1005,ADANDE Estelle,0158229953
ENR-002530,AN-001583,ACTE_NAISSANCE,AG011,Dassa-Zoumè,2025-10-01,AGOSSOU,Bienvenu,1983-08-13,M,1202,ADANDE Gisèle,0161440314
ENR-002531,AN-001946,ACTE_NAISSANCE,AG017,Bohicon,2025-10-01,BIO,Aïcha,1952-02-19,F,1101,ADANDE Rachidatou,0131982426
ENR-002532,AN-002325,ACTE_NAISSANCE,AG016,Parakou,2025-10-01,TCHIBOZO,Mariam Espérance,1969-03-11,F,0905,KPADONOU Nadège,0158764159
ENR-002533,AN-002751,ACTE_NAISSANCE,AG010,Kandi,2025-10-01,OSSENI,Estelle Prudence,1980-10-03,F,0602,ADJOVI Rosine,0181067803
ENR-002534,AN-003455,ACTE_NAISSANCE,AG020,Lokossa,2025-10-01,LOKONON,Romaric,2013-12-21,M,1005,NOUATIN Mariam,0139450783
ENR-002535,AN-003529,ACTE_NAISSANCE,AG023,Dassa-Zoumè,2025-10-01,OSSENI,Comlan,1975-04-02,M,0505,LOKONON Aïcha,0105064691
ENR-002536,AN-003740,ACTE_NAISSANCE,AG028,Parakou,2025-10-01,HOUNKPATIN,Ghislain,1996-04-27,M,0505,AMOUSSOU Gisèle,0190106641
ENR-002537,AN-004238,ACTE_NAISSANCE,AG006,Natitingou,2025-10-01,FASSINOU,Mahougnon,2001-08-02,M,0104,QUENUM Sylvie,0159751726
ENR-002538,AN-004546,ACTE_NAISSANCE,AG028,Parakou,2025-10-01,HOUNKPATIN,Arnaud,2007-04-02,M,0407,AGBODJAN Fatoumata,0109492822
ENR-002539,AN-000069,ACTE_NAISSANCE,AG027,Porto-Novo,2025-10-02,HOUNSOU,Rodrigue,1992-08-19,M,0603,SOSSOU Chimène,
ENR-002540,CC-000117,CARTE_CONSULAIRE,AG024,Aplahoué,2025-10-02,ahoyo,Rachid,1987-08-08,M,1203,AGBODJAN Sylvie,0179781768
ENR-002541,AN-001743,ACTE_NAISSANCE,AG033,Ouidah,2025-10-02,ADJOVI,Fatoumata Rosine,1990-06-14,F,1006,CODJIA Aïcha,0149876182
ENR-002542,PP-002169,PASSEPORT,AG038,Abomey-Calavi,2025-10-02,HOUNKPATIN,Comlan,1957-10-30,M,0106,HOUNSOU Mariam,0109819745
ENR-002543,CC-002633,CARTE_CONSULAIRE,AG025,Cotonou,2025-10-02,ZINSOU,Koffi,1997-01-15,M,1006,ZINSOU Prudence,0118258661
ENR-002544,AN-003071,ACTE_NAISSANCE,AG015,Porto-Novo,2025-10-02,BONI,Ibrahim,1964-11-09,M,0505,LOKONON Salamatou,0153575777
ENR-002545,AN-003362,ACTE_NAISSANCE,AG022,Kandi,2025-10-02,ADANDE,Gisèle,2001-05-21,F,0407,IDRISSOU Aïcha,
ENR-002546,AN-003570,ACTE_NAISSANCE,AG023,Dassa-Zoumè,2025-10-02,TCHIBOZO,Estelle,1970-01-09,F,0506,ALLADAYE Sèmèvo,0149270279
ENR-002547,AN-003574,ACTE_NAISSANCE,AG015,Porto-Novo,2025-10-02,SOSSOU,Moussa,1990-09-02,M,0904,SAGBO Flore,0106210458
ENR-002548,AN-000598,ACTE_NAISSANCE,AG031,Djougou,2025-10-03,DOSSOU,  Estelle   Bernice ,1993-08-12,F,1003,SOULEY Rachidatou,0196763211
ENR-002549,PP-001805,PASSEPORT,AG029,Bohicon,2025-10-03,CODJIA,Sèmèvo,1990-01-14,F,1203,CHABI Chimène,0156958707
ENR-002550,AN-001893,ACTE_NAISSANCE,AG038,Abomey-Calavi,2025-10-03,ALLADAYE,Mariam,1977-11-21,F,0102,BONI Gisèle,0176924434
ENR-002551,PP-002979,PASSEPORT,AG007,Djougou,2025-10-03,KPADONOU,Fabrice Justin,2003-09-14,M,0801,AGOSSOU Ayaba,0155927546
ENR-002552,PP-003367,PASSEPORT,AG022,Kandi,2025-10-03,SOSSOU,Nadège,1986-08-27,F,0207,NOUATIN Ayaba,0138524243
ENR-002553,AN-004473,ACTE_NAISSANCE,AG034,Kandi,2025-10-03,FASSINOU,  Codjo   Ghislain ,1965-07-05,M,1205,AHOYO Flore,0131213047
ENR-002554,AN-004488,ACTE_NAISSANCE,AG009,Ouidah,2025-10-03,IDRISSOU,Prudence,1990-04-07,F,0202,TOGBE Estelle,0119080087
ENR-002555,AN-004827,ACTE_NAISSANCE,AG029,Bohicon,2025-10-03,HOUNGBO,Aïcha Ayaba,2007-04-27,F,0308,DANSOU Rosine,0175654251
ENR-002556,AN-000494,ACTE_NAISSANCE,AG008,Lokossa,2025-10-04,NOUATIN,Yves Ulrich,1980-03-01,M,0206,BONI Rachidatou,0156948792
ENR-002557,AN-000818,ACTE_NAISSANCE,AG021,Ouidah,2025-10-04,zannou,Koffi Ibrahim,2005-11-16,M,0206,GLELE Carine,0197146943
ENR-002558,AN-001160,ACTE_NAISSANCE,AG040,Parakou,2025-10-04,KPADONOU,Bienvenu,1990-10-17,M,0502,VODOUNON Bernice,0135542692
ENR-002559,CC-001310,CARTE_CONSULAIRE,AG018,Natitingou,2025-10-04,HOUNGBO,Rodrigue Comlan,2000-09-30,M,0208,VODOUNON Judith,0147743570
ENR-002560,AN-001715,ACTE_NAISSANCE,AG032,Lokossa,2025-10-04,DOSSOU,Serge,1974-12-25,M,1103,GLELE Estelle,0132451470
ENR-002561,PP-002185,PASSEPORT,AG014,Abomey-Calavi,2025-10-04,DANSOU,Carine,2014-01-19,F,0906,ASSOGBA Estelle,0161156993
ENR-002562,AN-002264,ACTE_NAISSANCE,AG014,Abomey-Calavi,2025-10-04,GLELE,Ulrich,1997-08-11,M,1002,ZANNOU Flore,0174058847
ENR-002563,CC-002814,CARTE_CONSULAIRE,AG024,Aplahoué,2025-10-04,NOUATIN,Serge Gildas,2000-07-14,M,0402,ZANNOU Salamatou,0149590208
ENR-002564,AN-003281,ACTE_NAISSANCE,AG036,Aplahoué,2025-10-04,DANSOU,Ulrich,1993-07-30,M,0104,AKPOVI Prudence,0195501828
ENR-002565,AN-003443,ACTE_NAISSANCE,AG007,Djougou,2025-10-04,TOGBE,Salamatou,2006-08-05,F,0407,ALLADAYE Rachidatou,0193411109
ENR-002566,PP-003469,PASSEPORT,AG014,Abomey-Calavi,2025-10-04,ZINSOU,Ayaba,1991-08-06,F,1203,ALLADAYE Ayaba,0156286294
ENR-002567,PP-003800,PASSEPORT,AG027,Porto-Novo,2025-10-04,AHOYO,Salamatou,1971-01-14,F,0205,SOSSOU Chimène,0147440483
ENR-002568,CC-003968,CARTE_CONSULAIRE,AG036,Aplahoué,2025-10-04,LOKONON,Romaric,2017-07-10,M,1004,HOUESSOU Sènami,0137962715
ENR-002569,AN-004273,ACTE_NAISSANCE,AG009,Ouidah,2025-10-04,GBAGUIDI,Gildas,1964-02-15,M,0203,AHOYO Rachidatou,0106692831
ENR-002570,AN-004348,ACTE_NAISSANCE,AG017,Bohicon,2025-10-04,ASSOGBA,Judith,1986-10-07,F,0104,AMOUSSOU Aïcha,0179445235
ENR-002571,AN-004359,ACTE_NAISSANCE,AG036,Aplahoué,2025-10-04,DANSOU,Serge,1990-11-26,M,1204,YAROU Rachidatou,
ENR-002572,PP-004958,PASSEPORT,AG001,Cotonou,2025-10-04,OSSENI,Rosine,1957-06-30,F,1003,KPADONOU Rachidatou,
ENR-002573,AN-000597,ACTE_NAISSANCE,AG023,Dassa-Zoumè,2025-10-05,GBAGUIDI,Ghislain Ibrahim,1999-03-10,M,0305,HOUNGBO Flore,0185557365
ENR-002574,AN-000828,ACTE_NAISSANCE,AG028,Parakou,2025-10-05,FASSINOU,Moussa,1990-09-03,M,0702,TOGBE Rosine,0175173876
ENR-002575,AN-001445,ACTE_NAISSANCE,AG018,Natitingou,2025-10-05,kpadonou,Prudence,1977-06-12,F,0202,TOGBE Judith,
ENR-002576,AN-003134,ACTE_NAISSANCE,AG007,Djougou,2025-10-05,DANSOU,Chimène Salamatou,1985-09-16,F,1009,ALLADAYE Aïcha,0179791470
ENR-002577,AN-003308,ACTE_NAISSANCE,AG033,Ouidah,2025-10-05,BIO,Justin,1952-10-03,M,1002,VODOUNON Ayaba,
ENR-002578,AN-003387,ACTE_NAISSANCE,AG031,Djougou,2025-10-05,YAROU,Prudence,2017-05-03,F,0506,OSSENI Fatoumata,
ENR-002579,AN-003422,ACTE_NAISSANCE,AG018,Natitingou,2025-10-05,AGBODJAN,Mariam,1969-01-28,F,0302,OSSENI Salamatou,0127915934
ENR-002580,PP-004418,PASSEPORT,AG036,Aplahoué,2025-10-05,ALLADAYE,Gildas,2000-10-02,M,0604,DANSOU Prudence,
ENR-002581,PP-000284,PASSEPORT,AG034,Kandi,2025-10-06,ALLADAYE,Fatoumata Rosine,1975-07-24,F,0104,AHOUANSOU Bernice,0171900167
ENR-002582,AN-000796,ACTE_NAISSANCE,AG014,Abomey-Calavi,2025-10-06,LOKONON,Sènami,2006-09-23,F,0501,QUENUM Rachidatou,0199995535
ENR-002583,CC-000835,CARTE_CONSULAIRE,AG012,Aplahoué,2025-10-06,LOKONON,Brice,2004-03-21,M,1006,AGOSSOU Prudence,0194972384
ENR-002584,CC-000859,CARTE_CONSULAIRE,AG036,Aplahoué,2025-10-06,AHOUANSOU,Salamatou,1977-02-11,F,0301,DOSSOU Rachidatou,0106113762
ENR-002585,AN-003432,ACTE_NAISSANCE,AG025,Cotonou,2025-10-06,HOUESSOU,Rodrigue,2002-06-01,M,0701,AGOSSOU Mariam,0108871491
ENR-002586,CC-003850,CARTE_CONSULAIRE,AG039,Porto-Novo,2025-10-06,FASSINOU,Ayaba,2009-06-01,F,1206,GLELE Gisèle,0194766396
ENR-002587,AN-004963,ACTE_NAISSANCE,AG016,Parakou,2025-10-06,DANSOU,Fidele Ibrahim,1956-04-07,M,1207,AHOYO Estelle,0140050362
ENR-002588,AN-000196,ACTE_NAISSANCE,AG026,Abomey-Calavi,2025-10-07,GBAGUIDI,Prudence Carine,2003-10-26,F,0601,ADANDE Aïcha,0138232837
ENR-002589,AN-000510,ACTE_NAISSANCE,AG034,Kandi,2025-10-07,AHOYO,Gisèle,2004-01-26,F,0205,IDRISSOU Nadège,
ENR-002590,AN-000638,ACTE_NAISSANCE,AG012,Aplahoué,2025-10-07,YAROU,Fidèle,1989-03-26,M,0906,SAGBO Rachidatou,
ENR-002591,CC-000665,CARTE_CONSULAIRE,AG025,Cotonou,2025-10-07,HOUNGBO,Serge Brice,1999-07-09,M,1003,ADJOVI Aïcha,0173945097
ENR-002592,CC-001525,CARTE_CONSULAIRE,AG019,Djougou,2025-10-07,ADANDE,Gildas,2005-07-19,M,0904,TCHIBOZO Judith,0152813566
ENR-002593,AN-002133,ACTE_NAISSANCE,AG026,Abomey-Calavi,2025-10-07,ZINSOU,Prudence Sèmèvo,1968-09-13,F,0702,IDRISSOU Carine,
ENR-002594,CC-002513,CARTE_CONSULAIRE,AG027,Porto-Novo,2025-10-07,KOUKPAKI,Ulrich Brice,1969-05-10,M,0101,BONI Carine,0130492676
ENR-002595,CC-003081,CARTE_CONSULAIRE,AG004,Parakou,2025-10-07,YAROU,Arnaud,1971-05-09,M,0202,DOSSOU Mariam,
ENR-002596,AN-003476,ACTE_NAISSANCE,AG022,Kandi,2025-10-07,IDRISSOU,Yves,1948-03-08,M,0403,HOUESSOU Rachidatou,0192021367
ENR-002597,AN-004761,ACTE_NAISSANCE,AG014,Abomey-Calavi,2025-10-07,AMOUSSOU,Rachidatou Chimène,1995-08-18,F,0902,IDRISSOU Rosine,0123494328
ENR-002598,PP-000051,PASSEPORT,AG027,Porto-Novo,2025-10-08,KOUKPAKI,Fatoumata,1993-03-03,F,0502,OSSENI Mariam,0152198033
ENR-002599,AN-002306,ACTE_NAISSANCE,AG030,Natitingou,2025-10-08,HOUESSOU,Rachidatou,1960-03-12,F,0306,HOUESSOU Judith,0101029000
ENR-002600,CC-002481,CARTE_CONSULAIRE,AG010,Kandi,2025-10-08,BONI,Mariam,1999-09-21,F,0602,AHOYO Mariam,0120880449
ENR-002601,AN-002702,ACTE_NAISSANCE,AG007,Djougou,2025-10-08,DANSOU,Justin,2019-05-21,M,1007,OSSENI Sèmèvo,0121400369
ENR-002602,AN-003318,ACTE_NAISSANCE,AG021,Ouidah,2025-10-08,NOUATIN,Brice,1962-10-18,M,1204,QUENUM Chimène,
ENR-002603,AN-003938,ACTE_NAISSANCE,AG024,Aplahoué,2025-10-08,HOUNSOU,Chimène Nadège,1991-10-13,F,0604,AGBODJAN Judith,0130156796
ENR-002604,CC-000122,CARTE_CONSULAIRE,AG032,Lokossa,2025-10-09,SOSSOU,Prudence,2004-08-14,F,0605,MENSAH Nadège,0173667471
ENR-002605,PP-000486,PASSEPORT,AG005,Bohicon,2025-10-09,AHOUANSOU,Mariam,2005-04-18,F,0702,ADANDE Sylvie,0132691175
ENR-002606,AN-000491,ACTE_NAISSANCE,AG022,Kandi,2025-10-09,DOSSOU,Fatoumata Sylvie,1971-08-19,F,1005,AHOYO Prudence,0190333557
ENR-002607,AN-000495,ACTE_NAISSANCE,AG020,Lokossa,2025-10-09,QUENUM,Ghislain,1966-07-06,M,0305,FASSINOU Bernice,0190820862
ENR-002608,AN-000688,ACTE_NAISSANCE,AG001,Cotonou,2025-10-09,DOSSOU,Judith,2006-10-30,F,0102,LOKONON Carine,0156596914
ENR-002609,AN-001226,ACTE_NAISSANCE,AG017,Bohicon,2025-10-09,KOUKPAKI,Bernice Ayaba,1960-03-01,F,0602,GBAGUIDI Aïcha,0119550284
ENR-002610,AN-001713,ACTE_NAISSANCE,AG025,Cotonou,2025-10-09,VODOUNON,Rodrigue,1946-01-09,M,1003,ZANNOU Nadège,0108696334
ENR-002611,AN-002080,ACTE_NAISSANCE,AG033,Ouidah,2025-10-09,LOKONON,Yves Rodrigue,2016-05-06,M,0305,TOSSOU Estelle,0177803331
ENR-002612,CC-002177,CARTE_CONSULAIRE,AG032,Lokossa,2025-10-09,BIO,Carine Rosine,1986-07-28,F,0407,YAROU Espérance,0156896002
ENR-002613,AN-002245,ACTE_NAISSANCE,AG010,Kandi,2025-10-09,LOKONON,Sylvie,1992-09-01,F,0401,HOUNKPATIN Gisèle,0175355941
ENR-002614,AN-002391,ACTE_NAISSANCE,AG021,Ouidah,2025-10-09,LOKONON,Flore,1983-07-08,F,1002,VODOUNON Sèmèvo,0153882569
ENR-002615,AN-002529,ACTE_NAISSANCE,AG010,Kandi,2025-10-09,BONI,Nadège,1984-06-20,F,1104,DANSOU Espérance,0190939319
ENR-002616,AN-002831,ACTE_NAISSANCE,AG024,Aplahoué,2025-10-09,SOULEY,Nadège,2017-06-28,F,1207,AGBODJAN Mariam,0108531400
ENR-002617,AN-002962,ACTE_NAISSANCE,AG002,Abomey-Calavi,2025-10-09,HOUNKPATIN,Comlan Codjo,2011-11-21,M,1203,ALLADAYE Bernice,0154542668
ENR-002618,AN-003160,ACTE_NAISSANCE,AG011,Dassa-Zoumè,2025-10-09,ZANNOU,Yves Ghislain,1998-01-11,M,0101,AKPOVI Sènami,0110729145
ENR-002619,AN-003202,ACTE_NAISSANCE,AG038,Abomey-Calavi,2025-10-09,ZANNOU,Ibrahim Moussa,1946-12-25,M,0502,AHOYO Sylvie,0142577628
ENR-002620,AN-003976,ACTE_NAISSANCE,AG014,Abomey-Calavi,2025-10-09,YAROU,Gildas,2015-12-19,M,1004,BONI Nadège,0116369763
ENR-002621,AN-004448,ACTE_NAISSANCE,AG026,Abomey-Calavi,2025-10-09,FASSINOU,Mahougnon,2007-10-18,M,0801,TOSSOU Sènami,0189123505
ENR-002622,AN-000396,ACTE_NAISSANCE,AG025,Cotonou,2025-10-10,IDRISSOU,Ibrahim,1997-01-19,M,0606,HOUESSOU Rosine,
ENR-002623,PP-001548,PASSEPORT,AG021,Ouidah,2025-10-10,AMOUSSOU,Ulrich,1999-02-19,M,0902,ALLADAYE Espérance,0104581569
ENR-002624,AN-002153,ACTE_NAISSANCE,AG034,Kandi,2025-10-10,LOKONON,Espérance,1993-05-31,F,0501,IDRISSOU Carine,0191535827
ENR-002625,AN-002744,ACTE_NAISSANCE,AG029,Bohicon,2025-10-10,KIKI,Rachid,1982-11-02,M,0308,OSSENI Rosine,0124360162
ENR-002626,CC-003441,CARTE_CONSULAIRE,AG039,Porto-Novo,2025-10-10,NOUATIN,Mariam,1979-06-20,F,0403,IDRISSOU Prudence,0145525264
ENR-002627,AN-004270,ACTE_NAISSANCE,AG037,Cotonou,2025-10-10,OSSENI,Rachid,1990-07-03,M,0606,HOUNSOU Sènami,0127343256
ENR-002628,AN-004854,ACTE_NAISSANCE,AG036,Aplahoué,2025-10-10,TOGBE,Prudence,1959-01-20,F,0904,AHOUANSOU Estelle,0128477495
ENR-002629,AN-000182,ACTE_NAISSANCE,AG001,Cotonou,2025-10-11,AHOUANSOU,Rachid,1996-10-29,M,0504,SAGBO Rosine,0144121174
ENR-002630,AN-001168,ACTE_NAISSANCE,AG005,Bohicon,2025-10-11,GBAGUIDI,Mariam,2009-03-27,F,0503,DANSOU Carine,0179685717
ENR-002631,AN-001329,ACTE_NAISSANCE,AG008,Lokossa,2025-10-11,GLELE,Comlan,2014-12-17,M,0307,GBAGUIDI Chimène,
ENR-002632,CC-002991,CARTE_CONSULAIRE,AG032,Lokossa,2025-10-11,OSSENI,Judith Aïcha,1972-01-23,F,0702,SAGBO Gisèle,0150315875
ENR-002633,AN-003775,ACTE_NAISSANCE,AG016,Parakou,2025-10-11,HOUNSOU,Sènami,1967-09-20,F,0702,ZINSOU Prudence,0163162821
ENR-002634,PP-004025,PASSEPORT,AG020,Lokossa,2025-10-11,SOSSOU,Bernice,1958-06-21,F,0906,CODJIA Bernice,0156491336
ENR-002635,CC-000138,CARTE_CONSULAIRE,AG013,Cotonou,2025-10-12,DANSOU,Sèmèvo,2010-05-25,F,1007,AGOSSOU Nadège,0136630446
ENR-002636,AN-000535,ACTE_NAISSANCE,AG019,Djougou,2025-10-12,AKPOVI,Rosine,1998-07-25,F,1101,GLELE Nadège,0175835944
ENR-002637,CC-000739,CARTE_CONSULAIRE,AG006,Natitingou,2025-10-12,IDRISSOU,Espérance,1979-09-01,F,0104,TCHIBOZO Rosine,0169209253
ENR-002638,AN-000940,ACTE_NAISSANCE,AG025,Cotonou,2025-10-12,SOSSOU,Bienvenu,1993-09-03,M,0403,NOUATIN Chimène,0196480846
ENR-002639,AN-003112,ACTE_NAISSANCE,AG032,Lokossa,2025-10-12,TOGBE,Gisèle,1973-02-05,F,1201,ADJOVI Ayaba,0169963188
ENR-002640,AN-003465,ACTE_NAISSANCE,AG017,Bohicon,2025-10-12,ADANDE,Chimène Aïcha,1999-11-14,F,0306,KIKI Mariam,0198287175
ENR-002641,AN-002112,ACTE_NAISSANCE,AG038,Abomey-Calavi,2025-10-13,ADJOVI,Prudence,1955-02-14,F,1204,AGOSSOU Flore,0111409184
ENR-002642,AN-002684,ACTE_NAISSANCE,AG012,Aplahoué,2025-10-13,SOSSOU,Comlan,2002-02-10,M,0201,TCHIBOZO Chimène,0159734201
ENR-002643,AN-003219,ACTE_NAISSANCE,AG024,Aplahoué,2025-10-13,AKPOVI,Bienvenu,2009-04-03,M,0101,HOUNGBO Chimène,0132380008
ENR-002644,AN-003887,ACTE_NAISSANCE,AG004,Parakou,2025-10-13,ZINSOU,Prudence,2004-06-25,F,0402,LOKONON Chimène,
ENR-002645,AN-004344,ACTE_NAISSANCE,AG019,Djougou,2025-10-13,MENSAH,Ulrich,1968-06-27,M,0306,AGBODJAN Sylvie,0151700918
ENR-002646,AN-004464,ACTE_NAISSANCE,AG010,Kandi,2025-10-13,MENSAH,Flore,1957-03-12,F,0801,QUENUM Sènami,
ENR-002647,CC-004753,CARTE_CONSULAIRE,AG020,Lokossa,2025-10-13,ASSOGBA,Sèmèvo,2009-09-11,F,0201,ADANDE Prudence,0199126829
ENR-002648,AN-000660,ACTE_NAISSANCE,AG011,Dassa-Zoumè,2025-10-14,KOUKPAKI,Arnaud Mahougnon,2006-02-05,M,0408,CHABI Prudence,0124025776
ENR-002649,AN-000702,ACTE_NAISSANCE,AG022,Kandi,2025-10-14,BIO,Prudence,1939-04-11,F,0302,BONI Aïcha,0132912097
ENR-002650,AN-000705,ACTE_NAISSANCE,AG031,Djougou,2025-10-14,ALLADAYE,Chimène,1999-08-31,F,0902,SOSSOU Ayaba,0196733923
ENR-002651,AN-000721,ACTE_NAISSANCE,AG008,Lokossa,2025-10-14,VODOUNON,Fidèle Ulrich,1944-09-05,M,1007,AMOUSSOU Gisèle,0131373199
ENR-002652,AN-000779,ACTE_NAISSANCE,AG029,Bohicon,2025-10-14,DOSSOU,Rodrigue Romaric,1986-04-10,M,1203,GLELE Bernice,0148699199
ENR-002653,CC-000944,CARTE_CONSULAIRE,AG007,Djougou,2025-10-14,HOUNKPATIN,Gisèle,2014-08-19,F,0304,ADJOVI Judith,0188942574
ENR-002654,AN-001392,ACTE_NAISSANCE,AG039,Porto-Novo,2025-10-14,ZANNOU,Rachidatou,1992-10-09,F,0207,AHOUANSOU Fatoumata,0110106674
ENR-002655,PP-001962,PASSEPORT,AG040,Parakou,2025-10-14,HOUNKPATIN,Gisèle,2007-08-14,F,0104,AGOSSOU Sèmèvo,0182441405
ENR-002656,AN-002254,ACTE_NAISSANCE,AG005,Bohicon,2025-10-14,VODOUNON,Flore,2021-10-31,F,0104,HOUNSOU Rachidatou,0186405630
ENR-002657,AN-002558,ACTE_NAISSANCE,AG035,Dassa-Zoumè,2025-10-14,ZINSOU,Fatoumata Sylvie,2006-10-19,F,1003,HOUNKPATIN Carine,0114423242
ENR-002658,AN-003823,ACTE_NAISSANCE,AG003,Porto-Novo,2025-10-14,ADJOVI,Serge,1975-08-20,M,1202,AGOSSOU Sylvie,0154017237
ENR-002659,AN-004058,ACTE_NAISSANCE,AG022,Kandi,2025-10-14,SOULEY,Moussa,1999-12-22,M,0601,SOULEY Sèmèvo,0145015322
ENR-002660,AN-004189,ACTE_NAISSANCE,AG039,Porto-Novo,2025-10-14,DOSSOU,Fatoumata,1970-02-03,F,1009,MENSAH Flore,0150183986
ENR-002661,CC-004626,CARTE_CONSULAIRE,AG007,Djougou,2025-10-14,SOULEY,Rachidatou,1986-05-20,F,1104,ADANDE Bernice,
ENR-002662,CC-000177,CARTE_CONSULAIRE,AG009,Ouidah,2025-10-15,GLELE,Arnaud,1987-05-13,M,0906,ADANDE Carine,0186162589
ENR-002663,AN-000803,ACTE_NAISSANCE,AG022,Kandi,2025-10-15,HOUNKPATIN,Fatoumata,2022-07-30,F,1103,ZANNOU Espérance,0113027786
ENR-002664,AN-001383,ACTE_NAISSANCE,AG006,Natitingou,2025-10-15,AGBODJAN,Flore,2018-05-01,F,0408,TOGBE Bernice,0108683654
ENR-002665,CC-002655,CARTE_CONSULAIRE,AG031,Djougou,2025-10-15,GBAGUIDI,Gisèle,1991-12-09,F,0406,ZANNOU Estelle,0100434144
ENR-002666,AN-002704,ACTE_NAISSANCE,AG023,Dassa-Zoumè,2025-10-15,HOUNGBO,Estelle Gisèle,1989-04-01,F,0501,IDRISSOU Carine,0152272100
ENR-002667,AN-002999,ACTE_NAISSANCE,AG011,Dassa-Zoumè,2025-10-15,AMOUSSOU,Arnaud,1958-06-29,M,1102,AKPOVI Gisèle,
ENR-002668,AN-003330,ACTE_NAISSANCE,AG025,Cotonou,2025-10-15,AMOUSSOU,Ibrahim,2001-12-27,M,0104,TOSSOU Prudence,0136870731
ENR-002669,AN-003378,ACTE_NAISSANCE,AG031,Djougou,2025-10-15,DANSOU,Rachidatou,2000-03-06,F,0903,SOSSOU Ayaba,0199342377
ENR-002670,PP-003883,PASSEPORT,AG014,Abomey-Calavi,2025-10-15,OSSENI,Comlan Rachid,2019-01-15,M,0801,GLELE Carine,0195175533
ENR-002671,AN-004333,ACTE_NAISSANCE,AG010,Kandi,2025-10-15,DANSOU,Fabrice,1983-07-24,M,0301,HOUNGBO Flore,0115282910
ENR-002672,CC-004413,CARTE_CONSULAIRE,AG039,Porto-Novo,2025-10-15,ALLADAYE,Ulrich,1989-01-02,M,0308,IDRISSOU Aïcha,0147105221
ENR-002673,CC-004702,CARTE_CONSULAIRE,AG038,Abomey-Calavi,2025-10-15,HOUNSOU,Koffi Codjo,1959-03-21,M,0902,GBAGUIDI Judith,0137109173
ENR-002674,AN-000287,ACTE_NAISSANCE,AG004,Parakou,2025-10-16,TOSSOU,Gildas,1972-06-15,M,0906,MENSAH Rosine,0110257598
ENR-002675,AN-001469,ACTE_NAISSANCE,AG032,Lokossa,2025-10-16,CODJIA,Chimène Sènami,1967-01-09,F,1005,CODJIA Ayaba,0110429350
ENR-002676,AN-001763,ACTE_NAISSANCE,AG009,Ouidah,2025-10-16,codjia,Gildas,1994-03-03,M,0901,GLELE Mariam,
ENR-002677,PP-001900,PASSEPORT,AG033,Ouidah,2025-10-16,TCHIBOZO,Fabrice Yves,1995-02-15,M,0102,DOSSOU Carine,0120773042
ENR-002678,AN-003713,ACTE_NAISSANCE,AG003,Porto-Novo,2025-10-16,HOUESSOU,Salamatou Estelle,2010-05-24,F,0308,ZANNOU Estelle,0116136278
ENR-002679,AN-003749,ACTE_NAISSANCE,AG022,Kandi,2025-10-16,DANSOU,Fabrice,1972-04-17,M,0602,AMOUSSOU Prudence,
ENR-002680,AN-003900,ACTE_NAISSANCE,AG023,Dassa-Zoumè,2025-10-16,YAROU,Sylvie Sènami,2020-05-03,F,0902,GLELE Ayaba,0172500666
ENR-002681,AN-004478,ACTE_NAISSANCE,AG021,Ouidah,2025-10-16,AGBODJAN,Rachidatou,1939-04-12,F,0504,ZANNOU Nadège,0102570674
ENR-002682,AN-000818,ACTE_NAISSANCE,AG002,Abomey-Calavi,2025-10-16,zannou,Koffi Ibrahim,2005-11-16,M,0206,GLELE Carine,0197146943
ENR-002683,AN-000432,ACTE_NAISSANCE,AG004,Parakou,2025-10-17,LOKONON,Prudence Mariam,2014-01-02,F,0302,BONI Judith,0190348188
ENR-002684,AN-000561,ACTE_NAISSANCE,AG039,Porto-Novo,2025-10-17,HOUNGBO,Gildas Mahougnon,2015-02-02,M,1102,AMOUSSOU Fatoumata,
ENR-002685,AN-000999,ACTE_NAISSANCE,AG001,Cotonou,2025-10-17,KPADONOU,  Sènami ,1975-10-11,F,0901,AGOSSOU Flore,0181775598
ENR-002686,AN-002557,ACTE_NAISSANCE,AG018,Natitingou,2025-10-17,HOUNGBO,Ghislain,2024-10-02,M,1206,HOUNGBO Aïcha,0178017816
ENR-002687,AN-003309,ACTE_NAISSANCE,AG004,Parakou,2025-10-17,HOUNKPATIN,Sèmèvo,1951-12-22,F,0801,SAGBO Salamatou,0199141045
ENR-002688,CC-003794,CARTE_CONSULAIRE,AG023,Dassa-Zoumè,2025-10-17,ALLADAYE,Ghislain,1975-01-02,M,0306,AHOYO Rosine,0137813241
ENR-002689,PP-004190,PASSEPORT,AG021,Ouidah,2025-10-17,DANSOU,Bienvenu,1956-02-26,M,0704,AHOUANSOU Sylvie,0172975855
ENR-002690,AN-004582,ACTE_NAISSANCE,AG025,Cotonou,2025-10-17,HOUNSOU,Carine,1995-12-04,F,1206,TOGBE Fatoumata,0172811820
ENR-002691,AN-000165,ACTE_NAISSANCE,AG016,Parakou,2025-10-18,ADANDE,Aicha Flore,1986-09-30,F,0801,TOSSOU Flore,0131390026
ENR-002692,AN-002592,ACTE_NAISSANCE,AG038,Abomey-Calavi,2025-10-18,ASSOGBA,Romaric Justin,1976-02-04,M,0606,ASSOGBA Aïcha,0164528797
ENR-002693,CC-002998,CARTE_CONSULAIRE,AG030,Natitingou,2025-10-18,ADJOVI,Rosine,1989-10-05,F,1007,HOUNSOU Ayaba,0148169091
ENR-002694,AN-003482,ACTE_NAISSANCE,AG013,Cotonou,2025-10-18,GBAGUIDI,Serge,1996-09-16,M,0704,AKPOVI Judith,0284801670
ENR-002695,AN-003575,ACTE_NAISSANCE,AG020,Lokossa,2025-10-18,MENSAH,Sèmèvo,1962-07-28,F,0702,SAGBO Sènami,0187456579
ENR-002696,AN-003781,ACTE_NAISSANCE,AG008,Lokossa,2025-10-18,AMOUSSOU,Mahougnon,2006-07-24,M,0405,OSSENI Estelle,0109330050
ENR-002697,AN-004256,ACTE_NAISSANCE,AG031,Djougou,2025-10-18,IDRISSOU,Sèmèvo Ayaba,2001-05-17,F,0504,MENSAH Judith,0131929572
ENR-002698,PP-000438,PASSEPORT,AG025,Cotonou,2025-10-19,ALLADAYE,Yves,1967-10-31,M,0404,AKPOVI Gisèle,0184888851
ENR-002699,PP-000866,PASSEPORT,AG002,Abomey-Calavi,2025-10-19,DOSSOU,Ulrich Justin,1997-09-08,M,0701,GBAGUIDI Chimene,0155999765
ENR-002700,AN-001040,ACTE_NAISSANCE,AG033,Ouidah,2025-10-19,DOSSOU,Judith Sylvie,1984-07-07,F,1103,GLELE Rachidatou,0196334281
ENR-002701,CC-002717,CARTE_CONSULAIRE,AG010,Kandi,2025-10-19,AGBODJAN,Comlan,2000-09-07,M,1101,NOUATIN Aïcha,0139369118
ENR-002702,PP-002950,PASSEPORT,AG036,Aplahoué,2025-10-19,ZANNOU,Fatoumata,1997-04-25,F,1004,TOGBE Rachidatou,0126011259
ENR-002703,AN-003848,ACTE_NAISSANCE,AG037,Cotonou,2025-10-19,HOUNGBO,Rachid,2007-01-24,M,1202,SAGBO Nadège,0141847314
ENR-002704,CC-003920,CARTE_CONSULAIRE,AG035,Dassa-Zoumè,2025-10-19,ADANDE,Fidèle,2007-03-18,M,0103,BONI Estelle,0130567958
ENR-002705,CC-000249,CARTE_CONSULAIRE,AG039,Porto-Novo,2025-10-20,ZANNOU,Sènami,1955-01-13,F,0407,LOKONON Mariam,0176763406
ENR-002706,AN-000382,ACTE_NAISSANCE,AG027,Porto-Novo,2025-10-20,SOULEY,Mariam Ayaba,2002-01-30,F,1209,QUENUM Nadège,0136712834
ENR-002707,AN-000757,ACTE_NAISSANCE,AG037,Cotonou,2025-10-20,HOUNGBO,Rachidatou Judith,1992-08-13,F,1001,TCHIBOZO Judith,
ENR-002708,CC-001165,CARTE_CONSULAIRE,AG009,Ouidah,2025-10-20,IDRISSOU,Sylvie,1991-07-14,F,0408,BIO Aïcha,0161577138
ENR-002709,AN-001244,ACTE_NAISSANCE,AG009,Ouidah,2025-10-20,LOKONON,Ibrahim,2017-07-03,M,1205,TOGBE Sylvie,0189140274
ENR-002710,PP-001416,PASSEPORT,AG017,Bohicon,2025-10-20,LOKONON,Judith,1997-09-29,F,0704,FASSINOU Fatoumata,0153163697
ENR-002711,PP-001558,PASSEPORT,AG035,Dassa-Zoumè,2025-10-20,ZANNOU,Gisèle Bernice,2023-01-22,F,0206,NOUATIN Sènami,0165953416
ENR-002712,AN-001581,ACTE_NAISSANCE,AG017,Bohicon,2025-10-20,AKPOVI,Brice,1971-06-06,M,1101,HOUNKPATIN Judith,0167868696
ENR-002713,PP-001804,PASSEPORT,AG035,Dassa-Zoumè,2025-10-20,QUENUM,Judith,1974-07-09,F,1105,SOSSOU Nadège,0186833998
ENR-002714,AN-002914,ACTE_NAISSANCE,AG008,Lokossa,2025-10-20,TOGBE,Rodrigue,2004-09-23,M,0506,AGBODJAN Espérance,0166453957
ENR-002715,AN-003298,ACTE_NAISSANCE,AG018,Natitingou,2025-10-20,ZINSOU,Carine,1994-06-30,F,0903,ASSOGBA Aïcha,0189165701
ENR-002716,AN-003434,ACTE_NAISSANCE,AG038,Abomey-Calavi,2025-10-20,KOUKPAKI,Aïcha,2018-04-29,F,0402,QUENUM Chimène,0144624305
ENR-002717,PP-003646,PASSEPORT,AG039,Porto-Novo,2025-10-20,VODOUNON,Gildas,1997-06-29,M,0405,MENSAH Rosine,0151323509
ENR-002718,AN-003785,ACTE_NAISSANCE,AG037,Cotonou,2025-10-20,OSSENI,Romaric Ulrich,1973-03-06,M,0406,HOUESSOU Sylvie,0141183095
ENR-002719,PP-003100,PASSEPORT,AG024,Aplahoué,2025-10-20,AHOUANSOU,Rachid,1981-10-09,M,0408,GLELE Chimène,0163064859
ENR-002720,CC-000103,CARTE_CONSULAIRE,AG039,Porto-Novo,2025-10-21,HOUNSOU,Sylvie Judith,2011-04-18,F,0601,KOUKPAKI Sèmèvo,0167252189
ENR-002721,AN-002472,ACTE_NAISSANCE,AG017,Bohicon,2025-10-21,ALLADAYE,Bernice,1984-04-21,F,1206,YAROU Fatoumata,+229 0143203683
ENR-002722,AN-003419,ACTE_NAISSANCE,AG037,Cotonou,2025-10-21,AGBODJAN,Bienvenu Koffi,1994-05-02,M,0207,MENSAH Aïcha,
ENR-002723,AN-003516,ACTE_NAISSANCE,AG014,Abomey-Calavi,2025-10-21,KOUKPAKI,Brice Romaric,1991-08-27,M,0801,ZINSOU Judith,0116445072
ENR-002724,PP-003905,PASSEPORT,AG023,Dassa-Zoumè,2025-10-21,AHOUANSOU,Rodrigue,2022-05-16,M,1205,KIKI Sènami,0185830839
ENR-002725,AN-004310,ACTE_NAISSANCE,AG001,Cotonou,2025-10-21,ADJOVI,Carine,1998-09-01,F,0103,ADJOVI Bernice,0143771277
ENR-002726,AN-000373,ACTE_NAISSANCE,AG023,Dassa-Zoumè,2025-10-22,ZINSOU,Romaric Fabrice,1978-07-29,M,0304,ALLADAYE Aïcha,0109765647
ENR-002727,AN-001102,ACTE_NAISSANCE,AG013,Cotonou,2025-10-22,QUENUM,Bernice,1986-12-02,F,0604,TOGBE Estelle,0120561035
ENR-002728,PP-001923,PASSEPORT,AG035,Dassa-Zoumè,2025-10-22,AGBODJAN,Serge,1975-11-19,M,0207,HOUESSOU Flore,0138628592
ENR-002729,AN-002018,ACTE_NAISSANCE,AG033,Ouidah,2025-10-22,LOKONON,Fidèle,1978-01-24,M,0506,BIO Ayaba,
ENR-002730,AN-003317,ACTE_NAISSANCE,AG024,Aplahoué,2025-10-22,AMOUSSOU,Espérance Carine,1951-12-21,F,1208,KIKI Flore,0180897701
ENR-002731,CC-003492,CARTE_CONSULAIRE,AG026,Abomey-Calavi,2025-10-22,HOUNGBO,Sylvie Fatoumata,1964-12-12,F,1004,BONI Nadège,0192442859
ENR-002732,AN-003700,ACTE_NAISSANCE,AG025,Cotonou,2025-10-22,AHOUANSOU,Brice,2012-03-21,M,1005,KPADONOU Prudence,0169443857
ENR-002733,AN-004005,ACTE_NAISSANCE,AG002,Abomey-Calavi,2025-10-22,KPADONOU,Sèmèvo Ayaba,2002-06-10,F,1002,ALLADAYE Carine,0149033512
ENR-002734,AN-004305,ACTE_NAISSANCE,AG010,Kandi,2025-10-22,IDRISSOU,Sèmèvo,1981-11-25,F,0401,TCHIBOZO Rosine,0153363071
ENR-002735,CC-004497,CARTE_CONSULAIRE,AG008,Lokossa,2025-10-22,TOGBE,Gisèle,2010-06-22,F,1102,AGOSSOU Espérance,0138529000
ENR-002736,AN-000268,ACTE_NAISSANCE,AG004,Parakou,2025-10-23,IDRISSOU,Nadège,2016-09-08,F,0601,ADJOVI Rachidatou,
ENR-002737,CC-000418,CARTE_CONSULAIRE,AG015,Porto-Novo,2025-10-23,GLELE,Yves,1997-07-28,M,0403,CHABI Rosine,0106561861
ENR-002738,AN-001867,ACTE_NAISSANCE,AG015,Porto-Novo,2025-10-23,ADANDE,  Arnaud ,1997-11-29,M,0401,AGBODJAN Ayaba,0132792656
ENR-002739,CC-002032,CARTE_CONSULAIRE,AG036,Aplahoué,2025-10-23,ZANNOU,Rosine,1953-05-30,F,0203,MENSAH Aïcha,0114715322
ENR-002740,PP-002136,PASSEPORT,AG015,Porto-Novo,2025-10-23,TOGBE,Comlan Ibrahim,1996-04-26,M,0102,GBAGUIDI Estelle,0127350157
ENR-002741,AN-002515,ACTE_NAISSANCE,AG027,Porto-Novo,2025-10-23,KPADONOU,Judith,2001-09-02,F,0208,CODJIA Mariam,0171617088
ENR-002742,CC-002597,CARTE_CONSULAIRE,AG024,Aplahoué,2025-10-23,OSSENI,Flore,1984-04-09,F,1203,ASSOGBA Prudence,
ENR-002743,AN-002785,ACTE_NAISSANCE,AG023,Dassa-Zoumè,2025-10-23,SOULEY,Aïcha,1965-08-08,F,0703,YAROU Fatoumata,0136113748
ENR-002744,AN-003109,ACTE_NAISSANCE,AG026,Abomey-Calavi,2025-10-23,KOUKPAKI,Bernice,1956-01-12,F,0306,CODJIA Carine,0142675653
ENR-002745,PP-003222,PASSEPORT,AG017,Bohicon,2025-10-23,alladaye,Aïcha,1973-10-13,F,1006,ADANDE Chimène,0184702929
ENR-002746,AN-004509,ACTE_NAISSANCE,AG003,Porto-Novo,2025-10-23,VODOUNON,Rachid Comlan,2002-04-20,M,1102,TOSSOU Bernice,0186100013
ENR-002747,PP-000882,PASSEPORT,AG027,Porto-Novo,2025-10-24,ZINSOU,Brice Bienvenu,1992-08-21,M,0905,KPADONOU Prudence,0126124417
ENR-002748,AN-000958,ACTE_NAISSANCE,AG038,Abomey-Calavi,2025-10-24,NOUATIN,Brice Ghislain,1969-01-12,M,0906,KOUKPAKI Espérance,0146438984
ENR-002749,PP-001785,PASSEPORT,AG037,Cotonou,2025-10-24,NOUATIN,Chimène Estelle,1962-11-16,F,0104,ALLADAYE Flore,0137394452
ENR-002750,CC-002210,CARTE_CONSULAIRE,AG030,Natitingou,2025-10-24,CODJIA,Moussa,2013-05-28,M,1101,AGBODJAN Aïcha,01O2068226
ENR-002751,AN-002629,ACTE_NAISSANCE,AG003,Porto-Novo,2025-10-24,YAROU,Codjo,1987-11-30,M,0101,ADANDE Sylvie,0100673919
ENR-002752,CC-002832,CARTE_CONSULAIRE,AG006,Natitingou,2025-10-24,OSSENI,Justin,1958-11-04,M,0901,KIKI Nadège,0179202906
ENR-002753,AN-003117,ACTE_NAISSANCE,AG006,Natitingou,2025-10-24,DOSSOU,Espérance,1984-11-22,F,0503,KOUKPAKI Ayaba,0159321090
ENR-002754,PP-003383,PASSEPORT,AG021,Ouidah,2025-10-24,ALLADAYE,Gildas Codjo,2010-10-27,M,0801,TOGBE Sylvie,0166872965
ENR-002755,AN-003485,ACTE_NAISSANCE,AG030,Natitingou,2025-10-24,IDRISSOU,Fidèle,1968-06-26,M,0701,BIO Nadège,0168468761
ENR-002756,AN-004284,ACTE_NAISSANCE,AG004,Parakou,2025-10-24,YAROU,Aïcha Flore,1971-03-26,F,0403,AKPOVI Nadège,0119633408
ENR-002757,AN-000519,ACTE_NAISSANCE,AG012,Aplahoué,2025-10-25,assogba,Prudence Sylvie,2011-05-29,F,0605,ADANDE Sylvie,
ENR-002758,AN-000897,ACTE_NAISSANCE,AG016,Parakou,2025-10-25,TOGBE,Rodrigue Serge,2009-09-08,M,0404,GLELE Carine,
ENR-002759,AN-000995,ACTE_NAISSANCE,AG024,Aplahoué,2025-10-25,MENSAH,Sènami,1982-10-18,F,0703,AGBODJAN Salamatou,0126012981
ENR-002760,AN-001800,ACTE_NAISSANCE,AG001,Cotonou,2025-10-25,BONI,Aïcha,1958-05-05,F,1007,ALLADAYE Sèmèvo,0180118933
ENR-002761,AN-002067,ACTE_NAISSANCE,AG026,Abomey-Calavi,2025-10-25,IDRISSOU,Codjo,1972-09-24,M,0305,AMOUSSOU Flore,0158133937
ENR-002762,AN-002985,ACTE_NAISSANCE,AG034,Kandi,2025-10-25,AHOYO,Mahougnon,1992-01-16,M,1102,ADJOVI Nadège,0139115923
ENR-002763,AN-004490,ACTE_NAISSANCE,AG017,Bohicon,2025-10-25,OSSENI,Codjo,1971-06-12,M,1008,ZINSOU Gisèle,0107299972
ENR-002764,AN-000970,ACTE_NAISSANCE,AG017,Bohicon,2025-10-26,SOSSOU,Bernice,1978-12-20,F,0102,ADJOVI Ayaba,0115979034
ENR-002765,AN-001862,ACTE_NAISSANCE,AG038,Abomey-Calavi,2025-10-26,SOSSOU,Moussa,1976-12-03,M,0203,BONI Sylvie,
ENR-002766,AN-001915,ACTE_NAISSANCE,AG016,Parakou,2025-10-26,ZANNOU,Gildas Justin,1989-05-20,M,0602,SOSSOU Mariam,0134380227
ENR-002767,AN-002110,ACTE_NAISSANCE,AG031,Djougou,2025-10-26,CODJIA,Mariam Carine,1937-04-19,F,0308,AKPOVI Sènami,0186460253
ENR-002768,AN-002154,ACTE_NAISSANCE,AG012,Aplahoué,2025-10-26,ADANDE,Fidèle Codjo,1984-12-02,M,1103,HOUESSOU Rosine,0181205260
ENR-002769,AN-002351,ACTE_NAISSANCE,AG029,Bohicon,2025-10-26,NOUATIN,Yves,2005-08-08,M,1104,AGBODJAN Sylvie,0192006242
ENR-002770,AN-002847,ACTE_NAISSANCE,AG036,Aplahoué,2025-10-26,FASSINOU,Chimène,2010-10-01,F,0303,FASSINOU Flore,0134036411
ENR-002771,AN-002890,ACTE_NAISSANCE,AG018,Natitingou,2025-10-26,DOSSOU,Rachidatou,1962-04-05,F,1004,SOSSOU Espérance,0197107065
ENR-002772,PP-003095,PASSEPORT,AG027,Porto-Novo,2025-10-26,ADANDE,Ibrahim,1987-12-08,M,0305,ADANDE Mariam,0100261389
ENR-002773,AN-003102,ACTE_NAISSANCE,AG016,Parakou,2025-10-26,KPADONOU,Bernice,1945-07-16,F,1209,GLELE Sènami,01 34 79 48 01
ENR-002774,AN-003831,ACTE_NAISSANCE,AG032,Lokossa,2025-10-26,KIKI,Sylvie Mariam,1968-08-23,F,1006,DANSOU Aïcha,0105625936
ENR-002775,AN-004417,ACTE_NAISSANCE,AG005,Bohicon,2025-10-26,AMOUSSOU,Yves,2002-02-10,M,0502,MENSAH Nadège,0135894136
ENR-002776,PP-000751,PASSEPORT,AG015,Porto-Novo,2025-10-27,KIKI,Flore,1996-05-13,F,0702,AMOUSSOU Nadège,0197671772
ENR-002777,CC-001330,CARTE_CONSULAIRE,AG038,Abomey-Calavi,2025-10-27,YAROU,Sèmèvo,1982-01-02,F,1103,FASSINOU Carine,0197356244
ENR-002778,AN-002528,ACTE_NAISSANCE,AG031,Djougou,2025-10-27,CODJIA,Rachid,1993-11-28,M,0404,AHOUANSOU Rachidatou,0118749622
ENR-002779,AN-002754,ACTE_NAISSANCE,AG006,Natitingou,2025-10-27,HOUESSOU,Fidèle,1969-06-12,M,1007,AGOSSOU Estelle,+2290115382441
ENR-002780,PP-002775,PASSEPORT,AG021,Ouidah,2025-10-27,ASSOGBA,Ayaba Sènami,1992-05-28,F,1005,YAROU Bernice,0166212582
ENR-002781,PP-002913,PASSEPORT,AG035,Dassa-Zoumè,2025-10-27,SAGBO,Bernice,1971-11-08,F,0406,ZANNOU Rachidatou,0176712026
ENR-002782,AN-003338,ACTE_NAISSANCE,AG034,Kandi,2025-10-27,SAGBO,Rosine,1956-03-04,F,0906,KOUKPAKI Carine,0117433931
ENR-002783,CC-004502,CARTE_CONSULAIRE,AG017,Bohicon,2025-10-27,GLELE,Gildas,2023-06-30,M,0702,BIO Estelle,0147369747
ENR-002784,AN-004637,ACTE_NAISSANCE,AG010,Kandi,2025-10-27,BONI,Salamatou,1993-09-03,F,1202,AGBODJAN Bernice,0111099273
ENR-002785,PP-004830,PASSEPORT,AG022,Kandi,2025-10-27,quenum,Mahougnon,1983-05-17,M,0503,IDRISSOU Sèmèvo,0177445910
ENR-002786,PP-000938,PASSEPORT,AG022,Kandi,2025-10-28,IDRISSOU,Rachidatou,1995-03-06,F,0402,ALLADAYE Flore,0121580215
ENR-002787,PP-001070,PASSEPORT,AG007,Djougou,2025-10-28,HOUNSOU,Justin,1993-07-06,M,0602,AGOSSOU Rosine,
ENR-002788,AN-001670,ACTE_NAISSANCE,AG033,Ouidah,2025-10-28,SAGBO,Rosine Chimène,1973-10-03,F,0307,CHABI Rosine,0190005551
ENR-002789,CC-003662,CARTE_CONSULAIRE,AG003,Porto-Novo,2025-10-28,HOUNSOU,Nadège,2001-08-11,F,1105,KOUKPAKI Fatoumata,0174801446
ENR-002790,AN-004261,ACTE_NAISSANCE,AG033,Ouidah,2025-10-28,HOUNSOU,Rachid,1986-07-29,M,0505,HOUESSOU Salamatou,
ENR-002791,AN-004269,ACTE_NAISSANCE,AG031,Djougou,2025-10-28,AKPOVI,Estelle Aïcha,1964-12-11,F,0505,SOULEY Bernice,0123935072
ENR-002792,AN-004663,ACTE_NAISSANCE,AG003,Porto-Novo,2025-10-28,AHOUANSOU,Ibrahim,2012-09-19,M,0404,ALLADAYE Rosine,0130313227
ENR-002793,AN-000013,ACTE_NAISSANCE,AG007,Djougou,2025-10-29,LOKONON,Flore Nadège,1985-11-30,F,0302,AHOUANSOU Chimène,0121052185
ENR-002794,CC-000896,CARTE_CONSULAIRE,AG013,Cotonou,2025-10-29,AGBODJAN,Chimène,2019-10-05,F,0903,DOSSOU Sènami,0182598298
ENR-002795,CC-000949,CARTE_CONSULAIRE,AG015,Porto-Novo,2025-10-29,AHOUANSOU,Salamatou Sènami,1980-08-01,F,0703,LOKONON Flore,
ENR-002796,AN-001993,ACTE_NAISSANCE,AG015,Porto-Novo,2025-10-29,GLELE,Espérance,1977-06-25,F,0801,SOSSOU Rachidatou,
ENR-002797,AN-002293,ACTE_NAISSANCE,AG035,Dassa-Zoumè,2025-10-29,TOGBE,Rachidatou,2008-11-06,F,0701,AGBODJAN Nadège,
ENR-002798,AN-003064,ACTE_NAISSANCE,AG037,Cotonou,2025-10-29,ADJOVI,Fidèle Rodrigue,1968-06-18,M,0103,HOUNGBO Fatoumata,0157841655
ENR-002799,AN-003550,ACTE_NAISSANCE,AG028,Parakou,2025-10-29,AHOYO,Ayaba Sènami,1972-05-02,F,1205,KIKI Aïcha,
ENR-002800,AN-004388,ACTE_NAISSANCE,AG023,Dassa-Zoumè,2025-10-29,AGOSSOU,Flore,2001-07-12,F,1103,ADJOVI Rachidatou,0110243357
ENR-002801,AN-004651,ACTE_NAISSANCE,AG004,Parakou,2025-10-29,dossou,Koffi,1997-03-06,M,0104,AHOYO Flore,0198423634
ENR-002802,AN-000050,ACTE_NAISSANCE,AG008,Lokossa,2025-10-30,VODOUNON,Sèmèvo,1953-05-06,F,0101,OSSENI Flore,
ENR-002803,AN-000297,ACTE_NAISSANCE,AG002,Abomey-Calavi,2025-10-30,KPADONOU,Romaric,1990-08-25,M,1203,AGBODJAN Sèmèvo,0162096838
ENR-002804,AN-001156,ACTE_NAISSANCE,AG035,Dassa-Zoumè,2025-10-30,HOUNGBO,Justin,1965-08-21,M,0701,FASSINOU Nadège,
ENR-002805,AN-001782,ACTE_NAISSANCE,AG006,Natitingou,2025-10-30,HOUNGBO,Carine Bernice,2012-01-01,F,1203,KIKI Fatoumata,0116185949
ENR-002806,AN-002227,ACTE_NAISSANCE,AG027,Porto-Novo,2025-10-30,ADANDE,Rodrigue,1993-07-08,M,0904,OSSENI Espérance,0166649171
ENR-002807,CC-004749,CARTE_CONSULAIRE,AG037,Cotonou,2025-10-30,HOUNGBO,Mariam,1996-10-01,F,0603,HOUESSOU Prudence,0163311163
ENR-002808,PP-001096,PASSEPORT,AG021,Ouidah,2025-10-30,SOSSOU,Flore,1994-07-04,F,0205,HOUNKPATIN Sènami,0134265915
ENR-002809,PP-000366,PASSEPORT,AG014,Abomey-Calavi,2025-10-31,ZINSOU,Sylvie,1984-07-13,F,0209,TOGBE Flore,0164790335
ENR-002810,CC-000819,CARTE_CONSULAIRE,AG018,Natitingou,2025-10-31,TOSSOU,Espérance,1957-08-18,F,1203,KIKI Flore,0115932941
ENR-002811,AN-000919,ACTE_NAISSANCE,AG032,Lokossa,2025-10-31,ADANDE,Ulrich,2005-02-28,M,1006,DOSSOU Aicha,0171130354
ENR-002812,AN-001183,ACTE_NAISSANCE,AG028,Parakou,2025-10-31,zinsou,Justin,1980-04-12,M,1003,HOUESSOU Bernice,
ENR-002813,CC-001316,CARTE_CONSULAIRE,AG026,Abomey-Calavi,2025-10-31,KIKI,Koffi,2008-09-10,M,1104,AKPOVI Salamatou,0120501061
ENR-002814,CC-001514,CARTE_CONSULAIRE,AG005,Bohicon,2025-10-31,BONI,Judith,1969-10-19,F,0605,HOUNGBO Nadège,0100745291
ENR-002815,AN-003013,ACTE_NAISSANCE,AG020,Lokossa,2025-10-31,IDRISSOU,Gildas,1965-05-10,M,0503,SAGBO Sèmèvo,0130360967
ENR-002816,AN-003299,ACTE_NAISSANCE,AG002,Abomey-Calavi,2025-10-31,SOSSOU,  Sènami   Mariam ,1955-04-13,F,0602,YAROU Rosine,0177810483
ENR-002817,AN-003523,ACTE_NAISSANCE,AG040,Parakou,2025-10-31,DANSOU,Ibrahim,2017-01-19,M,0906,ASSOGBA Mariam,0181747378
ENR-002818,CC-003607,CARTE_CONSULAIRE,AG028,Parakou,2025-10-31,DOSSOU,Serge Rachid,1983-02-01,M,0102,KOUKPAKI Sènami,
ENR-002819,PP-003814,PASSEPORT,AG003,Porto-Novo,2025-10-31,nouatin,Gildas,1960-03-15,M,0605,SOULEY Rachidatou,
ENR-002820,AN-004742,ACTE_NAISSANCE,AG004,Parakou,2025-10-31,TCHIBOZO,Aïcha,1975-08-29,F,0306,IDRISSOU Mariam,0185549405
ENR-002821,AN-000169,ACTE_NAISSANCE,AG018,Natitingou,2025-11-01,AHOUANSOU,Fabrice,1975-02-25,M,0701,MENSAH Fatoumata,0110340751
ENR-002822,AN-000576,ACTE_NAISSANCE,AG021,Ouidah,2025-11-01,CHABI,Sylvie,1999-05-29,F,0901,YAROU Judith,0156353998
ENR-002823,AN-000768,ACTE_NAISSANCE,AG036,Aplahoué,2025-11-01,ASSOGBA,Rachidatou,1982-04-10,F,0405,NOUATIN Mariam,0171500499
ENR-002824,PP-002955,PASSEPORT,AG036,Aplahoué,2025-11-01,KPADONOU,Romaric,2016-07-03,M,0602,OSSENI Gisèle,0129113548
ENR-002825,AN-003205,ACTE_NAISSANCE,AG036,Aplahoué,2025-11-01,ADANDE,Fidèle Koffi,1945-03-03,M,0207,ADANDE Estelle,0104601939
ENR-002826,AN-003371,ACTE_NAISSANCE,AG037,Cotonou,2025-11-01,SOULEY,Codjo Brice,1972-06-12,M,0205,IDRISSOU Bernice,0171414024
ENR-002827,AN-003797,ACTE_NAISSANCE,AG028,Parakou,2025-11-01,SOSSOU,Fidèle,2002-10-16,M,0405,HOUNKPATIN Flore,0161778230
ENR-002828,AN-004933,ACTE_NAISSANCE,AG006,Natitingou,2025-11-01,QUENUM,Rachid Fidèle,2008-11-08,M,0103,HOUESSOU Ayaba,0113639066
ENR-002829,AN-000273,ACTE_NAISSANCE,AG018,Natitingou,2025-11-02,gbaguidi,Fabrice,1965-06-22,M,0405,FASSINOU Aïcha,
ENR-002830,AN-001723,ACTE_NAISSANCE,AG017,Bohicon,2025-11-02,KPADONOU,Flore,1992-01-08,F,0303,ALLADAYE Carine,0101932589
ENR-002831,AN-001749,ACTE_NAISSANCE,AG035,Dassa-Zoumè,2025-11-02,VODOUNON,Serge,1970-10-28,M,0101,SOULEY Estelle,0110759689
ENR-002832,AN-002215,ACTE_NAISSANCE,AG016,Parakou,2025-11-02,DANSOU,Arnaud Yves,1993-09-23,M,1105,ZANNOU Salamatou,0179871390
ENR-002833,AN-002485,ACTE_NAISSANCE,AG001,Cotonou,2025-11-02,TCHIBOZO,Brice Ulrich,1947-09-08,M,0308,ZINSOU Carine,0157726132
ENR-002834,CC-002556,CARTE_CONSULAIRE,AG019,Djougou,2025-11-02,NOUATIN,Ayaba Espérance,2020-09-09,F,1007,DANSOU Rosine,0124318867
ENR-002835,PP-002600,PASSEPORT,AG032,Lokossa,2025-11-02,BIO,Gisèle,2003-03-15,F,0606,ADJOVI Nadège,+2290190648366
ENR-002836,AN-002903,ACTE_NAISSANCE,AG036,Aplahoué,2025-11-02,BIO,Yves,1973-08-31,M,0406,MENSAH Fatoumata,0155981989
ENR-002837,AN-004813,ACTE_NAISSANCE,AG039,Porto-Novo,2025-11-02,TCHIBOZO,Salamatou,1980-12-08,F,0202,MENSAH Nadège,0168307209
ENR-002838,PP-004981,PASSEPORT,AG002,Abomey-Calavi,2025-11-02,LOKONON,Rosine,1998-06-25,F,0601,HOUESSOU Flore,0152561762
ENR-002839,PP-000034,PASSEPORT,AG009,Ouidah,2025-11-03,KPADONOU,Codjo Fidèle,1954-08-22,M,0504,KIKI Rachidatou,0120226978
ENR-002840,AN-000217,ACTE_NAISSANCE,AG001,Cotonou,2025-11-03,DOSSOU,Judith Aïcha,1991-05-06,F,0601,AKPOVI Judith,0137785973
ENR-002841,AN-001989,ACTE_NAISSANCE,AG035,Dassa-Zoumè,2025-11-03,FASSINOU,Chimène,2004-06-11,F,1007,HOUESSOU Mariam,0136090419
ENR-002842,PP-002222,PASSEPORT,AG001,Cotonou,2025-11-03,KIKI,Yves Ghislain,1980-06-22,M,1008,OSSENI Rosine,0139151045
ENR-002843,AN-002282,ACTE_NAISSANCE,AG012,Aplahoué,2025-11-03,KIKI,Judith,2005-07-09,F,1006,DANSOU Prudence,0146127668
ENR-002844,AN-002361,ACTE_NAISSANCE,AG030,Natitingou,2025-11-03,AHOUANSOU,Flore Carine,2008-08-20,F,1001,HOUNKPATIN Sèmèvo,0108344202
ENR-002845,CC-002440,CARTE_CONSULAIRE,AG020,Lokossa,2025-11-03,CODJIA,Codjo,1974-06-28,M,1203,LOKONON Chimène,0130596100
ENR-002846,CC-003461,CARTE_CONSULAIRE,AG019,Djougou,2025-11-03,KPADONOU,Mariam,1993-07-14,F,1005,BONI Rachidatou,0178158513
ENR-002847,AN-003534,ACTE_NAISSANCE,AG037,Cotonou,2025-11-03,SAGBO,Justin Fabrice,1998-07-18,M,1003,CHABI Nadège,0174492789
ENR-002848,PP-004196,PASSEPORT,AG039,Porto-Novo,2025-11-03,CHABI,Justin Moussa,1992-09-30,M,0701,KIKI Flore,0196638452
ENR-002849,CC-000685,CARTE_CONSULAIRE,AG029,Bohicon,2025-11-03,HOUNKPATIN,Fatoumata,1984-03-26,F,1007,TOSSOU Espérance,
ENR-002850,CC-000610,CARTE_CONSULAIRE,AG024,Aplahoué,2025-11-04,IDRISSOU,Prudence,1979-11-19,F,0606,AGBODJAN Salamatou,0143143742
ENR-002851,AN-001585,ACTE_NAISSANCE,AG040,Parakou,2025-11-04,NOUATIN,Salamatou Aïcha,2004-02-11,F,0602,KIKI Ayaba,0125286582
ENR-002852,AN-001977,ACTE_NAISSANCE,AG020,Lokossa,2025-11-04,CHABI,Espérance,1960-02-13,F,0407,HOUESSOU Espérance,0178310514
ENR-002853,PP-003279,PASSEPORT,AG023,Dassa-Zoumè,2025-11-04,TOGBE,Comlan,2000-08-01,M,0506,CODJIA Aïcha,0173402143
ENR-002854,AN-003303,ACTE_NAISSANCE,AG007,Djougou,2025-11-04,DANSOU,Brice Gildas,2001-10-28,M,0601,QUENUM Estelle,+229 0115072541
ENR-002855,AN-003326,ACTE_NAISSANCE,AG038,Abomey-Calavi,2025-11-04,AHOYO,Fidèle,2002-07-02,M,0902,SAGBO Bernice,0168880904
ENR-002856,AN-003573,ACTE_NAISSANCE,AG006,Natitingou,2025-11-04,AHOUANSOU,Romaric Justin,2003-02-05,M,0801,AGBODJAN Bernice,0129616290
ENR-002857,AN-003678,ACTE_NAISSANCE,AG001,Cotonou,2025-11-04,BONI,Rodrigue,2003-02-21,M,0801,LOKONON Espérance,
ENR-002858,AN-004112,ACTE_NAISSANCE,AG032,Lokossa,2025-11-04,OSSENI,Sèmèvo,2006-01-28,F,0305,DOSSOU Sylvie,
ENR-002859,AN-000024,ACTE_NAISSANCE,AG034,Kandi,2025-11-05,CODJIA,Fidèle,1981-05-22,M,1101,SOSSOU Gisèle,0157951117
ENR-002860,PP-000394,PASSEPORT,AG008,Lokossa,2025-11-05,HOUNSOU,Espérance,1966-03-03,F,1004,YAROU Rosine,0133844194
ENR-002861,CC-001395,CARTE_CONSULAIRE,AG015,Porto-Novo,2025-11-05,HOUNGBO,Carine,1965-11-21,F,1208,GBAGUIDI Prudence,0189411160
ENR-002862,AN-001990,ACTE_NAISSANCE,AG011,Dassa-Zoumè,2025-11-05,SOULEY,Codjo,1987-06-14,M,0704,DANSOU Judith,0181874521
ENR-002863,PP-002967,PASSEPORT,AG019,Djougou,2025-11-05,BIO,Mahougnon,1997-04-22,M,0205,NOUATIN Nadège,0135153199
ENR-002864,AN-002968,ACTE_NAISSANCE,AG027,Porto-Novo,2025-11-05,HOUNKPATIN,Rachidatou Gisèle,1942-06-06,F,0904,LOKONON Mariam,0111810795
ENR-002865,AN-003579,ACTE_NAISSANCE,AG033,Ouidah,2025-11-05,AKPOVI,Carine Estelle,2012-12-26,F,0905,TCHIBOZO Bernice,0105606751
ENR-002866,CC-003980,CARTE_CONSULAIRE,AG039,Porto-Novo,2025-11-05,SOSSOU,Mariam,2014-11-29,F,0209,GLELE Sylvie,0192412576
ENR-002867,AN-004028,ACTE_NAISSANCE,AG014,Abomey-Calavi,2025-11-05,BONI,Carine,1985-03-13,F,1002,QUENUM Gisèle,0198893433
ENR-002868,AN-004244,ACTE_NAISSANCE,AG030,Natitingou,2025-11-05,LOKONON,Ghislain,1952-04-25,M,0603,AGOSSOU Fatoumata,0146262734
ENR-002869,AN-000453,ACTE_NAISSANCE,AG023,Dassa-Zoumè,2025-11-06,DOSSOU,Brice,2005-05-11,M,1002,KPADONOU Sèmèvo,0119310046
ENR-002870,AN-000594,ACTE_NAISSANCE,AG031,Djougou,2025-11-06,HOUNSOU,Justin Serge,2004-07-20,M,0501,SAGBO Sèmèvo,
ENR-002871,CC-000631,CARTE_CONSULAIRE,AG006,Natitingou,2025-11-06,ZANNOU,Ulrich Ibrahim,1956-12-05,M,0206,CHABI Flore,
ENR-002872,AN-000696,ACTE_NAISSANCE,AG035,Dassa-Zoumè,2025-11-06,SAGBO,Romaric,1993-11-24,M,0304,HOUNGBO Flore,+2290112779839
ENR-002873,CC-003393,CARTE_CONSULAIRE,AG005,Bohicon,2025-11-06,ADANDE,Gisèle,1968-12-12,F,1201,ALLADAYE Sènami,0119873054
ENR-002874,AN-003556,ACTE_NAISSANCE,AG037,Cotonou,2025-11-06,KIKI,Nadège,2017-03-07,F,0403,BONI Mariam,0186431286
ENR-002875,CC-004350,CARTE_CONSULAIRE,AG021,Ouidah,2025-11-06,TOSSOU,Fabrice Mahougnon,1996-01-18,M,0604,SOSSOU Flore,0181868355
ENR-002876,AN-004911,ACTE_NAISSANCE,AG005,Bohicon,2025-11-06,TOGBE,Gisèle Fatoumata,1998-05-25,F,0703,AGBODJAN Gisèle,0106917016
ENR-002877,AN-001028,ACTE_NAISSANCE,AG007,Djougou,2025-11-07,TOGBE,Fidèle,2014-09-21,M,0308,KIKI Aïcha,0156074193
ENR-002878,CC-002691,CARTE_CONSULAIRE,AG003,Porto-Novo,2025-11-07,HOUESSOU,Sènami,2012-07-13,F,0701,AGOSSOU Bernice,0147454781
ENR-002879,AN-003233,ACTE_NAISSANCE,AG026,Abomey-Calavi,2025-11-07,ZANNOU,Fatoumata,1998-07-02,F,0106,IDRISSOU Prudence,01 62 99 24 46
ENR-002880,AN-003353,ACTE_NAISSANCE,AG038,Abomey-Calavi,2025-11-07,CHABI,Gildas,1941-11-15,M,0405,QUENUM Rachidatou,0108379857
ENR-002881,AN-003489,ACTE_NAISSANCE,AG037,Cotonou,2025-11-07,VODOUNON,Estelle Nadège,2011-10-21,F,0503,DANSOU Rosine,+229 0173201079
ENR-002882,CC-003843,CARTE_CONSULAIRE,AG005,Bohicon,2025-11-07,YAROU,Sènami,1962-09-28,F,0106,AHOYO Rachidatou,0100362374
ENR-002883,AN-004031,ACTE_NAISSANCE,AG037,Cotonou,2025-11-07,KOUKPAKI,Salamatou,1980-06-08,F,0407,DOSSOU Judith,0164666156
ENR-002884,AN-004621,ACTE_NAISSANCE,AG034,Kandi,2025-11-07,CODJIA,Sènami,1947-03-30,F,0905,GLELE Chimène,0196480083
ENR-002885,AN-001651,ACTE_NAISSANCE,AG019,Djougou,2025-11-08,IDRISSOU,Comlan Serge,1956-12-15,M,0905,CODJIA Bernice,0105091537
ENR-002886,AN-001717,ACTE_NAISSANCE,AG022,Kandi,2025-11-08,SAGBO,Fatoumata,1995-06-26,F,0207,DOSSOU Aïcha,0154718610
ENR-002887,AN-001742,ACTE_NAISSANCE,AG009,Ouidah,2025-11-08,AHOYO,Rosine Bernice,1995-06-25,F,0303,DANSOU Espérance,0106832732
ENR-002888,PP-002069,PASSEPORT,AG007,Djougou,2025-11-08,YAROU,Bienvenu,1990-07-27,M,1004,CHABI Aïcha,012246501477
ENR-002889,PP-002225,PASSEPORT,AG031,Djougou,2025-11-08,SOSSOU,Koffi,2001-10-29,M,0106,AMOUSSOU Chimène,0129041670
ENR-002890,PP-002332,PASSEPORT,AG002,Abomey-Calavi,2025-11-08,AKPOVI,Espérance,1993-09-14,F,0106,BIO Ayaba,0197826243
ENR-002891,AN-002371,ACTE_NAISSANCE,AG005,Bohicon,2025-11-08,YAROU,Rosine Fatoumata,2004-03-24,F,1006,SOULEY Gisèle,0125481965
ENR-002892,AN-003238,ACTE_NAISSANCE,AG026,Abomey-Calavi,2025-11-08,YAROU,Ulrich,1996-08-21,M,0501,TOSSOU Rachidatou,0133298731
ENR-002893,AN-003255,ACTE_NAISSANCE,AG029,Bohicon,2025-11-08,HOUNGBO,Espérance Ayaba,2002-01-21,F,0403,KOUKPAKI Gisèle,0111150883
ENR-002894,AN-003728,ACTE_NAISSANCE,AG017,Bohicon,2025-11-08,VODOUNON,Ayaba Salamatou,2002-07-15,F,1206,NOUATIN Estelle,0130008015
ENR-002895,AN-003964,ACTE_NAISSANCE,AG018,Natitingou,2025-11-08,AKPOVI,Nadège,1962-12-06,F,0406,AMOUSSOU Mariam,0179570078
ENR-002896,AN-004092,ACTE_NAISSANCE,AG032,Lokossa,2025-11-08,KIKI,Mahougnon Ulrich,1984-09-09,M,0405,QUENUM Rachidatou,
ENR-002897,AN-004707,ACTE_NAISSANCE,AG032,Lokossa,2025-11-08,AMOUSSOU,Brice Justin,1976-05-19,M,1207,BIO Salamatou,0150503904
ENR-002898,AN-004942,ACTE_NAISSANCE,AG002,Abomey-Calavi,2025-11-08,SAGBO,Codjo Mahougnon,1987-02-01,M,0208,TCHIBOZO Sèmèvo,0127309111
ENR-002899,AN-000098,ACTE_NAISSANCE,AG021,Ouidah,2025-11-09,AMOUSSOU,Mariam,1969-11-01,F,1005,ZANNOU Sènami,0132660756
ENR-002900,AN-000315,ACTE_NAISSANCE,AG024,Aplahoué,2025-11-09,KIKI,Salamatou Nadège,1984-03-06,F,1004,AKPOVI Fatoumata,
ENR-002901,PP-000583,PASSEPORT,AG034,Kandi,2025-11-09,ALLADAYE,Koffi,2014-05-03,M,0402,HOUNKPATIN Nadège,0103834899
ENR-002902,AN-000607,ACTE_NAISSANCE,AG036,Aplahoué,2025-11-09,HOUNKPATIN,Brice Codjo,2003-04-03,M,1102,SAGBO Chimène,0185352911
ENR-002903,CC-001672,CARTE_CONSULAIRE,AG023,Dassa-Zoumè,2025-11-09,SOULEY,Sèmèvo Sylvie,1997-09-16,F,1103,HOUNGBO Chimène,0121343234
ENR-002904,AN-003985,ACTE_NAISSANCE,AG029,Bohicon,2025-11-09,DOSSOU,Senami Estelle,2000-08-12,F,1207,GLELE Ayaba,0188160423
ENR-002905,AN-004598,ACTE_NAISSANCE,AG037,Cotonou,2025-11-09,TOGBE,Serge,2007-02-22,M,0105,TCHIBOZO Fatoumata,0116834517
ENR-002906,AN-000870,ACTE_NAISSANCE,AG028,Parakou,2025-11-10,FASSINOU,Brice Moussa,1951-08-11,M,1105,FASSINOU Salamatou,
ENR-002907,CC-001427,CARTE_CONSULAIRE,AG037,Cotonou,2025-11-10,SAGBO,Rachidatou Sèmèvo,1965-08-20,F,0102,TOGBE Espérance,0154700275
ENR-002908,PP-002142,PASSEPORT,AG037,Cotonou,2025-11-10,MENSAH,Fidèle,1994-02-24,M,1208,CODJIA Mariam,0151710002
ENR-002909,AN-002356,ACTE_NAISSANCE,AG040,Parakou,2025-11-10,SAGBO,Judith,1997-12-27,F,0701,MENSAH Nadège,0166964153
ENR-002910,AN-004111,ACTE_NAISSANCE,AG030,Natitingou,2025-11-10,CODJIA,Nadège,2024-09-03,F,0701,QUENUM Prudence,0171026487
ENR-002911,AN-004260,ACTE_NAISSANCE,AG021,Ouidah,2025-11-10,ZINSOU,Espérance Salamatou,1999-11-13,F,0303,AGOSSOU Bernice,0181556601
ENR-002912,AN-000314,ACTE_NAISSANCE,AG004,Parakou,2025-11-11,OSSENI,Sèmèvo,1947-11-13,F,0205,HOUESSOU Sènami,0105534853
ENR-002913,AN-001069,ACTE_NAISSANCE,AG035,Dassa-Zoumè,2025-11-11,FASSINOU,Mahougnon,1994-10-11,M,0306,KIKI Rosine,0142102662
ENR-002914,AN-001204,ACTE_NAISSANCE,AG040,Parakou,2025-11-11,DOSSOU,Codjo Rachid,1987-02-03,M,0401,SAGBO Fatoumata,0140095795
ENR-002915,PP-001455,PASSEPORT,AG033,Ouidah,2025-11-11,AKPOVI,Sèmèvo,1973-10-01,F,0302,DANSOU Chimène,0117709099
ENR-002916,AN-001541,ACTE_NAISSANCE,AG034,Kandi,2025-11-11,ZANNOU,Flore,1954-11-27,F,1006,KPADONOU Espérance,0114346594
ENR-002917,AN-002188,ACTE_NAISSANCE,AG014,Abomey-Calavi,2025-11-11,CHABI,Yves Arnaud,1962-10-31,M,0304,AHOYO Sèmèvo,0109093983
ENR-002918,CC-002324,CARTE_CONSULAIRE,AG019,Djougou,2025-11-11,ZANNOU,Ayaba,1980-02-05,F,0402,SOULEY Rosine,+2290183129567
ENR-002919,AN-002685,ACTE_NAISSANCE,AG012,Aplahoué,2025-11-11,HOUNSOU,Fatoumata,1965-07-10,F,1003,CODJIA Nadège,
ENR-002920,PP-003569,PASSEPORT,AG026,Abomey-Calavi,2025-11-11,BIO,  Brice ,2007-03-13,M,0406,SAGBO Sèmèvo,0196529968
ENR-002921,PP-003925,PASSEPORT,AG005,Bohicon,2025-11-11,KPADONOU,Ibrahim,1987-01-19,M,1104,VODOUNON Nadège,
ENR-002922,AN-004314,ACTE_NAISSANCE,AG028,Parakou,2025-11-11,AGOSSOU,Gisèle,1977-03-22,F,1105,AHOUANSOU Nadège,0135118888
ENR-002923,AN-004492,ACTE_NAISSANCE,AG001,Cotonou,2025-11-11,QUENUM,Rachid,1976-07-20,M,0604,FASSINOU Rosine,0174261026
ENR-002924,PP-000160,PASSEPORT,AG032,Lokossa,2025-11-12,VODOUNON,Flore,1955-10-29,F,0208,NOUATIN Sènami,
ENR-002925,CC-001720,CARTE_CONSULAIRE,AG040,Parakou,2025-11-12,FASSINOU,Justin,1949-03-02,M,1003,HOUNGBO Nadège,0135194956
ENR-002926,AN-002705,ACTE_NAISSANCE,AG016,Parakou,2025-11-12,BONI,Fidèle,2000-05-28,M,1009,HOUESSOU Estelle,0149788308
ENR-002927,AN-002869,ACTE_NAISSANCE,AG012,Aplahoué,2025-11-12,KPADONOU,Gildas,1974-01-14,M,0603,KOUKPAKI Judith,0148300700
ENR-002928,AN-003194,ACTE_NAISSANCE,AG030,Natitingou,2025-11-12,AGBODJAN,Sènami,1988-08-14,F,0503,HOUNKPATIN Gisèle,0186900870
ENR-002929,CC-003242,CARTE_CONSULAIRE,AG008,Lokossa,2025-11-12,BIO,Fatoumata Rachidatou,1993-01-30,F,0502,ASSOGBA Estelle,0169676889
ENR-002930,AN-000884,ACTE_NAISSANCE,AG019,Djougou,2025-11-13,ASSOGBA,Espérance,1994-09-19,F,0104,YAROU Prudence,0152285282
ENR-002931,AN-001122,ACTE_NAISSANCE,AG002,Abomey-Calavi,2025-11-13,AKPOVI,Espérance,1975-07-21,F,1008,AKPOVI Sylvie,0199127146
ENR-002932,AN-001241,ACTE_NAISSANCE,AG034,Kandi,2025-11-13,MENSAH,Prudence Nadège,1988-09-26,F,0105,TCHIBOZO Ayaba,0158447589
ENR-002933,AN-003597,ACTE_NAISSANCE,AG012,Aplahoué,2025-11-13,HOUNGBO,Codjo,1968-09-02,M,0209,ZINSOU Judith,0185537094
ENR-002934,AN-003909,ACTE_NAISSANCE,AG029,Bohicon,2025-11-13,TOSSOU,Arnaud,1995-10-29,M,0304,NOUATIN Sèmèvo,
ENR-002935,CC-003933,CARTE_CONSULAIRE,AG019,Djougou,2025-11-13,AHOUANSOU,Arnaud,1948-03-30,M,1104,NOUATIN Carine,0127192706
ENR-002936,AN-004454,ACTE_NAISSANCE,AG019,Djougou,2025-11-13,ADJOVI,Espérance,1996-03-31,F,0702,AMOUSSOU Prudence,
ENR-002937,AN-004535,ACTE_NAISSANCE,AG040,Parakou,2025-11-13,AMOUSSOU,Fidèle Ulrich,2014-11-08,M,0505,LOKONON Rachidatou,0114192410
ENR-002938,CC-004940,CARTE_CONSULAIRE,AG014,Abomey-Calavi,2025-11-13,FASSINOU,Serge,2000-05-04,M,0905,FASSINOU Ayaba,0168861784
ENR-002939,AN-000216,ACTE_NAISSANCE,AG013,Cotonou,2025-11-14,CODJIA,Sylvie,2005-02-18,F,0407,AMOUSSOU Gisèle,0120229200
ENR-002940,AN-001307,ACTE_NAISSANCE,AG014,Abomey-Calavi,2025-11-14,TCHIBOZO,Serge,1997-02-15,M,1105,ADANDE Fatoumata,0186885641
ENR-002941,AN-001937,ACTE_NAISSANCE,AG035,Dassa-Zoumè,2025-11-14,DOSSOU,Yves,1959-11-02,M,1101,KPADONOU Espérance,0197548311
ENR-002942,AN-002234,ACTE_NAISSANCE,AG027,Porto-Novo,2025-11-14,VODOUNON,Sylvie,1959-01-25,F,0206,AKPOVI Judith,0155137347
ENR-002943,CC-003151,CARTE_CONSULAIRE,AG025,Cotonou,2025-11-14,TOGBE,Romaric,2013-03-02,M,0902,AGOSSOU Carine,0105097717
ENR-002944,AN-004924,ACTE_NAISSANCE,AG034,Kandi,2025-11-14,SAGBO,Justin,1982-05-17,M,0307,IDRISSOU Carine,0187314907
ENR-002945,CC-000205,CARTE_CONSULAIRE,AG020,Lokossa,2025-11-15,CODJIA,Sèmèvo Fatoumata,1966-11-01,F,0904,HOUNGBO Rosine,0177941655
ENR-002946,AN-000680,ACTE_NAISSANCE,AG032,Lokossa,2025-11-15,ZANNOU,Ayaba Flore,1963-02-13,F,0402,SAGBO Judith,0179516689
ENR-002947,PP-001497,PASSEPORT,AG005,Bohicon,2025-11-15,KPADONOU,Flore,2011-03-30,F,1009,ADANDE Rosine,0104570556
ENR-002948,PP-002211,PASSEPORT,AG029,Bohicon,2025-11-15,TOGBE,Arnaud,1989-09-16,M,1004,VODOUNON Sylvie,0166512502
ENR-002949,AN-002448,ACTE_NAISSANCE,AG033,Ouidah,2025-11-15,AGBODJAN,Ibrahim,1981-09-29,M,1007,VODOUNON Prudence,0187050113
ENR-002950,PP-003360,PASSEPORT,AG002,Abomey-Calavi,2025-11-15,VODOUNON,Codjo,1988-02-06,M,0308,AKPOVI Fatoumata,
ENR-002951,AN-003613,ACTE_NAISSANCE,AG012,Aplahoué,2025-11-15,OSSENI,Comlan,1952-08-12,M,0504,HOUNSOU Espérance,0105762325
ENR-002952,CC-004195,CARTE_CONSULAIRE,AG033,Ouidah,2025-11-15,ASSOGBA,Fidèle Mahougnon,1962-08-29,M,0304,DOSSOU Aïcha,
ENR-002953,AN-000527,ACTE_NAISSANCE,AG006,Natitingou,2025-11-16,TOSSOU,Gisèle,2010-05-20,F,0407,AMOUSSOU Espérance,
ENR-002954,CC-000747,CARTE_CONSULAIRE,AG027,Porto-Novo,2025-11-16,KIKI,Fabrice,1958-06-23,M,0302,AGOSSOU Estelle,0104256485
ENR-002955,AN-001848,ACTE_NAISSANCE,AG023,Dassa-Zoumè,2025-11-16,TOGBE,Nadège,1959-09-01,F,1209,AHOYO Espérance,0191302033
ENR-002956,AN-002328,ACTE_NAISSANCE,AG029,Bohicon,2025-11-16,TOGBE,Bienvenu,1988-04-15,M,0601,AHOYO Mariam,0187800792
ENR-002957,AN-003020,ACTE_NAISSANCE,AG005,Bohicon,2025-11-16,AKPOVI,Nadège,2002-07-30,F,1209,TOGBE Rachidatou,0146979964
ENR-002958,AN-004532,ACTE_NAISSANCE,AG010,Kandi,2025-11-16,IDRISSOU,Ayaba,2020-11-25,F,0605,QUENUM Ayaba,0151763185
ENR-002959,CC-000240,CARTE_CONSULAIRE,AG003,Porto-Novo,2025-11-17,AKPOVI,Rachid,2003-07-14,M,1008,CODJIA Carine,0122641035
ENR-002960,AN-000930,ACTE_NAISSANCE,AG018,Natitingou,2025-11-17,SAGBO,Gisèle,2023-09-12,F,0103,ASSOGBA Prudence,0172324954
ENR-002961,AN-001786,ACTE_NAISSANCE,AG026,Abomey-Calavi,2025-11-17,KOUKPAKI,Bienvenu,2015-11-06,M,1102,ASSOGBA Mariam,0126513756
ENR-002962,AN-003513,ACTE_NAISSANCE,AG004,Parakou,2025-11-17,ADANDE,Justin,1994-06-22,M,0903,NOUATIN Rachidatou,0166316826
ENR-002963,PP-003594,PASSEPORT,AG010,Kandi,2025-11-17,ALLADAYE,Nadège Rachidatou,2018-08-10,F,0606,HOUNSOU Fatoumata,0147211348
ENR-002964,AN-003953,ACTE_NAISSANCE,AG005,Bohicon,2025-11-17,DOSSOU,Aïcha,1961-05-08,F,0208,SOSSOU Nadège,0139920649
ENR-002965,AN-004506,ACTE_NAISSANCE,AG037,Cotonou,2025-11-17,GLELE,Sylvie,1999-01-31,F,0602,BIO Aïcha,0191255169
ENR-002966,AN-004551,ACTE_NAISSANCE,AG030,Natitingou,2025-11-17,TOSSOU,Rodrigue Rachid,2006-11-01,M,0906,KOUKPAKI Sylvie,0110202062
ENR-002967,AN-000234,ACTE_NAISSANCE,AG002,Abomey-Calavi,2025-11-18,OSSENI,Brice,1998-08-22,M,0306,HOUNKPATIN Nadège,0132570874
ENR-002968,AN-001368,ACTE_NAISSANCE,AG001,Cotonou,2025-11-18,BONI,Comlan,1965-12-05,M,1006,FASSINOU Prudence,0189841198
ENR-002969,CC-001496,CARTE_CONSULAIRE,AG029,Bohicon,2025-11-18,TCHIBOZO,Yves Codjo,2005-03-11,M,0102,KOUKPAKI Rosine,0166631370
ENR-002970,AN-001571,ACTE_NAISSANCE,AG008,Lokossa,2025-11-18,TOGBE,Justin Fidèle,2015-09-16,M,0104,KPADONOU Sènami,0146662960
ENR-002971,AN-001791,ACTE_NAISSANCE,AG018,Natitingou,2025-11-18,ADJOVI,Rodrigue,1994-02-21,M,1009,NOUATIN Rachidatou,0120878757
ENR-002972,CC-001797,CARTE_CONSULAIRE,AG012,Aplahoué,2025-11-18,KIKI,Ulrich Brice,1942-07-30,M,0403,OSSENI Salamatou,0147289998
ENR-002973,CC-001908,CARTE_CONSULAIRE,AG033,Ouidah,2025-11-18,FASSINOU,Fabrice Yves,2001-06-11,M,0301,AHOYO Bernice,0141130798
ENR-002974,CC-002921,CARTE_CONSULAIRE,AG040,Parakou,2025-11-18,HOUESSOU,Rodrigue,2005-02-06,M,0905,FASSINOU Aïcha,0190254301
ENR-002975,AN-003005,ACTE_NAISSANCE,AG012,Aplahoué,2025-11-18,AHOYO,Romaric,1979-01-10,M,0502,SOULEY Estelle,0107608909
ENR-002976,AN-003588,ACTE_NAISSANCE,AG022,Kandi,2025-11-18,chabi,Ayaba Flore,2014-03-18,F,1101,GBAGUIDI Gisèle,0149618123
ENR-002977,AN-003827,ACTE_NAISSANCE,AG017,Bohicon,2025-11-18,TOSSOU,Prudence,2003-03-28,F,0106,QUENUM Sylvie,0144873656
ENR-002978,AN-000178,ACTE_NAISSANCE,AG020,Lokossa,2025-11-19,HOUNGBO,Flore,1972-04-13,F,0404,YAROU Rosine,0136863678
ENR-002979,PP-000190,PASSEPORT,AG001,Cotonou,2025-11-19,KIKI,Comlan,1998-11-16,M,0206,TOGBE Aïcha,0192923911
ENR-002980,AN-000693,ACTE_NAISSANCE,AG021,Ouidah,2025-11-19,AGBODJAN,Ghislain Codjo,1986-09-10,M,1102,ALLADAYE Carine,+2290114971075
ENR-002981,PP-001045,PASSEPORT,AG003,Porto-Novo,2025-11-19,HOUNSOU,Rodrigue,2015-06-01,M,1006,GLELE Gisèle,0166253529
ENR-002982,AN-001677,ACTE_NAISSANCE,AG011,Dassa-Zoumè,2025-11-19,SAGBO,Comlan Fidèle,1947-09-26,M,1209,BIO Salamatou,0132158411
ENR-002983,AN-001735,ACTE_NAISSANCE,AG020,Lokossa,2025-11-19,OSSENI,  Salamatou ,2005-12-27,F,1006,AGBODJAN Prudence,0144607548
ENR-002984,PP-002452,PASSEPORT,AG015,Porto-Novo,2025-11-19,VODOUNON,Yves,1957-05-04,M,1105,KOUKPAKI Prudence,
ENR-002985,PP-002646,PASSEPORT,AG037,Cotonou,2025-11-19,HOUNKPATIN,Fatoumata,1973-01-19,F,0301,NOUATIN Prudence,
ENR-002986,PP-002729,PASSEPORT,AG006,Natitingou,2025-11-19,ZANNOU,Serge,1992-10-06,M,0602,DOSSOU Mariam,0191213941
ENR-002987,PP-004282,PASSEPORT,AG023,Dassa-Zoumè,2025-11-19,FASSINOU,Arnaud,1970-07-13,M,0204,ADANDE Rachidatou,0153828001
ENR-002988,CC-004584,CARTE_CONSULAIRE,AG021,Ouidah,2025-11-19,GLELE,Mahougnon,1990-09-15,M,0601,ADANDE Rachidatou,0183567777
ENR-002989,AN-004820,ACTE_NAISSANCE,AG021,Ouidah,2025-11-19,HOUNKPATIN,Sènami Estelle,1960-05-25,F,0501,OSSENI Espérance,0116226715
ENR-002990,CC-000446,CARTE_CONSULAIRE,AG030,Natitingou,2025-11-20,ZANNOU,Nadège Rosine,1968-01-05,F,0301,AMOUSSOU Mariam,0184359444
ENR-002991,AN-000777,ACTE_NAISSANCE,AG027,Porto-Novo,2025-11-20,KIKI,Bernice Aïcha,1994-06-09,F,0904,IDRISSOU Mariam,0123997045
ENR-002992,CC-001951,CARTE_CONSULAIRE,AG018,Natitingou,2025-11-20,ZANNOU,Bernice Fatoumata,2012-03-25,F,0901,IDRISSOU Sylvie,0159269972
ENR-002993,CC-002502,CARTE_CONSULAIRE,AG016,Parakou,2025-11-20,QUENUM,Arnaud Rodrigue,1990-08-06,M,0605,AGOSSOU Espérance,0170850376
ENR-002994,AN-002810,ACTE_NAISSANCE,AG039,Porto-Novo,2025-11-20,GLELE,Mariam,1953-11-05,F,1201,CODJIA Prudence,0178807120
ENR-002995,CC-003060,CARTE_CONSULAIRE,AG023,Dassa-Zoumè,2025-11-20,CODJIA,Rachid,1960-11-01,M,0102,QUENUM Espérance,0186853689
ENR-002996,AN-003687,ACTE_NAISSANCE,AG031,Djougou,2025-11-20,SAGBO,Koffi,2001-05-09,M,0204,VODOUNON Rosine,0115880582
ENR-002997,AN-004494,ACTE_NAISSANCE,AG030,Natitingou,2025-11-20,GBAGUIDI,Koffi Ibrahim,1991-08-23,M,1002,QUENUM Sèmèvo,
ENR-002998,AN-004498,ACTE_NAISSANCE,AG019,Djougou,2025-11-20,SOULEY,Moussa Koffi,1966-06-10,M,0904,HOUNGBO Sènami,
ENR-002999,AN-000351,ACTE_NAISSANCE,AG006,Natitingou,2025-11-21,ADANDE,Salamatou,1982-09-23,F,0105,HOUNGBO Flore,0130616262
ENR-003000,AN-000837,ACTE_NAISSANCE,AG023,Dassa-Zoumè,2025-11-21,ADJOVI,Rosine Sènami,1990-02-02,F,0209,KIKI Ayaba,+229 0171734238
ENR-003001,AN-001473,ACTE_NAISSANCE,AG017,Bohicon,2025-11-21,ZANNOU,Justin,1987-12-13,M,0704,CHABI Sylvie,0149459326
ENR-003002,AN-001866,ACTE_NAISSANCE,AG004,Parakou,2025-11-21,HOUNGBO,Gildas,1968-03-12,M,1006,SOSSOU Estelle,0175014713
ENR-003003,AN-002138,ACTE_NAISSANCE,AG018,Natitingou,2025-11-21,AMOUSSOU,Estelle,1983-12-24,F,0301,ZANNOU Prudence,0127608314
ENR-003004,AN-002307,ACTE_NAISSANCE,AG039,Porto-Novo,2025-11-21,AHOYO,Nadège,1999-05-21,F,1002,GLELE Rosine,0191755897
ENR-003005,CC-002550,CARTE_CONSULAIRE,AG020,Lokossa,2025-11-21,GBAGUIDI,Bienvenu,1995-11-16,M,0602,NOUATIN Judith,0150835720
ENR-003006,AN-002786,ACTE_NAISSANCE,AG002,Abomey-Calavi,2025-11-21,GLELE,Bienvenu,1971-12-15,M,0702,GBAGUIDI Bernice,0103973542
ENR-003007,AN-003040,ACTE_NAISSANCE,AG030,Natitingou,2025-11-21,ASSOGBA,Gisèle,1975-07-05,F,1008,FASSINOU Gisèle,0156836793
ENR-003008,AN-003349,ACTE_NAISSANCE,AG008,Lokossa,2025-11-21,ADANDE,Rosine Gisèle,1998-06-04,F,0306,AHOYO Espérance,0149711070
ENR-003009,AN-004423,ACTE_NAISSANCE,AG011,Dassa-Zoumè,2025-11-21,KOUKPAKI,Espérance,2016-03-04,F,1103,LOKONON Judith,+2290159637287
ENR-003010,AN-004743,ACTE_NAISSANCE,AG011,Dassa-Zoumè,2025-11-21,AGOSSOU,Ghislain,1986-09-18,M,0504,AGOSSOU Sèmèvo,0122266954
ENR-003011,AN-000291,ACTE_NAISSANCE,AG021,Ouidah,2025-11-22,ADJOVI,Yves,2015-12-06,M,0906,KPADONOU Bernice,0137514958
ENR-003012,AN-000905,ACTE_NAISSANCE,AG017,Bohicon,2025-11-22,AGOSSOU,Espérance Judith,1998-05-04,F,1207,OSSENI Carine,0172283202
ENR-003013,AN-000911,ACTE_NAISSANCE,AG007,Djougou,2025-11-22,TCHIBOZO,Judith Ayaba,2018-11-16,F,1004,SOSSOU Carine,0132187761
ENR-003014,AN-001689,ACTE_NAISSANCE,AG028,Parakou,2025-11-22,HOUNGBO,  Sènami ,2002-11-07,F,0105,DANSOU Sylvie,0181720800
ENR-003015,AN-002014,ACTE_NAISSANCE,AG039,Porto-Novo,2025-11-22,MENSAH,Brice Fabrice,1956-03-21,M,1208,CODJIA Sèmèvo,0172753569
ENR-003016,CC-002700,CARTE_CONSULAIRE,AG012,Aplahoué,2025-11-22,HOUNSOU,Serge,2012-03-02,M,0205,ZANNOU Aïcha,0143884052
ENR-003017,AN-002735,ACTE_NAISSANCE,AG029,Bohicon,2025-11-22,AGOSSOU,Gildas,1980-10-30,M,0205,CHABI Bernice,0170293355
ENR-003018,CC-002848,CARTE_CONSULAIRE,AG016,Parakou,2025-11-22,ZINSOU,Carine Aïcha,2007-12-19,F,0204,AGBODJAN Bernice,0197241914
ENR-003019,AN-002936,ACTE_NAISSANCE,AG022,Kandi,2025-11-22,ALLADAYE,Sènami,1955-09-13,F,1208,QUENUM Sèmèvo,0171361450
ENR-003020,CC-003546,CARTE_CONSULAIRE,AG006,Natitingou,2025-11-22,DANSOU,Bernice,1966-06-11,F,0207,YAROU Nadège,0160777860
ENR-003021,AN-003837,ACTE_NAISSANCE,AG019,Djougou,2025-11-22,ADJOVI,Koffi,2013-11-10,M,0403,DANSOU Ayaba,0162194573
ENR-003022,AN-004964,ACTE_NAISSANCE,AG010,Kandi,2025-11-22,KIKI,Arnaud Rachid,1959-04-26,M,0504,CODJIA Rosine,0192547333
ENR-003023,AN-003863,ACTE_NAISSANCE,AG015,Porto-Novo,2025-11-22,NOUATIN,Flore,1989-04-16,F,0701,BIO Carine,0190039464
ENR-003024,AN-000266,ACTE_NAISSANCE,AG010,Kandi,2025-11-23,IDRISSOU,Arnaud,2000-03-14,M,1206,KPADONOU Rachidatou,0173214755
ENR-003025,AN-001342,ACTE_NAISSANCE,AG015,Porto-Novo,2025-11-23,SOSSOU,Ulrich,2002-04-02,M,0407,HOUNKPATIN Sylvie,0139526515
ENR-003026,AN-002385,ACTE_NAISSANCE,AG008,Lokossa,2025-11-23,KIKI,Serge Gildas,1989-11-05,M,0206,ADANDE Rachidatou,0168073568
ENR-003027,AN-003059,ACTE_NAISSANCE,AG003,Porto-Novo,2025-11-23,SAGBO,Comlan,1996-09-29,M,0304,BONI Carine,0122745110
ENR-003028,AN-004223,ACTE_NAISSANCE,AG015,Porto-Novo,2025-11-23,DANSOU,Comlan Romaric,1990-01-15,M,0902,KIKI Rosine,0137010255
ENR-003029,AN-000268,ACTE_NAISSANCE,AG012,Aplahoué,2025-11-23,IDRISSOU,Nadège,2016-09-08,F,0601,ADJOVI Rachidatou,
ENR-003030,AN-001346,ACTE_NAISSANCE,AG025,Cotonou,2025-11-24,TOSSOU,Salamatou,1997-01-27,F,1201,AGBODJAN Nadège,0190861854
ENR-003031,AN-001871,ACTE_NAISSANCE,AG007,Djougou,2025-11-24,AGOSSOU,Comlan,2013-12-04,M,0405,ZINSOU Fatoumata,0111260297
ENR-003032,AN-001905,ACTE_NAISSANCE,AG018,Natitingou,2025-11-24,YAROU,Yves,1947-01-30,M,1209,NOUATIN Estelle,
ENR-003033,AN-002149,ACTE_NAISSANCE,AG038,Abomey-Calavi,2025-11-24,HOUNSOU,Nadège,2009-07-09,F,0602,HOUNSOU Gisèle,
ENR-003034,AN-003287,ACTE_NAISSANCE,AG038,Abomey-Calavi,2025-11-24,BONI,Ayaba,1990-05-12,F,0905,HOUNKPATIN Rosine,0119886757
ENR-003035,AN-003429,ACTE_NAISSANCE,AG022,Kandi,2025-11-24,AGOSSOU,Sylvie,2015-10-12,F,0307,ADANDE Carine,0113286844
ENR-003036,AN-003757,ACTE_NAISSANCE,AG008,Lokossa,2025-11-24,SOSSOU,Romaric,2009-10-14,M,0504,AKPOVI Rosine,+229 0162250729
ENR-003037,PP-003772,PASSEPORT,AG037,Cotonou,2025-11-24,HOUNSOU,Arnaud,1982-01-10,M,0202,ADANDE Sèmèvo,
ENR-003038,CC-003947,CARTE_CONSULAIRE,AG040,Parakou,2025-11-24,KIKI,Serge,1964-01-30,M,0205,CHABI Nadège,0172001171
ENR-003039,CC-004214,CARTE_CONSULAIRE,AG039,Porto-Novo,2025-11-24,YAROU,Salamatou,1976-10-10,F,0901,AMOUSSOU Judith,
ENR-003040,AN-004347,ACTE_NAISSANCE,AG030,Natitingou,2025-11-24,BIO,Arnaud,1952-01-18,M,0404,ADJOVI Chimène,0155397734
ENR-003041,CC-004459,CARTE_CONSULAIRE,AG002,Abomey-Calavi,2025-11-24,KIKI,Codjo Ulrich,2002-04-08,M,0602,CHABI Espérance,0143859682
ENR-003042,AN-004828,ACTE_NAISSANCE,AG023,Dassa-Zoumè,2025-11-24,HOUNKPATIN,Carine,1998-07-30,F,1205,FASSINOU Espérance,0167155652
ENR-003043,AN-004846,ACTE_NAISSANCE,AG023,Dassa-Zoumè,2025-11-24,DOSSOU,Rosine,1978-04-07,F,0305,ADANDE Prudence,0139087291
ENR-003044,AN-001457,ACTE_NAISSANCE,AG015,Porto-Novo,2025-11-25,HOUNKPATIN,Serge,2020-02-22,M,0501,MENSAH Prudence,
ENR-003045,AN-001495,ACTE_NAISSANCE,AG033,Ouidah,2025-11-25,SOSSOU,Gildas Rachid,1979-03-01,M,0408,KIKI Fatoumata,0185977249
ENR-003046,AN-003542,ACTE_NAISSANCE,AG009,Ouidah,2025-11-25,QUENUM,Gildas Ghislain,1997-07-13,M,0906,KPADONOU Judith,0199034354
ENR-003047,AN-003714,ACTE_NAISSANCE,AG016,Parakou,2025-11-25,HOUNGBO,Bernice,1957-06-11,F,1003,GLELE Gisèle,0153087768
ENR-003048,PP-001399,PASSEPORT,AG034,Kandi,2025-11-26,IDRISSOU,Codjo,1999-12-11,M,0906,ADANDE Salamatou,0199593298
ENR-003049,AN-002383,ACTE_NAISSANCE,AG005,Bohicon,2025-11-26,DANSOU,Espérance,1943-12-18,F,0902,IDRISSOU Aïcha,0183792427
ENR-003050,AN-001536,ACTE_NAISSANCE,AG027,Porto-Novo,2025-11-27,GBAGUIDI,Rosine,1958-09-24,F,0206,TCHIBOZO Sènami,0106793043
ENR-003051,CC-003277,CARTE_CONSULAIRE,AG008,Lokossa,2025-11-27,DANSOU,Bernice,1961-11-11,F,0308,TCHIBOZO Prudence,
ENR-003052,AN-003512,ACTE_NAISSANCE,AG028,Parakou,2025-11-27,AHOYO,Yves,1999-04-03,M,0602,AMOUSSOU Sylvie,0179706343
ENR-003053,AN-003747,ACTE_NAISSANCE,AG015,Porto-Novo,2025-11-27,OSSENI,Chimène,1956-03-21,F,1208,BIO Bernice,0163355098
ENR-003054,AN-004082,ACTE_NAISSANCE,AG011,Dassa-Zoumè,2025-11-27,KOUKPAKI,Chimène,1968-07-18,F,0503,SOSSOU Mariam,0162741797
ENR-003055,AN-004573,ACTE_NAISSANCE,AG040,Parakou,2025-11-27,NOUATIN,Bienvenu Fabrice,1986-11-18,M,0209,DANSOU Estelle,0177615952
ENR-003056,AN-000127,ACTE_NAISSANCE,AG003,Porto-Novo,2025-11-28,GLELE,Sènami,1997-01-17,F,0406,DOSSOU Sènami,0146555722
ENR-003057,AN-000201,ACTE_NAISSANCE,AG002,Abomey-Calavi,2025-11-28,AHOYO,Sèmèvo,1985-10-08,F,0201,ZINSOU Salamatou,0133111454
ENR-003058,AN-000748,ACTE_NAISSANCE,AG023,Dassa-Zoumè,2025-11-28,QUENUM,Brice,2001-07-16,M,0206,QUENUM Fatoumata,0145344522
ENR-003059,AN-000792,ACTE_NAISSANCE,AG035,Dassa-Zoumè,2025-11-28,AMOUSSOU,Gildas Comlan,1944-10-19,M,1003,GLELE Nadège,0134574767
ENR-003060,CC-001189,CARTE_CONSULAIRE,AG012,Aplahoué,2025-11-28,BIO,Judith,2000-09-15,F,0307,DOSSOU Salamatou,0116649995
ENR-003061,AN-002357,ACTE_NAISSANCE,AG022,Kandi,2025-11-28,vodounon,Koffi Gildas,1983-12-23,M,0904,FASSINOU Mariam,0120197778
ENR-003062,AN-002653,ACTE_NAISSANCE,AG018,Natitingou,2025-11-28,ASSOGBA,Chimène,1989-09-08,F,1005,OSSENI Salamatou,0164778996
ENR-003063,AN-002906,ACTE_NAISSANCE,AG004,Parakou,2025-11-28,LOKONON,Rachidatou,1953-03-20,F,0902,HOUNKPATIN Bernice,0181599697
ENR-003064,AN-004245,ACTE_NAISSANCE,AG018,Natitingou,2025-11-28,LOKONON,Romaric Rodrigue,1966-07-04,M,0304,KIKI Sènami,0196806988
ENR-003065,PP-000025,PASSEPORT,AG021,Ouidah,2025-11-29,AHOYO,Rosine Sylvie,1993-02-23,F,0605,DANSOU Fatoumata,0173556963
ENR-003066,CC-001980,CARTE_CONSULAIRE,AG034,Kandi,2025-11-29,AHOYO,Brice Ulrich,1989-11-22,M,0203,DANSOU Flore,0105905069
ENR-003067,AN-003014,ACTE_NAISSANCE,AG001,Cotonou,2025-11-29,KPADONOU,Brice Yves,1949-12-23,M,0903,TOGBE Sènami,0168124362
ENR-003068,AN-003346,ACTE_NAISSANCE,AG005,Bohicon,2025-11-29,hounsou,Carine,1954-02-19,F,0308,KPADONOU Carine,
ENR-003069,AN-003879,ACTE_NAISSANCE,AG018,Natitingou,2025-11-29,CHABI,Bernice,1952-02-21,F,0204,OSSENI Ayaba,0177532064
ENR-003070,CC-004394,CARTE_CONSULAIRE,AG018,Natitingou,2025-11-29,TCHIBOZO,Salamatou Espérance,2005-02-19,F,0702,CODJIA Rachidatou,0137021295
ENR-003071,AN-004646,ACTE_NAISSANCE,AG020,Lokossa,2025-11-29,ZANNOU,Bienvenu,2000-06-04,M,0208,SOSSOU Ayaba,0130107263
ENR-003072,CC-000052,CARTE_CONSULAIRE,AG022,Kandi,2025-11-30,ASSOGBA,Fatoumata Rosine,2006-10-15,F,0902,KPADONOU Mariam,0163984886
ENR-003073,AN-000132,ACTE_NAISSANCE,AG033,Ouidah,2025-11-30,HOUNKPATIN,Comlan,1978-04-24,M,1007,AGOSSOU Sènami,
ENR-003074,AN-000591,ACTE_NAISSANCE,AG032,Lokossa,2025-11-30,KOUKPAKI,Prudence,1998-01-02,F,0606,KOUKPAKI Ayaba,0183842330
ENR-003075,AN-000956,ACTE_NAISSANCE,AG025,Cotonou,2025-11-30,BIO,Romaric Bienvenu,1965-06-14,M,0207,BIO Gisèle,
ENR-003076,CC-002507,CARTE_CONSULAIRE,AG040,Parakou,2025-11-30,TCHIBOZO,Carine,2015-10-28,F,0702,IDRISSOU Mariam,0111360201
ENR-003077,AN-002607,ACTE_NAISSANCE,AG005,Bohicon,2025-11-30,TCHIBOZO,Nadège Aïcha,1991-11-10,F,0502,KOUKPAKI Espérance,0198171330
ENR-003078,CC-003004,CARTE_CONSULAIRE,AG007,Djougou,2025-11-30,AMOUSSOU,Carine,2006-01-25,F,0301,VODOUNON Rosine,0112337345
ENR-003079,PP-003042,PASSEPORT,AG020,Lokossa,2025-11-30,OSSENI,Mariam,1955-03-25,F,0102,ZINSOU Rosine,0175915519
ENR-003080,PP-003322,PASSEPORT,AG014,Abomey-Calavi,2025-11-30,GBAGUIDI,Moussa,1981-01-01,M,0302,AHOUANSOU Nadège,0102270093
ENR-003081,AN-004624,ACTE_NAISSANCE,AG007,Djougou,2025-11-30,HOUNSOU,Arnaud,1974-05-17,M,0503,ZINSOU Judith,0169339319
ENR-003082,AN-000611,ACTE_NAISSANCE,AG008,Lokossa,2025-12-01,TCHIBOZO,Espérance Chimène,1981-04-02,F,1004,ALLADAYE Prudence,
ENR-003083,AN-001094,ACTE_NAISSANCE,AG030,Natitingou,2025-12-01,DOSSOU,Espérance Mariam,1954-05-19,F,0207,HOUNGBO Ayaba,0116343638
ENR-003084,AN-003366,ACTE_NAISSANCE,AG033,Ouidah,2025-12-01,AKPOVI,Judith,1998-05-07,F,1104,DANSOU Carine,0145247574
ENR-003085,AN-003602,ACTE_NAISSANCE,AG023,Dassa-Zoumè,2025-12-01,TOSSOU,Rodrigue,1981-07-04,M,0208,OSSENI Sènami,0199283381
ENR-003086,AN-004193,ACTE_NAISSANCE,AG012,Aplahoué,2025-12-01,HOUNKPATIN,Fidèle,1996-08-16,M,0702,YAROU Sèmèvo,0109881358
ENR-003087,CC-004617,CARTE_CONSULAIRE,AG007,Djougou,2025-12-01,osseni,Ghislain,1996-06-03,M,0905,OSSENI Judith,0141585840
ENR-003088,AN-000524,ACTE_NAISSANCE,AG001,Cotonou,2025-12-02,OSSENI,Yves,1964-12-14,M,0203,HOUESSOU Nadège,
ENR-003089,AN-000784,ACTE_NAISSANCE,AG004,Parakou,2025-12-02,QUENUM,Prudence,2017-08-18,F,1201,VODOUNON Fatoumata,0147603405
ENR-003090,AN-001087,ACTE_NAISSANCE,AG027,Porto-Novo,2025-12-02,HOUESSOU,Arnaud,2007-09-09,M,0101,ADANDE Prudence,0122330651
ENR-003091,AN-001236,ACTE_NAISSANCE,AG007,Djougou,2025-12-02,SOULEY,Gildas Romaric,2017-11-27,M,0405,HOUNGBO Sylvie,0168844423
ENR-003092,AN-001276,ACTE_NAISSANCE,AG026,Abomey-Calavi,2025-12-02,QUENUM,Comlan,1984-02-25,M,1209,ADJOVI Flore,01O2144754
ENR-003093,AN-001818,ACTE_NAISSANCE,AG038,Abomey-Calavi,2025-12-02,houessou,Judith Ayaba,2005-11-07,F,0702,BONI Mariam,0124618076
ENR-003094,CC-002951,CARTE_CONSULAIRE,AG026,Abomey-Calavi,2025-12-02,GBAGUIDI,Mahougnon,1980-06-13,M,0405,YAROU Nadège,0138654705
ENR-003095,PP-003085,PASSEPORT,AG008,Lokossa,2025-12-02,AHOYO,Flore,1986-02-11,F,0202,QUENUM Sèmèvo,0169292143
ENR-003096,AN-003182,ACTE_NAISSANCE,AG007,Djougou,2025-12-02,DANSOU,Gisèle Sèmèvo,1996-04-01,F,1101,SOSSOU Nadège,
ENR-003097,CC-003333,CARTE_CONSULAIRE,AG012,Aplahoué,2025-12-02,GLELE,Serge Mahougnon,1992-03-12,M,0209,BIO Aïcha,0186572759
ENR-003098,AN-000026,ACTE_NAISSANCE,AG035,Dassa-Zoumè,2025-12-03,ADANDE,Fidèle,1967-07-08,M,1003,FASSINOU Carine,0135281449
ENR-003099,AN-001095,ACTE_NAISSANCE,AG015,Porto-Novo,2025-12-03,AHOYO,Carine,1969-09-18,F,1006,KOUKPAKI Bernice,0170358952
ENR-003100,AN-001311,ACTE_NAISSANCE,AG013,Cotonou,2025-12-03,adjovi,Fatoumata,1971-06-13,F,0405,KPADONOU Nadège,0115790971
ENR-003101,AN-001314,ACTE_NAISSANCE,AG001,Cotonou,2025-12-03,AHOYO,Rodrigue Codjo,1972-10-18,M,0402,KPADONOU Sylvie,0189652311
ENR-003102,AN-001947,ACTE_NAISSANCE,AG014,Abomey-Calavi,2025-12-03,ADJOVI,Fabrice,1988-01-12,M,1205,HOUNKPATIN Sylvie,0187439681
ENR-003103,AN-003450,ACTE_NAISSANCE,AG006,Natitingou,2025-12-03,CODJIA,Mariam,1990-07-05,F,0506,IDRISSOU Bernice,
ENR-003104,AN-003612,ACTE_NAISSANCE,AG024,Aplahoué,2025-12-03,KIKI,Estelle Mariam,1995-08-11,F,0104,ADANDE Flore,0158860219
ENR-003105,AN-003653,ACTE_NAISSANCE,AG021,Ouidah,2025-12-03,ZINSOU,Prudence,1985-01-03,F,0605,KIKI Salamatou,0126669133
ENR-003106,CC-004275,CARTE_CONSULAIRE,AG008,Lokossa,2025-12-03,AGBODJAN,Rosine Ayaba,2000-08-05,F,0305,HOUNGBO Espérance,0155035756
ENR-003107,AN-004680,ACTE_NAISSANCE,AG018,Natitingou,2025-12-03,AGOSSOU,Espérance,1979-12-19,F,0305,HOUNGBO Espérance,0149076354
ENR-003108,AN-004775,ACTE_NAISSANCE,AG035,Dassa-Zoumè,2025-12-03,ASSOGBA,Rosine Sènami,2004-02-20,F,1204,HOUESSOU Sèmèvo,
ENR-003109,PP-004878,PASSEPORT,AG011,Dassa-Zoumè,2025-12-03,BIO,Comlan Ibrahim,1983-11-11,M,1104,FASSINOU Flore,0140581924
ENR-003110,AN-000027,ACTE_NAISSANCE,AG034,Kandi,2025-12-04,AHOUANSOU,Sènami,1979-06-27,F,1101,VODOUNON Gisèle,0155062048
ENR-003111,PP-000511,PASSEPORT,AG026,Abomey-Calavi,2025-12-04,MENSAH,Chimène,1997-04-25,F,0201,AGOSSOU Rachidatou,0177748103
ENR-003112,AN-000704,ACTE_NAISSANCE,AG024,Aplahoué,2025-12-04,HOUNSOU,Estelle,1960-05-03,F,0402,ADANDE Mariam,0137217658
ENR-003113,AN-002060,ACTE_NAISSANCE,AG020,Lokossa,2025-12-04,TCHIBOZO,Ghislain,2006-02-13,M,0606,AHOYO Bernice,0158012269
ENR-003114,AN-002651,ACTE_NAISSANCE,AG032,Lokossa,2025-12-04,HOUESSOU,Ghislain,1987-03-01,M,0208,AGBODJAN Sèmèvo,0134317818
ENR-003115,AN-003446,ACTE_NAISSANCE,AG033,Ouidah,2025-12-04,TOSSOU,Flore Rachidatou,1952-01-03,F,0405,HOUESSOU Gisèle,0111320969
ENR-003116,PP-003847,PASSEPORT,AG036,Aplahoué,2025-12-04,DANSOU,Codjo,1991-04-16,M,0208,KIKI Espérance,0187176199
ENR-003117,AN-003570,ACTE_NAISSANCE,AG016,Parakou,2025-12-04,TCHIBOZO,Estelle,1970-01-09,F,0506,ALLADAYE Sèmèvo,0149270279
ENR-003118,AN-000256,ACTE_NAISSANCE,AG022,Kandi,2025-12-05,KOUKPAKI,Mariam,1999-10-17,F,1207,BIO Sènami,0193033032
ENR-003119,AN-000551,ACTE_NAISSANCE,AG039,Porto-Novo,2025-12-05,GBAGUIDI,Sènami,1991-08-03,F,1002,ALLADAYE Carine,0172426925
ENR-003120,PP-001678,PASSEPORT,AG036,Aplahoué,2025-12-05,KOUKPAKI,Sènami Chimène,1951-11-20,F,0502,YAROU Bernice,0176458070
ENR-003121,AN-002415,ACTE_NAISSANCE,AG031,Djougou,2025-12-05,CODJIA,Brice Koffi,1966-02-16,M,0204,DANSOU Rosine,0160439981
ENR-003122,CC-003052,CARTE_CONSULAIRE,AG021,Ouidah,2025-12-05,HOUESSOU,Rodrigue Moussa,2007-09-01,M,1005,SAGBO Espérance,0185486404
ENR-003123,AN-003245,ACTE_NAISSANCE,AG030,Natitingou,2025-12-05,AGBODJAN,Fatoumata,1948-07-12,F,1201,DANSOU Sèmèvo,0181424996
ENR-003124,PP-004556,PASSEPORT,AG011,Dassa-Zoumè,2025-12-05,SAGBO,Rachid,1987-06-30,M,1006,CHABI Nadège,0104185899
ENR-003125,CC-004602,CARTE_CONSULAIRE,AG011,Dassa-Zoumè,2025-12-05,ZANNOU,Rachidatou,2000-06-06,F,1007,AHOYO Fatoumata,0176693913
ENR-003126,AN-004642,ACTE_NAISSANCE,AG014,Abomey-Calavi,2025-12-05,DOSSOU,Bernice,2005-02-19,F,1104,OSSENI Chimène,0148246283
ENR-003127,AN-000353,ACTE_NAISSANCE,AG011,Dassa-Zoumè,2025-12-06,KPADONOU,Aïcha,2017-04-13,F,0903,IDRISSOU Espérance,0118721628
ENR-003128,PP-000379,PASSEPORT,AG018,Natitingou,2025-12-06,TCHIBOZO,Codjo Romaric,1989-07-22,M,0306,HOUNKPATIN Fatoumata,+229 0123481161
ENR-003129,CC-000987,CARTE_CONSULAIRE,AG002,Abomey-Calavi,2025-12-06,IDRISSOU,Justin,1998-03-03,M,0306,SOSSOU Flore,0115638058
ENR-003130,AN-000993,ACTE_NAISSANCE,AG015,Porto-Novo,2025-12-06,TOGBE,Rachidatou Judith,1975-06-22,F,0603,ADANDE Bernice,0176102542
ENR-003131,CC-001221,CARTE_CONSULAIRE,AG006,Natitingou,2025-12-06,IDRISSOU,Gildas,1991-06-14,M,0206,OSSENI Salamatou,0161634016
ENR-003132,AN-001272,ACTE_NAISSANCE,AG008,Lokossa,2025-12-06,TCHIBOZO,Comlan,2001-08-21,M,0205,MENSAH Ayaba,0144983922
ENR-003133,AN-002128,ACTE_NAISSANCE,AG038,Abomey-Calavi,2025-12-06,VODOUNON,Rachidatou,1993-06-18,F,0504,TCHIBOZO Fatoumata,0179819808
ENR-003134,AN-002171,ACTE_NAISSANCE,AG002,Abomey-Calavi,2025-12-06,tossou,Ayaba,1955-02-21,F,0101,HOUNKPATIN Aïcha,0158923255
ENR-003135,CC-002230,CARTE_CONSULAIRE,AG008,Lokossa,2025-12-06,BONI,Espérance,1992-03-10,F,0101,SAGBO Espérance,0136560627
ENR-003136,AN-000889,ACTE_NAISSANCE,AG015,Porto-Novo,2025-12-07,DOSSOU,Salamatou,1981-12-10,F,0604,ZINSOU Sènami,0149604100
ENR-003137,AN-000994,ACTE_NAISSANCE,AG035,Dassa-Zoumè,2025-12-07,HOUNSOU,Bernice Mariam,1989-11-28,F,1006,BONI Ayaba,0126483231
ENR-003138,PP-001523,PASSEPORT,AG021,Ouidah,2025-12-07,HOUNGBO,Brice Gildas,1986-04-25,M,0104,TOSSOU Gisèle,0189833050
ENR-003139,AN-001562,ACTE_NAISSANCE,AG001,Cotonou,2025-12-07,IDRISSOU,Rachid Yves,1991-05-06,M,1007,KPADONOU Gisèle,0103322428
ENR-003140,PP-002135,PASSEPORT,AG020,Lokossa,2025-12-07,GBAGUIDI,Romaric,2005-12-15,M,0604,KOUKPAKI Salamatou,0169460673
ENR-003141,CC-002747,CARTE_CONSULAIRE,AG024,Aplahoué,2025-12-07,SOSSOU,Aïcha,1988-11-16,F,0701,NOUATIN Nadège,0185040598
ENR-003142,PP-003343,PASSEPORT,AG012,Aplahoué,2025-12-07,IDRISSOU,Codjo,2005-10-26,M,1209,ZINSOU Rachidatou,0147266595
ENR-003143,AN-003411,ACTE_NAISSANCE,AG016,Parakou,2025-12-07,ADJOVI,  Gisèle ,1974-05-28,F,0301,AHOYO Estelle,0178587581
ENR-003144,AN-003855,ACTE_NAISSANCE,AG003,Porto-Novo,2025-12-07,AKPOVI,Arnaud,1967-04-02,M,0307,AHOUANSOU Salamatou,0168050646
ENR-003145,CC-000125,CARTE_CONSULAIRE,AG025,Cotonou,2025-12-08,ALLADAYE,Fabrice Brice,1970-07-31,M,0204,SAGBO Gisèle,0171252042
ENR-003146,AN-000658,ACTE_NAISSANCE,AG002,Abomey-Calavi,2025-12-08,HOUNKPATIN,Mahougnon,2002-07-09,M,0601,TOSSOU Sylvie,0137153393
ENR-003147,AN-000713,ACTE_NAISSANCE,AG025,Cotonou,2025-12-08,AMOUSSOU,Ibrahim,1953-09-28,M,0304,KIKI Nadège,0112755130
ENR-003148,AN-000962,ACTE_NAISSANCE,AG025,Cotonou,2025-12-08,HOUNSOU,Flore Sèmèvo,1990-03-04,F,1001,KIKI Prudence,0139719991
ENR-003149,AN-001238,ACTE_NAISSANCE,AG019,Djougou,2025-12-08,CHABI,Judith Fatoumata,1998-08-02,F,1003,SOULEY Carine,0107043512
ENR-003150,AN-002303,ACTE_NAISSANCE,AG024,Aplahoué,2025-12-08,GBAGUIDI,Brice Yves,1980-09-16,M,0308,GBAGUIDI Espérance,0178905419
ENR-003151,AN-002762,ACTE_NAISSANCE,AG030,Natitingou,2025-12-08,SOSSOU,Ghislain Fabrice,2006-05-22,M,0503,QUENUM Chimène,0165812659
ENR-003152,AN-003547,ACTE_NAISSANCE,AG020,Lokossa,2025-12-08,NOUATIN,Yves,1994-03-20,M,0101,GBAGUIDI Flore,0113579999
ENR-003153,AN-003561,ACTE_NAISSANCE,AG015,Porto-Novo,2025-12-08,KIKI,Estelle,1983-11-30,F,0405,ZINSOU Flore,0107546983
ENR-003154,CC-003776,CARTE_CONSULAIRE,AG002,Abomey-Calavi,2025-12-08,CHABI,Rachid Rodrigue,1959-04-15,M,0704,DANSOU Rosine,0192878645
ENR-003155,AN-000676,ACTE_NAISSANCE,AG031,Djougou,2025-12-09,HOUNKPATIN,Rachid,1977-08-13,M,0202,AGOSSOU Espérance,01O2302332
ENR-003156,AN-000797,ACTE_NAISSANCE,AG001,Cotonou,2025-12-09,SOULEY,Prudence Sènami,2018-03-21,F,1002,KPADONOU Sèmèvo,0141239085
ENR-003157,AN-001210,ACTE_NAISSANCE,AG002,Abomey-Calavi,2025-12-09,AKPOVI,Flore,1990-12-08,F,1206,ALLADAYE Ayaba,0120125427
ENR-003158,PP-001701,PASSEPORT,AG007,Djougou,2025-12-09,ZANNOU,Sylvie,1957-07-05,F,0906,SAGBO Carine,0102142459
ENR-003159,AN-001845,ACTE_NAISSANCE,AG035,Dassa-Zoumè,2025-12-09,MENSAH,Gisèle Fatoumata,2024-07-21,F,0306,DANSOU Prudence,0174576786
ENR-003160,AN-004449,ACTE_NAISSANCE,AG039,Porto-Novo,2025-12-09,KPADONOU,Prudence Rachidatou,1977-05-31,F,0203,YAROU Sylvie,0131697521
ENR-003161,CC-004995,CARTE_CONSULAIRE,AG018,Natitingou,2025-12-09,LOKONON,Fatoumata Espérance,1968-01-13,F,1002,KOUKPAKI Fatoumata,0108609208
ENR-003162,AN-000387,ACTE_NAISSANCE,AG013,Cotonou,2025-12-10,SAGBO,Sèmèvo,2003-10-16,F,1007,ADJOVI Nadège,0192770281
ENR-003163,AN-000977,ACTE_NAISSANCE,AG006,Natitingou,2025-12-10,AHOUANSOU,Bernice,1991-08-18,F,0202,NOUATIN Sènami,0167834178
ENR-003164,AN-000992,ACTE_NAISSANCE,AG028,Parakou,2025-12-10,HOUESSOU,Ayaba,2008-10-15,F,0901,KOUKPAKI Aïcha,0146657643
ENR-003165,AN-001745,ACTE_NAISSANCE,AG016,Parakou,2025-12-10,HOUESSOU,Comlan,2010-12-04,M,1204,FASSINOU Rosine,0100380441
ENR-003166,AN-002007,ACTE_NAISSANCE,AG010,Kandi,2025-12-10,TOSSOU,Yves Ghislain,1965-05-15,M,1001,LOKONON Aïcha,0187128614
ENR-003167,CC-002102,CARTE_CONSULAIRE,AG007,Djougou,2025-12-10,AHOUANSOU,Yves Fidèle,2007-04-10,M,1203,TOSSOU Sèmèvo,0163669066
ENR-003168,AN-003164,ACTE_NAISSANCE,AG012,Aplahoué,2025-12-10,AHOUANSOU,Fatoumata Salamatou,1996-07-14,F,0307,ZANNOU Gisèle,0179681504
ENR-003169,AN-003961,ACTE_NAISSANCE,AG002,Abomey-Calavi,2025-12-10,ADJOVI,Fabrice Comlan,1971-05-01,M,1007,ALLADAYE Fatoumata,0177607556
ENR-003170,AN-004931,ACTE_NAISSANCE,AG026,Abomey-Calavi,2025-12-10,GLELE,Ulrich,1978-05-20,M,1209,AGBODJAN Carine,0165108286
ENR-003171,AN-004932,ACTE_NAISSANCE,AG029,Bohicon,2025-12-10,ADJOVI,Gildas,2003-08-05,M,0206,ALLADAYE Sèmèvo,0147260121
ENR-003172,CC-000461,CARTE_CONSULAIRE,AG032,Lokossa,2025-12-11,CODJIA,Justin Serge,1976-01-22,M,1205,FASSINOU Fatoumata,0123978251
ENR-003173,AN-000488,ACTE_NAISSANCE,AG028,Parakou,2025-12-11,ASSOGBA,  Flore ,2011-01-08,F,1204,ZANNOU Sèmèvo,0147532052
ENR-003174,AN-001137,ACTE_NAISSANCE,AG039,Porto-Novo,2025-12-11,GBAGUIDI,Estelle Aïcha,1953-10-05,F,0101,HOUESSOU Aïcha,0100556881
ENR-003175,PP-002088,PASSEPORT,AG017,Bohicon,2025-12-11,ZINSOU,Yves,2004-07-29,M,0604,ADJOVI Sylvie,0196928090
ENR-003176,PP-002718,PASSEPORT,AG012,Aplahoué,2025-12-11,FASSINOU,Ayaba,1988-09-10,F,1201,LOKONON Flore,0129100390
ENR-003177,AN-003615,ACTE_NAISSANCE,AG029,Bohicon,2025-12-11,ASSOGBA,Arnaud,2015-11-30,M,1203,AGBODJAN Sèmèvo,0178702716
ENR-003178,AN-004230,ACTE_NAISSANCE,AG010,Kandi,2025-12-11,VODOUNON,Arnaud,1954-01-05,M,0702,TOSSOU Flore,0151014849
ENR-003179,AN-004507,ACTE_NAISSANCE,AG016,Parakou,2025-12-11,GBAGUIDI,Brice Romaric,1990-03-09,M,0602,YAROU Nadège,012885889360
ENR-003180,AN-004579,ACTE_NAISSANCE,AG020,Lokossa,2025-12-11,KPADONOU,Judith,1971-06-05,F,0301,VODOUNON Nadège,0153488636
ENR-003181,PP-004740,PASSEPORT,AG021,Ouidah,2025-12-11,AGBODJAN,Sènami Aïcha,1996-06-15,F,0401,ZANNOU Chimène,0105524232
ENR-003182,AN-004744,ACTE_NAISSANCE,AG022,Kandi,2025-12-11,SOULEY,Justin,1998-10-11,M,0105,GBAGUIDI Mariam,0117640656
ENR-003183,AN-000061,ACTE_NAISSANCE,AG040,Parakou,2025-12-12,SOSSOU,  Romaric ,1978-02-01,M,0701,SOULEY Salamatou,0161567959
ENR-003184,AN-000560,ACTE_NAISSANCE,AG004,Parakou,2025-12-12,SAGBO,Fidèle Brice,1979-06-22,M,0208,ADJOVI Gisèle,+2290133438489
ENR-003185,CC-000586,CARTE_CONSULAIRE,AG034,Kandi,2025-12-12,SOSSOU,Carine Espérance,1951-11-08,F,0403,GLELE Fatoumata,0131324699
ENR-003186,AN-000726,ACTE_NAISSANCE,AG016,Parakou,2025-12-12,KIKI,Salamatou,1947-01-01,F,1205,AGOSSOU Nadège,0130871197
ENR-003187,AN-001107,ACTE_NAISSANCE,AG039,Porto-Novo,2025-12-12,AHOYO,Fabrice,2009-09-24,M,1104,CODJIA Rachidatou,0100640987
ENR-003188,AN-001584,ACTE_NAISSANCE,AG020,Lokossa,2025-12-12,DANSOU,Espérance,2002-07-20,F,0103,AGOSSOU Ayaba,
ENR-003189,CC-001679,CARTE_CONSULAIRE,AG009,Ouidah,2025-12-12,HOUESSOU,Yves,1998-04-16,M,1201,AKPOVI Ayaba,0148456417
ENR-003190,AN-002111,ACTE_NAISSANCE,AG027,Porto-Novo,2025-12-12,LOKONON,Ulrich Codjo,1992-11-19,M,0605,KOUKPAKI Gisèle,
ENR-003191,AN-003389,ACTE_NAISSANCE,AG034,Kandi,2025-12-12,AMOUSSOU,Codjo Ghislain,1991-09-27,M,1207,TOGBE Judith,0110841215
ENR-003192,CC-003841,CARTE_CONSULAIRE,AG012,Aplahoué,2025-12-12,TCHIBOZO,Gildas,2010-12-27,M,0704,KIKI Judith,0133581735
ENR-003193,CC-003921,CARTE_CONSULAIRE,AG036,Aplahoué,2025-12-12,ADJOVI,Comlan,2004-10-08,M,1202,NOUATIN Gisèle,0141822073
ENR-003194,AN-004534,ACTE_NAISSANCE,AG030,Natitingou,2025-12-12,TOSSOU,Bienvenu Yves,1992-07-07,M,0406,CODJIA Ayaba,0180185644
ENR-003195,PP-004851,PASSEPORT,AG022,Kandi,2025-12-12,TOSSOU,Aïcha Nadège,1998-09-14,F,1209,FASSINOU Nadège,0199475058
ENR-003196,AN-000091,ACTE_NAISSANCE,AG035,Dassa-Zoumè,2025-12-13,QUENUM,Salamatou,1987-12-05,F,1204,ZINSOU Salamatou,
ENR-003197,AN-000844,ACTE_NAISSANCE,AG008,Lokossa,2025-12-13,SOSSOU,Fidèle,1987-10-22,M,1104,ADJOVI Gisèle,0187774586
ENR-003198,CC-001062,CARTE_CONSULAIRE,AG028,Parakou,2025-12-13,HOUESSOU,Carine Mariam,2001-11-25,F,0902,HOUESSOU Bernice,0184220212
ENR-003199,AN-001606,ACTE_NAISSANCE,AG002,Abomey-Calavi,2025-12-13,HOUNKPATIN,Flore,1997-07-27,F,0106,ADANDE Rosine,0198187797
ENR-003200,AN-002957,ACTE_NAISSANCE,AG021,Ouidah,2025-12-13,DANSOU,Ayaba,2001-11-04,F,0702,AHOUANSOU Salamatou,0108088396
ENR-003201,AN-003236,ACTE_NAISSANCE,AG034,Kandi,2025-12-13,ADANDE,Sèmèvo,1998-07-03,F,0302,KPADONOU Nadège,0149322148
ENR-003202,AN-003460,ACTE_NAISSANCE,AG010,Kandi,2025-12-13,FASSINOU,Flore,1975-02-28,F,0202,HOUNSOU Gisèle,0164166612
ENR-003203,AN-003610,ACTE_NAISSANCE,AG005,Bohicon,2025-12-13,TCHIBOZO,Nadège,2016-10-03,F,1205,FASSINOU Judith,0113938216
ENR-003204,AN-003955,ACTE_NAISSANCE,AG005,Bohicon,2025-12-13,AMOUSSOU,Espérance Nadège,2009-03-29,F,0106,ALLADAYE Gisèle,0137498899
ENR-003205,CC-004140,CARTE_CONSULAIRE,AG001,Cotonou,2025-12-13,ADANDE,Chimène,1997-12-13,F,0701,AGBODJAN Espérance,
ENR-003206,AN-003219,ACTE_NAISSANCE,AG037,Cotonou,2025-12-13,AKPOVI,Bienvenu,2009-04-03,M,0101,HOUNGBO Chimène,0132380008
ENR-003207,CC-000032,CARTE_CONSULAIRE,AG034,Kandi,2025-12-14,LOKONON,Aïcha,1997-11-12,F,0308,FASSINOU Bernice,0119307336
ENR-003208,AN-001155,ACTE_NAISSANCE,AG001,Cotonou,2025-12-14,DANSOU,Fidèle,1984-08-05,M,0405,FASSINOU Sèmèvo,
ENR-003209,PP-001582,PASSEPORT,AG017,Bohicon,2025-12-14,MENSAH,Espérance,1963-07-10,F,0603,TOSSOU Aïcha,0164793586
ENR-003210,PP-001842,PASSEPORT,AG023,Dassa-Zoumè,2025-12-14,AKPOVI,Espérance,2017-04-25,F,1207,CHABI Sylvie,
ENR-003211,AN-002156,ACTE_NAISSANCE,AG009,Ouidah,2025-12-14,ASSOGBA,Serge Bienvenu,2001-02-22,M,0704,KPADONOU Prudence,0106665558
ENR-003212,AN-003183,ACTE_NAISSANCE,AG007,Djougou,2025-12-14,ADJOVI,Codjo,2007-03-02,M,0406,AHOUANSOU Sèmèvo,0107382229
ENR-003213,PP-003289,PASSEPORT,AG002,Abomey-Calavi,2025-12-14,DANSOU,Codjo,1945-05-31,M,0205,OSSENI Sylvie,0183048758
ENR-003214,AN-003473,ACTE_NAISSANCE,AG016,Parakou,2025-12-14,DANSOU,Ibrahim,1989-06-11,M,0307,ZANNOU Bernice,0110177512
ENR-003215,AN-003870,ACTE_NAISSANCE,AG006,Natitingou,2025-12-14,AGBODJAN,Aïcha,1992-01-07,F,1104,MENSAH Chimène,0194201394
ENR-003216,AN-003945,ACTE_NAISSANCE,AG004,Parakou,2025-12-14,HOUNSOU,Salamatou Carine,2009-05-16,F,0302,CODJIA Rosine,0159094194
ENR-003217,AN-004128,ACTE_NAISSANCE,AG022,Kandi,2025-12-14,AGBODJAN,Justin,1977-04-30,M,0104,TCHIBOZO Carine,0149878495
ENR-003218,AN-004545,ACTE_NAISSANCE,AG038,Abomey-Calavi,2025-12-14,FASSINOU,Flore,1946-04-29,F,0308,VODOUNON Aïcha,0132196941
ENR-003219,AN-000700,ACTE_NAISSANCE,AG008,Lokossa,2025-12-15,ZINSOU,Sèmèvo,1978-09-10,F,0702,GLELE Prudence,0185213702
ENR-003220,AN-000755,ACTE_NAISSANCE,AG004,Parakou,2025-12-15,ADANDE,Rosine,2007-12-30,F,1209,AHOYO Bernice,0174143461
ENR-003221,AN-001230,ACTE_NAISSANCE,AG013,Cotonou,2025-12-15,BIO,Bernice Estelle,1940-06-18,F,1006,AKPOVI Ayaba,0120469769
ENR-003222,AN-002224,ACTE_NAISSANCE,AG040,Parakou,2025-12-15,QUENUM,Estelle,1961-11-10,F,0502,DANSOU Carine,0186394460
ENR-003223,AN-003470,ACTE_NAISSANCE,AG035,Dassa-Zoumè,2025-12-15,togbe,Gildas,1987-05-21,M,1004,QUENUM Estelle,
ENR-003224,AN-001942,ACTE_NAISSANCE,AG017,Bohicon,2025-12-16,HOUNKPATIN,Moussa Bienvenu,1990-12-02,M,0704,NOUATIN Nadège,0114684470
ENR-003225,CC-002586,CARTE_CONSULAIRE,AG022,Kandi,2025-12-16,TOGBE,Arnaud,1981-05-11,M,1001,HOUESSOU Sylvie,0141083066
ENR-003226,PP-003519,PASSEPORT,AG010,Kandi,2025-12-16,SOULEY,Ayaba Rachidatou,2000-05-17,F,0205,YAROU Ayaba,0190222099
ENR-003227,CC-003535,CARTE_CONSULAIRE,AG031,Djougou,2025-12-16,AGBODJAN,Estelle,1981-07-01,F,1008,DOSSOU Sènami,0149193262
ENR-003228,CC-003695,CARTE_CONSULAIRE,AG020,Lokossa,2025-12-16,ASSOGBA,Yves,1953-06-09,M,1007,KOUKPAKI Estelle,0191090478
ENR-003229,AN-004866,ACTE_NAISSANCE,AG033,Ouidah,2025-12-16,GLELE,Mariam Chimène,1955-01-15,F,0801,TCHIBOZO Estelle,0115673937
ENR-003230,AN-000790,ACTE_NAISSANCE,AG023,Dassa-Zoumè,2025-12-17,TOSSOU,Espérance,1949-04-23,F,0104,LOKONON Carine,
ENR-003231,AN-001961,ACTE_NAISSANCE,AG038,Abomey-Calavi,2025-12-17,ASSOGBA,Sènami Chimène,1969-03-07,F,0906,BIO Rosine,0121461452
ENR-003232,AN-002179,ACTE_NAISSANCE,AG014,Abomey-Calavi,2025-12-17,IDRISSOU,Bernice Prudence,2005-11-13,F,0603,IDRISSOU Flore,0183577300
ENR-003233,AN-002818,ACTE_NAISSANCE,AG037,Cotonou,2025-12-17,KPADONOU,Ibrahim Brice,1985-09-24,M,1204,DOSSOU Salamatou,0122147243
ENR-003234,AN-003206,ACTE_NAISSANCE,AG034,Kandi,2025-12-17,GBAGUIDI,Gisèle,2002-02-19,F,0102,SOULEY Carine,0147514413
ENR-003235,AN-003193,ACTE_NAISSANCE,AG008,Lokossa,2025-12-18,GLELE,Ulrich Koffi,2021-10-02,M,0403,HOUESSOU Mariam,0193163286
ENR-003236,AN-004323,ACTE_NAISSANCE,AG039,Porto-Novo,2025-12-18,LOKONON,Aïcha,1994-04-27,F,0602,QUENUM Espérance,0166904169
ENR-003237,AN-004984,ACTE_NAISSANCE,AG035,Dassa-Zoumè,2025-12-18,NOUATIN,Gisèle,2004-12-18,F,1201,NOUATIN Judith,0102812016
ENR-003238,AN-000686,ACTE_NAISSANCE,AG035,Dassa-Zoumè,2025-12-19,BONI,Bernice,2019-12-22,F,0307,YAROU Rachidatou,0146734692
ENR-003239,AN-001161,ACTE_NAISSANCE,AG003,Porto-Novo,2025-12-19,AHOYO,Espérance,1996-07-30,F,1206,LOKONON Gisèle,0127141133
ENR-003240,AN-001253,ACTE_NAISSANCE,AG019,Djougou,2025-12-19,HOUESSOU,Sènami,1967-12-21,F,0304,HOUNGBO Rosine,0156684915
ENR-003241,AN-001334,ACTE_NAISSANCE,AG029,Bohicon,2025-12-19,ZINSOU,Carine,2004-07-10,F,1001,GBAGUIDI Ayaba,0190401030
ENR-003242,AN-001564,ACTE_NAISSANCE,AG007,Djougou,2025-12-19,CODJIA,Bienvenu,1981-11-09,M,0102,YAROU Bernice,0179774417
ENR-003243,AN-001610,ACTE_NAISSANCE,AG038,Abomey-Calavi,2025-12-19,KOUKPAKI,Estelle,1945-11-15,F,0408,DOSSOU Rachidatou,0184678450
ENR-003244,CC-002134,CARTE_CONSULAIRE,AG033,Ouidah,2025-12-19,AGOSSOU,Rodrigue,1999-04-17,M,1008,CHABI Flore,0198321780
ENR-003245,AN-002842,ACTE_NAISSANCE,AG017,Bohicon,2025-12-19,IDRISSOU,Justin,2010-01-10,M,0303,QUENUM Bernice,0199469945
ENR-003246,PP-003094,PASSEPORT,AG014,Abomey-Calavi,2025-12-19,TOGBE,Carine,1989-10-04,F,0604,AHOYO Nadège,0190394885
ENR-003247,PP-003228,PASSEPORT,AG013,Cotonou,2025-12-19,TCHIBOZO,Nadège,2019-09-20,F,0503,ASSOGBA Espérance,
ENR-003248,AN-004971,ACTE_NAISSANCE,AG039,Porto-Novo,2025-12-19,MENSAH,Espérance,1979-06-12,F,0303,ADANDE Prudence,0162447472
ENR-003249,PP-001280,PASSEPORT,AG011,Dassa-Zoumè,2025-12-20,GBAGUIDI,Rodrigue,1955-06-21,M,1208,HOUNKPATIN Flore,0162211269
ENR-003250,PP-001529,PASSEPORT,AG040,Parakou,2025-12-20,IDRISSOU,Bienvenu Rachid,1993-04-27,M,0305,QUENUM Rosine,
ENR-003251,AN-001614,ACTE_NAISSANCE,AG008,Lokossa,2025-12-20,HOUNGBO,Rachid,1997-09-30,M,0209,AMOUSSOU Carine,0124881139
ENR-003252,AN-001648,ACTE_NAISSANCE,AG003,Porto-Novo,2025-12-20,adjovi,Serge Koffi,1970-11-20,M,0206,GLELE Rosine,0110166667
ENR-003253,AN-002769,ACTE_NAISSANCE,AG032,Lokossa,2025-12-20,HOUNSOU,Koffi,1976-08-26,M,1203,TCHIBOZO Bernice,0138434442
ENR-003254,AN-003786,ACTE_NAISSANCE,AG008,Lokossa,2025-12-20,HOUESSOU,Fabrice,2001-08-16,M,1105,HOUNGBO Rosine,
ENR-003255,CC-004034,CARTE_CONSULAIRE,AG011,Dassa-Zoumè,2025-12-20,HOUNGBO,Koffi,1981-12-18,M,0605,KIKI Sèmèvo,0168132889
ENR-003256,AN-004368,ACTE_NAISSANCE,AG029,Bohicon,2025-12-20,KPADONOU,Rachidatou,2011-01-05,F,0506,AMOUSSOU Bernice,0184707983
ENR-003257,AN-000336,ACTE_NAISSANCE,AG039,Porto-Novo,2025-12-21,AHOUANSOU,Espérance Aïcha,2009-10-14,F,1209,ZANNOU Sèmèvo,0117610129
ENR-003258,AN-000444,ACTE_NAISSANCE,AG025,Cotonou,2025-12-21,KPADONOU,Ayaba,2005-12-09,F,0603,TCHIBOZO Bernice,0150702701
ENR-003259,AN-001246,ACTE_NAISSANCE,AG022,Kandi,2025-12-21,GBAGUIDI,Chimène,1987-05-18,F,1001,SOSSOU Rachidatou,0130576160
ENR-003260,AN-001461,ACTE_NAISSANCE,AG026,Abomey-Calavi,2025-12-21,HOUNSOU,Chimène Gisèle,1985-10-19,F,1001,DANSOU Ayaba,0140846670
ENR-003261,AN-001671,ACTE_NAISSANCE,AG037,Cotonou,2025-12-21,SOSSOU,Judith,2010-04-28,F,0903,AGBODJAN Sèmèvo,0136209691
ENR-003262,AN-002194,ACTE_NAISSANCE,AG007,Djougou,2025-12-21,AGOSSOU,Bernice,1963-07-03,F,0106,SOULEY Prudence,0104439407
ENR-003263,AN-002314,ACTE_NAISSANCE,AG004,Parakou,2025-12-21,KPADONOU,Espérance,1979-01-01,F,0408,KOUKPAKI Fatoumata,0164996183
ENR-003264,AN-002565,ACTE_NAISSANCE,AG011,Dassa-Zoumè,2025-12-21,NOUATIN,Salamatou Gisèle,1952-08-18,F,1001,AHOYO Sènami,0104538100
ENR-003265,PP-002873,PASSEPORT,AG019,Djougou,2025-12-21,IDRISSOU,Carine Judith,1999-09-07,F,0901,KOUKPAKI Gisèle,0155699971
ENR-003266,AN-003101,ACTE_NAISSANCE,AG019,Djougou,2025-12-21,MENSAH,Fabrice,2009-03-01,M,0905,ADJOVI Chimène,0107166612
ENR-003267,PP-004060,PASSEPORT,AG001,Cotonou,2025-12-21,ADJOVI,Chimène,2015-01-01,F,1006,SOULEY Ayaba,
ENR-003268,CC-004146,CARTE_CONSULAIRE,AG011,Dassa-Zoumè,2025-12-21,CODJIA,Prudence Judith,1981-02-18,F,0501,ADANDE Nadège,0122862226
ENR-003269,AN-004178,ACTE_NAISSANCE,AG029,Bohicon,2025-12-21,CHABI,Ghislain Ulrich,1975-09-18,M,0302,HOUESSOU Gisèle,0104416634
ENR-003270,AN-004590,ACTE_NAISSANCE,AG009,Ouidah,2025-12-21,alladaye,Bernice Chimène,1993-06-19,F,1103,SAGBO Carine,0138177105
ENR-003271,AN-000360,ACTE_NAISSANCE,AG036,Aplahoué,2025-12-22,TOSSOU,Aïcha,1957-09-11,F,0903,HOUNGBO Estelle,0140554919
ENR-003272,PP-001180,PASSEPORT,AG007,Djougou,2025-12-22,HOUNGBO,Sèmèvo,1976-07-03,F,1201,TOSSOU Ayaba,0107115055
ENR-003273,AN-002374,ACTE_NAISSANCE,AG027,Porto-Novo,2025-12-22,AKPOVI,Gisèle Carine,2004-03-19,F,1207,NOUATIN Estelle,0152635533
ENR-003274,AN-003581,ACTE_NAISSANCE,AG028,Parakou,2025-12-22,NOUATIN,Ulrich Gildas,1944-01-25,M,0506,TOSSOU Espérance,0117778498
ENR-003275,AN-004038,ACTE_NAISSANCE,AG039,Porto-Novo,2025-12-22,VODOUNON,Brice,2013-02-24,M,0103,OSSENI Bernice,0167935490
ENR-003276,PP-002449,PASSEPORT,AG014,Abomey-Calavi,2025-12-23,GBAGUIDI,Serge,1995-06-26,M,0302,GLELE Estelle,
ENR-003277,AN-002834,ACTE_NAISSANCE,AG031,Djougou,2025-12-23,VODOUNON,Estelle,1991-09-26,F,0101,DANSOU Flore,0145340128
ENR-003278,AN-002941,ACTE_NAISSANCE,AG001,Cotonou,2025-12-23,TCHIBOZO,Sèmèvo,1949-09-13,F,1208,ZINSOU Salamatou,0118778055
ENR-003279,AN-004378,ACTE_NAISSANCE,AG015,Porto-Novo,2025-12-23,AMOUSSOU,Justin,1982-05-31,M,1105,ZINSOU Salamatou,0177524770
ENR-003280,AN-004674,ACTE_NAISSANCE,AG003,Porto-Novo,2025-12-23,AHOYO,Ulrich,1960-02-13,M,0209,KIKI Gisèle,0186371993
ENR-003281,PP-000927,PASSEPORT,AG034,Kandi,2025-12-24,CODJIA,Sylvie Judith,2006-10-05,F,0702,ADJOVI Chimène,0128326997
ENR-003282,AN-001223,ACTE_NAISSANCE,AG040,Parakou,2025-12-24,KPADONOU,Chimène,1978-12-19,F,1209,AHOUANSOU Espérance,0103586689
ENR-003283,CC-001243,CARTE_CONSULAIRE,AG026,Abomey-Calavi,2025-12-24,DANSOU,Prudence Sènami,1991-02-26,F,0105,NOUATIN Salamatou,
ENR-003284,AN-001283,ACTE_NAISSANCE,AG004,Parakou,2025-12-24,QUENUM,Serge Ulrich,1956-03-09,M,1205,AGBODJAN Rachidatou,0135174564
ENR-003285,AN-001436,ACTE_NAISSANCE,AG007,Djougou,2025-12-24,SAGBO,Prudence Ayaba,1993-01-05,F,0207,ASSOGBA Estelle,0121325367
ENR-003286,AN-001560,ACTE_NAISSANCE,AG026,Abomey-Calavi,2025-12-24,AHOUANSOU,Ulrich Gildas,1986-01-14,M,0501,IDRISSOU Nadège,0109677977
ENR-003287,AN-001982,ACTE_NAISSANCE,AG025,Cotonou,2025-12-24,AHOYO,Bernice,1957-04-20,F,0401,LOKONON Flore,0185145067
ENR-003288,AN-003108,ACTE_NAISSANCE,AG007,Djougou,2025-12-24,VODOUNON,Ghislain,2012-12-01,M,0301,HOUNKPATIN Mariam,0137078599
ENR-003289,AN-003478,ACTE_NAISSANCE,AG035,Dassa-Zoumè,2025-12-24,AHOYO,Mahougnon,1981-06-29,M,1103,NOUATIN Espérance,0141749636
ENR-003290,AN-003593,ACTE_NAISSANCE,AG033,Ouidah,2025-12-24,ASSOGBA,Mahougnon,1980-01-08,M,0505,AMOUSSOU Rosine,
ENR-003291,AN-003752,ACTE_NAISSANCE,AG027,Porto-Novo,2025-12-24,ZINSOU,Romaric,2010-09-06,M,0603,AGBODJAN Sènami,0186264601
ENR-003292,PP-004456,PASSEPORT,AG028,Parakou,2025-12-24,ASSOGBA,Sylvie,1967-05-14,F,0408,BIO Rachidatou,0100522427
ENR-003293,PP-004872,PASSEPORT,AG038,Abomey-Calavi,2025-12-24,TCHIBOZO,Ibrahim Fidèle,1984-12-12,M,0602,GLELE Flore,+229 0142904664
ENR-003294,AN-000069,ACTE_NAISSANCE,AG030,Natitingou,2025-12-24,HOUNSOU,Rodrigue,1992-08-19,M,0603,SOSSOU Chimène,
ENR-003295,AN-000015,ACTE_NAISSANCE,AG039,Porto-Novo,2025-12-25,QUENUM,Prudence,1999-05-13,F,0105,SOULEY Aïcha,0176158464
ENR-003296,AN-000809,ACTE_NAISSANCE,AG033,Ouidah,2025-12-25,ASSOGBA,Comlan,1984-02-16,M,0203,CODJIA Nadège,0166543594
ENR-003297,AN-001275,ACTE_NAISSANCE,AG020,Lokossa,2025-12-25,ADANDE,Gildas,1975-10-13,M,0505,KOUKPAKI Carine,0198587768
ENR-003298,CC-001362,CARTE_CONSULAIRE,AG012,Aplahoué,2025-12-25,kiki,Romaric,1999-02-12,M,1104,AGOSSOU Rosine,
ENR-003299,AN-001437,ACTE_NAISSANCE,AG026,Abomey-Calavi,2025-12-25,ZANNOU,Moussa,1983-04-09,M,1006,TCHIBOZO Nadège,
ENR-003300,AN-002129,ACTE_NAISSANCE,AG024,Aplahoué,2025-12-25,ZINSOU,Chimène,2006-08-30,F,1104,HOUESSOU Sèmèvo,0123627406
ENR-003301,AN-002745,ACTE_NAISSANCE,AG007,Djougou,2025-12-25,ADANDE,Rachid Comlan,1977-10-11,M,0403,NOUATIN Sènami,
ENR-003302,AN-003130,ACTE_NAISSANCE,AG026,Abomey-Calavi,2025-12-25,HOUNSOU,Rodrigue,2004-03-16,M,1208,QUENUM Rosine,0171296239
ENR-003303,AN-003262,ACTE_NAISSANCE,AG027,Porto-Novo,2025-12-25,OSSENI,Gildas Codjo,2009-05-05,M,0302,SOULEY Flore,0161262987
ENR-003304,AN-003927,ACTE_NAISSANCE,AG015,Porto-Novo,2025-12-25,AGOSSOU,Ibrahim Mahougnon,1988-03-22,M,0403,MENSAH Carine,
ENR-003305,AN-004098,ACTE_NAISSANCE,AG007,Djougou,2025-12-25,KOUKPAKI,Moussa,2001-01-15,M,1207,SOULEY Estelle,0187564594
ENR-003306,AN-000062,ACTE_NAISSANCE,AG003,Porto-Novo,2025-12-26,ADJOVI,Yves,1970-05-09,M,0704,IDRISSOU Sèmèvo,0148801564
ENR-003307,PP-001250,PASSEPORT,AG001,Cotonou,2025-12-26,OSSENI,Moussa Ghislain,2007-12-01,M,0408,GBAGUIDI Rosine,0175390474
ENR-003308,AN-001317,ACTE_NAISSANCE,AG027,Porto-Novo,2025-12-26,ZINSOU,Sèmèvo,1961-09-11,F,1102,LOKONON Aïcha,0175988315
ENR-003309,AN-001656,ACTE_NAISSANCE,AG018,Natitingou,2025-12-26,TOSSOU,Carine,1959-03-16,F,1102,BIO Sylvie,0105562553
ENR-003310,AN-001711,ACTE_NAISSANCE,AG011,Dassa-Zoumè,2025-12-26,TCHIBOZO,Mahougnon Gildas,2012-11-18,M,0304,TCHIBOZO Nadège,0135438826
ENR-003311,PP-002152,PASSEPORT,AG040,Parakou,2025-12-26,AHOUANSOU,Ulrich,1956-11-04,M,0702,HOUNSOU Prudence,0151033490
ENR-003312,CC-002819,CARTE_CONSULAIRE,AG015,Porto-Novo,2025-12-26,GBAGUIDI,Ibrahim Arnaud,1952-11-17,M,0904,SAGBO Fatoumata,0192501108
ENR-003313,AN-003689,ACTE_NAISSANCE,AG002,Abomey-Calavi,2025-12-26,VODOUNON,Gisèle Ayaba,1997-11-11,F,0905,AKPOVI Bernice,0169334664
ENR-003314,AN-004258,ACTE_NAISSANCE,AG027,Porto-Novo,2025-12-26,SOSSOU,Judith,2012-05-08,F,0301,MENSAH Nadège,
ENR-003315,AN-004608,ACTE_NAISSANCE,AG021,Ouidah,2025-12-26,ZANNOU,Koffi,1949-10-09,M,0203,GLELE Bernice,0137705967
ENR-003316,AN-000046,ACTE_NAISSANCE,AG001,Cotonou,2025-12-27,BONI,Codjo,2003-06-15,M,0206,AMOUSSOU Espérance,+229 0181792232
ENR-003317,AN-000241,ACTE_NAISSANCE,AG035,Dassa-Zoumè,2025-12-27,AMOUSSOU,Romaric,1997-04-22,M,1103,KPADONOU Sènami,
ENR-003318,CC-000245,CARTE_CONSULAIRE,AG027,Porto-Novo,2025-12-27,TCHIBOZO,Ulrich,1980-10-24,M,0305,QUENUM Chimène,0133879522
ENR-003319,AN-001184,ACTE_NAISSANCE,AG039,Porto-Novo,2025-12-27,TCHIBOZO,Flore,2014-05-21,F,0501,CODJIA Sènami,0132986607
ENR-003320,PP-002019,PASSEPORT,AG009,Ouidah,2025-12-27,HOUESSOU,Moussa,1991-01-18,M,0905,AHOYO Sènami,0113079041
ENR-003321,AN-002435,ACTE_NAISSANCE,AG037,Cotonou,2025-12-27,FASSINOU,Ibrahim Mahougnon,1965-08-21,M,0503,HOUNGBO Gisèle,0126790969
ENR-003322,PP-002462,PASSEPORT,AG009,Ouidah,2025-12-27,DANSOU,Moussa,1972-06-10,M,0904,DANSOU Fatoumata,0112304864
ENR-003323,PP-002645,PASSEPORT,AG022,Kandi,2025-12-27,BONI,Ghislain Codjo,1996-03-24,M,0704,KIKI Gisèle,0166198709
ENR-003324,AN-002895,ACTE_NAISSANCE,AG035,Dassa-Zoumè,2025-12-27,AHOYO,Ulrich,1964-03-16,M,0306,KIKI Espérance,0144604267
ENR-003325,AN-004676,ACTE_NAISSANCE,AG035,Dassa-Zoumè,2025-12-27,FASSINOU,Gildas,1959-10-03,M,0408,LOKONON Fatoumata,0192894672
ENR-003326,AN-004712,ACTE_NAISSANCE,AG025,Cotonou,2025-12-27,DANSOU,Estelle,2011-06-01,F,0102,SOSSOU Estelle,0126795605
ENR-003327,AN-004909,ACTE_NAISSANCE,AG038,Abomey-Calavi,2025-12-27,ASSOGBA,Rosine Nadège,1996-10-21,F,0301,GBAGUIDI Carine,0139752031
ENR-003328,AN-004936,ACTE_NAISSANCE,AG006,Natitingou,2025-12-27,AGBODJAN,Comlan Fidèle,1975-06-25,M,0402,DOSSOU Aïcha,
ENR-003329,AN-000043,ACTE_NAISSANCE,AG024,Aplahoué,2025-12-28,AKPOVI,Flore Sènami,1984-04-16,F,1105,SOSSOU Flore,0191827611
ENR-003330,PP-000121,PASSEPORT,AG037,Cotonou,2025-12-28,agbodjan,Aïcha Estelle,1991-11-23,F,0209,TCHIBOZO Flore,0193832717
ENR-003331,AN-000247,ACTE_NAISSANCE,AG023,Dassa-Zoumè,2025-12-28,TCHIBOZO,Mahougnon Ghislain,1975-09-10,M,0101,OSSENI Nadège,0121208083
ENR-003332,AN-000282,ACTE_NAISSANCE,AG022,Kandi,2025-12-28,SAGBO,Sènami,1978-03-17,F,0209,FASSINOU Carine,0105979804
ENR-003333,AN-000313,ACTE_NAISSANCE,AG039,Porto-Novo,2025-12-28,AHOYO,Fabrice,1984-07-16,M,1202,BONI Estelle,0111974242
ENR-003334,AN-000346,ACTE_NAISSANCE,AG040,Parakou,2025-12-28,ADANDE,Rachid,2005-10-01,M,0502,HOUNSOU Espérance,
ENR-003335,AN-000468,ACTE_NAISSANCE,AG013,Cotonou,2025-12-28,ZINSOU,Romaric,1992-12-21,M,0604,QUENUM Ayaba,0113385402
ENR-003336,CC-000682,CARTE_CONSULAIRE,AG023,Dassa-Zoumè,2025-12-28,AMOUSSOU,Fidèle,1976-06-01,M,1204,KPADONOU Estelle,
ENR-003337,PP-000969,PASSEPORT,AG030,Natitingou,2025-12-28,AGBODJAN,Ulrich,1968-04-18,M,0204,DANSOU Nadège,
ENR-003338,AN-001945,ACTE_NAISSANCE,AG018,Natitingou,2025-12-28,GLELE,Sènami Estelle,1974-05-27,F,1008,OSSENI Sèmèvo,0100471080
ENR-003339,AN-004106,ACTE_NAISSANCE,AG030,Natitingou,2025-12-28,TOGBE,Gildas,1959-11-14,M,0304,YAROU Aïcha,0169349744
ENR-003340,AN-004632,ACTE_NAISSANCE,AG021,Ouidah,2025-12-28,GLELE,Comlan,1999-07-27,M,0903,ZINSOU Rosine,0166995032
ENR-003341,AN-000342,ACTE_NAISSANCE,AG029,Bohicon,2025-12-29,ASSOGBA,Carine,2015-06-23,F,1101,AMOUSSOU Carine,0140396123
ENR-003342,AN-000885,ACTE_NAISSANCE,AG014,Abomey-Calavi,2025-12-29,DOSSOU,Salamatou Bernice,1981-05-13,F,0205,ALLADAYE Salamatou,0159128919
ENR-003343,AN-001831,ACTE_NAISSANCE,AG012,Aplahoué,2025-12-29,IDRISSOU,Judith,2022-12-26,F,1205,IDRISSOU Fatoumata,0101772572
ENR-003344,AN-002508,ACTE_NAISSANCE,AG034,Kandi,2025-12-29,ALLADAYE,Salamatou,1983-07-15,F,0906,TOSSOU Ayaba,0144306534
ENR-003345,AN-002974,ACTE_NAISSANCE,AG034,Kandi,2025-12-29,AKPOVI,Mariam,1992-04-07,F,0502,ASSOGBA Aïcha,
ENR-003346,AN-003272,ACTE_NAISSANCE,AG015,Porto-Novo,2025-12-29,OSSENI,Brice Fidèle,1997-01-12,M,0204,AKPOVI Espérance,0132753668
ENR-003347,AN-003447,ACTE_NAISSANCE,AG020,Lokossa,2025-12-29,IDRISSOU,Flore Mariam,1989-01-08,F,0405,ADANDE Ayaba,0179122382
ENR-003348,AN-004998,ACTE_NAISSANCE,AG033,Ouidah,2025-12-29,GLELE,Codjo,1993-05-01,M,1205,OSSENI Sèmèvo,0102807073
ENR-003349,AN-000553,ACTE_NAISSANCE,AG017,Bohicon,2025-12-30,NOUATIN,Ghislain,1957-09-13,M,0203,LOKONON Chimène,
ENR-003350,CC-001179,CARTE_CONSULAIRE,AG021,Ouidah,2025-12-30,KOUKPAKI,Moussa,1957-06-27,M,0203,GLELE Bernice,0190136886
ENR-003351,AN-001213,ACTE_NAISSANCE,AG026,Abomey-Calavi,2025-12-30,MENSAH,Sèmèvo Rachidatou,1946-05-07,F,1205,MENSAH Estelle,0126312259
ENR-003352,PP-002198,PASSEPORT,AG017,Bohicon,2025-12-30,VODOUNON,Rachidatou,1995-09-26,F,0605,SOSSOU Espérance,0166681286
ENR-003353,PP-003096,PASSEPORT,AG024,Aplahoué,2025-12-30,AHOUANSOU,Sènami,2002-06-03,F,1102,LOKONON Fatoumata,0161925303
ENR-003354,CC-003124,CARTE_CONSULAIRE,AG029,Bohicon,2025-12-30,VODOUNON,Ghislain,1999-06-28,M,0302,GLELE Ayaba,0198689635
ENR-003355,AN-003138,ACTE_NAISSANCE,AG018,Natitingou,2025-12-30,LOKONON,Aïcha,1983-05-17,F,1203,AGOSSOU Estelle,0170165777
ENR-003356,PP-003571,PASSEPORT,AG003,Porto-Novo,2025-12-30,ASSOGBA,Mariam Bernice,2008-06-20,F,0903,CODJIA Fatoumata,0156451533
ENR-003357,AN-004979,ACTE_NAISSANCE,AG003,Porto-Novo,2025-12-30,QUENUM,Mahougnon,1969-12-28,M,0602,VODOUNON Judith,0177744120
ENR-003358,AN-000236,ACTE_NAISSANCE,AG018,Natitingou,2025-12-31,CHABI,Estelle,1990-07-06,F,1104,GLELE Rachidatou,0106778057
ENR-003359,PP-000821,PASSEPORT,AG016,Parakou,2025-12-31,HOUESSOU,Koffi Bienvenu,1994-01-23,M,0701,AMOUSSOU Sènami,
ENR-003360,AN-001425,ACTE_NAISSANCE,AG029,Bohicon,2025-12-31,NOUATIN,Aïcha,1999-09-06,F,1208,CHABI Nadège,0136108690
ENR-003361,AN-002584,ACTE_NAISSANCE,AG005,Bohicon,2025-12-31,TCHIBOZO,Sèmèvo,2004-01-12,F,0103,AHOUANSOU Bernice,0176862255
ENR-003362,AN-002862,ACTE_NAISSANCE,AG015,Porto-Novo,2025-12-31,ALLADAYE,Arnaud,1961-06-10,M,1003,ASSOGBA Salamatou,0108533924
ENR-003363,AN-003328,ACTE_NAISSANCE,AG034,Kandi,2025-12-31,HOUNKPATIN,Sèmèvo Nadège,1994-05-15,F,0406,SAGBO Fatoumata,0179159405
ENR-003364,AN-003634,ACTE_NAISSANCE,AG003,Porto-Novo,2025-12-31,KOUKPAKI,Rachid Justin,1972-09-17,M,0408,AKPOVI Gisèle,0145225696
ENR-003365,AN-003762,ACTE_NAISSANCE,AG005,Bohicon,2025-12-31,ALLADAYE,Ghislain,1941-12-25,M,0501,KOUKPAKI Rosine,0129932297
ENR-003366,AN-004037,ACTE_NAISSANCE,AG015,Porto-Novo,2025-12-31,TOSSOU,Ghislain Romaric,2021-10-31,M,0605,NOUATIN Carine,0126251076
ENR-003367,AN-004792,ACTE_NAISSANCE,AG036,Aplahoué,2025-12-31,SOULEY,Fidèle Rachid,1955-03-25,M,1006,GLELE Aïcha,0174153480
ENR-003368,AN-000270,ACTE_NAISSANCE,AG023,Dassa-Zoumè,2026-01-01,HOUNSOU,Rosine,1997-04-01,F,0605,SOSSOU Espérance,0157423325
ENR-003369,AN-000628,ACTE_NAISSANCE,AG013,Cotonou,2026-01-01,OSSENI,Bienvenu Romaric,1987-02-01,M,0106,YAROU Rosine,0115561776
ENR-003370,AN-000647,ACTE_NAISSANCE,AG021,Ouidah,2026-01-01,ZANNOU,Justin Moussa,1980-07-13,M,0704,GLELE Espérance,0101180274
ENR-003371,AN-000724,ACTE_NAISSANCE,AG019,Djougou,2026-01-01,AGOSSOU,Moussa Ibrahim,1966-11-30,M,0704,BONI Salamatou,0184916601
ENR-003372,PP-001123,PASSEPORT,AG029,Bohicon,2026-01-01,GLELE,Koffi,1993-05-11,M,1204,AGOSSOU Fatoumata,0105868100
ENR-003373,PP-001182,PASSEPORT,AG002,Abomey-Calavi,2026-01-01,ZINSOU,Nadège,1988-01-01,F,1002,GBAGUIDI Sèmèvo,0156618056
ENR-003374,AN-002465,ACTE_NAISSANCE,AG018,Natitingou,2026-01-01,IDRISSOU,Rachidatou,1990-08-18,F,0301,NOUATIN Flore,0120043421
ENR-003375,AN-002875,ACTE_NAISSANCE,AG037,Cotonou,2026-01-01,VODOUNON,Aïcha,1991-03-20,F,0102,CHABI Rosine,
ENR-003376,PP-003327,PASSEPORT,AG021,Ouidah,2026-01-01,AGBODJAN,Romaric Comlan,1982-10-23,M,0106,YAROU Fatoumata,0132998484
ENR-003377,PP-004616,PASSEPORT,AG013,Cotonou,2026-01-01,YAROU,Rachid,1960-11-28,M,0903,QUENUM Nadège,0110185153
ENR-003378,AN-004634,ACTE_NAISSANCE,AG002,Abomey-Calavi,2026-01-01,ADANDE,Fatoumata Judith,1989-11-30,F,0505,LOKONON Rachidatou,0184241332
ENR-003379,AN-000907,ACTE_NAISSANCE,AG012,Aplahoué,2026-01-02,OSSENI,Chimène,1974-06-08,F,0201,HOUNKPATIN Mariam,0108528197
ENR-003380,CC-001231,CARTE_CONSULAIRE,AG025,Cotonou,2026-01-02,DOSSOU,Rachidatou,2005-07-25,F,0905,CODJIA Bernice,0193375366
ENR-003381,PP-001286,PASSEPORT,AG002,Abomey-Calavi,2026-01-02,HOUNSOU,Fatoumata Sènami,2021-12-16,F,0305,NOUATIN Salamatou,0108562894
ENR-003382,PP-001480,PASSEPORT,AG031,Djougou,2026-01-02,DOSSOU,Prudence,1973-01-30,F,0704,OSSENI Sènami,0102804333
ENR-003383,AN-002033,ACTE_NAISSANCE,AG008,Lokossa,2026-01-02,AGBODJAN,Ghislain,1984-01-25,M,1009,AGBODJAN Sylvie,0192534102
ENR-003384,AN-002407,ACTE_NAISSANCE,AG033,Ouidah,2026-01-02,KOUKPAKI,Romaric,1999-07-25,M,0104,ASSOGBA Prudence,
ENR-003385,AN-002740,ACTE_NAISSANCE,AG036,Aplahoué,2026-01-02,NOUATIN,Arnaud,1987-09-21,M,0506,FASSINOU Rosine,0156076202
ENR-003386,AN-002770,ACTE_NAISSANCE,AG015,Porto-Novo,2026-01-02,AGBODJAN,Bernice,1972-02-06,F,1007,SAGBO Espérance,0185292174
ENR-003387,AN-003319,ACTE_NAISSANCE,AG029,Bohicon,2026-01-02,ASSOGBA,Moussa,1987-07-11,M,1007,YAROU Nadège,0176147061
ENR-003388,AN-003722,ACTE_NAISSANCE,AG004,Parakou,2026-01-02,TOSSOU,Rachid,1972-05-07,M,0606,AKPOVI Mariam,0169384544
ENR-003389,AN-003730,ACTE_NAISSANCE,AG005,Bohicon,2026-01-02,HOUNSOU,Gisèle,2005-02-11,F,0307,AMOUSSOU Rosine,0111231827
ENR-003390,AN-001093,ACTE_NAISSANCE,AG005,Bohicon,2026-01-03,GLELE,Espérance,2003-12-18,F,0606,ADJOVI Mariam,0166827703
ENR-003391,AN-001167,ACTE_NAISSANCE,AG034,Kandi,2026-01-03,ADJOVI,Ibrahim Fabrice,2004-10-01,M,0404,TCHIBOZO Sènami,0127790661
ENR-003392,AN-002624,ACTE_NAISSANCE,AG006,Natitingou,2026-01-03,CHABI,Flore,1974-01-08,F,0902,SOULEY Prudence,0170226029
ENR-003393,CC-002663,CARTE_CONSULAIRE,AG032,Lokossa,2026-01-03,ADJOVI,Ghislain Justin,1975-06-26,M,0404,QUENUM Ayaba,0130596752
ENR-003394,CC-002741,CARTE_CONSULAIRE,AG019,Djougou,2026-01-03,AGOSSOU,Ulrich,2006-05-30,M,0408,DANSOU Rachidatou,
ENR-003395,AN-004067,ACTE_NAISSANCE,AG029,Bohicon,2026-01-03,HOUNSOU,Justin,1993-06-29,M,0206,KPADONOU Rosine,0136456180
ENR-003396,AN-000689,ACTE_NAISSANCE,AG032,Lokossa,2026-01-04,CODJIA,Carine,2004-11-19,F,1209,SOULEY Prudence,0191660719
ENR-003397,PP-001315,PASSEPORT,AG040,Parakou,2026-01-04,TOGBE,Serge,2014-09-14,M,0207,KOUKPAKI Flore,0126921072
ENR-003398,AN-001603,ACTE_NAISSANCE,AG025,Cotonou,2026-01-04,SOSSOU,Espérance Aïcha,1999-02-13,F,1207,BIO Prudence,
ENR-003399,AN-001821,ACTE_NAISSANCE,AG017,Bohicon,2026-01-04,SAGBO,Arnaud,1956-11-05,M,0702,HOUESSOU Aïcha,+229 0187339299
ENR-003400,PP-002049,PASSEPORT,AG027,Porto-Novo,2026-01-04,KPADONOU,Codjo,1942-04-06,M,0704,VODOUNON Aïcha,0145195818
ENR-003401,AN-002095,ACTE_NAISSANCE,AG013,Cotonou,2026-01-04,KPADONOU,Chimène,1984-11-02,F,0901,ALLADAYE Carine,0112182074
ENR-003402,AN-002615,ACTE_NAISSANCE,AG010,Kandi,2026-01-04,BIO,Prudence,2001-08-07,F,0505,ZANNOU Prudence,0109161039
ENR-003403,CC-002703,CARTE_CONSULAIRE,AG033,Ouidah,2026-01-04,AKPOVI,Comlan Brice,1974-11-05,M,0102,AHOUANSOU Prudence,0147137658
ENR-003404,AN-003215,ACTE_NAISSANCE,AG021,Ouidah,2026-01-04,FASSINOU,Aïcha,2006-08-02,F,0703,AGOSSOU Mariam,0135031224
ENR-003405,AN-003950,ACTE_NAISSANCE,AG015,Porto-Novo,2026-01-04,IDRISSOU,Rachidatou Sylvie,1998-04-02,F,1007,LOKONON Estelle,0179140094
ENR-003406,AN-004085,ACTE_NAISSANCE,AG013,Cotonou,2026-01-04,AGOSSOU,Nadège,1995-11-06,F,0204,HOUNSOU Fatoumata,0126101714
ENR-003407,PP-004689,PASSEPORT,AG006,Natitingou,2026-01-04,SAGBO,Yves,2007-05-15,M,0605,AMOUSSOU Sènami,0112901536
ENR-003408,AN-004974,ACTE_NAISSANCE,AG004,Parakou,2026-01-04,AGOSSOU,Gisèle Bernice,1997-02-09,F,1208,HOUNGBO Fatoumata,0139077163
ENR-003409,AN-003205,ACTE_NAISSANCE,AG027,Porto-Novo,2026-01-04,ADANDE,Fidèle Koffi,1945-03-03,M,0207,ADANDE Estelle,0104601939
ENR-003410,AN-000130,ACTE_NAISSANCE,AG006,Natitingou,2026-01-05,QUENUM,Serge Arnaud,1983-10-11,M,0307,QUENUM Gisèle,0136138730
ENR-003411,AN-000808,ACTE_NAISSANCE,AG001,Cotonou,2026-01-05,ADANDE,Mahougnon,1974-10-04,M,0208,AGBODJAN Chimène,0195858530
ENR-003412,PP-001868,PASSEPORT,AG026,Abomey-Calavi,2026-01-05,QUENUM,Aïcha,1949-03-13,F,0601,TOSSOU Estelle,
ENR-003413,AN-002989,ACTE_NAISSANCE,AG023,Dassa-Zoumè,2026-01-05,BONI,Prudence,1962-01-13,F,0906,TOGBE Sènami,0186447673
ENR-003414,AN-003126,ACTE_NAISSANCE,AG040,Parakou,2026-01-05,ASSOGBA,Rachidatou,1984-12-22,F,0106,SOULEY Fatoumata,
ENR-003415,AN-004220,ACTE_NAISSANCE,AG003,Porto-Novo,2026-01-05,IDRISSOU,Serge Comlan,1999-08-14,M,0304,ALLADAYE Flore,0198098159
ENR-003416,AN-004295,ACTE_NAISSANCE,AG023,Dassa-Zoumè,2026-01-05,DANSOU,Estelle,1964-09-08,F,0902,HOUNSOU Sèmèvo,
ENR-003417,AN-001415,ACTE_NAISSANCE,AG031,Djougou,2026-01-06,ALLADAYE,Brice,2010-05-22,M,0204,SAGBO Espérance,0161915412
ENR-003418,AN-001686,ACTE_NAISSANCE,AG014,Abomey-Calavi,2026-01-06,QUENUM,Carine Chimène,1983-07-07,F,0306,HOUNKPATIN Nadège,0115498555
ENR-003419,AN-002520,ACTE_NAISSANCE,AG034,Kandi,2026-01-06,ALLADAYE,Sèmèvo Mariam,1997-01-17,F,0404,BIO Mariam,0111320349
ENR-003420,CC-000739,CARTE_CONSULAIRE,AG027,Porto-Novo,2026-01-06,IDRISSOU,Espérance,1979-09-01,F,0104,TCHIBOZO Rosine,0169209253
ENR-003421,AN-000279,ACTE_NAISSANCE,AG025,Cotonou,2026-01-07,SOSSOU,Fatoumata,1988-03-11,F,0503,ASSOGBA Estelle,0130963627
ENR-003422,AN-001768,ACTE_NAISSANCE,AG006,Natitingou,2026-01-07,OSSENI,Bienvenu,1975-10-25,M,1002,AHOYO Estelle,
ENR-003423,AN-001934,ACTE_NAISSANCE,AG039,Porto-Novo,2026-01-07,VODOUNON,Justin Moussa,1962-09-07,M,0201,IDRISSOU Nadege,0159762319
ENR-003424,AN-003119,ACTE_NAISSANCE,AG039,Porto-Novo,2026-01-07,SAGBO,Serge,2019-09-04,M,0203,KPADONOU Rosine,0151632525
ENR-003425,AN-003178,ACTE_NAISSANCE,AG017,Bohicon,2026-01-07,BIO,Mariam,2005-10-09,F,0702,YAROU Mariam,0139662173
ENR-003426,AN-003829,ACTE_NAISSANCE,AG009,Ouidah,2026-01-07,KOUKPAKI,Rachid,1951-05-22,M,0402,DOSSOU Sylvie,0177474389
ENR-003427,AN-004422,ACTE_NAISSANCE,AG011,Dassa-Zoumè,2026-01-07,CODJIA,Gildas,1987-06-22,M,0603,KOUKPAKI Bernice,
ENR-003428,AN-004652,ACTE_NAISSANCE,AG039,Porto-Novo,2026-01-07,TCHIBOZO,Mahougnon,1966-08-31,M,0603,AHOUANSOU Ayaba,0158356964
ENR-003429,CC-000035,CARTE_CONSULAIRE,AG010,Kandi,2026-01-08,BONI,Bernice,1961-12-08,F,0905,TOSSOU Aïcha,0107001594
ENR-003430,AN-000352,ACTE_NAISSANCE,AG022,Kandi,2026-01-08,QUENUM,Arnaud,1970-10-30,M,1004,QUENUM Rachidatou,0132163544
ENR-003431,AN-001327,ACTE_NAISSANCE,AG023,Dassa-Zoumè,2026-01-08,AHOUANSOU,Chimène,1976-02-01,F,1001,CODJIA Estelle,0155302343
ENR-003432,AN-003189,ACTE_NAISSANCE,AG039,Porto-Novo,2026-01-08,BONI,Aïcha,1978-07-12,F,0101,ZANNOU Aïcha,0150033239
ENR-003433,AN-003351,ACTE_NAISSANCE,AG033,Ouidah,2026-01-08,HOUNGBO,Sèmèvo,1987-01-04,F,0102,AKPOVI Estelle,
ENR-003434,PP-000866,PASSEPORT,AG017,Bohicon,2026-01-08,DOSSOU,Ulrich Justin,1997-09-08,M,0701,GBAGUIDI Chimene,0155999765
ENR-003435,PP-001836,PASSEPORT,AG027,Porto-Novo,2026-01-09,AGBODJAN,Comlan Moussa,1973-10-06,M,0904,AGOSSOU Rosine,0199705209
ENR-003436,AN-001875,ACTE_NAISSANCE,AG018,Natitingou,2026-01-09,AGOSSOU,Rachidatou,1963-08-16,F,1101,KPADONOU Nadège,0159714680
ENR-003437,AN-002541,ACTE_NAISSANCE,AG020,Lokossa,2026-01-09,BONI,Ghislain,2013-04-02,M,0304,BIO Prudence,0108434384
ENR-003438,AN-003789,ACTE_NAISSANCE,AG008,Lokossa,2026-01-09,KIKI,Fatoumata,1986-04-07,F,0901,BONI Prudence,0165866670
ENR-003439,PP-004735,PASSEPORT,AG038,Abomey-Calavi,2026-01-09,KIKI,Espérance Fatoumata,1997-04-04,F,0403,BIO Gisèle,0163957560
ENR-003440,AN-001209,ACTE_NAISSANCE,AG002,Abomey-Calavi,2026-01-10,ADANDE,Gildas,1990-06-04,M,1002,OSSENI Judith,0189761689
ENR-003441,PP-002103,PASSEPORT,AG035,Dassa-Zoumè,2026-01-10,KPADONOU,Rosine,1965-11-22,F,0903,ZANNOU Sènami,0177082755
ENR-003442,AN-002593,ACTE_NAISSANCE,AG023,Dassa-Zoumè,2026-01-10,OSSENI,Rosine,2000-06-06,F,0303,KOUKPAKI Estelle,0125997102
ENR-003443,AN-004247,ACTE_NAISSANCE,AG005,Bohicon,2026-01-10,BONI,Ayaba,2004-08-12,F,0307,SOSSOU Mariam,0141505607
ENR-003444,AN-004313,ACTE_NAISSANCE,AG019,Djougou,2026-01-10,AGOSSOU,Nadège Chimène,2005-01-26,F,1204,TOSSOU Nadège,
ENR-003445,PP-004489,PASSEPORT,AG037,Cotonou,2026-01-10,CODJIA,Rachidatou Nadège,2006-03-14,F,0101,HOUESSOU Sèmèvo,0172917310
ENR-003446,AN-004766,ACTE_NAISSANCE,AG022,Kandi,2026-01-10,GLELE,Rachid,1995-01-24,M,0407,SOSSOU Nadège,0163358067
ENR-003447,PP-001027,PASSEPORT,AG003,Porto-Novo,2026-01-11,AMOUSSOU,Flore,1968-01-12,F,0902,AMOUSSOU Judith,0197380172
ENR-003448,CC-002308,CARTE_CONSULAIRE,AG019,Djougou,2026-01-11,BONI,Romaric,2008-07-05,M,0304,SAGBO Rosine,0159976659
ENR-003449,AN-003459,ACTE_NAISSANCE,AG007,Djougou,2026-01-11,KIKI,Esperance,1979-03-27,F,0402,VODOUNON Rachidatou,0181070571
ENR-003450,PP-004109,PASSEPORT,AG002,Abomey-Calavi,2026-01-11,ASSOGBA,Ayaba,1953-04-14,F,1007,DOSSOU Fatoumata,0104019027
ENR-003451,AN-004815,ACTE_NAISSANCE,AG009,Ouidah,2026-01-11,NOUATIN,Rachidatou Chimène,1994-09-06,F,0703,TOSSOU Flore,0173552694
ENR-003452,AN-004869,ACTE_NAISSANCE,AG009,Ouidah,2026-01-11,HOUNSOU,Koffi,1991-10-14,M,0403,HOUNKPATIN Salamatou,0144530525
ENR-003453,PP-000579,PASSEPORT,AG039,Porto-Novo,2026-01-12,OSSENI,Estelle Salamatou,1990-02-02,F,0203,GLELE Sylvie,0128611593
ENR-003454,AN-000830,ACTE_NAISSANCE,AG003,Porto-Novo,2026-01-12,VODOUNON,Sèmèvo,2012-10-25,F,0901,HOUNKPATIN Sènami,
ENR-003455,CC-000991,CARTE_CONSULAIRE,AG011,Dassa-Zoumè,2026-01-12,DOSSOU,Sènami,1973-10-14,F,0304,NOUATIN Bernice,0162325563
ENR-003456,AN-001557,ACTE_NAISSANCE,AG015,Porto-Novo,2026-01-12,ASSOGBA,Gisèle,1986-03-16,F,0905,SOULEY Chimène,0132390605
ENR-003457,CC-002466,CARTE_CONSULAIRE,AG039,Porto-Novo,2026-01-12,AHOUANSOU,Serge Comlan,2016-03-20,M,0504,CHABI Fatoumata,
ENR-003458,AN-002944,ACTE_NAISSANCE,AG036,Aplahoué,2026-01-12,KOUKPAKI,Bienvenu,2001-07-09,M,0606,AHOUANSOU Espérance,0121433484
ENR-003459,AN-003137,ACTE_NAISSANCE,AG009,Ouidah,2026-01-12,ADANDE,Aïcha Judith,1976-11-05,F,0204,IDRISSOU Sèmèvo,0193557666
ENR-003460,AN-003696,ACTE_NAISSANCE,AG031,Djougou,2026-01-12,HOUNSOU,Fatoumata,1964-08-25,F,0506,ADJOVI Judith,0182930228
ENR-003461,AN-003746,ACTE_NAISSANCE,AG024,Aplahoué,2026-01-12,KOUKPAKI,Estelle Bernice,1988-11-13,F,0704,GLELE Nadège,0112802262
ENR-003462,AN-004118,ACTE_NAISSANCE,AG016,Parakou,2026-01-12,DANSOU,Brice,2011-11-06,M,0506,GBAGUIDI Mariam,0117871407
ENR-003463,AN-004302,ACTE_NAISSANCE,AG027,Porto-Novo,2026-01-12,TCHIBOZO,Fidèle,1984-05-15,M,0102,SOSSOU Nadège,0106710093
ENR-003464,AN-004996,ACTE_NAISSANCE,AG003,Porto-Novo,2026-01-12,HOUESSOU,Codjo,2017-12-28,M,0403,MENSAH Mariam,0160355810
ENR-003465,AN-000479,ACTE_NAISSANCE,AG020,Lokossa,2026-01-13,SOSSOU,Prudence,1998-11-26,F,0101,AHOUANSOU Rachidatou,0191743514
ENR-003466,AN-002272,ACTE_NAISSANCE,AG006,Natitingou,2026-01-13,CODJIA,Rosine,1979-08-23,F,1008,KPADONOU Mariam,0171775208
ENR-003467,AN-002299,ACTE_NAISSANCE,AG026,Abomey-Calavi,2026-01-13,SOSSOU,Bienvenu,1992-10-28,M,1204,AKPOVI Nadege,0154052144
ENR-003468,CC-002497,CARTE_CONSULAIRE,AG021,Ouidah,2026-01-13,hounkpatin,Fidèle Fabrice,1998-01-29,M,0503,AGBODJAN Aïcha,0169668295
ENR-003469,AN-003107,ACTE_NAISSANCE,AG018,Natitingou,2026-01-13,MENSAH,Rachid,1978-02-25,M,0105,DANSOU Fatoumata,0139622572
ENR-003470,CC-003212,CARTE_CONSULAIRE,AG010,Kandi,2026-01-13,HOUNKPATIN,Justin,1970-08-26,M,1002,YAROU Rachidatou,0160111675
ENR-003471,AN-004486,ACTE_NAISSANCE,AG010,Kandi,2026-01-13,YAROU,Judith Prudence,1964-04-12,F,1002,ADANDE Sènami,0198125675
ENR-003472,AN-004905,ACTE_NAISSANCE,AG023,Dassa-Zoumè,2026-01-13,BONI,Rosine Nadège,1996-11-10,F,1202,HOUNSOU Mariam,0128790336
ENR-003473,AN-003848,ACTE_NAISSANCE,AG003,Porto-Novo,2026-01-13,HOUNGBO,Rachid,2007-01-24,M,1202,SAGBO Nadège,0141847314
ENR-003474,AN-001438,ACTE_NAISSANCE,AG028,Parakou,2026-01-14,QUENUM,Arnaud,1962-09-23,M,0204,ASSOGBA Chimène,0133393436
ENR-003475,AN-001896,ACTE_NAISSANCE,AG012,Aplahoué,2026-01-14,YAROU,Gisèle,1987-07-21,F,0209,SAGBO Estelle,0163090608
ENR-003476,AN-002141,ACTE_NAISSANCE,AG023,Dassa-Zoumè,2026-01-14,SOSSOU,Sènami Sèmèvo,1988-03-01,F,0505,KPADONOU Prudence,0150024950
ENR-003477,AN-002464,ACTE_NAISSANCE,AG006,Natitingou,2026-01-14,DANSOU,Mariam,2024-08-28,F,0603,MENSAH Estelle,0161294890
ENR-003478,PP-002928,PASSEPORT,AG036,Aplahoué,2026-01-14,BONI,Bernice Rachidatou,1990-09-02,F,0904,YAROU Sèmèvo,
ENR-003479,AN-003213,ACTE_NAISSANCE,AG026,Abomey-Calavi,2026-01-14,LOKONON,Koffi,1959-09-15,M,1002,MENSAH Estelle,
ENR-003480,CC-004450,CARTE_CONSULAIRE,AG029,Bohicon,2026-01-14,BONI,Gisèle,1984-03-04,F,0402,SOSSOU Aïcha,0105505787
ENR-003481,AN-004891,ACTE_NAISSANCE,AG022,Kandi,2026-01-14,IDRISSOU,Rachidatou,2004-10-21,F,0604,AKPOVI Sèmèvo,0165914936
ENR-003482,AN-004968,ACTE_NAISSANCE,AG013,Cotonou,2026-01-14,MENSAH,Carine,1972-07-08,F,0905,YAROU Salamatou,0126364016
ENR-003483,AN-001930,ACTE_NAISSANCE,AG014,Abomey-Calavi,2026-01-15,SOULEY,Gisèle Espérance,1960-09-18,F,0703,AGBODJAN Rachidatou,0173679321
ENR-003484,PP-002409,PASSEPORT,AG033,Ouidah,2026-01-15,NOUATIN,Espérance,2004-04-15,F,0602,ZANNOU Gisèle,0117817860
ENR-003485,AN-003536,ACTE_NAISSANCE,AG006,Natitingou,2026-01-15,YAROU,Justin,1979-02-04,M,1101,LOKONON Fatoumata,0126927392
ENR-003486,AN-003604,ACTE_NAISSANCE,AG013,Cotonou,2026-01-15,DOSSOU,Gisèle,1964-08-01,F,0305,AGBODJAN Flore,0179679849
ENR-003487,AN-003630,ACTE_NAISSANCE,AG024,Aplahoué,2026-01-15,AGBODJAN,Sèmèvo Prudence,1978-09-26,F,1206,VODOUNON Chimène,0135179120
ENR-003488,AN-004093,ACTE_NAISSANCE,AG032,Lokossa,2026-01-15,VODOUNON,Moussa Bienvenu,1980-10-04,M,0606,ASSOGBA Flore,0183819380
ENR-003489,AN-004329,ACTE_NAISSANCE,AG001,Cotonou,2026-01-15,KIKI,Justin,1980-01-03,M,1003,KPADONOU Rachidatou,0156881381
ENR-003490,CC-004758,CARTE_CONSULAIRE,AG007,Djougou,2026-01-15,KIKI,Salamatou,1986-05-17,F,1209,ASSOGBA Gisèle,0118099260
ENR-003491,AN-004821,ACTE_NAISSANCE,AG039,Porto-Novo,2026-01-15,AGOSSOU,Rachidatou,1947-07-12,F,0604,FASSINOU Nadège,0171073111
ENR-003492,CC-000105,CARTE_CONSULAIRE,AG012,Aplahoué,2026-01-16,KPADONOU,Ayaba Judith,1980-02-19,F,0801,TOSSOU Mariam,
ENR-003493,AN-000113,ACTE_NAISSANCE,AG011,Dassa-Zoumè,2026-01-16,AGBODJAN,Nadège,1990-07-24,F,0905,NOUATIN Estelle,0169814331
ENR-003494,AN-000174,ACTE_NAISSANCE,AG039,Porto-Novo,2026-01-16,KPADONOU,Bernice,1998-10-28,F,1105,AHOYO Nadège,0189322693
ENR-003495,PP-000580,PASSEPORT,AG019,Djougou,2026-01-16,AKPOVI,Brice,1976-12-12,M,1002,SOSSOU Estelle,0130136132
ENR-003496,AN-000701,ACTE_NAISSANCE,AG028,Parakou,2026-01-16,BONI,Aïcha Ayaba,2015-08-29,F,0603,TCHIBOZO Gisèle,0129024176
ENR-003497,CC-000887,CARTE_CONSULAIRE,AG008,Lokossa,2026-01-16,VODOUNON,Chimène,1965-08-15,F,0904,AHOYO Nadège,0145717272
ENR-003498,AN-001306,ACTE_NAISSANCE,AG021,Ouidah,2026-01-16,GBAGUIDI,Moussa Codjo,2018-01-17,M,0208,BIO Fatoumata,0114843143
ENR-003499,AN-002107,ACTE_NAISSANCE,AG033,Ouidah,2026-01-16,HOUNKPATIN,Flore Mariam,2014-06-09,F,0201,GLELE Chimène,0164446155
ENR-003500,PP-002474,PASSEPORT,AG010,Kandi,2026-01-16,SOSSOU,Ghislain,1971-01-24,M,0207,HOUNKPATIN Prudence,0170398878
ENR-003501,AN-002826,ACTE_NAISSANCE,AG033,Ouidah,2026-01-16,YAROU,Sylvie Estelle,2000-09-18,F,0405,SAGBO Judith,0153893126
ENR-003502,CC-003044,CARTE_CONSULAIRE,AG004,Parakou,2026-01-16,CHABI,Estelle,1967-02-02,F,1201,SAGBO Rosine,
ENR-003503,PP-003453,PASSEPORT,AG028,Parakou,2026-01-16,OSSENI,Rachid,1986-11-15,M,0204,AMOUSSOU Rosine,0190695582
ENR-003504,PP-003928,PASSEPORT,AG020,Lokossa,2026-01-16,SOULEY,Ayaba,1996-05-14,F,0407,AGBODJAN Fatoumata,
ENR-003505,AN-003949,ACTE_NAISSANCE,AG011,Dassa-Zoumè,2026-01-16,KPADONOU,Gildas Ghislain,1987-10-23,M,0801,SOSSOU Rachidatou,0129772395
ENR-003506,AN-004570,ACTE_NAISSANCE,AG004,Parakou,2026-01-16,CODJIA,Judith,1988-11-28,F,0306,TCHIBOZO Aïcha,
ENR-003507,AN-004711,ACTE_NAISSANCE,AG040,Parakou,2026-01-16,NOUATIN,Fatoumata,2007-06-30,F,1206,YAROU Sylvie,0176092284
ENR-003508,AN-004794,ACTE_NAISSANCE,AG009,Ouidah,2026-01-16,souley,Espérance Nadège,1996-02-14,F,0304,AGOSSOU Espérance,0174096442
ENR-003509,AN-000719,ACTE_NAISSANCE,AG010,Kandi,2026-01-17,NOUATIN,Gisèle Ayaba,2006-04-14,F,0205,CODJIA Fatoumata,0157456847
ENR-003510,AN-000967,ACTE_NAISSANCE,AG032,Lokossa,2026-01-17,ZANNOU,Arnaud,1990-10-04,M,0106,BIO Salamatou,0118193152
ENR-003511,AN-001958,ACTE_NAISSANCE,AG017,Bohicon,2026-01-17,KPADONOU,Rachid,1984-10-25,M,0604,KPADONOU Nadège,
ENR-003512,CC-002746,CARTE_CONSULAIRE,AG002,Abomey-Calavi,2026-01-17,MENSAH,Ayaba,2004-06-01,F,1203,AGOSSOU Judith,0111603975
ENR-003513,AN-002764,ACTE_NAISSANCE,AG037,Cotonou,2026-01-17,KPADONOU,Espérance,1953-06-12,F,1201,ZANNOU Estelle,0176611515
ENR-003514,AN-003603,ACTE_NAISSANCE,AG006,Natitingou,2026-01-17,ADJOVI,Gisèle,1985-02-01,F,1209,HOUNKPATIN Salamatou,0185178333
ENR-003515,AN-003707,ACTE_NAISSANCE,AG040,Parakou,2026-01-17,GLELE,Justin,1956-05-03,M,0303,KOUKPAKI Fatoumata,0109370462
ENR-003516,PP-004097,PASSEPORT,AG037,Cotonou,2026-01-17,CODJIA,Brice,1998-07-26,M,0203,HOUNKPATIN Sèmèvo,0133008333
ENR-003517,AN-004229,ACTE_NAISSANCE,AG025,Cotonou,2026-01-17,CODJIA,Ulrich Mahougnon,1990-12-19,M,0401,KPADONOU Bernice,
ENR-003518,CC-004373,CARTE_CONSULAIRE,AG004,Parakou,2026-01-17,BONI,Romaric,2009-12-07,M,1002,TOSSOU Prudence,0136876404
ENR-003519,AN-004641,ACTE_NAISSANCE,AG011,Dassa-Zoumè,2026-01-17,SAGBO,Romaric,2000-11-06,M,0306,ADJOVI Prudence,0193772511
ENR-003520,AN-000141,ACTE_NAISSANCE,AG020,Lokossa,2026-01-18,CHABI,Ghislain,1997-08-13,M,0605,SOSSOU Sèmèvo,0126001202
ENR-003521,AN-000212,ACTE_NAISSANCE,AG028,Parakou,2026-01-18,AGOSSOU,Moussa,2007-05-10,M,0308,FASSINOU Rosine,0184768424
ENR-003522,PP-000285,PASSEPORT,AG032,Lokossa,2026-01-18,ZANNOU,Bienvenu,1967-11-10,M,0301,ASSOGBA Fatoumata,0165118580
ENR-003523,AN-000562,ACTE_NAISSANCE,AG034,Kandi,2026-01-18,KOUKPAKI,Brice Comlan,1947-02-10,M,0301,HOUNSOU Ayaba,0197742426
ENR-003524,AN-001158,ACTE_NAISSANCE,AG012,Aplahoué,2026-01-18,ZINSOU,Mahougnon,1984-06-06,M,1009,QUENUM Bernice,
ENR-003525,AN-001839,ACTE_NAISSANCE,AG003,Porto-Novo,2026-01-18,GLELE,Yves,1991-06-28,M,0408,ZINSOU Estelle,0160240445
ENR-003526,AN-002399,ACTE_NAISSANCE,AG028,Parakou,2026-01-18,IDRISSOU,Codjo Fidèle,1971-11-15,M,1206,AGBODJAN Flore,0134846563
ENR-003527,PP-002446,PASSEPORT,AG002,Abomey-Calavi,2026-01-18,MENSAH,Sylvie,1991-01-31,F,1206,SAGBO Espérance,0178835187
ENR-003528,CC-002830,CARTE_CONSULAIRE,AG003,Porto-Novo,2026-01-18,HOUNSOU,Fatoumata Rachidatou,1981-05-29,F,0207,GBAGUIDI Sylvie,0117732717
ENR-003529,PP-003015,PASSEPORT,AG021,Ouidah,2026-01-18,ASSOGBA,Nadège,1981-01-04,F,1001,YAROU Estelle,
ENR-003530,CC-003079,CARTE_CONSULAIRE,AG028,Parakou,2026-01-18,ALLADAYE,Ibrahim Fabrice,1978-06-25,M,0605,KOUKPAKI Judith,0106494258
ENR-003531,AN-004997,ACTE_NAISSANCE,AG002,Abomey-Calavi,2026-01-18,SAGBO,Bienvenu,1986-12-06,M,0403,ADANDE Sylvie,0180187044
ENR-003532,CC-000094,CARTE_CONSULAIRE,AG034,Kandi,2026-01-19,KPADONOU,Judith Rosine,1970-12-06,F,0401,ZANNOU Nadège,0163787760
ENR-003533,AN-001053,ACTE_NAISSANCE,AG019,Djougou,2026-01-19,ZINSOU,Romaric,2001-06-26,M,0701,GBAGUIDI Gisèle,0111804796
ENR-003534,AN-001475,ACTE_NAISSANCE,AG039,Porto-Novo,2026-01-19,codjia,Flore,2009-08-11,F,0602,ALLADAYE Bernice,
ENR-003535,AN-003578,ACTE_NAISSANCE,AG026,Abomey-Calavi,2026-01-19,LOKONON,Gildas,1945-01-16,M,0105,KPADONOU Sèmèvo,0124471915
ENR-003536,AN-004568,ACTE_NAISSANCE,AG018,Natitingou,2026-01-19,SAGBO,Rachid Fidèle,1965-10-30,M,0603,TCHIBOZO Gisèle,0111502716
ENR-003537,CC-000826,CARTE_CONSULAIRE,AG011,Dassa-Zoumè,2026-01-20,FASSINOU,Rachid Bienvenu,2002-04-06,M,1104,YAROU Nadège,0160700223
ENR-003538,AN-001195,ACTE_NAISSANCE,AG025,Cotonou,2026-01-20,SOSSOU,Sylvie Salamatou,2014-10-21,F,1004,AKPOVI Mariam,0171638640
ENR-003539,AN-001249,ACTE_NAISSANCE,AG038,Abomey-Calavi,2026-01-20,CODJIA,Sènami,1983-09-28,F,0102,GLELE Judith,0186711370
ENR-003540,CC-002640,CARTE_CONSULAIRE,AG004,Parakou,2026-01-20,GLELE,Aïcha,2006-06-20,F,0102,LOKONON Espérance,0125713184
ENR-003541,AN-002924,ACTE_NAISSANCE,AG038,Abomey-Calavi,2026-01-20,SOULEY,Codjo,1995-12-05,M,0801,DANSOU Mariam,0163340555
ENR-003542,AN-003726,ACTE_NAISSANCE,AG023,Dassa-Zoumè,2026-01-20,ADANDE,Espérance,2014-06-12,F,0404,KPADONOU Aïcha,0146650907
ENR-003543,AN-004667,ACTE_NAISSANCE,AG015,Porto-Novo,2026-01-20,CODJIA,Nadège,1947-06-18,F,0208,ADANDE Gisèle,
ENR-003544,CC-001159,CARTE_CONSULAIRE,AG022,Kandi,2026-01-21,NOUATIN,Rosine,1995-07-07,F,1204,KPADONOU Prudence,0141707963
ENR-003545,AN-001279,ACTE_NAISSANCE,AG030,Natitingou,2026-01-21,HOUESSOU,Chimène,1979-05-23,F,0905,BIO Salamatou,0167250431
ENR-003546,AN-001941,ACTE_NAISSANCE,AG036,Aplahoué,2026-01-21,KOUKPAKI,Justin,1978-02-06,M,0903,ZINSOU Ayaba,0154147375
ENR-003547,AN-003332,ACTE_NAISSANCE,AG038,Abomey-Calavi,2026-01-21,AMOUSSOU,Fabrice,1989-02-02,M,0405,ZINSOU Judith,0129797112
ENR-003548,PP-004946,PASSEPORT,AG011,Dassa-Zoumè,2026-01-21,LOKONON,Mahougnon,1977-05-19,M,1103,AMOUSSOU Fatoumata,0195176006
ENR-003549,AN-000039,ACTE_NAISSANCE,AG006,Natitingou,2026-01-22,DOSSOU,Ibrahim,1983-04-05,M,1204,SAGBO Chimène,0158881440
ENR-003550,AN-000055,ACTE_NAISSANCE,AG032,Lokossa,2026-01-22,AHOUANSOU,Gisèle,1998-01-15,F,0408,HOUNSOU Sylvie,0172683508
ENR-003551,CC-000381,CARTE_CONSULAIRE,AG016,Parakou,2026-01-22,MENSAH,Fabrice,1985-11-23,M,0703,AMOUSSOU Salamatou,0168881044
ENR-003552,AN-000608,ACTE_NAISSANCE,AG035,Dassa-Zoumè,2026-01-22,NOUATIN,Romaric Ulrich,2012-10-10,M,0603,IDRISSOU Ayaba,0117870587
ENR-003553,AN-001638,ACTE_NAISSANCE,AG030,Natitingou,2026-01-22,AHOUANSOU,Mariam,2003-12-21,F,1103,IDRISSOU Fatoumata,0198108969
ENR-003554,AN-001812,ACTE_NAISSANCE,AG014,Abomey-Calavi,2026-01-22,GBAGUIDI,Esperance Bernice,1996-01-11,F,0102,FASSINOU Mariam,
ENR-003555,PP-002596,PASSEPORT,AG001,Cotonou,2026-01-22,ALLADAYE,Ibrahim,1986-03-21,M,0403,AHOYO Rachidatou,0172353978
ENR-003556,AN-003708,ACTE_NAISSANCE,AG024,Aplahoué,2026-01-22,CODJIA,Sylvie,1974-04-19,F,0205,BIO Fatoumata,+2290153932564
ENR-003557,AN-004300,ACTE_NAISSANCE,AG037,Cotonou,2026-01-22,HOUNGBO,Estelle,2009-02-23,F,1003,AHOUANSOU Sènami,0173144173
ENR-003558,AN-004303,ACTE_NAISSANCE,AG024,Aplahoué,2026-01-22,AGBODJAN,Sèmèvo Carine,1956-09-02,F,0906,ALLADAYE Flore,0157392620
ENR-003559,PP-004511,PASSEPORT,AG015,Porto-Novo,2026-01-22,ZANNOU,Aïcha,1997-02-16,F,0906,SAGBO Mariam,0163075099
ENR-003560,AN-000112,ACTE_NAISSANCE,AG012,Aplahoué,2026-01-23,BIO,Bernice Espérance,1996-05-08,F,1002,KPADONOU Aïcha,01 56 18 63 40
ENR-003561,AN-000390,ACTE_NAISSANCE,AG010,Kandi,2026-01-23,YAROU,Mariam,1970-10-14,F,1208,SOSSOU Rachidatou,0190656437
ENR-003562,AN-001131,ACTE_NAISSANCE,AG003,Porto-Novo,2026-01-23,AHOUANSOU,Rosine,1965-11-14,F,0702,DANSOU Rosine,0126536242
ENR-003563,AN-002012,ACTE_NAISSANCE,AG008,Lokossa,2026-01-23,AGBODJAN,Mariam Sylvie,2002-10-19,F,0602,OSSENI Prudence,0196855219
ENR-003564,PP-003089,PASSEPORT,AG028,Parakou,2026-01-23,IDRISSOU,Fatoumata,1963-06-09,F,0209,AGOSSOU Mariam,0140433241
ENR-003565,PP-003813,PASSEPORT,AG036,Aplahoué,2026-01-23,AGOSSOU,Judith Flore,1988-11-30,F,0202,CHABI Aïcha,0196229754
ENR-003566,PP-004061,PASSEPORT,AG039,Porto-Novo,2026-01-23,MENSAH,Salamatou Mariam,1961-03-23,F,1102,KPADONOU Rachidatou,0100206398
ENR-003567,PP-004204,PASSEPORT,AG003,Porto-Novo,2026-01-23,ALLADAYE,Judith,1968-05-04,F,0301,YAROU Mariam,0154058067
ENR-003568,AN-004736,ACTE_NAISSANCE,AG017,Bohicon,2026-01-23,FASSINOU,Aïcha,1967-10-31,F,1208,ADANDE Rachidatou,0187395844
ENR-003569,PP-000709,PASSEPORT,AG013,Cotonou,2026-01-24,SAGBO,Koffi,1950-05-04,M,0904,HOUNKPATIN Chimène,0108088676
ENR-003570,PP-001394,PASSEPORT,AG003,Porto-Novo,2026-01-24,HOUNSOU,Sèmèvo,1945-10-18,F,0905,BONI Espérance,0142763812
ENR-003571,AN-002040,ACTE_NAISSANCE,AG034,Kandi,2026-01-24,YAROU,Justin Rachid,1947-09-11,M,0606,ADANDE Rosine,0195556961
ENR-003572,AN-003940,ACTE_NAISSANCE,AG016,Parakou,2026-01-24,SAGBO,Fidèle,1989-10-24,M,0103,HOUNSOU Nadège,0167887544
ENR-003573,CC-004544,CARTE_CONSULAIRE,AG031,Djougou,2026-01-24,AGOSSOU,Rachid,1990-07-01,M,0407,MENSAH Sèmèvo,0122020263
ENR-003574,AN-004693,ACTE_NAISSANCE,AG031,Djougou,2026-01-24,DOSSOU,Aïcha Estelle,1956-07-18,F,0305,ZINSOU Fatoumata,0169332061
ENR-003575,AN-000875,ACTE_NAISSANCE,AG036,Aplahoué,2026-01-25,QUENUM,Carine,2018-01-26,F,0404,KIKI Gisèle,0138530889
ENR-003576,AN-001493,ACTE_NAISSANCE,AG026,Abomey-Calavi,2026-01-25,DANSOU,Estelle Judith,2007-09-11,F,0103,VODOUNON Chimène,0107737507
ENR-003577,CC-002096,CARTE_CONSULAIRE,AG036,Aplahoué,2026-01-25,ADANDE,Carine,1970-07-22,F,0902,KPADONOU Judith,0118207474
ENR-003578,AN-002253,ACTE_NAISSANCE,AG013,Cotonou,2026-01-25,DANSOU,Rachid,1998-05-07,M,0205,HOUNKPATIN Mariam,
ENR-003579,AN-002304,ACTE_NAISSANCE,AG003,Porto-Novo,2026-01-25,SOSSOU,Sylvie Gisèle,1989-10-26,F,0307,YAROU Nadège,0104482894
ENR-003580,AN-003180,ACTE_NAISSANCE,AG020,Lokossa,2026-01-25,AKPOVI,Espérance,1994-10-28,F,0208,AHOYO Rachidatou,0168173193
ENR-003581,AN-003869,ACTE_NAISSANCE,AG033,Ouidah,2026-01-25,AHOYO,Romaric,1994-05-22,M,0402,DANSOU Sèmèvo,0174889784
ENR-003582,AN-004116,ACTE_NAISSANCE,AG010,Kandi,2026-01-25,ALLADAYE,Carine Estelle,1992-01-27,F,0207,QUENUM Flore,
ENR-003583,CC-000932,CARTE_CONSULAIRE,AG007,Djougou,2026-01-26,HOUNSOU,Arnaud Bienvenu,1968-12-30,M,0702,QUENUM Ayaba,0164845215
ENR-003584,AN-001909,ACTE_NAISSANCE,AG017,Bohicon,2026-01-26,BONI,Arnaud,2011-12-07,M,0304,DOSSOU Gisèle,0118275604
ENR-003585,AN-002235,ACTE_NAISSANCE,AG040,Parakou,2026-01-26,AKPOVI,Romaric,1988-09-30,M,0406,AGOSSOU Aïcha,0100217007
ENR-003586,AN-002892,ACTE_NAISSANCE,AG016,Parakou,2026-01-26,HOUESSOU,Koffi,1966-02-05,M,1102,IDRISSOU Gisèle,0190489587
ENR-003587,AN-003260,ACTE_NAISSANCE,AG031,Djougou,2026-01-26,QUENUM,Rosine,2000-01-29,F,0203,CODJIA Estelle,0113034918
ENR-003588,AN-003358,ACTE_NAISSANCE,AG010,Kandi,2026-01-26,HOUNGBO,Koffi,1965-05-16,M,0901,HOUNSOU Carine,0180556829
ENR-003589,PP-003418,PASSEPORT,AG007,Djougou,2026-01-26,AKPOVI,Sylvie,2010-11-26,F,1209,AHOUANSOU Nadège,0102570517
ENR-003590,CC-003532,CARTE_CONSULAIRE,AG033,Ouidah,2026-01-26,SOULEY,Comlan Bienvenu,1997-10-11,M,0601,DANSOU Fatoumata,0173775986
ENR-003591,AN-004770,ACTE_NAISSANCE,AG030,Natitingou,2026-01-26,AHOUANSOU,Gildas,1986-12-28,M,0206,ALLADAYE Espérance,0115245863
ENR-003592,PP-004898,PASSEPORT,AG023,Dassa-Zoumè,2026-01-26,KIKI,Chimène Bernice,1984-08-08,F,1101,LOKONON Sènami,0107714181
ENR-003593,AN-000111,ACTE_NAISSANCE,AG034,Kandi,2026-01-27,MENSAH,Rosine Nadège,1981-06-25,F,0604,AHOUANSOU Salamatou,0142474480
ENR-003594,PP-000981,PASSEPORT,AG030,Natitingou,2026-01-27,ZINSOU,Sèmèvo Carine,2006-05-28,F,0901,TOSSOU Flore,0167993190
ENR-003595,AN-001178,ACTE_NAISSANCE,AG020,Lokossa,2026-01-27,VODOUNON,  Brice ,1998-07-26,M,0801,SAGBO Mariam,
ENR-003596,AN-002187,ACTE_NAISSANCE,AG016,Parakou,2026-01-27,LOKONON,Moussa,1961-03-27,M,1203,CHABI Ayaba,0106203931
ENR-003597,PP-002410,PASSEPORT,AG032,Lokossa,2026-01-27,GLELE,Ibrahim,1985-10-07,M,0308,BIO Chimène,
ENR-003598,CC-003683,CARTE_CONSULAIRE,AG012,Aplahoué,2026-01-27,IDRISSOU,Aïcha Sèmèvo,2010-05-25,F,1201,ADANDE Mariam,0161024416
ENR-003599,CC-004402,CARTE_CONSULAIRE,AG013,Cotonou,2026-01-27,KOUKPAKI,Gisèle,1984-08-18,F,1005,BIO Ayaba,0181705535
ENR-003600,PP-004654,PASSEPORT,AG018,Natitingou,2026-01-27,BIO,Espérance Nadège,2018-08-22,F,0407,TOGBE Sylvie,0109806745
ENR-003601,AN-004725,ACTE_NAISSANCE,AG039,Porto-Novo,2026-01-27,NOUATIN,Moussa Comlan,1969-10-17,M,1204,IDRISSOU Mariam,0166508173
ENR-003602,AN-004812,ACTE_NAISSANCE,AG039,Porto-Novo,2026-01-27,ADANDE,Espérance,2008-11-03,F,0209,ZINSOU Sylvie,0142684628
ENR-003603,AN-000155,ACTE_NAISSANCE,AG033,Ouidah,2026-01-28,HOUNKPATIN,Fidèle,1980-11-12,M,0404,AKPOVI Aïcha,0132716339
ENR-003604,AN-001378,ACTE_NAISSANCE,AG037,Cotonou,2026-01-28,TOSSOU,Mariam,1976-09-19,F,0701,ZANNOU Prudence,0141197819
ENR-003605,CC-001633,CARTE_CONSULAIRE,AG017,Bohicon,2026-01-28,KIKI,Fidèle,1959-01-09,M,0506,GLELE Gisèle,0156456676
ENR-003606,AN-001737,ACTE_NAISSANCE,AG010,Kandi,2026-01-28,OSSENI,Espérance,1972-01-19,F,1209,SOULEY Sèmèvo,0160169413
ENR-003607,PP-002094,PASSEPORT,AG030,Natitingou,2026-01-28,IDRISSOU,Bernice,1991-01-31,F,0407,ALLADAYE Espérance,0167245287
ENR-003608,CC-002343,CARTE_CONSULAIRE,AG032,Lokossa,2026-01-28,MENSAH,Justin,2008-01-16,M,0904,DANSOU Sèmèvo,0140868125
ENR-003609,AN-002801,ACTE_NAISSANCE,AG028,Parakou,2026-01-28,DANSOU,Serge Koffi,1978-08-23,M,0602,MENSAH Rosine,0194325079
ENR-003610,AN-002981,ACTE_NAISSANCE,AG021,Ouidah,2026-01-28,HOUESSOU,Koffi Mahougnon,1999-04-30,M,0605,GLELE Fatoumata,0132090022
ENR-003611,AN-002986,ACTE_NAISSANCE,AG040,Parakou,2026-01-28,SOSSOU,Nadège Ayaba,1992-06-14,F,0402,AMOUSSOU Ayaba,0145679502
ENR-003612,AN-003402,ACTE_NAISSANCE,AG005,Bohicon,2026-01-28,AKPOVI,Yves Serge,1978-08-30,M,0503,FASSINOU Espérance,0149905233
ENR-003613,AN-003483,ACTE_NAISSANCE,AG002,Abomey-Calavi,2026-01-28,TCHIBOZO,Mariam Gisèle,1995-09-03,F,0208,AHOYO Sylvie,0180272551
ENR-003614,AN-004027,ACTE_NAISSANCE,AG016,Parakou,2026-01-28,HOUNSOU,Nadège,1998-07-16,F,1006,DOSSOU Rosine,0160640443
ENR-003615,CC-004578,CARTE_CONSULAIRE,AG004,Parakou,2026-01-28,AHOYO,Rachid Koffi,2002-07-28,M,1202,FASSINOU Salamatou,0194476278
ENR-003616,AN-000088,ACTE_NAISSANCE,AG030,Natitingou,2026-01-29,AGOSSOU,Ghislain,1984-06-30,M,1007,HOUESSOU Carine,+2290108219612
ENR-003617,AN-000620,ACTE_NAISSANCE,AG003,Porto-Novo,2026-01-29,KOUKPAKI,Mahougnon,2009-02-25,M,0307,AKPOVI Nadège,0170656175
ENR-003618,AN-000822,ACTE_NAISSANCE,AG035,Dassa-Zoumè,2026-01-29,HOUNGBO,Comlan,2009-12-03,M,1203,TOGBE Fatoumata,0174856660
ENR-003619,AN-001846,ACTE_NAISSANCE,AG031,Djougou,2026-01-29,HOUESSOU,Koffi,2011-11-26,M,0501,KOUKPAKI Mariam,01 82 26 16 90
ENR-003620,AN-002378,ACTE_NAISSANCE,AG010,Kandi,2026-01-29,SAGBO,Codjo Ibrahim,1991-08-31,M,1008,HOUNGBO Prudence,0176663809
ENR-003621,PP-002447,PASSEPORT,AG038,Abomey-Calavi,2026-01-29,SOSSOU,Mariam Espérance,1982-01-30,F,0104,KIKI Fatoumata,0108461211
ENR-003622,AN-002743,ACTE_NAISSANCE,AG024,Aplahoué,2026-01-29,KPADONOU,Bernice,1970-02-10,F,0506,ZINSOU Prudence,0138233132
ENR-003623,AN-002923,ACTE_NAISSANCE,AG039,Porto-Novo,2026-01-29,HOUNGBO,Flore Espérance,2007-05-16,F,0103,HOUNGBO Sènami,0102303545
ENR-003624,PP-003104,PASSEPORT,AG023,Dassa-Zoumè,2026-01-29,AHOYO,Brice Arnaud,1972-06-03,M,0903,GLELE Estelle,0134140776
ENR-003625,AN-003120,ACTE_NAISSANCE,AG008,Lokossa,2026-01-29,ASSOGBA,Sènami Salamatou,1995-08-03,F,0302,MENSAH Gisèle,0195845251
ENR-003626,AN-003224,ACTE_NAISSANCE,AG035,Dassa-Zoumè,2026-01-29,GBAGUIDI,Gisèle,1965-05-19,F,1001,YAROU Fatoumata,0152314652
ENR-003627,AN-003852,ACTE_NAISSANCE,AG029,Bohicon,2026-01-29,HOUNKPATIN,Romaric,1977-05-24,M,0906,ADANDE Nadège,
ENR-003628,AN-004096,ACTE_NAISSANCE,AG025,Cotonou,2026-01-29,SOULEY,Flore Estelle,1991-09-23,F,0406,CODJIA Rachidatou,0185015611
ENR-003629,AN-004102,ACTE_NAISSANCE,AG026,Abomey-Calavi,2026-01-29,ZANNOU,Nadège Carine,1980-01-02,F,0601,TOSSOU Flore,0106625052
ENR-003630,PP-004649,PASSEPORT,AG025,Cotonou,2026-01-29,TOSSOU,Rachidatou,1972-12-31,F,0604,SOULEY Espérance,0140135540
ENR-003631,AN-004962,ACTE_NAISSANCE,AG030,Natitingou,2026-01-29,TOSSOU,Fidèle,1990-11-01,M,0404,NOUATIN Sylvie,0140606169
ENR-003632,CC-000187,CARTE_CONSULAIRE,AG027,Porto-Novo,2026-01-30,ZINSOU,Fatoumata,2020-01-02,F,0209,FASSINOU Bernice,0124157438
ENR-003633,AN-000590,ACTE_NAISSANCE,AG007,Djougou,2026-01-30,ADJOVI,Fatoumata,2021-11-27,F,0404,CODJIA Judith,0107956555
ENR-003634,AN-001291,ACTE_NAISSANCE,AG025,Cotonou,2026-01-30,CODJIA,Mahougnon,1958-06-30,M,0102,BONI Sèmèvo,0145761224
ENR-003635,AN-001911,ACTE_NAISSANCE,AG009,Ouidah,2026-01-30,NOUATIN,Fidèle,1956-06-07,M,1209,HOUNSOU Prudence,0105492497
ENR-003636,PP-004599,PASSEPORT,AG029,Bohicon,2026-01-30,FASSINOU,Fatoumata Bernice,1963-11-18,F,0307,DOSSOU Rachidatou,0155850324
ENR-003637,AN-004855,ACTE_NAISSANCE,AG013,Cotonou,2026-01-30,AHOYO,Chimène,1992-08-21,F,1208,DANSOU Espérance,0156387210
ENR-003638,PP-000730,PASSEPORT,AG017,Bohicon,2026-01-31,ASSOGBA,Ibrahim,2000-04-29,M,0606,KPADONOU Gisèle,0164217294
ENR-003639,AN-001675,ACTE_NAISSANCE,AG028,Parakou,2026-01-31,GBAGUIDI,Ibrahim,1956-03-25,M,0903,AHOYO Salamatou,0135921800
ENR-003640,PP-001724,PASSEPORT,AG036,Aplahoué,2026-01-31,AMOUSSOU,Rachidatou,2009-11-27,F,0306,BIO Bernice,+229 0102620390
ENR-003641,AN-002132,ACTE_NAISSANCE,AG031,Djougou,2026-01-31,ADANDE,Rodrigue Yves,1993-02-01,M,0207,ASSOGBA Rosine,0168249557
ENR-003642,CC-002954,CARTE_CONSULAIRE,AG024,Aplahoué,2026-01-31,AGOSSOU,Carine Fatoumata,2006-03-23,F,1204,YAROU Chimène,0190870440
ENR-003643,AN-003291,ACTE_NAISSANCE,AG034,Kandi,2026-01-31,KIKI,Romaric,1990-06-18,M,1008,TCHIBOZO Carine,0185750471
ENR-003644,PP-003372,PASSEPORT,AG040,Parakou,2026-01-31,TOSSOU,Fidèle,1949-11-21,M,0305,HOUNKPATIN Gisèle,0189284122
ENR-003645,AN-003818,ACTE_NAISSANCE,AG039,Porto-Novo,2026-01-31,ZINSOU,Ibrahim,2010-03-19,M,0307,QUENUM Rachidatou,0110157204
ENR-003646,CC-003986,CARTE_CONSULAIRE,AG023,Dassa-Zoumè,2026-01-31,SOULEY,Gisèle,2006-12-13,F,1102,ZINSOU Rachidatou,0104207579
ENR-003647,AN-004090,ACTE_NAISSANCE,AG005,Bohicon,2026-01-31,NOUATIN,Chimène Mariam,1977-08-12,F,0601,ZANNOU Sènami,0182563070
ENR-003648,PP-004411,PASSEPORT,AG027,Porto-Novo,2026-01-31,AHOYO,Bernice,2016-11-01,F,1208,OSSENI Espérance,0170471361
ENR-003649,PP-004661,PASSEPORT,AG028,Parakou,2026-01-31,GBAGUIDI,Ayaba,1983-01-08,F,1001,TOSSOU Estelle,0181931036
ENR-003650,AN-000092,ACTE_NAISSANCE,AG023,Dassa-Zoumè,2026-02-01,VODOUNON,Prudence,2012-10-28,F,0104,TOSSOU Sylvie,
ENR-003651,AN-000214,ACTE_NAISSANCE,AG023,Dassa-Zoumè,2026-02-01,ASSOGBA,Rachidatou,1968-04-17,F,0402,YAROU Chimène,0162073374
ENR-003652,AN-001913,ACTE_NAISSANCE,AG014,Abomey-Calavi,2026-02-01,DANSOU,Ghislain,1971-07-13,M,0704,VODOUNON Nadège,0180327921
ENR-003653,AN-003111,ACTE_NAISSANCE,AG021,Ouidah,2026-02-01,ADJOVI,Mahougnon Ulrich,1977-01-29,M,1202,SOULEY Espérance,0181305381
ENR-003654,AN-003179,ACTE_NAISSANCE,AG034,Kandi,2026-02-01,AGBODJAN,Aïcha,1954-05-23,F,0506,LOKONON Espérance,0193993730
ENR-003655,AN-003880,ACTE_NAISSANCE,AG013,Cotonou,2026-02-01,TCHIBOZO,Rosine Aïcha,1958-02-21,F,0702,SAGBO Sènami,0195934783
ENR-003656,AN-004516,ACTE_NAISSANCE,AG010,Kandi,2026-02-01,SOSSOU,Chimène Ayaba,1952-02-25,F,0503,ASSOGBA Mariam,
ENR-003657,PP-004521,PASSEPORT,AG010,Kandi,2026-02-01,IDRISSOU,Gisèle,1979-07-19,F,1202,QUENUM Rosine,0187804161
ENR-003658,AN-004907,ACTE_NAISSANCE,AG020,Lokossa,2026-02-01,KIKI,Gisèle Mariam,2007-10-14,F,0403,BIO Estelle,0106574568
ENR-003659,AN-004743,ACTE_NAISSANCE,AG003,Porto-Novo,2026-02-01,AGOSSOU,Ghislain,1986-09-18,M,0504,AGOSSOU Sèmèvo,0122266954
ENR-003660,AN-000875,ACTE_NAISSANCE,AG030,Natitingou,2026-02-01,QUENUM,Carine,2018-01-26,F,0404,KIKI Gisèle,0138530889
ENR-003661,CC-001917,CARTE_CONSULAIRE,AG019,Djougou,2026-02-02,ASSOGBA,Salamatou,1977-02-16,F,1004,AKPOVI Sènami,01O2127642
ENR-003662,PP-002427,PASSEPORT,AG036,Aplahoué,2026-02-02,TOSSOU,Moussa,2016-09-10,M,0502,HOUESSOU Prudence,0165411002
ENR-003663,CC-002611,CARTE_CONSULAIRE,AG032,Lokossa,2026-02-02,HOUNGBO,Espérance Sèmèvo,1942-12-24,F,0407,AGOSSOU Bernice,0121812324
ENR-003664,AN-002673,ACTE_NAISSANCE,AG028,Parakou,2026-02-02,BONI,Mariam,1996-10-27,F,0308,TCHIBOZO Estelle,0101271182
ENR-003665,CC-002891,CARTE_CONSULAIRE,AG037,Cotonou,2026-02-02,OSSENI,Salamatou,1981-08-10,F,0405,AKPOVI Fatoumata,0195697149
ENR-003666,PP-003468,PASSEPORT,AG007,Djougou,2026-02-02,GBAGUIDI,Fabrice,1982-10-08,M,0403,KOUKPAKI Rachidatou,0192843151
ENR-003667,PP-003721,PASSEPORT,AG014,Abomey-Calavi,2026-02-02,NOUATIN,Fatoumata,1981-11-30,F,1105,ZANNOU Flore,0107371121
ENR-003668,AN-000449,ACTE_NAISSANCE,AG035,Dassa-Zoumè,2026-02-03,VODOUNON,Rachid,1977-09-16,M,1003,KPADONOU Sènami,0166865068
ENR-003669,PP-001200,PASSEPORT,AG010,Kandi,2026-02-03,NOUATIN,Yves,1979-06-22,M,0404,ZANNOU Espérance,0176664450
ENR-003670,AN-002047,ACTE_NAISSANCE,AG031,Djougou,2026-02-03,HOUNSOU,Aïcha Bernice,1952-06-17,F,0501,FASSINOU Sènami,
ENR-003671,PP-002137,PASSEPORT,AG040,Parakou,2026-02-03,SAGBO,Fidèle,1962-10-08,M,0307,KIKI Sènami,0116335100
ENR-003672,AN-002657,ACTE_NAISSANCE,AG038,Abomey-Calavi,2026-02-03,SAGBO,Fidèle Rachid,1948-06-07,M,0308,DANSOU Nadège,0129697667
ENR-003673,AN-003872,ACTE_NAISSANCE,AG019,Djougou,2026-02-03,MENSAH,Salamatou Aïcha,1965-08-25,F,1201,AKPOVI Sylvie,
ENR-003674,PP-003886,PASSEPORT,AG001,Cotonou,2026-02-03,TOGBE,Ayaba Judith,1986-04-22,F,0703,GLELE Rachidatou,0136240179
ENR-003675,AN-004072,ACTE_NAISSANCE,AG005,Bohicon,2026-02-03,LOKONON,Rachidatou,1969-10-28,F,0203,TCHIBOZO Gisèle,0136428020
ENR-003676,PP-000426,PASSEPORT,AG024,Aplahoué,2026-02-04,KOUKPAKI,Gildas Codjo,1990-05-25,M,1002,CHABI Aïcha,0174924857
ENR-003677,AN-000493,ACTE_NAISSANCE,AG016,Parakou,2026-02-04,AKPOVI,Carine,1976-09-08,F,0901,CHABI Salamatou,0128022088
ENR-003678,AN-000764,ACTE_NAISSANCE,AG032,Lokossa,2026-02-04,AGBODJAN,Koffi,1991-12-19,M,1007,SOSSOU Ayaba,0169784388
ENR-003679,AN-001491,ACTE_NAISSANCE,AG001,Cotonou,2026-02-04,ZINSOU,Chimène,2003-05-26,F,1006,YAROU Aïcha,0159814765
ENR-003680,AN-002670,ACTE_NAISSANCE,AG015,Porto-Novo,2026-02-04,BIO,Moussa,1985-02-24,M,0503,AKPOVI Flore,0185320453
ENR-003681,AN-003440,ACTE_NAISSANCE,AG018,Natitingou,2026-02-04,KOUKPAKI,Fabrice Koffi,1988-12-03,M,0104,YAROU Rachidatou,0118464735
ENR-003682,CC-003654,CARTE_CONSULAIRE,AG036,Aplahoué,2026-02-04,TCHIBOZO,Mariam,1960-10-24,F,0703,FASSINOU Mariam,0184836995
ENR-003683,AN-004648,ACTE_NAISSANCE,AG015,Porto-Novo,2026-02-04,KOUKPAKI,Comlan,2007-04-01,M,1103,CODJIA Flore,0187249177
ENR-003684,CC-004972,CARTE_CONSULAIRE,AG033,Ouidah,2026-02-04,KPADONOU,Ulrich,2014-05-04,M,0202,GBAGUIDI Rosine,0122690362
ENR-003685,AN-000545,ACTE_NAISSANCE,AG018,Natitingou,2026-02-05,SOULEY,Ulrich Yves,1999-09-04,M,0105,ZINSOU Judith,0150770243
ENR-003686,CC-000868,CARTE_CONSULAIRE,AG025,Cotonou,2026-02-05,SAGBO,Aïcha,1999-03-20,F,0904,ASSOGBA Bernice,0168426378
ENR-003687,AN-001282,ACTE_NAISSANCE,AG015,Porto-Novo,2026-02-05,AMOUSSOU,Bernice Prudence,2002-06-21,F,0901,ADANDE Espérance,0147542777
ENR-003688,PP-001396,PASSEPORT,AG004,Parakou,2026-02-05,AMOUSSOU,Mariam,2007-11-01,F,1008,KIKI Mariam,0187691260
ENR-003689,PP-001685,PASSEPORT,AG020,Lokossa,2026-02-05,HOUNGBO,Ulrich,1987-03-31,M,0603,AKPOVI Flore,
ENR-003690,AN-002430,ACTE_NAISSANCE,AG028,Parakou,2026-02-05,DANSOU,Sèmèvo Rachidatou,1988-10-09,F,1204,AHOYO Espérance,0121437942
ENR-003691,CC-002798,CARTE_CONSULAIRE,AG032,Lokossa,2026-02-05,AGBODJAN,Gisèle,1983-07-26,F,0702,IDRISSOU Espérance,
ENR-003692,AN-002978,ACTE_NAISSANCE,AG038,Abomey-Calavi,2026-02-05,TCHIBOZO,Gildas Bienvenu,2008-04-27,M,0402,AKPOVI Gisèle,0162993018
ENR-003693,AN-003025,ACTE_NAISSANCE,AG019,Djougou,2026-02-05,NOUATIN,Codjo Koffi,1983-02-12,M,0207,VODOUNON Rachidatou,0181251030
ENR-003694,AN-004115,ACTE_NAISSANCE,AG034,Kandi,2026-02-05,QUENUM,Moussa,1966-01-04,M,0902,ADANDE Fatoumata,0126929094
ENR-003695,CC-004526,CARTE_CONSULAIRE,AG039,Porto-Novo,2026-02-05,AHOYO,Sèmèvo Salamatou,1976-02-05,F,1209,TOGBE Aïcha,0138471244
ENR-003696,PP-004594,PASSEPORT,AG005,Bohicon,2026-02-05,ZINSOU,Estelle,1968-03-08,F,1209,TOGBE Nadège,0167673274
ENR-003697,AN-004865,ACTE_NAISSANCE,AG004,Parakou,2026-02-05,BONI,Carine,1963-11-04,F,1005,MENSAH Sènami,0173893793
ENR-003698,AN-000415,ACTE_NAISSANCE,AG003,Porto-Novo,2026-02-06,KPADONOU,Fatoumata,2007-03-08,F,0302,DANSOU Chimène,0173328956
ENR-003699,AN-001181,ACTE_NAISSANCE,AG008,Lokossa,2026-02-06,ASSOGBA,Aïcha Gisèle,1963-09-11,F,0209,ALLADAYE Sènami,0158089099
ENR-003700,AN-001443,ACTE_NAISSANCE,AG002,Abomey-Calavi,2026-02-06,SAGBO,Ayaba,2001-08-04,F,1008,KIKI Sèmèvo,0116209926
ENR-003701,AN-002672,ACTE_NAISSANCE,AG020,Lokossa,2026-02-06,VODOUNON,Sèmèvo Sylvie,1955-08-18,F,1103,CHABI Prudence,0142087666
ENR-003702,AN-002795,ACTE_NAISSANCE,AG028,Parakou,2026-02-06,SOSSOU,Bernice Flore,1999-03-27,F,0703,SOULEY Carine,0148766488
ENR-003703,PP-003105,PASSEPORT,AG007,Djougou,2026-02-06,ADJOVI,Rachidatou,1992-10-31,F,0408,YAROU Rosine,0117742053
ENR-003704,PP-003399,PASSEPORT,AG017,Bohicon,2026-02-06,SAGBO,Sèmèvo,1959-02-22,F,0102,FASSINOU Ayaba,0116111700
ENR-003705,AN-004465,ACTE_NAISSANCE,AG014,Abomey-Calavi,2026-02-06,HOUNKPATIN,Carine,1955-06-23,F,0307,HOUNKPATIN Bernice,0188873339
ENR-003706,AN-004826,ACTE_NAISSANCE,AG012,Aplahoué,2026-02-06,MENSAH,Rachid Bienvenu,1960-12-18,M,0701,DANSOU Flore,
ENR-003707,AN-004953,ACTE_NAISSANCE,AG008,Lokossa,2026-02-06,KIKI,Bernice,1971-03-03,F,0906,ADJOVI Sènami,
ENR-003708,AN-001686,ACTE_NAISSANCE,AG035,Dassa-Zoumè,2026-02-06,QUENUM,Carine Chimène,1983-07-07,F,0306,HOUNKPATIN Nadège,0115498555
ENR-003709,AN-000206,ACTE_NAISSANCE,AG015,Porto-Novo,2026-02-07,ZINSOU,Ayaba,1961-07-15,F,1101,OSSENI Fatoumata,01O2929458
ENR-003710,AN-001298,ACTE_NAISSANCE,AG020,Lokossa,2026-02-07,CODJIA,Judith Sylvie,2010-05-17,F,0106,LOKONON Nadège,0164734606
ENR-003711,AN-001549,ACTE_NAISSANCE,AG029,Bohicon,2026-02-07,YAROU,Carine,1957-12-11,F,1105,ASSOGBA Judith,0169616105
ENR-003712,AN-001780,ACTE_NAISSANCE,AG022,Kandi,2026-02-07,AHOYO,Aïcha Ayaba,1980-04-15,F,0204,ALLADAYE Estelle,0130867078
ENR-003713,AN-001869,ACTE_NAISSANCE,AG020,Lokossa,2026-02-07,SOSSOU,Sèmèvo Chimène,1988-08-06,F,0208,AHOUANSOU Sèmèvo,0133481947
ENR-003714,PP-002045,PASSEPORT,AG008,Lokossa,2026-02-07,GLELE,Rodrigue Mahougnon,1977-06-15,M,0304,KIKI Chimène,0181345300
ENR-003715,AN-003316,ACTE_NAISSANCE,AG007,Djougou,2026-02-07,HOUESSOU,Judith,1987-09-03,F,0201,MENSAH Sènami,0105307702
ENR-003716,AN-004021,ACTE_NAISSANCE,AG023,Dassa-Zoumè,2026-02-07,MENSAH,Sènami,1966-06-20,F,1201,KOUKPAKI Salamatou,0191493377
ENR-003717,AN-000729,ACTE_NAISSANCE,AG009,Ouidah,2026-02-08,ALLADAYE,Rachid,1977-09-01,M,1104,BIO Sylvie,0137417883
ENR-003718,PP-001185,PASSEPORT,AG039,Porto-Novo,2026-02-08,KOUKPAKI,Judith,1995-10-23,F,0206,HOUNSOU Ayaba,0162582832
ENR-003719,AN-001380,ACTE_NAISSANCE,AG001,Cotonou,2026-02-08,GLELE,Ibrahim,1984-02-22,M,1202,KOUKPAKI Sylvie,0149890045
ENR-003720,AN-001502,ACTE_NAISSANCE,AG034,Kandi,2026-02-08,HOUNSOU,Ghislain Brice,1956-12-27,M,1202,BONI Espérance,0159002197
ENR-003721,AN-002614,ACTE_NAISSANCE,AG001,Cotonou,2026-02-08,AGBODJAN,Sèmèvo,1979-02-22,F,0402,AGBODJAN Rachidatou,0180734827
ENR-003722,AN-002902,ACTE_NAISSANCE,AG025,Cotonou,2026-02-08,TCHIBOZO,Romaric,1998-04-10,M,0204,SAGBO Mariam,0145227225
ENR-003723,AN-002940,ACTE_NAISSANCE,AG020,Lokossa,2026-02-08,MENSAH,Moussa Ibrahim,2016-01-18,M,1209,FASSINOU Flore,0184618754
ENR-003724,AN-003896,ACTE_NAISSANCE,AG005,Bohicon,2026-02-08,ADJOVI,Yves,1970-10-05,M,0904,TOGBE Gisèle,0119017320
ENR-003725,AN-004326,ACTE_NAISSANCE,AG036,Aplahoué,2026-02-08,DANSOU,Rodrigue,2007-06-18,M,0502,AKPOVI Mariam,0175832325
ENR-003726,AN-000085,ACTE_NAISSANCE,AG013,Cotonou,2026-02-09,TOSSOU,Fabrice,1990-05-29,M,0604,NOUATIN Sèmèvo,0112417264
ENR-003727,AN-000743,ACTE_NAISSANCE,AG032,Lokossa,2026-02-09,ZANNOU,Ulrich,1954-11-22,M,0407,TCHIBOZO Sènami,0190251294
ENR-003728,PP-001976,PASSEPORT,AG020,Lokossa,2026-02-09,KIKI,Brice,1957-04-06,M,0405,HOUNSOU Prudence,0124665156
ENR-003729,AN-002350,ACTE_NAISSANCE,AG017,Bohicon,2026-02-09,SAGBO,Fabrice,2013-04-03,M,1009,ADJOVI Rosine,0113978335
ENR-003730,PP-003038,PASSEPORT,AG012,Aplahoué,2026-02-09,VODOUNON,  Sylvie ,1976-02-20,F,0506,DANSOU Flore,0185395180
ENR-003731,PP-004145,PASSEPORT,AG034,Kandi,2026-02-09,NOUATIN,Mariam,1980-02-20,F,1206,BONI Ayaba,
ENR-003732,AN-004429,ACTE_NAISSANCE,AG017,Bohicon,2026-02-09,CODJIA,Yves,2005-02-09,M,1101,HOUNSOU Sèmèvo,0131785921
ENR-003733,CC-004549,CARTE_CONSULAIRE,AG039,Porto-Novo,2026-02-09,SOULEY,Mahougnon,1988-01-30,M,0305,TOGBE Mariam,0181662049
ENR-003734,AN-004650,ACTE_NAISSANCE,AG031,Djougou,2026-02-09,AHOUANSOU,Salamatou,1985-11-01,F,0403,HOUNGBO Sènami,0144639595
ENR-003735,AN-004718,ACTE_NAISSANCE,AG018,Natitingou,2026-02-09,ADANDE,Carine Rachidatou,1949-11-25,F,0405,HOUNSOU Carine,0173752098
ENR-003736,AN-000609,ACTE_NAISSANCE,AG016,Parakou,2026-02-10,DOSSOU,Mahougnon,1955-12-19,M,0408,AKPOVI Ayaba,0152450292
ENR-003737,AN-001949,ACTE_NAISSANCE,AG032,Lokossa,2026-02-10,DOSSOU,Gisèle Flore,1983-12-31,F,1005,DANSOU Judith,0144948575
ENR-003738,CC-002347,CARTE_CONSULAIRE,AG026,Abomey-Calavi,2026-02-10,CHABI,Arnaud Fidèle,1969-12-29,M,0407,KOUKPAKI Sèmèvo,0171373136
ENR-003739,AN-004304,ACTE_NAISSANCE,AG007,Djougou,2026-02-10,AGOSSOU,Gildas,1962-03-23,M,0209,SAGBO Aïcha,0198090354
ENR-003740,PP-004580,PASSEPORT,AG004,Parakou,2026-02-10,AHOUANSOU,Rodrigue,1969-11-14,M,0905,TCHIBOZO Estelle,0185178189
ENR-003741,CC-000147,CARTE_CONSULAIRE,AG037,Cotonou,2026-02-11,KPADONOU,Flore Prudence,2006-03-15,F,0902,ZANNOU Estelle,0170788745
ENR-003742,CC-000257,CARTE_CONSULAIRE,AG016,Parakou,2026-02-11,YAROU,Moussa,1977-07-09,M,1006,QUENUM Ayaba,0111235217
ENR-003743,AN-000316,ACTE_NAISSANCE,AG033,Ouidah,2026-02-11,YAROU,Bienvenu,1978-03-25,M,0904,AGOSSOU Rosine,0190063915
ENR-003744,AN-000758,ACTE_NAISSANCE,AG036,Aplahoué,2026-02-11,AGBODJAN,Ulrich,1957-06-03,M,1202,QUENUM Rosine,0178150535
ENR-003745,AN-001056,ACTE_NAISSANCE,AG027,Porto-Novo,2026-02-11,SOULEY,Brice Bienvenu,2013-10-23,M,1206,ADANDE Nadège,0158685749
ENR-003746,AN-001555,ACTE_NAISSANCE,AG027,Porto-Novo,2026-02-11,AHOUANSOU,Aïcha Sylvie,1948-04-17,F,0901,DANSOU Rosine,0144571944
ENR-003747,PP-001556,PASSEPORT,AG025,Cotonou,2026-02-11,ASSOGBA,Rodrigue Ulrich,1962-06-29,M,0401,HOUNSOU Fatoumata,0150621359
ENR-003748,AN-001688,ACTE_NAISSANCE,AG010,Kandi,2026-02-11,LOKONON,Ulrich,1976-03-02,M,0704,OSSENI Judith,0195459582
ENR-003749,AN-001746,ACTE_NAISSANCE,AG026,Abomey-Calavi,2026-02-11,ADJOVI,Mahougnon Rodrigue,2007-04-19,M,0502,GLELE Gisèle,0170264230
ENR-003750,AN-002555,ACTE_NAISSANCE,AG033,Ouidah,2026-02-11,ADJOVI,Yves,1968-09-25,M,1209,BIO Rosine,0177451769
ENR-003751,AN-002563,ACTE_NAISSANCE,AG033,Ouidah,2026-02-11,ZINSOU,Gildas Ghislain,1983-05-11,M,0504,KIKI Rosine,0140398508
ENR-003752,AN-003611,ACTE_NAISSANCE,AG007,Djougou,2026-02-11,SOSSOU,Arnaud,1973-06-02,M,0106,AGOSSOU Salamatou,0112223194
ENR-003753,PP-004228,PASSEPORT,AG019,Djougou,2026-02-11,YAROU,Sylvie,1972-10-31,F,0305,VODOUNON Rachidatou,0187166825
ENR-003754,AN-000713,ACTE_NAISSANCE,AG007,Djougou,2026-02-11,AMOUSSOU,Ibrahim,1953-09-28,M,0304,KIKI Nadège,0112755130
ENR-003755,CC-000038,CARTE_CONSULAIRE,AG009,Ouidah,2026-02-12,BONI,Rachidatou,2021-05-23,F,0504,BIO Ayaba,
ENR-003756,AN-000056,ACTE_NAISSANCE,AG027,Porto-Novo,2026-02-12,BIO,Romaric,2009-04-15,M,1104,VODOUNON Prudence,0140115276
ENR-003757,AN-000157,ACTE_NAISSANCE,AG022,Kandi,2026-02-12,SAGBO,Arnaud Ibrahim,2009-04-09,M,0402,DOSSOU Mariam,0111116872
ENR-003758,PP-000355,PASSEPORT,AG004,Parakou,2026-02-12,YAROU,Mahougnon Moussa,1984-11-08,M,1007,YAROU Mariam,
ENR-003759,CC-000954,CARTE_CONSULAIRE,AG005,Bohicon,2026-02-12,AGBODJAN,Codjo Bienvenu,1970-06-19,M,0306,ZINSOU Rachidatou,0182465723
ENR-003760,PP-001041,PASSEPORT,AG037,Cotonou,2026-02-12,CODJIA,Mahougnon,1947-09-28,M,0902,NOUATIN Senami,0159327752
ENR-003761,AN-001788,ACTE_NAISSANCE,AG034,Kandi,2026-02-12,HOUNKPATIN,Fabrice Koffi,1987-02-25,M,0801,AHOUANSOU Sènami,0157523852
ENR-003762,AN-002753,ACTE_NAISSANCE,AG007,Djougou,2026-02-12,HOUESSOU,Comlan,2015-07-12,M,1005,KOUKPAKI Gisèle,0158542520
ENR-003763,CC-003263,CARTE_CONSULAIRE,AG019,Djougou,2026-02-12,NOUATIN,Gildas,1984-03-19,M,0307,AMOUSSOU Espérance,0130960628
ENR-003764,AN-004468,ACTE_NAISSANCE,AG006,Natitingou,2026-02-12,ASSOGBA,Ulrich,1987-03-23,M,0902,AHOYO Carine,0155058848
ENR-003765,AN-004557,ACTE_NAISSANCE,AG012,Aplahoué,2026-02-12,CODJIA,Gildas,2014-04-14,M,1102,ADANDE Flore,147750683
ENR-003766,AN-000010,ACTE_NAISSANCE,AG004,Parakou,2026-02-13,ZANNOU,Mahougnon Bienvenu,2017-03-21,M,0106,ZINSOU Gisèle,0137028382
ENR-003767,AN-000933,ACTE_NAISSANCE,AG011,Dassa-Zoumè,2026-02-13,ZANNOU,Comlan Fidèle,1998-11-20,M,0103,AKPOVI Bernice,
ENR-003768,AN-001022,ACTE_NAISSANCE,AG006,Natitingou,2026-02-13,NOUATIN,Rodrigue Yves,1974-06-16,M,0101,KIKI Mariam,0144978287
ENR-003769,CC-001364,CARTE_CONSULAIRE,AG014,Abomey-Calavi,2026-02-13,chabi,Espérance,1999-08-08,F,0402,AHOYO Salamatou,0156124165
ENR-003770,AN-002656,ACTE_NAISSANCE,AG007,Djougou,2026-02-13,BONI,Brice Comlan,1991-12-23,M,0704,BONI Mariam,0169230449
ENR-003771,PP-002690,PASSEPORT,AG038,Abomey-Calavi,2026-02-13,GBAGUIDI,Flore Espérance,2005-11-30,F,0702,SAGBO Prudence,0151308614
ENR-003772,AN-002812,ACTE_NAISSANCE,AG008,Lokossa,2026-02-13,KIKI,Romaric,2001-08-15,M,0104,TCHIBOZO Sèmèvo,0121845784
ENR-003773,AN-004235,ACTE_NAISSANCE,AG001,Cotonou,2026-02-13,ADJOVI,Judith Fatoumata,2010-08-31,F,0205,TOSSOU Chimène,0194084183
ENR-003774,AN-004673,ACTE_NAISSANCE,AG004,Parakou,2026-02-13,BONI,Justin Arnaud,1966-09-12,M,0105,AHOUANSOU Prudence,0183491998
ENR-003775,AN-004818,ACTE_NAISSANCE,AG030,Natitingou,2026-02-13,ADJOVI,Romaric,2000-10-22,M,0305,AMOUSSOU Gisèle,+229 0108748201
ENR-003776,AN-004989,ACTE_NAISSANCE,AG027,Porto-Novo,2026-02-13,KOUKPAKI,Rachid,2014-12-11,M,0603,IDRISSOU Rosine,0140761690
ENR-003777,CC-000952,CARTE_CONSULAIRE,AG033,Ouidah,2026-02-14,GLELE,Rachid,1974-03-14,M,0408,AGBODJAN Carine,0141633292
ENR-003778,AN-001170,ACTE_NAISSANCE,AG004,Parakou,2026-02-14,ASSOGBA,Romaric,1978-06-04,M,0106,AHOYO Chimène,0142012334
ENR-003779,AN-001726,ACTE_NAISSANCE,AG021,Ouidah,2026-02-14,LOKONON,Aïcha Salamatou,2015-10-07,F,1004,GLELE Bernice,0172698172
ENR-003780,AN-002167,ACTE_NAISSANCE,AG005,Bohicon,2026-02-14,FASSINOU,Ibrahim,1983-05-17,M,0906,ADJOVI Ayaba,0132270853
ENR-003781,CC-002219,CARTE_CONSULAIRE,AG013,Cotonou,2026-02-14,SAGBO,Mahougnon Ulrich,1996-04-09,M,0502,BONI Aïcha,03276498
ENR-003782,AN-002368,ACTE_NAISSANCE,AG031,Djougou,2026-02-14,AGOSSOU,Estelle,1990-05-22,F,0603,GBAGUIDI Estelle,0198635402
ENR-003783,AN-002854,ACTE_NAISSANCE,AG024,Aplahoué,2026-02-14,HOUNSOU,Codjo,1980-07-24,M,0504,SAGBO Estelle,0114278735
ENR-003784,CC-002996,CARTE_CONSULAIRE,AG012,Aplahoué,2026-02-14,GLELE,Justin Koffi,2005-05-22,M,0303,FASSINOU Espérance,0187075673
ENR-003785,AN-003424,ACTE_NAISSANCE,AG013,Cotonou,2026-02-14,ASSOGBA,Rosine Rachidatou,2005-04-06,F,0206,AGOSSOU Espérance,0126806862
ENR-003786,CC-003637,CARTE_CONSULAIRE,AG013,Cotonou,2026-02-14,ZINSOU,Koffi,2000-05-17,M,0503,KOUKPAKI Flore,0164042067
ENR-003787,AN-003679,ACTE_NAISSANCE,AG039,Porto-Novo,2026-02-14,SOSSOU,Brice,1993-03-20,M,0905,BIO Salamatou,0135237692
ENR-003788,CC-004059,CARTE_CONSULAIRE,AG005,Bohicon,2026-02-14,ALLADAYE,Prudence,2005-02-26,F,1004,TOGBE Ayaba,0107547550
ENR-003789,AN-004988,ACTE_NAISSANCE,AG036,Aplahoué,2026-02-14,ADJOVI,Mariam Prudence,1999-12-19,F,1005,DANSOU Judith,0176309999
ENR-003790,CC-000810,CARTE_CONSULAIRE,AG032,Lokossa,2026-02-15,ZANNOU,Fidèle,1960-08-13,M,1005,GLELE Espérance,0135483421
ENR-003791,CC-001322,CARTE_CONSULAIRE,AG011,Dassa-Zoumè,2026-02-15,YAROU,Ulrich,2018-02-14,M,0204,ALLADAYE Rachidatou,0104429519
ENR-003792,AN-001440,ACTE_NAISSANCE,AG032,Lokossa,2026-02-15,FASSINOU,Prudence,1996-01-20,F,0302,NOUATIN Mariam,0199037125
ENR-003793,AN-002139,ACTE_NAISSANCE,AG028,Parakou,2026-02-15,YAROU,Fatoumata,1983-11-29,F,1101,AMOUSSOU Nadège,0103034152
ENR-003794,AN-002572,ACTE_NAISSANCE,AG020,Lokossa,2026-02-15,CODJIA,Ibrahim Mahougnon,1986-07-03,M,0302,ASSOGBA Espérance,
ENR-003795,AN-002953,ACTE_NAISSANCE,AG012,Aplahoué,2026-02-15,TOGBE,Fabrice,2005-09-12,M,0405,HOUNKPATIN Fatoumata,0137524451
ENR-003796,AN-004052,ACTE_NAISSANCE,AG024,Aplahoué,2026-02-15,HOUNGBO,Chimène,1999-02-16,F,0402,ZINSOU Fatoumata,0167696834
ENR-003797,AN-004562,ACTE_NAISSANCE,AG037,Cotonou,2026-02-15,LOKONON,Moussa,2004-09-29,M,0502,QUENUM Fatoumata,0171643246
ENR-003798,AN-000615,ACTE_NAISSANCE,AG026,Abomey-Calavi,2026-02-16,TCHIBOZO,Sènami Salamatou,1965-03-12,F,1003,ALLADAYE Prudence,0179349423
ENR-003799,PP-001261,PASSEPORT,AG026,Abomey-Calavi,2026-02-16,HOUESSOU,Bernice,1993-04-14,F,0203,KPADONOU Prudence,
ENR-003800,AN-003010,ACTE_NAISSANCE,AG027,Porto-Novo,2026-02-16,BIO,Koffi,1974-06-16,M,0301,AMOUSSOU Judith,0165414319
ENR-003801,AN-000118,ACTE_NAISSANCE,AG023,Dassa-Zoumè,2026-02-17,DANSOU,Flore Mariam,1972-12-31,F,1209,BONI Gisèle,0156605548
ENR-003802,AN-000378,ACTE_NAISSANCE,AG019,Djougou,2026-02-17,BONI,Bernice Espérance,1996-08-29,F,1102,ALLADAYE Ayaba,0159294567
ENR-003803,AN-000538,ACTE_NAISSANCE,AG005,Bohicon,2026-02-17,ASSOGBA,Rodrigue,1994-02-01,M,0905,AGOSSOU Judith,0157233986
ENR-003804,AN-001278,ACTE_NAISSANCE,AG027,Porto-Novo,2026-02-17,ADJOVI,Arnaud,2000-05-13,M,0605,TOGBE Chimène,0163530747
ENR-003805,PP-002539,PASSEPORT,AG011,Dassa-Zoumè,2026-02-17,ALLADAYE,Sènami Gisèle,1977-02-12,F,1003,ASSOGBA Chimène,0195428349
ENR-003806,AN-002720,ACTE_NAISSANCE,AG020,Lokossa,2026-02-17,TCHIBOZO,Gildas Serge,1959-10-12,M,0301,CODJIA Carine,0166059330
ENR-003807,AN-002821,ACTE_NAISSANCE,AG021,Ouidah,2026-02-17,ZINSOU,Sènami Aïcha,1994-02-24,F,0203,CODJIA Judith,0154618885
ENR-003808,AN-003002,ACTE_NAISSANCE,AG002,Abomey-Calavi,2026-02-17,LOKONON,Ayaba,1977-03-28,F,0206,SOULEY Bernice,0192842120
ENR-003809,AN-004045,ACTE_NAISSANCE,AG018,Natitingou,2026-02-17,ADJOVI,Mariam,2024-01-28,F,0205,GLELE Rosine,0148874685
ENR-003810,AN-004469,ACTE_NAISSANCE,AG014,Abomey-Calavi,2026-02-17,KIKI,Fabrice,2007-07-11,M,0701,AHOYO Rosine,0161558638
ENR-003811,AN-004732,ACTE_NAISSANCE,AG002,Abomey-Calavi,2026-02-17,KOUKPAKI,Ibrahim,1977-07-02,M,0602,AHOUANSOU Rachidatou,0100123342
ENR-003812,AN-000690,ACTE_NAISSANCE,AG035,Dassa-Zoumè,2026-02-18,GLELE,Estelle,1971-06-05,F,0206,AGBODJAN Rachidatou,0182376489
ENR-003813,CC-001052,CARTE_CONSULAIRE,AG010,Kandi,2026-02-18,KIKI,Gildas,2000-12-27,M,1006,MENSAH Gisèle,0173649479
ENR-003814,AN-003545,ACTE_NAISSANCE,AG032,Lokossa,2026-02-18,ADJOVI,Fidèle Yves,1979-09-06,M,0505,HOUNKPATIN Rachidatou,
ENR-003815,AN-003656,ACTE_NAISSANCE,AG001,Cotonou,2026-02-18,ASSOGBA,Brice Moussa,2012-02-11,M,0902,IDRISSOU Ayaba,0137124081
ENR-003816,AN-004240,ACTE_NAISSANCE,AG015,Porto-Novo,2026-02-18,HOUNSOU,Mahougnon,2006-02-27,M,0402,BONI Gisèle,
ENR-003817,AN-004481,ACTE_NAISSANCE,AG039,Porto-Novo,2026-02-18,VODOUNON,Bernice,1981-11-10,F,1008,BIO Nadège,0155072892
ENR-003818,AN-004683,ACTE_NAISSANCE,AG020,Lokossa,2026-02-18,FASSINOU,Fatoumata Rosine,2015-05-28,F,1008,VODOUNON Chimène,0170068114
ENR-003819,AN-004973,ACTE_NAISSANCE,AG029,Bohicon,2026-02-18,FASSINOU,Rachidatou,2006-11-07,F,0504,DANSOU Rachidatou,0134472135
ENR-003820,CC-005000,CARTE_CONSULAIRE,AG036,Aplahoué,2026-02-18,ZANNOU,Sylvie,2010-07-10,F,0603,DOSSOU Flore,0184901452
ENR-003821,PP-000860,PASSEPORT,AG022,Kandi,2026-02-19,CHABI,Semevo,1989-06-03,F,0407,BIO Chimene,0136513621
ENR-003822,PP-001740,PASSEPORT,AG030,Natitingou,2026-02-19,BIO,Ayaba,2002-12-06,F,1005,QUENUM Chimene,0108108602
ENR-003823,CC-002603,CARTE_CONSULAIRE,AG028,Parakou,2026-02-19,BONI,Brice Moussa,1989-11-27,M,1007,AMOUSSOU Gisèle,0176668049
ENR-003824,PP-003046,PASSEPORT,AG019,Djougou,2026-02-19,NOUATIN,Ibrahim,2006-05-09,M,0104,VODOUNON Aïcha,0152007911
ENR-003825,AN-004159,ACTE_NAISSANCE,AG027,Porto-Novo,2026-02-19,AGBODJAN,Arnaud Codjo,1977-08-13,M,0304,HOUNKPATIN Sènami,0197546387
ENR-003826,AN-004225,ACTE_NAISSANCE,AG009,Ouidah,2026-02-19,KPADONOU,Sènami,1991-10-22,F,1208,HOUNKPATIN Aïcha,0175863961
ENR-003827,PP-004586,PASSEPORT,AG033,Ouidah,2026-02-19,AMOUSSOU,Salamatou,2006-04-18,F,0307,AHOYO Rosine,0109590340
ENR-003828,PP-004668,PASSEPORT,AG040,Parakou,2026-02-19,AKPOVI,Prudence Rosine,2000-07-31,F,1002,OSSENI Sèmèvo,
ENR-003829,AN-004798,ACTE_NAISSANCE,AG009,Ouidah,2026-02-19,AHOYO,Rosine Judith,1981-10-21,F,1003,ASSOGBA Rosine,0126459629
ENR-003830,AN-000134,ACTE_NAISSANCE,AG021,Ouidah,2026-02-20,KPADONOU,Ghislain,2011-03-10,M,0307,AHOYO Prudence,0116576752
ENR-003831,AN-001618,ACTE_NAISSANCE,AG006,Natitingou,2026-02-20,LOKONON,Fabrice Rodrigue,1953-09-06,M,1206,DANSOU Aïcha,0113573407
ENR-003832,AN-002320,ACTE_NAISSANCE,AG007,Djougou,2026-02-20,AGOSSOU,Sylvie,1996-08-11,F,0601,HOUNKPATIN Chimène,
ENR-003833,AN-004603,ACTE_NAISSANCE,AG007,Djougou,2026-02-20,TOGBE,Ayaba,2016-03-08,F,0905,SOSSOU Chimène,0154898550
ENR-003834,AN-004638,ACTE_NAISSANCE,AG023,Dassa-Zoumè,2026-02-20,ADANDE,Flore Ayaba,2009-12-26,F,1101,HOUNKPATIN Aïcha,0123126186
ENR-003835,PP-004793,PASSEPORT,AG022,Kandi,2026-02-20,AGBODJAN,Rachid Mahougnon,1989-06-18,M,1104,TOSSOU Aïcha,0194841486
ENR-003836,AN-000076,ACTE_NAISSANCE,AG003,Porto-Novo,2026-02-21,HOUNKPATIN,Justin,1991-07-13,M,0505,ALLADAYE Judith,0175168865
ENR-003837,CC-000555,CARTE_CONSULAIRE,AG021,Ouidah,2026-02-21,CHABI,Ghislain,1968-04-19,M,1005,HOUESSOU Bernice,0168675334
ENR-003838,AN-001865,ACTE_NAISSANCE,AG013,Cotonou,2026-02-21,ADANDE,Bienvenu,1949-05-18,M,1209,HOUNGBO Rosine,
ENR-003839,AN-001899,ACTE_NAISSANCE,AG016,Parakou,2026-02-21,FASSINOU,Gisèle,1982-06-14,F,0506,ASSOGBA Gisèle,
ENR-003840,PP-002297,PASSEPORT,AG001,Cotonou,2026-02-21,KPADONOU,Judith Gisèle,1989-05-31,F,0701,KOUKPAKI Carine,0129828387
ENR-003841,AN-003339,ACTE_NAISSANCE,AG012,Aplahoué,2026-02-21,HOUESSOU,Fabrice Ulrich,1943-07-15,M,0306,BIO Salamatou,013462727135
ENR-003842,AN-003767,ACTE_NAISSANCE,AG033,Ouidah,2026-02-21,AGBODJAN,Fidèle Rodrigue,1977-02-08,M,1204,SOSSOU Salamatou,0184559630
ENR-003843,AN-004640,ACTE_NAISSANCE,AG015,Porto-Novo,2026-02-21,AGOSSOU,Sèmèvo,2012-07-19,F,0307,AHOUANSOU Chimène,0152053321
ENR-003844,AN-000437,ACTE_NAISSANCE,AG040,Parakou,2026-02-22,ZANNOU,Salamatou,1984-02-05,F,0601,VODOUNON Mariam,0144049313
ENR-003845,AN-000634,ACTE_NAISSANCE,AG036,Aplahoué,2026-02-22,ZINSOU,Koffi,1953-03-08,M,1002,ALLADAYE Sylvie,0152990897
ENR-003846,AN-000635,ACTE_NAISSANCE,AG007,Djougou,2026-02-22,SOSSOU,Comlan Rodrigue,2006-06-13,M,1002,HOUNGBO Rachidatou,0160988181
ENR-003847,PP-000865,PASSEPORT,AG022,Kandi,2026-02-22,HOUNKPATIN,Flore Sènami,1999-04-12,F,0206,GLELE Ayaba,0119939935
ENR-003848,CC-001625,CARTE_CONSULAIRE,AG031,Djougou,2026-02-22,TCHIBOZO,Espérance,2010-12-05,F,0905,SAGBO Flore,0100669738
ENR-003849,AN-002166,ACTE_NAISSANCE,AG009,Ouidah,2026-02-22,ADJOVI,Romaric,1989-11-08,M,0605,ASSOGBA Espérance,0133495163
ENR-003850,AN-002961,ACTE_NAISSANCE,AG019,Djougou,2026-02-22,CHABI,Ibrahim,2012-06-14,M,1205,ADANDE Salamatou,0169660901
ENR-003851,AN-003161,ACTE_NAISSANCE,AG026,Abomey-Calavi,2026-02-22,AGOSSOU,Serge Arnaud,1991-11-25,M,1102,AKPOVI Judith,0151530240
ENR-003852,PP-003842,PASSEPORT,AG023,Dassa-Zoumè,2026-02-22,KIKI,Sènami Prudence,1958-04-24,F,0704,LOKONON Estelle,0170466894
ENR-003853,AN-004003,ACTE_NAISSANCE,AG030,Natitingou,2026-02-22,ADANDE,Bernice,1967-05-07,F,1003,HOUESSOU Sèmèvo,0153720810
ENR-003854,CC-004149,CARTE_CONSULAIRE,AG035,Dassa-Zoumè,2026-02-22,NOUATIN,Ibrahim,1947-12-28,M,0305,SOSSOU Sènami,0180665334
ENR-003855,AN-004161,ACTE_NAISSANCE,AG021,Ouidah,2026-02-22,FASSINOU,Judith Nadège,2002-06-16,F,1204,KIKI Rachidatou,0165223764
ENR-003856,CC-004787,CARTE_CONSULAIRE,AG040,Parakou,2026-02-22,SOSSOU,Ulrich Ibrahim,2013-02-05,M,1105,ZINSOU Carine,0139737620
ENR-003857,AN-000099,ACTE_NAISSANCE,AG012,Aplahoué,2026-02-23,dossou,Judith,1975-06-02,F,1101,LOKONON Bernice,
ENR-003858,AN-000833,ACTE_NAISSANCE,AG016,Parakou,2026-02-23,ZINSOU,Judith Prudence,1989-04-07,F,0104,ADANDE Salamatou,0170211230
ENR-003859,AN-001600,ACTE_NAISSANCE,AG015,Porto-Novo,2026-02-23,ZANNOU,Bernice Aïcha,2013-11-18,F,0905,AKPOVI Sèmèvo,0135235802
ENR-003860,AN-001973,ACTE_NAISSANCE,AG001,Cotonou,2026-02-23,HOUNGBO,Sèmèvo,2015-09-06,F,0604,HOUNSOU Rachidatou,0195557048
ENR-003861,AN-002113,ACTE_NAISSANCE,AG032,Lokossa,2026-02-23,BONI,Codjo,2004-12-27,M,0503,ZINSOU Rosine,0153241554
ENR-003862,PP-002363,PASSEPORT,AG026,Abomey-Calavi,2026-02-23,ASSOGBA,Chimène,1992-10-08,F,0102,DOSSOU Sènami,0107190186
ENR-003863,AN-002910,ACTE_NAISSANCE,AG006,Natitingou,2026-02-23,HOUNSOU,Romaric,1991-08-02,M,1206,HOUESSOU Sènami,0148229492
ENR-003864,AN-003070,ACTE_NAISSANCE,AG003,Porto-Novo,2026-02-23,TCHIBOZO,Prudence Carine,2005-04-14,F,0402,ZANNOU Fatoumata,0158976590
ENR-003865,AN-003493,ACTE_NAISSANCE,AG028,Parakou,2026-02-23,YAROU,Sènami Chimène,1965-10-27,F,1005,NOUATIN Espérance,0185622387
ENR-003866,AN-003587,ACTE_NAISSANCE,AG007,Djougou,2026-02-23,agbodjan,Yves,1966-01-24,M,0204,AHOYO Salamatou,0194826396
ENR-003867,AN-003596,ACTE_NAISSANCE,AG019,Djougou,2026-02-23,NOUATIN,Gisèle,1978-07-10,F,0606,CHABI Sènami,0161820532
ENR-003868,AN-003723,ACTE_NAISSANCE,AG010,Kandi,2026-02-23,ZINSOU,Sèmèvo,1957-07-13,F,0106,HOUNGBO Espérance,0119507515
ENR-003869,AN-003832,ACTE_NAISSANCE,AG018,Natitingou,2026-02-23,AHOUANSOU,Bernice,1948-05-24,F,0208,BIO Chimène,0166573789
ENR-003870,AN-004154,ACTE_NAISSANCE,AG013,Cotonou,2026-02-23,CHABI,Rachid,1997-06-15,M,1208,YAROU Prudence,0198473183
ENR-003871,AN-000476,ACTE_NAISSANCE,AG007,Djougou,2026-02-24,KOUKPAKI,Comlan,1998-12-11,M,1001,ZANNOU Carine,0101530260
ENR-003872,PP-003381,PASSEPORT,AG033,Ouidah,2026-02-24,AHOYO,Salamatou Carine,1994-04-21,F,0904,TOSSOU Salamatou,0152993207
ENR-003873,AN-003888,ACTE_NAISSANCE,AG021,Ouidah,2026-02-24,IDRISSOU,Judith Estelle,1954-07-24,F,1007,TOGBE Mariam,0152308030
ENR-003874,AN-004890,ACTE_NAISSANCE,AG015,Porto-Novo,2026-02-24,TOGBE,Espérance Prudence,1966-06-19,F,0207,ASSOGBA Espérance,0184586361
ENR-003875,AN-004969,ACTE_NAISSANCE,AG025,Cotonou,2026-02-24,TOGBE,Sylvie Fatoumata,1963-03-01,F,1103,GLELE Estelle,0194998591
ENR-003876,PP-000020,PASSEPORT,AG012,Aplahoué,2026-02-25,BIO,Sylvie,2008-02-28,F,1104,IDRISSOU Espérance,
ENR-003877,AN-000466,ACTE_NAISSANCE,AG008,Lokossa,2026-02-25,KPADONOU,Judith,1989-11-20,F,0906,QUENUM Espérance,0135514386
ENR-003878,AN-000475,ACTE_NAISSANCE,AG025,Cotonou,2026-02-25,BONI,Ghislain,1974-09-15,M,0906,HOUNSOU Bernice,0138831438
ENR-003879,AN-000720,ACTE_NAISSANCE,AG010,Kandi,2026-02-25,KIKI,Carine,2000-09-20,F,0308,ASSOGBA Espérance,0112305462
ENR-003880,AN-000746,ACTE_NAISSANCE,AG022,Kandi,2026-02-25,DOSSOU,Espérance Gisèle,1956-07-26,F,0306,ADJOVI Sènami,0157350358
ENR-003881,AN-001117,ACTE_NAISSANCE,AG001,Cotonou,2026-02-25,GLELE,Nadège,2011-11-14,F,0307,NOUATIN Ayaba,0190935502
ENR-003882,CC-002059,CARTE_CONSULAIRE,AG008,Lokossa,2026-02-25,YAROU,Gisèle,1989-11-21,F,1209,AHOYO Sylvie,0144290056
ENR-003883,AN-002318,ACTE_NAISSANCE,AG007,Djougou,2026-02-25,IDRISSOU,Bernice,1993-11-07,F,0201,KIKI Judith,0143264598
ENR-003884,CC-002664,CARTE_CONSULAIRE,AG033,Ouidah,2026-02-25,FASSINOU,Serge,1970-11-03,M,0604,FASSINOU Flore,0178689021
ENR-003885,AN-002779,ACTE_NAISSANCE,AG039,Porto-Novo,2026-02-25,HOUNGBO,Estelle Gisèle,1961-07-26,F,0302,TCHIBOZO Rosine,0112185727
ENR-003886,AN-003490,ACTE_NAISSANCE,AG027,Porto-Novo,2026-02-25,BONI,Rachidatou,2007-08-02,F,1001,AGOSSOU Rachidatou,0104703440
ENR-003887,AN-003890,ACTE_NAISSANCE,AG029,Bohicon,2026-02-25,ASSOGBA,Fidèle,1979-01-13,M,0601,TCHIBOZO Rosine,0163132510
ENR-003888,AN-004571,ACTE_NAISSANCE,AG015,Porto-Novo,2026-02-25,GLELE,Koffi Gildas,2024-08-10,M,1208,AGBODJAN Salamatou,0116382439
ENR-003889,AN-004729,ACTE_NAISSANCE,AG013,Cotonou,2026-02-25,HOUNKPATIN,Chimène,1968-05-05,F,0505,DOSSOU Salamatou,0126145454
ENR-003890,AN-004961,ACTE_NAISSANCE,AG005,Bohicon,2026-02-25,TOGBE,Ghislain,2015-02-08,M,0405,CHABI Nadège,
ENR-003891,PP-000960,PASSEPORT,AG023,Dassa-Zoumè,2026-02-26,VODOUNON,Romaric,1962-08-07,M,0201,GLELE Sèmèvo,0106676777
ENR-003892,AN-002667,ACTE_NAISSANCE,AG018,Natitingou,2026-02-26,MENSAH,Mariam Fatoumata,1992-06-25,F,0801,LOKONON Prudence,0114016065
ENR-003893,AN-003069,ACTE_NAISSANCE,AG027,Porto-Novo,2026-02-26,FASSINOU,Sènami,1983-05-04,F,0103,KOUKPAKI Sylvie,0109334116
ENR-003894,AN-003265,ACTE_NAISSANCE,AG031,Djougou,2026-02-26,TOSSOU,Romaric Moussa,2012-02-05,M,0101,BIO Prudence,
ENR-003895,AN-003617,ACTE_NAISSANCE,AG015,Porto-Novo,2026-02-26,ASSOGBA,Prudence,2021-09-17,F,0302,MENSAH Aïcha,
ENR-003896,PP-003799,PASSEPORT,AG040,Parakou,2026-02-26,NOUATIN,Brice,2000-09-26,M,0204,SOSSOU Espérance,0167871355
ENR-003897,AN-003951,ACTE_NAISSANCE,AG006,Natitingou,2026-02-26,IDRISSOU,Brice,1994-03-23,M,0403,GLELE Fatoumata,0141435060
ENR-003898,CC-003970,CARTE_CONSULAIRE,AG023,Dassa-Zoumè,2026-02-26,BIO,Bienvenu Justin,1961-09-06,M,1009,LOKONON Salamatou,0112640190
ENR-003899,PP-004437,PASSEPORT,AG016,Parakou,2026-02-26,SOULEY,Rosine,1997-03-24,F,0301,IDRISSOU Flore,0144524202
ENR-003900,PP-000323,PASSEPORT,AG040,Parakou,2026-02-27,KOUKPAKI,Yves,1973-03-01,M,0102,AHOYO Fatoumata,0184306281
ENR-003901,CC-000370,CARTE_CONSULAIRE,AG010,Kandi,2026-02-27,TCHIBOZO,Carine Salamatou,1955-09-25,F,1208,ZINSOU Rachidatou,0179803090
ENR-003902,AN-000419,ACTE_NAISSANCE,AG018,Natitingou,2026-02-27,FASSINOU,Moussa,1995-06-03,M,0904,AMOUSSOU Rachidatou,0123174499
ENR-003903,AN-000871,ACTE_NAISSANCE,AG035,Dassa-Zoumè,2026-02-27,TOGBE,Arnaud Fabrice,1976-06-22,M,0503,GLELE Sènami,0163154854
ENR-003904,PP-001222,PASSEPORT,AG026,Abomey-Calavi,2026-02-27,NOUATIN,Justin,1997-04-20,M,1201,AGOSSOU Rosine,0144274131
ENR-003905,AN-001552,ACTE_NAISSANCE,AG033,Ouidah,2026-02-27,osseni,Ayaba,1949-09-01,F,0302,ASSOGBA Chimène,0181878569
ENR-003906,CC-001594,CARTE_CONSULAIRE,AG036,Aplahoué,2026-02-27,ADJOVI,Rachid,1982-05-02,M,0305,DOSSOU Flore,0185219838
ENR-003907,CC-002339,CARTE_CONSULAIRE,AG033,Ouidah,2026-02-27,AMOUSSOU,Mahougnon,1973-02-12,M,0704,SAGBO Chimène,0161916344
ENR-003908,CC-002755,CARTE_CONSULAIRE,AG037,Cotonou,2026-02-27,MENSAH,Romaric Gildas,2004-04-02,M,1201,KPADONOU Salamatou,0101740339
ENR-003909,AN-003082,ACTE_NAISSANCE,AG013,Cotonou,2026-02-27,ADJOVI,Mariam,1965-06-13,F,1205,QUENUM Salamatou,0186084126
ENR-003910,PP-004201,PASSEPORT,AG017,Bohicon,2026-02-27,DANSOU,Gildas,2021-12-04,M,0306,TCHIBOZO Ayaba,0121798193
ENR-003911,AN-004471,ACTE_NAISSANCE,AG028,Parakou,2026-02-27,ZINSOU,Romaric Fabrice,1983-06-20,M,1003,AMOUSSOU Sèmèvo,0172510257
ENR-003912,AN-004850,ACTE_NAISSANCE,AG001,Cotonou,2026-02-27,SOULEY,Ghislain,1993-09-25,M,1101,VODOUNON Salamatou,0153871170
ENR-003913,AN-000131,ACTE_NAISSANCE,AG021,Ouidah,2026-02-28,DANSOU,  Carine ,1989-09-29,F,1104,IDRISSOU Espérance,0118376125
ENR-003914,PP-000514,PASSEPORT,AG034,Kandi,2026-02-28,HOUNGBO,Sènami,2006-03-20,F,0302,DANSOU Flore,0182564598
ENR-003915,AN-000589,ACTE_NAISSANCE,AG037,Cotonou,2026-02-28,BIO,Fatoumata,1978-11-27,F,0202,NOUATIN Bernice,0172207244
ENR-003916,AN-000843,ACTE_NAISSANCE,AG018,Natitingou,2026-02-28,houessou,Estelle,1997-12-24,F,0902,ZANNOU Sènami,0140256023
ENR-003917,AN-000976,ACTE_NAISSANCE,AG037,Cotonou,2026-02-28,sossou,Flore,1971-10-26,F,0306,ASSOGBA Gisèle,0169670393
ENR-003918,AN-002566,ACTE_NAISSANCE,AG027,Porto-Novo,2026-02-28,AGBODJAN,Chimène,2009-05-13,F,0103,KPADONOU Flore,0160731577
ENR-003919,AN-002833,ACTE_NAISSANCE,AG029,Bohicon,2026-02-28,HOUNKPATIN,Fatoumata,1984-12-09,F,0506,TOGBE Gisèle,0124039026
ENR-003920,AN-003039,ACTE_NAISSANCE,AG014,Abomey-Calavi,2026-02-28,MENSAH,Estelle,1954-11-23,F,0204,ADANDE Rachidatou,0178496584
ENR-003921,AN-003423,ACTE_NAISSANCE,AG016,Parakou,2026-02-28,AKPOVI,Rachidatou,1972-11-07,F,1101,AGOSSOU Mariam,0130982604
ENR-003922,AN-004157,ACTE_NAISSANCE,AG002,Abomey-Calavi,2026-02-28,TOGBE,Bienvenu Fabrice,1996-09-05,M,0203,KPADONOU Aïcha,0140098130
ENR-003923,AN-004874,ACTE_NAISSANCE,AG022,Kandi,2026-02-28,ZINSOU,Ayaba,1981-06-17,F,0103,ZANNOU Judith,0145207241
ENR-003924,PP-000028,PASSEPORT,AG015,Porto-Novo,2026-03-01,CODJIA,Serge,1967-07-16,M,0701,ADJOVI Espérance,0145037849
ENR-003925,AN-000306,ACTE_NAISSANCE,AG023,Dassa-Zoumè,2026-03-01,TOGBE,Mariam,1947-09-21,F,0102,AGOSSOU Bernice,0158495423
ENR-003926,AN-001687,ACTE_NAISSANCE,AG001,Cotonou,2026-03-01,ALLADAYE,Bienvenu,2005-02-05,M,1204,GBAGUIDI Estelle,0166204471
ENR-003927,AN-003173,ACTE_NAISSANCE,AG028,Parakou,2026-03-01,AGOSSOU,Ulrich,1990-06-16,M,0105,KOUKPAKI Judith,
ENR-003928,PP-004126,PASSEPORT,AG009,Ouidah,2026-03-01,DOSSOU,Codjo,1989-09-06,M,0503,CODJIA Prudence,0183185302
ENR-003929,AN-000406,ACTE_NAISSANCE,AG020,Lokossa,2026-03-02,BIO,Comlan,2001-12-25,M,0901,KOUKPAKI Prudence,0134926974
ENR-003930,PP-000750,PASSEPORT,AG035,Dassa-Zoumè,2026-03-02,SOULEY,Nadège Rosine,1986-12-27,F,0702,SOSSOU Espérance,0170143895
ENR-003931,AN-000890,ACTE_NAISSANCE,AG013,Cotonou,2026-03-02,AHOYO,Prudence,1958-08-14,F,1008,SAGBO Salamatou,0159814272
ENR-003932,AN-000898,ACTE_NAISSANCE,AG020,Lokossa,2026-03-02,DOSSOU,Serge Ibrahim,1947-02-25,M,0902,CHABI Sylvie,0164314344
ENR-003933,AN-000979,ACTE_NAISSANCE,AG028,Parakou,2026-03-02,MENSAH,Ulrich Fabrice,1993-12-24,M,0102,DOSSOU Prudence,0122821916
ENR-003934,AN-001447,ACTE_NAISSANCE,AG007,Djougou,2026-03-02,TOSSOU,Gildas,1996-03-11,M,0601,ALLADAYE Prudence,0103578855
ENR-003935,AN-001814,ACTE_NAISSANCE,AG022,Kandi,2026-03-02,ZINSOU,Justin Rachid,1988-11-14,M,0506,TCHIBOZO Fatoumata,0131058684
ENR-003936,AN-001823,ACTE_NAISSANCE,AG008,Lokossa,2026-03-02,ADANDE,Estelle Aïcha,1982-08-07,F,0301,VODOUNON Prudence,0173828589
ENR-003937,AN-002778,ACTE_NAISSANCE,AG013,Cotonou,2026-03-02,BONI,Fabrice Justin,2001-08-16,M,0901,CHABI Salamatou,0186671886
ENR-003938,AN-003686,ACTE_NAISSANCE,AG011,Dassa-Zoumè,2026-03-02,TOGBE,Chimène,1970-10-30,F,0605,SAGBO Rosine,0151543089
ENR-003939,AN-004366,ACTE_NAISSANCE,AG007,Djougou,2026-03-02,TOSSOU,Ibrahim Moussa,2014-10-02,M,0901,IDRISSOU Chimène,
ENR-003940,AN-004992,ACTE_NAISSANCE,AG019,Djougou,2026-03-02,ADANDE,Serge,2013-01-31,M,1103,AMOUSSOU Sènami,0190123774
ENR-003941,AN-000389,ACTE_NAISSANCE,AG025,Cotonou,2026-03-03,HOUESSOU,Bernice,1959-01-29,F,0205,YAROU Judith,0109947062
ENR-003942,AN-001632,ACTE_NAISSANCE,AG018,Natitingou,2026-03-03,ADJOVI,Brice,1995-12-18,M,1005,AMOUSSOU Mariam,0170628112
ENR-003943,AN-001703,ACTE_NAISSANCE,AG038,Abomey-Calavi,2026-03-03,SAGBO,Mariam Espérance,2017-12-14,F,1209,DANSOU Flore,0163963417
ENR-003944,PP-002576,PASSEPORT,AG037,Cotonou,2026-03-03,HOUNGBO,Sèmèvo,2010-07-03,F,0402,ADANDE Sènami,0180483138
ENR-003945,AN-004364,ACTE_NAISSANCE,AG016,Parakou,2026-03-03,AHOYO,Rachid Codjo,2015-03-30,M,0503,SOSSOU Gisèle,0185063118
ENR-003946,AN-004452,ACTE_NAISSANCE,AG002,Abomey-Calavi,2026-03-03,GBAGUIDI,Rosine,1998-05-26,F,1004,SOULEY Nadège,0175424867
ENR-003947,PP-004595,PASSEPORT,AG038,Abomey-Calavi,2026-03-03,DANSOU,Gildas,1992-01-08,M,1207,ADANDE Ayaba,0114561173
ENR-003948,AN-001675,ACTE_NAISSANCE,AG016,Parakou,2026-03-03,GBAGUIDI,Ibrahim,1956-03-25,M,0903,AHOYO Salamatou,0135921800
ENR-003949,AN-000920,ACTE_NAISSANCE,AG016,Parakou,2026-03-04,BIO,Gildas Brice,2017-05-06,M,1206,GBAGUIDI Flore,0141131339
ENR-003950,PP-001016,PASSEPORT,AG029,Bohicon,2026-03-04,TCHIBOZO,Bienvenu,1993-10-01,M,0307,FASSINOU Nadège,
ENR-003951,AN-001078,ACTE_NAISSANCE,AG003,Porto-Novo,2026-03-04,TCHIBOZO,Sènami Judith,2005-03-17,F,0204,GLELE Rachidatou,0100244821
ENR-003952,PP-001939,PASSEPORT,AG023,Dassa-Zoumè,2026-03-04,adande,Gildas,2007-02-19,M,0205,NOUATIN Sèmèvo,
ENR-003953,AN-002365,ACTE_NAISSANCE,AG028,Parakou,2026-03-04,HOUNKPATIN,Fidèle,2005-01-28,M,1207,MENSAH Judith,0186983231
ENR-003954,AN-002696,ACTE_NAISSANCE,AG015,Porto-Novo,2026-03-04,YAROU,Codjo,2010-12-14,M,0106,GLELE Carine,0103388683
ENR-003955,PP-003047,PASSEPORT,AG003,Porto-Novo,2026-03-04,OSSENI,Fabrice,1989-11-01,M,0603,OSSENI Prudence,
ENR-003956,AN-003963,ACTE_NAISSANCE,AG001,Cotonou,2026-03-04,OSSENI,Justin,2001-05-10,M,0208,AKPOVI Estelle,0113584113
ENR-003957,AN-004298,ACTE_NAISSANCE,AG020,Lokossa,2026-03-04,TOSSOU,Brice Ibrahim,1992-01-30,M,1201,BIO Rachidatou,0163971386
ENR-003958,AN-004579,ACTE_NAISSANCE,AG001,Cotonou,2026-03-04,KPADONOU,Judith,1971-06-05,F,0301,VODOUNON Nadège,0153488636
ENR-003959,AN-000048,ACTE_NAISSANCE,AG002,Abomey-Calavi,2026-03-05,GLELE,Ayaba,1979-09-25,F,0703,GBAGUIDI Flore,0131634999
ENR-003960,AN-000380,ACTE_NAISSANCE,AG011,Dassa-Zoumè,2026-03-05,MENSAH,Brice,1977-02-10,M,1105,ZANNOU Sylvie,0166281854
ENR-003961,AN-000423,ACTE_NAISSANCE,AG039,Porto-Novo,2026-03-05,KIKI,Fabrice,2009-01-28,M,1102,DANSOU Rosine,
ENR-003962,AN-000963,ACTE_NAISSANCE,AG005,Bohicon,2026-03-05,ZANNOU,Nadège Ayaba,2012-08-18,F,0503,QUENUM Rachidatou,0112165902
ENR-003963,AN-001655,ACTE_NAISSANCE,AG039,Porto-Novo,2026-03-05,AGOSSOU,Fatoumata,2004-09-11,F,0208,LOKONON Chimène,
ENR-003964,AN-002127,ACTE_NAISSANCE,AG001,Cotonou,2026-03-05,NOUATIN,Rachid,1966-02-26,M,0403,TCHIBOZO Carine,0155818711
ENR-003965,AN-002151,ACTE_NAISSANCE,AG015,Porto-Novo,2026-03-05,FASSINOU,Sèmèvo,1963-10-03,F,0901,DOSSOU Sèmèvo,0183375202
ENR-003966,AN-002331,ACTE_NAISSANCE,AG016,Parakou,2026-03-05,VODOUNON,Ayaba,2014-02-08,F,1201,VODOUNON Rosine,0129838612
ENR-003967,AN-003249,ACTE_NAISSANCE,AG024,Aplahoué,2026-03-05,AHOYO,Comlan,1977-11-20,M,0303,CHABI Mariam,0107322863
ENR-003968,AN-003830,ACTE_NAISSANCE,AG028,Parakou,2026-03-05,AKPOVI,Ibrahim,2002-02-05,M,1209,AHOUANSOU Chimène,0107791764
ENR-003969,AN-004455,ACTE_NAISSANCE,AG030,Natitingou,2026-03-05,GBAGUIDI,Comlan Fabrice,1986-08-24,M,0403,TCHIBOZO Estelle,0112348783
ENR-003970,AN-004491,ACTE_NAISSANCE,AG036,Aplahoué,2026-03-05,ZANNOU,Ibrahim Fidèle,1998-04-17,M,1103,AHOYO Espérance,0168579649
ENR-003971,AN-004754,ACTE_NAISSANCE,AG025,Cotonou,2026-03-05,IDRISSOU,Mahougnon,2007-01-15,M,0206,GLELE Rosine,0108377590
ENR-003972,AN-000407,ACTE_NAISSANCE,AG038,Abomey-Calavi,2026-03-06,MENSAH,Serge Fabrice,1974-09-15,M,1203,TOGBE Sylvie,
ENR-003973,AN-000439,ACTE_NAISSANCE,AG010,Kandi,2026-03-06,HOUNSOU,Koffi,1984-12-24,M,0703,TOGBE Flore,0189211837
ENR-003974,AN-002852,ACTE_NAISSANCE,AG031,Djougou,2026-03-06,SAGBO,Rachidatou,1974-02-27,F,0102,SAGBO Nadège,0197222752
ENR-003975,AN-002997,ACTE_NAISSANCE,AG001,Cotonou,2026-03-06,HOUNKPATIN,Fabrice,1981-03-06,M,0704,NOUATIN Ayaba,0193800308
ENR-003976,PP-003997,PASSEPORT,AG036,Aplahoué,2026-03-06,BIO,Flore,2006-12-22,F,0308,HOUNKPATIN Flore,0165466101
ENR-003977,PP-004166,PASSEPORT,AG002,Abomey-Calavi,2026-03-06,TCHIBOZO,Fidèle Rachid,1983-04-25,M,0904,SAGBO Sylvie,0194812342
ENR-003978,AN-004211,ACTE_NAISSANCE,AG004,Parakou,2026-03-06,OSSENI,Chimène Salamatou,2011-05-09,F,0606,SAGBO Estelle,0130232595
ENR-003979,AN-000001,ACTE_NAISSANCE,AG001,Cotonou,2026-03-07,DANSOU,Justin,1971-06-14,M,1208,OSSENI Rosine,0114170753
ENR-003980,PP-000496,PASSEPORT,AG023,Dassa-Zoumè,2026-03-07,HOUESSOU,Ulrich,1990-10-01,M,0606,HOUNGBO Chimène,
ENR-003981,PP-001054,PASSEPORT,AG009,Ouidah,2026-03-07,HOUNSOU,Chimène,1974-07-09,F,0603,SOULEY Sèmèvo,0105340123
ENR-003982,AN-001172,ACTE_NAISSANCE,AG022,Kandi,2026-03-07,KIKI,Prudence Ayaba,2007-06-16,F,0101,ADJOVI Espérance,0181912320
ENR-003983,AN-001838,ACTE_NAISSANCE,AG012,Aplahoué,2026-03-07,DOSSOU,Salamatou,1965-09-21,F,0201,FASSINOU Sènami,0169914875
ENR-003984,AN-001956,ACTE_NAISSANCE,AG019,Djougou,2026-03-07,LOKONON,Ulrich Arnaud,1997-04-27,M,0308,HOUNSOU Bernice,0187174347
ENR-003985,AN-002085,ACTE_NAISSANCE,AG016,Parakou,2026-03-07,QUENUM,Rosine,1977-02-22,F,0201,AGOSSOU Nadège,0104468526
ENR-003986,AN-003257,ACTE_NAISSANCE,AG009,Ouidah,2026-03-07,AGOSSOU,Carine,2006-01-27,F,0702,YAROU Rachidatou,0285845104
ENR-003987,AN-003467,ACTE_NAISSANCE,AG005,Bohicon,2026-03-07,GBAGUIDI,Ibrahim Yves,1977-04-02,M,1003,TCHIBOZO Chimène,0184552455
ENR-003988,AN-004080,ACTE_NAISSANCE,AG037,Cotonou,2026-03-07,BIO,Ulrich Fidèle,1979-06-16,M,1001,KPADONOU Espérance,0119108923
ENR-003989,AN-004565,ACTE_NAISSANCE,AG005,Bohicon,2026-03-07,SOSSOU,Fatoumata Sèmèvo,2013-09-28,F,0306,KOUKPAKI Aïcha,
ENR-003990,PP-000207,PASSEPORT,AG018,Natitingou,2026-03-08,KOUKPAKI,Judith Gisèle,2003-09-04,F,0506,CHABI Chimène,0133294303
ENR-003991,AN-001007,ACTE_NAISSANCE,AG040,Parakou,2026-03-08,TCHIBOZO,Moussa Romaric,1999-11-05,M,0307,MENSAH Carine,0152940398
ENR-003992,CC-001420,CARTE_CONSULAIRE,AG017,Bohicon,2026-03-08,QUENUM,Aïcha Fatoumata,1974-02-03,F,0408,AKPOVI Fatoumata,0130401540
ENR-003993,PP-001758,PASSEPORT,AG027,Porto-Novo,2026-03-08,SAGBO,Mariam,1998-01-02,F,0101,CODJIA Nadège,0162018823
ENR-003994,AN-002424,ACTE_NAISSANCE,AG012,Aplahoué,2026-03-08,AGOSSOU,Prudence,2005-12-13,F,0305,OSSENI Espérance,0145323793
ENR-003995,AN-000307,ACTE_NAISSANCE,AG039,Porto-Novo,2026-03-09,TOSSOU,Sylvie,1949-12-15,F,0104,AHOYO Prudence,0152220453
ENR-003996,PP-001332,PASSEPORT,AG034,Kandi,2026-03-09,HOUNSOU,Codjo,2013-08-11,M,0703,QUENUM Prudence,
ENR-003997,CC-001935,CARTE_CONSULAIRE,AG027,Porto-Novo,2026-03-09,HOUNKPATIN,Rachid,2005-10-23,M,0405,KOUKPAKI Aïcha,0110086463
ENR-003998,AN-002489,ACTE_NAISSANCE,AG015,Porto-Novo,2026-03-09,KPADONOU,Codjo,2021-04-17,M,1005,HOUNKPATIN Sylvie,0186526124
ENR-003999,CC-002949,CARTE_CONSULAIRE,AG034,Kandi,2026-03-09,HOUNKPATIN,Bernice,1982-01-31,F,0601,AGOSSOU Estelle,0171371216
ENR-004000,PP-004321,PASSEPORT,AG007,Djougou,2026-03-09,HOUNSOU,Aïcha Ayaba,1995-07-15,F,0701,HOUNSOU Fatoumata,
ENR-004001,CC-001100,CARTE_CONSULAIRE,AG034,Kandi,2026-03-10,SAGBO,Sènami,2007-04-21,F,0601,ZINSOU Chimène,0167209393
ENR-004002,AN-001293,ACTE_NAISSANCE,AG029,Bohicon,2026-03-10,OSSENI,Prudence Sènami,2000-03-15,F,0401,HOUESSOU Judith,0100648455
ENR-004003,AN-001653,ACTE_NAISSANCE,AG033,Ouidah,2026-03-10,SOULEY,Ulrich Mahougnon,2010-04-10,M,0905,SOULEY Rachidatou,0131744082
ENR-004004,PP-001695,PASSEPORT,AG035,Dassa-Zoumè,2026-03-10,YAROU,Sènami,1962-07-14,F,0504,TOSSOU Carine,0140411485
ENR-004005,CC-002878,CARTE_CONSULAIRE,AG026,Abomey-Calavi,2026-03-10,IDRISSOU,Yves Mahougnon,2006-07-01,M,0403,AHOUANSOU Rosine,0121654202
ENR-004006,AN-003511,ACTE_NAISSANCE,AG006,Natitingou,2026-03-10,AMOUSSOU,Arnaud,2005-05-27,M,0405,OSSENI Judith,0131164641
ENR-004007,AN-003840,ACTE_NAISSANCE,AG015,Porto-Novo,2026-03-10,HOUNGBO,Fatoumata,1963-10-21,F,0603,ZANNOU Espérance,0151884552
ENR-004008,PP-004015,PASSEPORT,AG039,Porto-Novo,2026-03-10,AKPOVI,Estelle Rosine,1994-07-08,F,0605,AKPOVI Rachidatou,
ENR-004009,AN-004220,ACTE_NAISSANCE,AG031,Djougou,2026-03-10,IDRISSOU,Serge Comlan,1999-08-14,M,0304,ALLADAYE Flore,0198098159
ENR-004010,AN-000350,ACTE_NAISSANCE,AG007,Djougou,2026-03-11,KOUKPAKI,Estelle,1990-03-06,F,0307,YAROU Carine,0156207453
ENR-004011,AN-000425,ACTE_NAISSANCE,AG030,Natitingou,2026-03-11,AGBODJAN,Flore,1964-10-13,F,0307,SOSSOU Mariam,0102144235
ENR-004012,AN-001127,ACTE_NAISSANCE,AG025,Cotonou,2026-03-11,CODJIA,Brice Gildas,2005-08-14,M,0408,OSSENI Chimène,0154147908
ENR-004013,AN-002023,ACTE_NAISSANCE,AG017,Bohicon,2026-03-11,DANSOU,Gildas,1999-04-13,M,0702,TOSSOU Sèmèvo,0149437364
ENR-004014,AN-002373,ACTE_NAISSANCE,AG038,Abomey-Calavi,2026-03-11,KOUKPAKI,Espérance Salamatou,1967-10-10,F,0505,HOUNSOU Aïcha,0101236982
ENR-004015,AN-002939,ACTE_NAISSANCE,AG026,Abomey-Calavi,2026-03-11,YAROU,Aïcha Gisèle,2006-03-24,F,0506,ADANDE Bernice,0156843753
ENR-004016,AN-004692,ACTE_NAISSANCE,AG018,Natitingou,2026-03-11,AGBODJAN,Fatoumata,1998-12-22,F,0704,AKPOVI Flore,0154613594
ENR-004017,AN-000006,ACTE_NAISSANCE,AG007,Djougou,2026-03-12,HOUNGBO,Sylvie,1966-07-25,F,0504,DANSOU Rachidatou,0162701079
ENR-004018,AN-000011,ACTE_NAISSANCE,AG012,Aplahoué,2026-03-12,TCHIBOZO,Fidèle,1989-02-09,M,0603,ZANNOU Rachidatou,0176472587
ENR-004019,AN-001120,ACTE_NAISSANCE,AG030,Natitingou,2026-03-12,BIO,Gisèle,1989-03-25,F,0208,MENSAH Judith,0107401617
ENR-004020,AN-002054,ACTE_NAISSANCE,AG002,Abomey-Calavi,2026-03-12,NOUATIN,Moussa,1991-02-12,M,0906,ADANDE Carine,0126863039
ENR-004021,AN-002086,ACTE_NAISSANCE,AG002,Abomey-Calavi,2026-03-12,TOGBE,Rosine,1970-10-09,F,0306,AGBODJAN Sènami,0153702971
ENR-004022,AN-002286,ACTE_NAISSANCE,AG035,Dassa-Zoumè,2026-03-12,DANSOU,Comlan Codjo,2004-05-02,M,0902,AGBODJAN Mariam,0173074611
ENR-004023,AN-002319,ACTE_NAISSANCE,AG028,Parakou,2026-03-12,TCHIBOZO,Fidèle Yves,1995-06-09,M,0504,DANSOU Sèmèvo,0145240616
ENR-004024,AN-003396,ACTE_NAISSANCE,AG012,Aplahoué,2026-03-12,LOKONON,Comlan Koffi,1965-11-03,M,1203,CHABI Espérance,0177812863
ENR-004025,CC-003640,CARTE_CONSULAIRE,AG025,Cotonou,2026-03-12,ASSOGBA,Salamatou,1981-01-05,F,0702,HOUNSOU Rachidatou,0154287922
ENR-004026,AN-003844,ACTE_NAISSANCE,AG012,Aplahoué,2026-03-12,ALLADAYE,Koffi Romaric,1970-08-22,M,0102,AHOYO Flore,0137382129
ENR-004027,AN-003860,ACTE_NAISSANCE,AG039,Porto-Novo,2026-03-12,CODJIA,Rodrigue,1948-03-16,M,0505,KOUKPAKI Rachidatou,0150810906
ENR-004028,AN-004155,ACTE_NAISSANCE,AG029,Bohicon,2026-03-12,KPADONOU,Espérance,1979-10-09,F,0903,HOUNSOU Sylvie,
ENR-004029,AN-004396,ACTE_NAISSANCE,AG024,Aplahoué,2026-03-12,CHABI,Nadège,1974-01-22,F,0403,LOKONON Aïcha,
ENR-004030,AN-000298,ACTE_NAISSANCE,AG009,Ouidah,2026-03-13,SAGBO,Chimène,2002-04-02,F,0403,IDRISSOU Sènami,0167309498
ENR-004031,AN-000623,ACTE_NAISSANCE,AG014,Abomey-Calavi,2026-03-13,BIO,Estelle Flore,1986-02-01,F,0905,ADANDE Aïcha,0129794391
ENR-004032,AN-000708,ACTE_NAISSANCE,AG010,Kandi,2026-03-13,SOSSOU,Carine,1950-10-07,F,0209,NOUATIN Mariam,0116277976
ENR-004033,CC-000848,CARTE_CONSULAIRE,AG036,Aplahoué,2026-03-13,BIO,Arnaud Bienvenu,1991-08-17,M,0406,TOGBE Sèmèvo,
ENR-004034,PP-001057,PASSEPORT,AG028,Parakou,2026-03-13,FASSINOU,Fabrice Brice,1976-11-19,M,1102,GLELE Mariam,0174192289
ENR-004035,AN-001872,ACTE_NAISSANCE,AG005,Bohicon,2026-03-13,ASSOGBA,Rachid,1944-06-17,M,1203,MENSAH Judith,0139081309
ENR-004036,AN-001916,ACTE_NAISSANCE,AG028,Parakou,2026-03-13,ADANDE,Fatoumata,2006-02-24,F,0901,ASSOGBA Flore,0115415835
ENR-004037,AN-002022,ACTE_NAISSANCE,AG037,Cotonou,2026-03-13,ZANNOU,Judith,2020-04-27,F,0207,DOSSOU Gisèle,0143776529
ENR-004038,AN-002252,ACTE_NAISSANCE,AG010,Kandi,2026-03-13,ALLADAYE,Espérance,1971-08-05,F,1105,TCHIBOZO Salamatou,0193087180
ENR-004039,CC-002601,CARTE_CONSULAIRE,AG015,Porto-Novo,2026-03-13,AGOSSOU,Rosine,1981-04-11,F,0308,AKPOVI Gisèle,0107376493
ENR-004040,AN-002733,ACTE_NAISSANCE,AG023,Dassa-Zoumè,2026-03-13,GLELE,Nadège,2001-01-02,F,0703,BIO Salamatou,0179577591
ENR-004041,AN-002809,ACTE_NAISSANCE,AG020,Lokossa,2026-03-13,LOKONON,Rachid,1972-11-22,M,0502,NOUATIN Rosine,0137463210
ENR-004042,AN-003136,ACTE_NAISSANCE,AG010,Kandi,2026-03-13,ASSOGBA,Estelle,1945-08-07,F,0301,VODOUNON Sènami,0194340297
ENR-004043,AN-003321,ACTE_NAISSANCE,AG014,Abomey-Calavi,2026-03-13,SOULEY,Ibrahim Fabrice,1997-05-18,M,1101,DANSOU Mariam,0143614854
ENR-004044,AN-003718,ACTE_NAISSANCE,AG013,Cotonou,2026-03-13,HOUNSOU,Salamatou,1961-11-08,F,0502,ADANDE Judith,0123249599
ENR-004045,PP-003874,PASSEPORT,AG026,Abomey-Calavi,2026-03-13,KOUKPAKI,Fidèle Ulrich,1969-10-30,M,0209,AHOYO Mariam,0139174776
ENR-004046,AN-000097,ACTE_NAISSANCE,AG039,Porto-Novo,2026-03-14,ASSOGBA,Aïcha,2001-11-28,F,0404,GLELE Sèmèvo,0187710996
ENR-004047,AN-000367,ACTE_NAISSANCE,AG006,Natitingou,2026-03-14,HOUNSOU,Yves,1968-06-23,M,0402,SAGBO Sèmèvo,0179569871
ENR-004048,AN-000445,ACTE_NAISSANCE,AG002,Abomey-Calavi,2026-03-14,ZINSOU,Comlan,1956-01-14,M,0606,ADANDE Espérance,0172119189
ENR-004049,AN-002199,ACTE_NAISSANCE,AG012,Aplahoué,2026-03-14,HOUNGBO,Judith Chimène,1997-04-12,F,1202,KOUKPAKI Sèmèvo,0172933856
ENR-004050,AN-002209,ACTE_NAISSANCE,AG006,Natitingou,2026-03-14,IDRISSOU,Aïcha Estelle,1992-01-28,F,0106,KIKI Fatoumata,0104779781
ENR-004051,AN-003293,ACTE_NAISSANCE,AG029,Bohicon,2026-03-14,KIKI,Ibrahim,2013-06-28,M,1009,KIKI Nadège,0169564595
ENR-004052,PP-004662,PASSEPORT,AG016,Parakou,2026-03-14,NOUATIN,Sènami,1978-01-08,F,0406,ADJOVI Judith,0136288670
ENR-004053,AN-004894,ACTE_NAISSANCE,AG020,Lokossa,2026-03-14,DOSSOU,Salamatou,1975-09-04,F,0604,ADJOVI Nadège,0105773426
ENR-004054,CC-004929,CARTE_CONSULAIRE,AG002,Abomey-Calavi,2026-03-14,AGOSSOU,Sylvie Aïcha,1992-02-26,F,0504,YAROU Aïcha,0196957746
ENR-004055,PP-001054,PASSEPORT,AG037,Cotonou,2026-03-14,HOUNSOU,Chimène,1974-07-09,F,0603,SOULEY Sèmèvo,0105340123
ENR-004056,AN-000563,ACTE_NAISSANCE,AG023,Dassa-Zoumè,2026-03-15,AGOSSOU,Estelle Ayaba,2005-02-25,F,0305,AGOSSOU Estelle,0185877524
ENR-004057,CC-000805,CARTE_CONSULAIRE,AG015,Porto-Novo,2026-03-15,SOSSOU,Justin Moussa,1998-11-08,M,0206,HOUESSOU Estelle,0188220878
ENR-004058,PP-000845,PASSEPORT,AG039,Porto-Novo,2026-03-15,BIO,Rachidatou,1967-12-12,F,1002,SAGBO Prudence,0151934424
ENR-004059,PP-001889,PASSEPORT,AG033,Ouidah,2026-03-15,DOSSOU,Moussa Ulrich,1990-07-12,M,0206,MENSAH Ayaba,0171775940
ENR-004060,AN-002456,ACTE_NAISSANCE,AG023,Dassa-Zoumè,2026-03-15,ZANNOU,Comlan,1986-04-24,M,0801,ALLADAYE Chimène,0133594595
ENR-004061,AN-002661,ACTE_NAISSANCE,AG008,Lokossa,2026-03-15,GLELE,Codjo Ghislain,1981-10-21,M,0604,CHABI Espérance,0147431660
ENR-004062,PP-003414,PASSEPORT,AG025,Cotonou,2026-03-15,SAGBO,Arnaud Rodrigue,1952-04-10,M,0501,QUENUM Sylvie,0147761744
ENR-004063,AN-004032,ACTE_NAISSANCE,AG032,Lokossa,2026-03-15,CHABI,Nadège Salamatou,2006-10-30,F,0204,DOSSOU Espérance,0178238338
ENR-004064,AN-000143,ACTE_NAISSANCE,AG002,Abomey-Calavi,2026-03-16,AHOUANSOU,Judith,2001-06-05,F,1205,GLELE Chimène,0193797496
ENR-004065,AN-000549,ACTE_NAISSANCE,AG037,Cotonou,2026-03-16,SAGBO,Flore,1990-08-17,F,0205,FASSINOU Estelle,0197089259
ENR-004066,PP-002434,PASSEPORT,AG035,Dassa-Zoumè,2026-03-16,ADJOVI,Brice,1973-02-07,M,1004,AKPOVI Sèmèvo,0109210431
ENR-004067,CC-003334,CARTE_CONSULAIRE,AG016,Parakou,2026-03-16,SOSSOU,Fidèle Justin,1985-01-14,M,0106,TOGBE Mariam,0164529066
ENR-004068,PP-003742,PASSEPORT,AG008,Lokossa,2026-03-16,AGBODJAN,Prudence Sylvie,1989-01-16,F,0703,TOSSOU Fatoumata,870789598
ENR-004069,AN-003851,ACTE_NAISSANCE,AG019,Djougou,2026-03-16,LOKONON,Flore,1991-09-12,F,0102,ADJOVI Aïcha,0173607959
ENR-004070,AN-004358,ACTE_NAISSANCE,AG031,Djougou,2026-03-16,HOUNKPATIN,Flore,1996-01-23,F,0207,KIKI Nadège,0158111131
ENR-004071,AN-001603,ACTE_NAISSANCE,AG006,Natitingou,2026-03-16,SOSSOU,Espérance Aïcha,1999-02-13,F,1207,BIO Prudence,
ENR-004072,AN-000450,ACTE_NAISSANCE,AG014,Abomey-Calavi,2026-03-17,HOUNKPATIN,Espérance Mariam,1987-12-11,F,0301,AGOSSOU Estelle,0154456726
ENR-004073,PP-001115,PASSEPORT,AG010,Kandi,2026-03-17,TCHIBOZO,Sylvie,2013-02-13,F,0306,VODOUNON Rosine,0196917365
ENR-004074,AN-001705,ACTE_NAISSANCE,AG035,Dassa-Zoumè,2026-03-17,AHOYO,Prudence,2000-02-29,F,0104,OSSENI Gisèle,
ENR-004075,CC-001793,CARTE_CONSULAIRE,AG023,Dassa-Zoumè,2026-03-17,KPADONOU,Ibrahim,1988-06-01,M,0303,DANSOU Chimène,0172460349
ENR-004076,CC-002879,CARTE_CONSULAIRE,AG039,Porto-Novo,2026-03-17,KOUKPAKI,Yves,1996-12-02,M,0703,GLELE Bernice,0191535026
ENR-004077,AN-002880,ACTE_NAISSANCE,AG018,Natitingou,2026-03-17,NOUATIN,Carine,1992-07-08,F,1203,FASSINOU Aïcha,+2290109194310
ENR-004078,AN-003217,ACTE_NAISSANCE,AG010,Kandi,2026-03-17,AGOSSOU,Ulrich,2005-08-29,M,1008,SAGBO Sylvie,0152400117
ENR-004079,AN-003885,ACTE_NAISSANCE,AG005,Bohicon,2026-03-17,DANSOU,Fatoumata,1972-04-22,F,0104,ZINSOU Chimène,0128298617
ENR-004080,PP-004268,PASSEPORT,AG008,Lokossa,2026-03-17,DOSSOU,Carine,2001-08-08,F,0206,BIO Prudence,0177257315
ENR-004081,PP-001098,PASSEPORT,AG036,Aplahoué,2026-03-18,NOUATIN,Rachidatou,2001-04-02,F,0208,KOUKPAKI Gisèle,0118770321
ENR-004082,PP-001202,PASSEPORT,AG007,Djougou,2026-03-18,ZINSOU,Ibrahim,1992-09-09,M,0606,FASSINOU Salamatou,0149457708
ENR-004083,CC-001510,CARTE_CONSULAIRE,AG031,Djougou,2026-03-18,ZINSOU,Justin Gildas,2003-01-05,M,0704,CHABI Gisèle,0131030509
ENR-004084,AN-002038,ACTE_NAISSANCE,AG037,Cotonou,2026-03-18,FASSINOU,Ulrich Rodrigue,1985-03-05,M,1001,CODJIA Nadège,0147864556
ENR-004085,AN-002870,ACTE_NAISSANCE,AG004,Parakou,2026-03-18,SOULEY,Yves,1984-07-09,M,0905,AHOUANSOU Prudence,0149723936
ENR-004086,AN-002929,ACTE_NAISSANCE,AG033,Ouidah,2026-03-18,DOSSOU,Bienvenu,1998-02-20,M,1209,HOUNGBO Mariam,0239985785
ENR-004087,AN-003788,ACTE_NAISSANCE,AG011,Dassa-Zoumè,2026-03-18,TOSSOU,Sèmèvo Nadège,2006-12-05,F,0204,DOSSOU Nadège,0151629028
ENR-004088,PP-004864,PASSEPORT,AG030,Natitingou,2026-03-18,HOUNSOU,Rachid Yves,2018-09-04,M,1205,HOUNSOU Sènami,
ENR-004089,AN-000137,ACTE_NAISSANCE,AG021,Ouidah,2026-03-19,ALLADAYE,Ibrahim,1977-12-25,M,0302,AGOSSOU Fatoumata,0196602683
ENR-004090,AN-000484,ACTE_NAISSANCE,AG008,Lokossa,2026-03-19,AGBODJAN,Aïcha,1951-08-15,F,0503,CODJIA Espérance,0148819397
ENR-004091,AN-001349,ACTE_NAISSANCE,AG019,Djougou,2026-03-19,DANSOU,Flore,2014-02-08,F,0103,KOUKPAKI Rosine,0123507810
ENR-004092,AN-001511,ACTE_NAISSANCE,AG008,Lokossa,2026-03-19,SOSSOU,Romaric,1998-08-04,M,0408,MENSAH Salamatou,0132143619
ENR-004093,AN-002000,ACTE_NAISSANCE,AG015,Porto-Novo,2026-03-19,BONI,Prudence Sèmèvo,1971-12-09,F,0102,ALLADAYE Sènami,0175936992
ENR-004094,AN-002384,ACTE_NAISSANCE,AG040,Parakou,2026-03-19,ADANDE,Sèmèvo,1969-12-20,F,0306,AHOYO Gisèle,
ENR-004095,AN-003812,ACTE_NAISSANCE,AG011,Dassa-Zoumè,2026-03-19,HOUESSOU,Ulrich,1987-12-06,M,0406,CODJIA Estelle,0105064254
ENR-004096,AN-003904,ACTE_NAISSANCE,AG016,Parakou,2026-03-19,hounsou,Chimène Bernice,2000-03-02,F,1103,AHOYO Aïcha,0173831764
ENR-004097,AN-004255,ACTE_NAISSANCE,AG006,Natitingou,2026-03-19,KIKI,Bienvenu,1967-10-08,M,1103,VODOUNON Rachidatou,0161815270
ENR-004098,AN-004389,ACTE_NAISSANCE,AG003,Porto-Novo,2026-03-19,KPADONOU,Estelle Flore,1991-12-26,F,0101,YAROU Chimène,0127109059
ENR-004099,AN-000376,ACTE_NAISSANCE,AG025,Cotonou,2026-03-20,KIKI,Chimène Espérance,2000-12-05,F,1104,TCHIBOZO Salamatou,0189447220
ENR-004100,AN-000740,ACTE_NAISSANCE,AG031,Djougou,2026-03-20,GBAGUIDI,Chimène,1991-12-01,F,1003,HOUNGBO Sènami,
ENR-004101,AN-002488,ACTE_NAISSANCE,AG018,Natitingou,2026-03-20,HOUESSOU,Rachidatou,2007-02-25,F,0208,YAROU Carine,0106499207
ENR-004102,AN-004592,ACTE_NAISSANCE,AG029,Bohicon,2026-03-20,AGBODJAN,Arnaud Fabrice,2000-06-02,M,0702,AGOSSOU Ayaba,0132455638
ENR-004103,AN-000199,ACTE_NAISSANCE,AG029,Bohicon,2026-03-21,HOUNGBO,Brice Fabrice,1999-10-21,M,0405,ZANNOU Sènami,0136460488
ENR-004104,AN-000474,ACTE_NAISSANCE,AG013,Cotonou,2026-03-21,KIKI,Sylvie,1969-04-25,F,0404,FASSINOU Rosine,0179736250
ENR-004105,AN-002458,ACTE_NAISSANCE,AG018,Natitingou,2026-03-21,IDRISSOU,Rosine,1967-09-17,F,0902,IDRISSOU Mariam,0145442584
ENR-004106,AN-002617,ACTE_NAISSANCE,AG006,Natitingou,2026-03-21,SAGBO,  Bernice   Chimène ,1982-11-24,F,1009,ZINSOU Flore,
ENR-004107,CC-003041,CARTE_CONSULAIRE,AG033,Ouidah,2026-03-21,MENSAH,Fabrice,2002-10-13,M,0404,AGBODJAN Mariam,0107195237
ENR-004108,AN-003364,ACTE_NAISSANCE,AG011,Dassa-Zoumè,2026-03-21,ZANNOU,Arnaud,2002-07-23,M,0209,KOUKPAKI Prudence,0161539550
ENR-004109,AN-003791,ACTE_NAISSANCE,AG031,Djougou,2026-03-21,BIO,Fabrice,1974-01-30,M,1208,DOSSOU Ayaba,0103812851
ENR-004110,CC-004443,CARTE_CONSULAIRE,AG009,Ouidah,2026-03-21,AGBODJAN,Serge Brice,1957-02-28,M,0303,ADJOVI Nadège,0184312203
ENR-004111,AN-004548,ACTE_NAISSANCE,AG038,Abomey-Calavi,2026-03-21,AHOYO,Moussa,1981-06-08,M,1001,CHABI Nadège,0158693251
ENR-004112,AN-004776,ACTE_NAISSANCE,AG001,Cotonou,2026-03-21,ADJOVI,Mahougnon Bienvenu,1962-01-30,M,1202,KPADONOU Fatoumata,0109097939
ENR-004113,AN-000508,ACTE_NAISSANCE,AG010,Kandi,2026-03-22,AGOSSOU,Rosine Estelle,1969-07-23,F,0403,AGBODJAN Chimène,01 66 68 35 13
ENR-004114,AN-001692,ACTE_NAISSANCE,AG035,Dassa-Zoumè,2026-03-22,KPADONOU,Prudence,1964-05-22,F,1103,KOUKPAKI Flore,0120375660
ENR-004115,PP-003143,PASSEPORT,AG002,Abomey-Calavi,2026-03-22,TCHIBOZO,Gisèle,1985-06-11,F,0303,ZANNOU Carine,0111127482
ENR-004116,AN-003518,ACTE_NAISSANCE,AG032,Lokossa,2026-03-22,SOSSOU,Ulrich,1999-12-17,M,0503,GBAGUIDI Chimène,0122311491
ENR-004117,AN-004006,ACTE_NAISSANCE,AG018,Natitingou,2026-03-22,ADANDE,Aïcha Flore,1966-10-20,F,0906,HOUNKPATIN Fatoumata,
ENR-004118,AN-004327,ACTE_NAISSANCE,AG022,Kandi,2026-03-22,GLELE,Serge,1996-09-24,M,0504,NOUATIN Ayaba,0158443069
ENR-004119,PP-004505,PASSEPORT,AG028,Parakou,2026-03-22,HOUNGBO,Espérance,2010-08-24,F,0208,CODJIA Sènami,0136196135
ENR-004120,AN-004814,ACTE_NAISSANCE,AG029,Bohicon,2026-03-22,TOGBE,Comlan,1996-01-21,M,1008,DANSOU Mariam,0199637322
ENR-004121,AN-001411,ACTE_NAISSANCE,AG028,Parakou,2026-03-23,ASSOGBA,Bienvenu,2005-07-24,M,0604,GBAGUIDI Aïcha,
ENR-004122,AN-001458,ACTE_NAISSANCE,AG019,Djougou,2026-03-23,ADANDE,Fidèle,1990-08-02,M,0402,AKPOVI Sènami,
ENR-004123,PP-001520,PASSEPORT,AG012,Aplahoué,2026-03-23,NOUATIN,Romaric Bienvenu,2008-07-22,M,0602,AGOSSOU Flore,0194384240
ENR-004124,AN-001537,ACTE_NAISSANCE,AG034,Kandi,2026-03-23,NOUATIN,Comlan,1965-03-24,M,0506,AGOSSOU Estelle,
ENR-004125,PP-002480,PASSEPORT,AG018,Natitingou,2026-03-23,CODJIA,Nadège Fatoumata,1944-03-21,F,1101,HOUESSOU Sylvie,0169752210
ENR-004126,AN-002531,ACTE_NAISSANCE,AG020,Lokossa,2026-03-23,TOGBE,Moussa,1993-01-09,M,0308,GLELE Nadège,0103736406
ENR-004127,AN-002709,ACTE_NAISSANCE,AG017,Bohicon,2026-03-23,OSSENI,Gisèle,2011-07-02,F,0101,SOULEY Estelle,0107076447
ENR-004128,AN-002725,ACTE_NAISSANCE,AG034,Kandi,2026-03-23,CODJIA,Comlan Rachid,2002-01-11,M,0701,QUENUM Sylvie,0168840345
ENR-004129,PP-003456,PASSEPORT,AG016,Parakou,2026-03-23,AHOYO,Mahougnon Fidèle,1957-03-31,M,0205,CODJIA Prudence,0109658134
ENR-004130,CC-004170,CARTE_CONSULAIRE,AG018,Natitingou,2026-03-23,ADANDE,Nadege,1988-12-06,F,0703,BONI Rosine,
ENR-004131,AN-004233,ACTE_NAISSANCE,AG026,Abomey-Calavi,2026-03-23,KIKI,Rachidatou Rosine,1951-02-18,F,0102,AHOYO Aïcha,0102442411
ENR-004132,AN-004445,ACTE_NAISSANCE,AG038,Abomey-Calavi,2026-03-23,IDRISSOU,Gildas,1968-06-24,M,0701,SAGBO Ayaba,0114846113
ENR-004133,AN-004612,ACTE_NAISSANCE,AG026,Abomey-Calavi,2026-03-23,GLELE,Rodrigue Fabrice,2007-08-05,M,0606,ADANDE Salamatou,0103874219
ENR-004134,CC-001640,CARTE_CONSULAIRE,AG036,Aplahoué,2026-03-24,OSSENI,Espérance,2012-03-20,F,0801,NOUATIN Sènami,0182167893
ENR-004135,AN-001704,ACTE_NAISSANCE,AG032,Lokossa,2026-03-24,HOUNSOU,Mahougnon Ulrich,1961-02-20,M,0102,TCHIBOZO Flore,0188941035
ENR-004136,AN-001716,ACTE_NAISSANCE,AG023,Dassa-Zoumè,2026-03-24,ADJOVI,Chimène Rachidatou,2002-10-06,F,0206,ZANNOU Prudence,0129962762
ENR-004137,AN-001953,ACTE_NAISSANCE,AG022,Kandi,2026-03-24,ADANDE,Sylvie Fatoumata,1946-07-09,F,1103,GBAGUIDI Mariam,0192930869
ENR-004138,AN-002077,ACTE_NAISSANCE,AG019,Djougou,2026-03-24,ZINSOU,Rodrigue,1989-12-23,M,0308,HOUNSOU Sènami,0150637425
ENR-004139,AN-002660,ACTE_NAISSANCE,AG037,Cotonou,2026-03-24,SOULEY,Ulrich,1942-12-10,M,0502,SOULEY Gisèle,0119586613
ENR-004140,CC-003806,CARTE_CONSULAIRE,AG010,Kandi,2026-03-24,DOSSOU,Romaric,1985-12-21,M,1001,BONI Gisèle,0166786059
ENR-004141,CC-004524,CARTE_CONSULAIRE,AG024,Aplahoué,2026-03-24,SAGBO,Espérance,1967-08-30,F,0603,SOSSOU Sylvie,0128557348
ENR-004142,AN-004764,ACTE_NAISSANCE,AG028,Parakou,2026-03-24,AMOUSSOU,Chimène Flore,2019-06-19,F,0105,VODOUNON Rosine,0163980774
ENR-004143,AN-000361,ACTE_NAISSANCE,AG021,Ouidah,2026-03-25,ADANDE,Ayaba,2007-01-25,F,0203,CHABI Flore,0149867641
ENR-004144,AN-000392,ACTE_NAISSANCE,AG039,Porto-Novo,2026-03-25,DANSOU,Bienvenu Rachid,2009-10-09,M,0101,MENSAH Bernice,
ENR-004145,PP-001728,PASSEPORT,AG012,Aplahoué,2026-03-25,AGBODJAN,Estelle,1977-12-03,F,1209,YAROU Mariam,
ENR-004146,AN-002100,ACTE_NAISSANCE,AG026,Abomey-Calavi,2026-03-25,SOSSOU,Serge,1977-11-08,M,0306,QUENUM Fatoumata,0117803635
ENR-004147,PP-002202,PASSEPORT,AG006,Natitingou,2026-03-25,KIKI,Moussa Brice,1944-01-09,M,1202,MENSAH Gisèle,0100370221
ENR-004148,PP-002856,PASSEPORT,AG006,Natitingou,2026-03-25,NOUATIN,Ghislain Comlan,1972-04-27,M,0304,BONI Flore,0101660145
ENR-004149,AN-003314,ACTE_NAISSANCE,AG037,Cotonou,2026-03-25,TOSSOU,Rosine,1956-07-14,F,1203,NOUATIN Judith,0141223924
ENR-004150,AN-004276,ACTE_NAISSANCE,AG009,Ouidah,2026-03-25,TOSSOU,Fidèle,1976-04-14,M,0209,TOSSOU Salamatou,
ENR-004151,AN-004419,ACTE_NAISSANCE,AG032,Lokossa,2026-03-25,HOUESSOU,Carine,1991-11-16,F,0704,TOGBE Chimène,0189006379
ENR-004152,AN-001369,ACTE_NAISSANCE,AG031,Djougou,2026-03-26,ZANNOU,Ulrich,2008-04-24,M,1101,BIO Rachidatou,0142855079
ENR-004153,AN-001465,ACTE_NAISSANCE,AG001,Cotonou,2026-03-26,GBAGUIDI,Carine Ayaba,1987-03-31,F,0703,HOUNSOU Chimène,0167918642
ENR-004154,AN-001887,ACTE_NAISSANCE,AG001,Cotonou,2026-03-26,AMOUSSOU,Moussa,1968-04-06,M,0209,AHOYO Prudence,0166144566
ENR-004155,AN-001979,ACTE_NAISSANCE,AG011,Dassa-Zoumè,2026-03-26,AGBODJAN,Serge,1998-09-07,M,0202,AKPOVI Bernice,0110988694
ENR-004156,AN-002522,ACTE_NAISSANCE,AG016,Parakou,2026-03-26,ALLADAYE,Romaric,1970-11-10,M,0408,AHOYO Bernice,0125374306
ENR-004157,CC-002581,CARTE_CONSULAIRE,AG036,Aplahoué,2026-03-26,HOUNGBO,Koffi Serge,2003-08-17,M,0704,AHOUANSOU Sylvie,0138107865
ENR-004158,AN-003174,ACTE_NAISSANCE,AG037,Cotonou,2026-03-26,KOUKPAKI,Koffi,2000-02-22,M,0405,SOULEY Rachidatou,0157645302
ENR-004159,CC-003359,CARTE_CONSULAIRE,AG015,Porto-Novo,2026-03-26,BONI,Bienvenu,2008-03-28,M,0602,AKPOVI Espérance,0150030219
ENR-004160,PP-004440,PASSEPORT,AG028,Parakou,2026-03-26,OSSENI,  Flore ,2008-07-11,F,0406,ADJOVI Prudence,0118499379
ENR-004161,AN-004522,ACTE_NAISSANCE,AG002,Abomey-Calavi,2026-03-26,HOUESSOU,Espérance,2010-04-20,F,1202,KOUKPAKI Chimène,0148937046
ENR-004162,CC-000082,CARTE_CONSULAIRE,AG031,Djougou,2026-03-27,GBAGUIDI,Moussa,2016-04-03,M,0305,QUENUM Sèmèvo,
ENR-004163,PP-000408,PASSEPORT,AG029,Bohicon,2026-03-27,TOGBE,Ayaba,1954-09-22,F,0902,TCHIBOZO Prudence,0164456912
ENR-004164,AN-002619,ACTE_NAISSANCE,AG034,Kandi,2026-03-27,AGBODJAN,Koffi,2014-04-22,M,1104,AGOSSOU Flore,0196892065
ENR-004165,AN-002695,ACTE_NAISSANCE,AG018,Natitingou,2026-03-27,BIO,Ibrahim,1982-03-27,M,0504,YAROU Judith,0190221388
ENR-004166,AN-003103,ACTE_NAISSANCE,AG023,Dassa-Zoumè,2026-03-27,HOUNKPATIN,Bernice,1979-09-15,F,0206,AGOSSOU Fatoumata,
ENR-004167,CC-003235,CARTE_CONSULAIRE,AG009,Ouidah,2026-03-27,MENSAH,Ghislain,1968-08-22,M,0103,AHOUANSOU Sènami,0186435298
ENR-004168,AN-003912,ACTE_NAISSANCE,AG037,Cotonou,2026-03-27,QUENUM,Fabrice,1991-08-30,M,0601,HOUNGBO Prudence,0130126213
ENR-004169,AN-004277,ACTE_NAISSANCE,AG009,Ouidah,2026-03-27,YAROU,Comlan,1966-08-11,M,0905,OSSENI Rachidatou,0135602228
ENR-004170,AN-004727,ACTE_NAISSANCE,AG021,Ouidah,2026-03-27,ZANNOU,Espérance,1964-09-12,F,0703,HOUNSOU Espérance,0133910344
ENR-004171,AN-002141,ACTE_NAISSANCE,AG039,Porto-Novo,2026-03-27,SOSSOU,Sènami Sèmèvo,1988-03-01,F,0505,KPADONOU Prudence,0150024950
ENR-004172,AN-000400,ACTE_NAISSANCE,AG029,Bohicon,2026-03-28,HOUESSOU,Salamatou Carine,1975-12-27,F,0801,TOGBE Carine,0163745611
ENR-004173,AN-002496,ACTE_NAISSANCE,AG012,Aplahoué,2026-03-28,GBAGUIDI,Gisèle Aïcha,1961-10-18,F,1103,AGBODJAN Carine,0108763102
ENR-004174,AN-003694,ACTE_NAISSANCE,AG034,Kandi,2026-03-28,HOUNGBO,Fidèle,1973-10-25,M,0604,DANSOU Fatoumata,0175423227
ENR-004175,AN-004242,ACTE_NAISSANCE,AG010,Kandi,2026-03-28,GLELE,Sènami,2018-09-13,F,0104,OSSENI Sylvie,0177056951
ENR-004176,CC-004832,CARTE_CONSULAIRE,AG014,Abomey-Calavi,2026-03-28,GLELE,Moussa,2014-04-19,M,1005,DOSSOU Rosine,0171077429
ENR-004177,AN-004914,ACTE_NAISSANCE,AG007,Djougou,2026-03-28,TOSSOU,Bernice,1985-11-28,F,0902,SOSSOU Sènami,0165973326
ENR-004178,AN-000630,ACTE_NAISSANCE,AG009,Ouidah,2026-03-29,BONI,Sèmèvo Sènami,1989-09-17,F,0403,CODJIA Bernice,0146084543
ENR-004179,AN-000989,ACTE_NAISSANCE,AG003,Porto-Novo,2026-03-29,KPADONOU,Chimène Espérance,2014-09-09,F,0207,KIKI Nadège,0159215955
ENR-004180,CC-001318,CARTE_CONSULAIRE,AG031,Djougou,2026-03-29,ADANDE,Mariam,2001-10-30,F,0105,ADJOVI Fatoumata,0153717225
ENR-004181,AN-002445,ACTE_NAISSANCE,AG031,Djougou,2026-03-29,SOSSOU,Gildas,2004-05-19,M,1001,ZINSOU Rosine,0169861884
ENR-004182,AN-002909,ACTE_NAISSANCE,AG038,Abomey-Calavi,2026-03-29,DOSSOU,Carine Estelle,2002-04-02,F,0602,OSSENI Prudence,0121894556
ENR-004183,AN-003975,ACTE_NAISSANCE,AG027,Porto-Novo,2026-03-29,TOSSOU,Nadège,1936-10-29,F,1208,ALLADAYE Bernice,0187784623
ENR-004184,AN-004955,ACTE_NAISSANCE,AG022,Kandi,2026-03-29,SAGBO,Sèmèvo,1966-01-08,F,0403,HOUNKPATIN Aïcha,0191895743
ENR-004185,AN-000223,ACTE_NAISSANCE,AG003,Porto-Novo,2026-03-30,AGBODJAN,Gildas,2004-11-21,M,0101,KPADONOU Estelle,0144074113
ENR-004186,CC-000238,CARTE_CONSULAIRE,AG026,Abomey-Calavi,2026-03-30,TOSSOU,Ibrahim Arnaud,2006-09-17,M,0601,AGOSSOU Salamatou,0153708672
ENR-004187,AN-000332,ACTE_NAISSANCE,AG040,Parakou,2026-03-30,ALLADAYE,Bernice,1968-07-27,F,1203,AKPOVI Flore,
ENR-004188,AN-000618,ACTE_NAISSANCE,AG028,Parakou,2026-03-30,BIO,Estelle,1954-10-28,F,0403,ZINSOU Aïcha,0155530828
ENR-004189,AN-003991,ACTE_NAISSANCE,AG032,Lokossa,2026-03-30,ASSOGBA,Moussa,1966-07-17,M,1105,AGBODJAN Judith,0100094415
ENR-004190,AN-000153,ACTE_NAISSANCE,AG012,Aplahoué,2026-03-31,HOUNKPATIN,Nadège,1996-03-30,F,0206,AKPOVI Judith,0106661205
ENR-004191,AN-000175,ACTE_NAISSANCE,AG010,Kandi,2026-03-31,KPADONOU,Judith,1986-04-05,F,1005,DANSOU Rachidatou,
ENR-004192,AN-001119,ACTE_NAISSANCE,AG008,Lokossa,2026-03-31,DOSSOU,Codjo,2003-03-25,M,0308,NOUATIN Prudence,0155489896
ENR-004193,CC-001574,CARTE_CONSULAIRE,AG005,Bohicon,2026-03-31,DOSSOU,Fidèle,2005-10-06,M,0406,AGBODJAN Sylvie,0129853668
ENR-004194,PP-002907,PASSEPORT,AG013,Cotonou,2026-03-31,BONI,Prudence,1943-07-11,F,0903,SAGBO Rosine,0100840329
ENR-004195,AN-003397,ACTE_NAISSANCE,AG031,Djougou,2026-03-31,KOUKPAKI,Gisèle,1994-10-17,F,0408,VODOUNON Ayaba,0192424328
ENR-004196,AN-003987,ACTE_NAISSANCE,AG004,Parakou,2026-03-31,AGBODJAN,Chimène,1975-05-15,F,0204,SAGBO Espérance,0149579691
ENR-004197,AN-000411,ACTE_NAISSANCE,AG029,Bohicon,2026-04-01,CODJIA,Carine,1966-02-02,F,1009,TCHIBOZO Rachidatou,0164777974
ENR-004198,AN-000855,ACTE_NAISSANCE,AG022,Kandi,2026-04-01,SAGBO,Judith,2004-01-31,F,0904,QUENUM Salamatou,0187600441
ENR-004199,AN-000957,ACTE_NAISSANCE,AG040,Parakou,2026-04-01,HOUNGBO,Comlan,2008-08-14,M,0208,ZINSOU Flore,0130504279
ENR-004200,AN-001047,ACTE_NAISSANCE,AG009,Ouidah,2026-04-01,MENSAH,Mahougnon,2003-03-21,M,0208,GLELE Estelle,0177187924
ENR-004201,AN-001482,ACTE_NAISSANCE,AG019,Djougou,2026-04-01,VODOUNON,Gildas,2005-04-30,M,1201,IDRISSOU Mariam,0168663229
ENR-004202,AN-001765,ACTE_NAISSANCE,AG028,Parakou,2026-04-01,FASSINOU,Koffi Ibrahim,1947-10-21,M,1206,ZINSOU Prudence,
ENR-004203,PP-002425,PASSEPORT,AG013,Cotonou,2026-04-01,IDRISSOU,Serge,1950-01-04,M,0501,GLELE Salamatou,0127326664
ENR-004204,AN-002794,ACTE_NAISSANCE,AG030,Natitingou,2026-04-01,DANSOU,Comlan Moussa,1974-02-19,M,0903,QUENUM Prudence,0150509944
ENR-004205,AN-003114,ACTE_NAISSANCE,AG037,Cotonou,2026-04-01,HOUNGBO,  Arnaud   Serge ,1995-10-10,M,0308,NOUATIN Gisèle,0143706821
ENR-004206,AN-003873,ACTE_NAISSANCE,AG039,Porto-Novo,2026-04-01,TCHIBOZO,Sènami,1997-07-13,F,0104,KPADONOU Nadège,0136837561
ENR-004207,CC-000546,CARTE_CONSULAIRE,AG040,Parakou,2026-04-02,IDRISSOU,Aïcha Judith,1990-04-26,F,1009,HOUNKPATIN Gisèle,0187007743
ENR-004208,PP-001049,PASSEPORT,AG034,Kandi,2026-04-02,SAGBO,Prudence,1962-09-27,F,0407,BIO Sylvie,0199952755
ENR-004209,AN-001404,ACTE_NAISSANCE,AG016,Parakou,2026-04-02,AHOUANSOU,Espérance,1994-10-09,F,0304,FASSINOU Sèmèvo,0104899862
ENR-004210,PP-001890,PASSEPORT,AG019,Djougou,2026-04-02,ADJOVI,  Estelle ,2003-12-19,F,0801,SAGBO Sèmèvo,0136394034
ENR-004211,AN-002217,ACTE_NAISSANCE,AG012,Aplahoué,2026-04-02,OSSENI,Moussa,1975-09-11,M,0102,FASSINOU Ayaba,0166168597
ENR-004212,AN-002693,ACTE_NAISSANCE,AG032,Lokossa,2026-04-02,BIO,Ghislain,2003-12-13,M,0307,ALLADAYE Judith,
ENR-004213,PP-003448,PASSEPORT,AG040,Parakou,2026-04-02,CHABI,Koffi,1959-11-22,M,0207,BONI Prudence,0145992791
ENR-004214,AN-003652,ACTE_NAISSANCE,AG030,Natitingou,2026-04-02,AHOYO,Mariam Sèmèvo,1995-02-06,F,0506,ADANDE Nadège,
ENR-004215,AN-004833,ACTE_NAISSANCE,AG001,Cotonou,2026-04-02,KIKI,Serge Arnaud,1975-05-27,M,1207,SAGBO Gisèle,0119818462
ENR-004216,AN-000410,ACTE_NAISSANCE,AG023,Dassa-Zoumè,2026-04-03,LOKONON,Chimène,2003-03-06,F,0402,TCHIBOZO Fatoumata,01 82 05 07 60
ENR-004217,AN-000767,ACTE_NAISSANCE,AG030,Natitingou,2026-04-03,KPADONOU,Fatoumata,2000-09-21,F,1204,HOUNKPATIN Sylvie,0141141352
ENR-004218,AN-000917,ACTE_NAISSANCE,AG009,Ouidah,2026-04-03,IDRISSOU,Carine,1984-08-02,F,1104,BONI Chimène,0197696169
ENR-004219,AN-000972,ACTE_NAISSANCE,AG024,Aplahoué,2026-04-03,YAROU,Rodrigue Gildas,1982-02-17,M,1003,DOSSOU Salamatou,0165155359
ENR-004220,AN-001015,ACTE_NAISSANCE,AG037,Cotonou,2026-04-03,AHOUANSOU,Comlan,1975-12-29,M,0204,NOUATIN Espérance,0153764741
ENR-004221,AN-001500,ACTE_NAISSANCE,AG003,Porto-Novo,2026-04-03,AKPOVI,Prudence,1981-11-28,F,0203,AHOUANSOU Judith,0185606143
ENR-004222,AN-003264,ACTE_NAISSANCE,AG001,Cotonou,2026-04-03,TOGBE,Gildas Romaric,1988-03-26,M,0408,AGBODJAN Mariam,0196524004
ENR-004223,PP-004472,PASSEPORT,AG010,Kandi,2026-04-03,adande,Justin Bienvenu,2002-05-02,M,0403,AGBODJAN Rosine,0142638414
ENR-004224,AN-004731,ACTE_NAISSANCE,AG038,Abomey-Calavi,2026-04-03,ASSOGBA,Espérance,1997-12-10,F,1004,LOKONON Chimène,0140567013
ENR-004225,AN-004853,ACTE_NAISSANCE,AG034,Kandi,2026-04-03,BIO,Romaric,1970-07-22,M,1208,HOUNSOU Rachidatou,0172264520
ENR-004226,AN-000334,ACTE_NAISSANCE,AG022,Kandi,2026-04-04,HOUNSOU,Fatoumata,2011-08-12,F,1001,BIO Nadège,0161147111
ENR-004227,AN-000913,ACTE_NAISSANCE,AG038,Abomey-Calavi,2026-04-04,SOSSOU,Mahougnon,1991-05-31,M,1201,YAROU Carine,+2290156290510
ENR-004228,AN-001138,ACTE_NAISSANCE,AG014,Abomey-Calavi,2026-04-04,LOKONON,Comlan,2016-03-15,M,1003,DANSOU Espérance,0158305806
ENR-004229,AN-001385,ACTE_NAISSANCE,AG019,Djougou,2026-04-04,KIKI,Prudence,2003-12-05,F,1101,TCHIBOZO Salamatou,0181499041
ENR-004230,AN-001884,ACTE_NAISSANCE,AG006,Natitingou,2026-04-04,ADJOVI,Bienvenu,1976-06-24,M,0403,ZANNOU Chimène,0154142789
ENR-004231,AN-004107,ACTE_NAISSANCE,AG022,Kandi,2026-04-04,KIKI,Flore Salamatou,2015-11-20,F,0209,DOSSOU Flore,
ENR-004232,PP-000540,PASSEPORT,AG040,Parakou,2026-04-05,ADANDE,Fatoumata Prudence,1958-12-22,F,0605,OSSENI Sènami,0153967430
ENR-004233,CC-000965,CARTE_CONSULAIRE,AG005,Bohicon,2026-04-05,YAROU,Bienvenu Serge,1974-07-08,M,0505,TOGBE Sènami,0140700822
ENR-004234,AN-001289,ACTE_NAISSANCE,AG015,Porto-Novo,2026-04-05,ZINSOU,Sèmèvo,1977-08-17,F,1006,ADANDE Ayaba,0133518700
ENR-004235,AN-001832,ACTE_NAISSANCE,AG030,Natitingou,2026-04-05,LOKONON,Bernice,1959-10-20,F,0906,QUENUM Sènami,0132216154
ENR-004236,AN-001882,ACTE_NAISSANCE,AG009,Ouidah,2026-04-05,AHOYO,Sèmèvo,1962-12-05,F,0801,CHABI Salamatou,
ENR-004237,AN-002147,ACTE_NAISSANCE,AG030,Natitingou,2026-04-05,HOUESSOU,Rodrigue,2001-10-30,M,1204,AKPOVI Nadège,
ENR-004238,PP-002280,PASSEPORT,AG016,Parakou,2026-04-05,HOUNKPATIN,Rachidatou Judith,1968-06-27,F,0602,HOUNSOU Sylvie,0149585703
ENR-004239,AN-002388,ACTE_NAISSANCE,AG034,Kandi,2026-04-05,LOKONON,Sylvie,2001-04-01,F,0203,DANSOU Judith,0195360684
ENR-004240,AN-002829,ACTE_NAISSANCE,AG018,Natitingou,2026-04-05,AMOUSSOU,Rosine Sylvie,1960-05-01,F,0703,HOUESSOU Fatoumata,0193197639
ENR-004241,AN-003078,ACTE_NAISSANCE,AG016,Parakou,2026-04-05,AGOSSOU,Fabrice Romaric,1995-03-01,M,0207,ALLADAYE Prudence,0127135754
ENR-004242,AN-003552,ACTE_NAISSANCE,AG019,Djougou,2026-04-05,AKPOVI,Estelle,1979-06-12,F,0408,GLELE Mariam,0195438848
ENR-004243,AN-004482,ACTE_NAISSANCE,AG039,Porto-Novo,2026-04-05,CHABI,Judith,2010-06-24,F,0105,AKPOVI Nadège,016209999808
ENR-004244,AN-000230,ACTE_NAISSANCE,AG011,Dassa-Zoumè,2026-04-06,YAROU,Sèmèvo,1996-09-18,F,0801,ALLADAYE Sèmèvo,0156721878
ENR-004245,AN-001162,ACTE_NAISSANCE,AG009,Ouidah,2026-04-06,KOUKPAKI,Moussa,1989-04-07,M,0406,TOGBE Gisèle,0128841454
ENR-004246,AN-001540,ACTE_NAISSANCE,AG013,Cotonou,2026-04-06,AHOUANSOU,Rachidatou,2003-04-14,F,1103,BIO Mariam,
ENR-004247,PP-002322,PASSEPORT,AG012,Aplahoué,2026-04-06,CHABI,Romaric,2004-03-26,M,0402,OSSENI Aïcha,0133024109
ENR-004248,AN-003750,ACTE_NAISSANCE,AG002,Abomey-Calavi,2026-04-06,TOSSOU,Salamatou Aïcha,1963-12-05,F,0502,ALLADAYE Gisèle,0175614157
ENR-004249,AN-003836,ACTE_NAISSANCE,AG039,Porto-Novo,2026-04-06,TCHIBOZO,Bernice Rachidatou,1973-12-13,F,0502,ADJOVI Prudence,0137153349
ENR-004250,AN-004757,ACTE_NAISSANCE,AG013,Cotonou,2026-04-06,IDRISSOU,Salamatou,1952-11-15,F,1205,NOUATIN Gisele,0136994003
ENR-004251,AN-000251,ACTE_NAISSANCE,AG008,Lokossa,2026-04-07,TOSSOU,Aïcha,2020-10-02,F,1208,AHOYO Estelle,0153741837
ENR-004252,AN-001453,ACTE_NAISSANCE,AG027,Porto-Novo,2026-04-07,ADJOVI,Codjo,1993-06-24,M,0204,OSSENI Sèmèvo,0145092756
ENR-004253,AN-002233,ACTE_NAISSANCE,AG006,Natitingou,2026-04-07,BONI,Rachid Codjo,1992-08-21,M,0701,SOULEY Carine,0175428240
ENR-004254,PP-003062,PASSEPORT,AG003,Porto-Novo,2026-04-07,HOUESSOU,Sylvie Nadège,1984-11-20,F,1204,ZINSOU Bernice,0192777521
ENR-004255,AN-003735,ACTE_NAISSANCE,AG029,Bohicon,2026-04-07,ASSOGBA,Gildas,2000-11-09,M,0406,AHOYO Flore,
ENR-004256,AN-004577,ACTE_NAISSANCE,AG003,Porto-Novo,2026-04-07,DANSOU,Rachidatou,1962-01-13,F,0203,SAGBO Salamatou,0167278303
ENR-004257,AN-000413,ACTE_NAISSANCE,AG015,Porto-Novo,2026-04-08,HOUESSOU,Salamatou,1984-12-20,F,0406,HOUNSOU Prudence,
ENR-004258,AN-000485,ACTE_NAISSANCE,AG029,Bohicon,2026-04-08,AKPOVI,Aïcha,2013-02-27,F,0106,AGOSSOU Mariam,
ENR-004259,AN-002575,ACTE_NAISSANCE,AG014,Abomey-Calavi,2026-04-08,YAROU,Serge,1962-03-14,M,1102,ADANDE Ayaba,0121200449
ENR-004260,AN-003405,ACTE_NAISSANCE,AG031,Djougou,2026-04-08,KIKI,Chimène,2025-08-26,F,1001,MENSAH Ayaba,
ENR-004261,PP-003433,PASSEPORT,AG022,Kandi,2026-04-08,ZINSOU,Rachidatou Salamatou,1982-06-20,F,0404,SAGBO Chimène,0124391669
ENR-004262,PP-003643,PASSEPORT,AG002,Abomey-Calavi,2026-04-08,DOSSOU,Estelle,2011-07-12,F,1201,ADJOVI Gisèle,0118817942
ENR-004263,PP-003676,PASSEPORT,AG034,Kandi,2026-04-08,ALLADAYE,  Rodrigue   Codjo ,1978-09-04,M,1004,KIKI Bernice,0136424464
ENR-004264,AN-004406,ACTE_NAISSANCE,AG029,Bohicon,2026-04-08,NOUATIN,Codjo Comlan,2012-12-01,M,0407,KIKI Ayaba,0180867734
ENR-004265,PP-004896,PASSEPORT,AG028,Parakou,2026-04-08,GLELE,Justin,1991-07-11,M,0208,SOSSOU Rachidatou,0125398411
ENR-004266,AN-000040,ACTE_NAISSANCE,AG031,Djougou,2026-04-09,ZINSOU,Rachid,1986-10-04,M,1206,BONI Mariam,0125201612
ENR-004267,AN-000656,ACTE_NAISSANCE,AG020,Lokossa,2026-04-09,YAROU,  Nadège ,2013-09-10,F,1102,BONI Sèmèvo,0138559154
ENR-004268,CC-001186,CARTE_CONSULAIRE,AG034,Kandi,2026-04-09,KOUKPAKI,Rodrigue,1998-10-12,M,0208,DOSSOU Rosine,0122338235
ENR-004269,AN-002231,ACTE_NAISSANCE,AG036,Aplahoué,2026-04-09,MENSAH,Estelle,2005-11-09,F,0303,KOUKPAKI Salamatou,0168468953
ENR-004270,CC-002263,CARTE_CONSULAIRE,AG034,Kandi,2026-04-09,ZANNOU,Estelle Nadège,1997-02-16,F,0704,SOSSOU Judith,0154626283
ENR-004271,AN-002408,ACTE_NAISSANCE,AG007,Djougou,2026-04-09,AKPOVI,Comlan Ulrich,1951-09-08,M,1208,ZANNOU Estelle,0139654216
ENR-004272,AN-002882,ACTE_NAISSANCE,AG029,Bohicon,2026-04-09,YAROU,Gildas,2012-10-26,M,0305,HOUNKPATIN Ayaba,0128212897
ENR-004273,CC-002963,CARTE_CONSULAIRE,AG013,Cotonou,2026-04-09,ADJOVI,Mariam,1995-05-03,F,1105,KPADONOU Gisèle,0179378886
ENR-004274,AN-004105,ACTE_NAISSANCE,AG027,Porto-Novo,2026-04-09,CODJIA,Bernice Sylvie,1989-06-14,F,0404,CODJIA Sèmèvo,0103278973
ENR-004275,AN-004475,ACTE_NAISSANCE,AG003,Porto-Novo,2026-04-09,MENSAH,Sèmèvo,2009-09-07,F,1102,TCHIBOZO Sènami,0163244805
ENR-004276,AN-004623,ACTE_NAISSANCE,AG035,Dassa-Zoumè,2026-04-09,LOKONON,Ibrahim,1996-11-17,M,1004,ASSOGBA Chimène,0171964004
ENR-004277,CC-000722,CARTE_CONSULAIRE,AG008,Lokossa,2026-04-10,HOUNGBO,Fabrice,1980-10-09,M,0103,ADANDE Judith,0116641392
ENR-004278,PP-001192,PASSEPORT,AG007,Djougou,2026-04-10,DANSOU,Ghislain,2019-08-28,M,0405,HOUESSOU Rosine,0107338743
ENR-004279,AN-002922,ACTE_NAISSANCE,AG033,Ouidah,2026-04-10,BIO,Moussa,2014-01-15,M,0302,DOSSOU Sylvie,0127012008
ENR-004280,AN-003768,ACTE_NAISSANCE,AG031,Djougou,2026-04-10,GLELE,Rosine Carine,1972-11-27,F,0906,HOUNSOU Rachidatou,0141660438
ENR-004281,AN-004581,ACTE_NAISSANCE,AG005,Bohicon,2026-04-10,BONI,Ibrahim,1983-11-24,M,1209,AHOUANSOU Rosine,0166639380
ENR-004282,AN-001170,ACTE_NAISSANCE,AG001,Cotonou,2026-04-10,ASSOGBA,Romaric,1978-06-04,M,0106,AHOYO Chimène,0142012334
ENR-004283,CC-001061,CARTE_CONSULAIRE,AG013,Cotonou,2026-04-11,HOUNGBO,Moussa,1995-07-25,M,0903,DOSSOU Chimène,0162541546
ENR-004284,CC-001409,CARTE_CONSULAIRE,AG012,Aplahoué,2026-04-11,nouatin,Sènami,1991-08-04,F,0606,AGBODJAN Rosine,0107325406
ENR-004285,AN-001691,ACTE_NAISSANCE,AG013,Cotonou,2026-04-11,ALLADAYE,Serge Rodrigue,1982-12-26,M,0402,YAROU Salamatou,0184199257
ENR-004286,AN-002503,ACTE_NAISSANCE,AG008,Lokossa,2026-04-11,ALLADAYE,Arnaud,2010-10-07,M,0704,FASSINOU Sylvie,0182884736
ENR-004287,PP-002806,PASSEPORT,AG009,Ouidah,2026-04-11,NOUATIN,Rachid,1987-01-28,M,0204,ADANDE Carine,0124764483
ENR-004288,AN-003167,ACTE_NAISSANCE,AG002,Abomey-Calavi,2026-04-11,NOUATIN,Koffi,1995-05-13,M,1209,HOUNSOU Carine,0123669073
ENR-004289,CC-003549,CARTE_CONSULAIRE,AG011,Dassa-Zoumè,2026-04-11,ASSOGBA,Chimène,1998-03-20,F,0606,DANSOU Judith,0156547994
ENR-004290,AN-003891,ACTE_NAISSANCE,AG002,Abomey-Calavi,2026-04-11,HOUESSOU,Carine,1994-07-16,F,1009,DOSSOU Espérance,0145912693
ENR-004291,AN-004379,ACTE_NAISSANCE,AG011,Dassa-Zoumè,2026-04-11,GBAGUIDI,Bienvenu Ghislain,2020-11-30,M,0604,SOSSOU Bernice,0189115223
ENR-004292,AN-000089,ACTE_NAISSANCE,AG038,Abomey-Calavi,2026-04-12,KPADONOU,Espérance,2017-01-19,F,0405,KIKI Fatoumata,0153432746
ENR-004293,AN-000520,ACTE_NAISSANCE,AG027,Porto-Novo,2026-04-12,IDRISSOU,Espérance,1952-04-07,F,0401,MENSAH Gisèle,0179503876
ENR-004294,AN-000544,ACTE_NAISSANCE,AG026,Abomey-Calavi,2026-04-12,TCHIBOZO,Estelle Nadège,1988-10-24,F,0402,CHABI Mariam,0188895866
ENR-004295,AN-000681,ACTE_NAISSANCE,AG001,Cotonou,2026-04-12,ADANDE,Judith Espérance,2003-07-16,F,0904,IDRISSOU Judith,0136435449
ENR-004296,AN-000856,ACTE_NAISSANCE,AG026,Abomey-Calavi,2026-04-12,AMOUSSOU,Serge,1962-08-24,M,0102,KOUKPAKI Mariam,0110091655
ENR-004297,AN-001002,ACTE_NAISSANCE,AG013,Cotonou,2026-04-12,DANSOU,Justin,1971-08-08,M,0701,ALLADAYE Gisèle,0140896386
ENR-004298,AN-002175,ACTE_NAISSANCE,AG005,Bohicon,2026-04-12,AKPOVI,Nadège Chimène,2015-05-01,F,1206,ALLADAYE Rosine,0184918516
ENR-004299,AN-003699,ACTE_NAISSANCE,AG027,Porto-Novo,2026-04-12,HOUESSOU,Fabrice,1975-08-25,M,0801,KIKI Fatoumata,0178370130
ENR-004300,AN-003867,ACTE_NAISSANCE,AG040,Parakou,2026-04-12,TOGBE,Koffi,2012-06-05,M,1206,TCHIBOZO Prudence,0136271148
ENR-004301,PP-004633,PASSEPORT,AG008,Lokossa,2026-04-12,ADJOVI,Ayaba,1971-06-15,F,1104,ALLADAYE Prudence,0191608320
ENR-004302,CC-004724,CARTE_CONSULAIRE,AG012,Aplahoué,2026-04-12,SAGBO,Mariam,1966-04-22,F,1201,HOUESSOU Fatoumata,0117303909
ENR-004303,AN-001237,ACTE_NAISSANCE,AG030,Natitingou,2026-04-13,KPADONOU,Rachidatou,1996-03-24,F,1004,OSSENI Sènami,0100139782
ENR-004304,AN-001274,ACTE_NAISSANCE,AG028,Parakou,2026-04-13,NOUATIN,Nadège,1974-03-21,F,0905,AHOYO Rachidatou,0151742792
ENR-004305,AN-002267,ACTE_NAISSANCE,AG032,Lokossa,2026-04-13,ADJOVI,Ghislain Comlan,2008-06-16,M,0605,AHOUANSOU Nadège,0157188504
ENR-004306,PP-002553,PASSEPORT,AG037,Cotonou,2026-04-13,KPADONOU,Aïcha Judith,1967-12-20,F,0905,GBAGUIDI Rachidatou,0100378008
ENR-004307,AN-002898,ACTE_NAISSANCE,AG003,Porto-Novo,2026-04-13,DOSSOU,  Rachid   Ghislain ,2012-11-08,M,0904,VODOUNON Sèmèvo,0152929300
ENR-004308,AN-002964,ACTE_NAISSANCE,AG031,Djougou,2026-04-13,CHABI,Moussa,2002-04-28,M,0208,ADANDE Bernice,
ENR-004309,PP-003186,PASSEPORT,AG039,Porto-Novo,2026-04-13,ADANDE,Fabrice,1995-01-21,M,0308,CODJIA Sènami,0146898812
ENR-004310,AN-003444,ACTE_NAISSANCE,AG031,Djougou,2026-04-13,HOUNSOU,Ghislain,1954-09-17,M,0306,SOSSOU Sylvie,
ENR-004311,AN-003553,ACTE_NAISSANCE,AG012,Aplahoué,2026-04-13,LOKONON,Gisèle,1978-08-09,F,0503,QUENUM Nadège,0145359325
ENR-004312,AN-003566,ACTE_NAISSANCE,AG003,Porto-Novo,2026-04-13,AGBODJAN,Aïcha Rosine,1961-06-03,F,1001,HOUESSOU Rachidatou,0136252452
ENR-004313,CC-003690,CARTE_CONSULAIRE,AG026,Abomey-Calavi,2026-04-13,SOULEY,Chimène Salamatou,1990-04-28,F,1006,AHOYO Bernice,0128479819
ENR-004314,AN-003868,ACTE_NAISSANCE,AG022,Kandi,2026-04-13,ZINSOU,Brice,1985-07-07,M,0603,KPADONOU Prudence,0161505642
ENR-004315,AN-003941,ACTE_NAISSANCE,AG012,Aplahoué,2026-04-13,KOUKPAKI,Prudence,1990-12-29,F,0501,BIO Estelle,0111034923
ENR-004316,AN-004747,ACTE_NAISSANCE,AG026,Abomey-Calavi,2026-04-13,OSSENI,Aïcha,1979-07-01,F,0702,SOULEY Mariam,0149064870
ENR-004317,AN-004847,ACTE_NAISSANCE,AG009,Ouidah,2026-04-13,hounsou,Arnaud,2001-08-31,M,1009,KIKI Nadège,0110503911
ENR-004318,CC-000310,CARTE_CONSULAIRE,AG032,Lokossa,2026-04-14,NOUATIN,Justin,1987-03-05,M,1205,TCHIBOZO Sènami,0117562506
ENR-004319,AN-001345,ACTE_NAISSANCE,AG005,Bohicon,2026-04-14,VODOUNON,Arnaud Serge,2003-01-02,M,0504,SOULEY Flore,
ENR-004320,AN-002418,ACTE_NAISSANCE,AG037,Cotonou,2026-04-14,BIO,Ulrich Bienvenu,1951-12-05,M,1104,ADANDE Chimène,14851733
ENR-004321,AN-003110,ACTE_NAISSANCE,AG025,Cotonou,2026-04-14,AGBODJAN,Judith Sylvie,1987-10-14,F,0801,AHOYO Nadege,0108468348
ENR-004322,AN-003577,ACTE_NAISSANCE,AG010,Kandi,2026-04-14,TOGBE,Gisèle,2008-03-06,F,0704,KPADONOU Judith,0114511484
ENR-004323,AN-003745,ACTE_NAISSANCE,AG025,Cotonou,2026-04-14,BIO,Koffi Moussa,2000-01-02,M,1005,AGOSSOU Ayaba,0198765959
ENR-004324,PP-004153,PASSEPORT,AG012,Aplahoué,2026-04-14,ZANNOU,Rodrigue Ibrahim,1999-12-02,M,0104,HOUNKPATIN Gisèle,0138548557
ENR-004325,AN-004788,ACTE_NAISSANCE,AG040,Parakou,2026-04-14,ZINSOU,  Sylvie   Sèmèvo ,1979-01-29,F,0209,GBAGUIDI Salamatou,0123680421
ENR-004326,PP-000005,PASSEPORT,AG030,Natitingou,2026-04-15,YAROU,  Rodrigue ,1969-08-22,M,0403,FASSINOU Ayaba,0176804571
ENR-004327,CC-001109,CARTE_CONSULAIRE,AG001,Cotonou,2026-04-15,LOKONON,Bernice Judith,1999-05-17,F,0105,ZINSOU Prudence,0156235180
ENR-004328,AN-001251,ACTE_NAISSANCE,AG023,Dassa-Zoumè,2026-04-15,DOSSOU,Gisèle,1997-05-06,F,1002,GBAGUIDI Espérance,0179842416
ENR-004329,CC-001417,CARTE_CONSULAIRE,AG024,Aplahoué,2026-04-15,AKPOVI,Romaric,1977-12-07,M,0308,LOKONON Ayaba,0105688059
ENR-004330,AN-001499,ACTE_NAISSANCE,AG033,Ouidah,2026-04-15,TOSSOU,Flore,2006-12-25,F,1202,VODOUNON Sèmèvo,0199486053
ENR-004331,CC-001580,CARTE_CONSULAIRE,AG021,Ouidah,2026-04-15,AGBODJAN,Salamatou,2005-08-11,F,1202,ZINSOU Nadège,0189790401
ENR-004332,AN-001722,ACTE_NAISSANCE,AG015,Porto-Novo,2026-04-15,KIKI,Chimène Sèmèvo,1976-07-31,F,1203,AGOSSOU Carine,0127624636
ENR-004333,AN-001924,ACTE_NAISSANCE,AG036,Aplahoué,2026-04-15,TCHIBOZO,Nadège,1987-07-21,F,0606,ADJOVI Rachidatou,0178907310
ENR-004334,AN-002271,ACTE_NAISSANCE,AG015,Porto-Novo,2026-04-15,QUENUM,Rachid,2007-01-12,M,0703,HOUNSOU Salamatou,0144762135
ENR-004335,AN-003216,ACTE_NAISSANCE,AG003,Porto-Novo,2026-04-15,tchibozo,Sylvie,2023-05-02,F,0204,ZINSOU Carine,0107387329
ENR-004336,CC-003770,CARTE_CONSULAIRE,AG020,Lokossa,2026-04-15,DOSSOU,Arnaud Fidèle,2024-02-14,M,1104,TOSSOU Chimène,0120538639
ENR-004337,PP-004108,PASSEPORT,AG039,Porto-Novo,2026-04-15,LOKONON,Romaric,1971-05-06,M,0203,DOSSOU Sènami,0135791514
ENR-004338,PP-004677,PASSEPORT,AG016,Parakou,2026-04-15,HOUNKPATIN,Serge Comlan,1968-05-31,M,0207,TOSSOU Salamatou,0164043456
ENR-004339,AN-000319,ACTE_NAISSANCE,AG036,Aplahoué,2026-04-16,ADANDE,Rachid,2009-05-30,M,1102,ZANNOU Sèmèvo,0138513355
ENR-004340,AN-000873,ACTE_NAISSANCE,AG038,Abomey-Calavi,2026-04-16,AHOUANSOU,Rachid,1977-02-20,M,0506,YAROU Chimène,0120531044
ENR-004341,AN-001267,ACTE_NAISSANCE,AG036,Aplahoué,2026-04-16,ADJOVI,Rodrigue,2003-12-22,M,1207,YAROU Sèmèvo,0136011997
ENR-004342,AN-002577,ACTE_NAISSANCE,AG040,Parakou,2026-04-16,DANSOU,Moussa Comlan,2015-04-07,M,0306,ASSOGBA Judith,0103807094
ENR-004343,PP-002675,PASSEPORT,AG023,Dassa-Zoumè,2026-04-16,CODJIA,Serge,1993-08-19,M,0502,ALLADAYE Flore,09235523
ENR-004344,AN-002983,ACTE_NAISSANCE,AG036,Aplahoué,2026-04-16,CODJIA,Gisèle,2013-11-06,F,0102,CODJIA Nadège,0104188056
ENR-004345,PP-003828,PASSEPORT,AG011,Dassa-Zoumè,2026-04-16,AGBODJAN,Bernice Sylvie,1970-01-05,F,0903,AKPOVI Carine,0198887251
ENR-004346,AN-003967,ACTE_NAISSANCE,AG040,Parakou,2026-04-16,NOUATIN,Nadège,1960-11-15,F,0906,QUENUM Mariam,0175957428
ENR-004347,AN-004353,ACTE_NAISSANCE,AG035,Dassa-Zoumè,2026-04-16,ASSOGBA,Sènami,1969-03-23,F,1101,SOULEY Rachidatou,0133352414
ENR-004348,AN-000171,ACTE_NAISSANCE,AG022,Kandi,2026-04-17,ADJOVI,Prudence Salamatou,1996-11-02,F,0701,TOSSOU Salamatou,0170336996
ENR-004349,AN-001312,ACTE_NAISSANCE,AG004,Parakou,2026-04-17,CHABI,Rachidatou,1992-08-23,F,0306,QUENUM Carine,0163278709
ENR-004350,AN-001901,ACTE_NAISSANCE,AG010,Kandi,2026-04-17,DOSSOU,Yves,2009-12-14,M,1004,ADJOVI Aïcha,0181626648
ENR-004351,PP-002567,PASSEPORT,AG009,Ouidah,2026-04-17,IDRISSOU,Ayaba,1976-04-22,F,0209,ALLADAYE Rachidatou,
ENR-004352,AN-004130,ACTE_NAISSANCE,AG038,Abomey-Calavi,2026-04-17,HOUNGBO,Sylvie,1963-12-05,F,0304,SOULEY Sèmèvo,0124512292
ENR-004353,AN-004784,ACTE_NAISSANCE,AG006,Natitingou,2026-04-17,TCHIBOZO,Judith,2006-03-17,F,0304,ADANDE Aïcha,0128534063
ENR-004354,AN-000365,ACTE_NAISSANCE,AG031,Djougou,2026-04-18,ADJOVI,Rachidatou,1994-01-25,F,0304,TOGBE Carine,0157759194
ENR-004355,PP-000817,PASSEPORT,AG025,Cotonou,2026-04-18,AHOYO,Comlan Fidèle,2000-12-28,M,1102,KIKI Ayaba,0189868391
ENR-004356,AN-001431,ACTE_NAISSANCE,AG008,Lokossa,2026-04-18,HOUNGBO,Rosine,1995-06-03,F,0602,GBAGUIDI Gisèle,0179955860
ENR-004357,CC-001883,CARTE_CONSULAIRE,AG008,Lokossa,2026-04-18,FASSINOU,Rachid Rodrigue,1989-05-09,M,0205,HOUNGBO Espérance,0137120510
ENR-004358,AN-002101,ACTE_NAISSANCE,AG022,Kandi,2026-04-18,ADJOVI,Prudence,1961-08-22,F,0703,GLELE Aïcha,
ENR-004359,AN-002221,ACTE_NAISSANCE,AG029,Bohicon,2026-04-18,FASSINOU,Flore,1984-11-18,F,0901,AMOUSSOU Mariam,0148636037
ENR-004360,AN-003275,ACTE_NAISSANCE,AG034,Kandi,2026-04-18,KIKI,Ibrahim Moussa,1972-04-06,M,0506,DOSSOU Sylvie,0143450907
ENR-004361,AN-003336,ACTE_NAISSANCE,AG004,Parakou,2026-04-18,DOSSOU,Sènami,1998-06-27,F,0202,DOSSOU Rosine,0113260019
ENR-004362,PP-003641,PASSEPORT,AG036,Aplahoué,2026-04-18,BONI,Judith Chimène,1989-07-31,F,0701,DANSOU Fatoumata,0120973359
ENR-004363,CC-003796,CARTE_CONSULAIRE,AG030,Natitingou,2026-04-18,KOUKPAKI,Bernice,1960-04-28,F,0701,VODOUNON Senami,0114051585
ENR-004364,AN-000142,ACTE_NAISSANCE,AG031,Djougou,2026-04-19,CHABI,Justin,2004-09-08,M,0903,CHABI Mariam,
ENR-004365,CC-000687,CARTE_CONSULAIRE,AG007,Djougou,2026-04-19,SAGBO,Rachidatou Sylvie,1974-11-14,F,0203,SOULEY Nadège,
ENR-004366,AN-001339,ACTE_NAISSANCE,AG001,Cotonou,2026-04-19,ADJOVI,Flore Nadège,1972-07-12,F,1102,ZINSOU Flore,01 37 54 16 13
ENR-004367,AN-002547,ACTE_NAISSANCE,AG037,Cotonou,2026-04-19,FASSINOU,Ulrich,1975-07-03,M,0303,SOULEY Rachidatou,0175770359
ENR-004368,AN-002731,ACTE_NAISSANCE,AG033,Ouidah,2026-04-19,ALLADAYE,Justin,1992-03-29,M,1006,ALLADAYE Sylvie,0106337634
ENR-004369,AN-002916,ACTE_NAISSANCE,AG017,Bohicon,2026-04-19,BIO,Fidèle,1970-02-10,M,0905,ZINSOU Nadège,0135698765
ENR-004370,PP-004290,PASSEPORT,AG012,Aplahoué,2026-04-19,HOUESSOU,Sènami,1968-09-24,F,0206,ADJOVI Chimène,0126312264
ENR-004371,CC-004647,CARTE_CONSULAIRE,AG024,Aplahoué,2026-04-19,GBAGUIDI,Rachid,2015-01-12,M,0104,OSSENI Prudence,0192955162
ENR-004372,AN-000296,ACTE_NAISSANCE,AG016,Parakou,2026-04-20,AKPOVI,Yves Fidèle,2003-03-29,M,0103,HOUESSOU Estelle,0122519382
ENR-004373,AN-000627,ACTE_NAISSANCE,AG018,Natitingou,2026-04-20,ADJOVI,Sylvie,1988-12-02,F,0102,TOGBE Salamatou,0107496217
ENR-004374,AN-001001,ACTE_NAISSANCE,AG036,Aplahoué,2026-04-20,DANSOU,Comlan,1992-06-01,M,0401,KPADONOU Espérance,0142911173
ENR-004375,AN-001145,ACTE_NAISSANCE,AG010,Kandi,2026-04-20,AHOUANSOU,Koffi,1961-01-27,M,0505,GBAGUIDI Judith,0178337063
ENR-004376,CC-001258,CARTE_CONSULAIRE,AG018,Natitingou,2026-04-20,AGOSSOU,Judith,1982-01-16,F,0103,BONI Mariam,0193375798
ENR-004377,AN-001328,ACTE_NAISSANCE,AG032,Lokossa,2026-04-20,CODJIA,Nadège,1998-08-13,F,0505,BIO Nadège,+2290177856494
ENR-004378,PP-003187,PASSEPORT,AG034,Kandi,2026-04-20,SOULEY,Fabrice,1986-07-17,M,0208,ZINSOU Sylvie,0177399368
ENR-004379,AN-003310,ACTE_NAISSANCE,AG018,Natitingou,2026-04-20,TCHIBOZO,Espérance,1960-09-09,F,0601,VODOUNON Bernice,0186684844
ENR-004380,AN-003464,ACTE_NAISSANCE,AG017,Bohicon,2026-04-20,ZANNOU,Estelle,1961-06-12,F,0408,AGOSSOU Fatoumata,0123433684
ENR-004381,CC-003621,CARTE_CONSULAIRE,AG033,Ouidah,2026-04-20,HOUNSOU,Yves Ibrahim,2003-03-14,M,0204,YAROU Judith,0112668052
ENR-004382,PP-004335,PASSEPORT,AG029,Bohicon,2026-04-20,OSSENI,Sèmèvo,1979-02-09,F,0308,KIKI Gisèle,0195604082
ENR-004383,AN-004622,ACTE_NAISSANCE,AG037,Cotonou,2026-04-20,KPADONOU,Ghislain,2002-06-16,M,0505,ALLADAYE Aïcha,0161296370
ENR-004384,AN-000250,ACTE_NAISSANCE,AG002,Abomey-Calavi,2026-04-21,KPADONOU,Fidèle,1980-05-12,M,1104,CODJIA Mariam,
ENR-004385,AN-000716,ACTE_NAISSANCE,AG001,Cotonou,2026-04-21,HOUNKPATIN,Arnaud Brice,1962-04-28,M,0402,ASSOGBA Nadège,0177682456
ENR-004386,AN-001981,ACTE_NAISSANCE,AG029,Bohicon,2026-04-21,FASSINOU,Sèmèvo,1970-06-20,F,0504,BIO Chimène,0113415158
ENR-004387,CC-002083,CARTE_CONSULAIRE,AG028,Parakou,2026-04-21,DANSOU,Ibrahim,1956-02-16,M,0503,AHOYO Espérance,0150086271
ENR-004388,AN-002546,ACTE_NAISSANCE,AG009,Ouidah,2026-04-21,VODOUNON,Carine Sènami,1989-10-11,F,0402,ADANDE Gisèle,0128609238
ENR-004389,PP-004639,PASSEPORT,AG012,Aplahoué,2026-04-21,ADANDE,Mahougnon Koffi,1987-10-19,M,0506,HOUESSOU Fatoumata,0143561774
ENR-004390,AN-004885,ACTE_NAISSANCE,AG016,Parakou,2026-04-21,HOUNSOU,Mariam,1979-10-13,F,1006,ZANNOU Flore,
ENR-004391,AN-000849,ACTE_NAISSANCE,AG003,Porto-Novo,2026-04-22,KPADONOU,Rosine Rachidatou,1987-06-07,F,0905,AGOSSOU Chimène,0140701430
ENR-004392,AN-001304,ACTE_NAISSANCE,AG013,Cotonou,2026-04-22,BIO,  Yves ,1988-11-15,M,0501,VODOUNON Carine,0181319520
ENR-004393,CC-001519,CARTE_CONSULAIRE,AG040,Parakou,2026-04-22,KPADONOU,Flore Carine,1978-10-22,F,1205,SAGBO Gisèle,0109572246
ENR-004394,AN-002453,ACTE_NAISSANCE,AG033,Ouidah,2026-04-22,HOUNSOU,Yves,2014-10-04,M,0106,DOSSOU Chimène,0112597198
ENR-004395,AN-002461,ACTE_NAISSANCE,AG028,Parakou,2026-04-22,HOUNGBO,Gildas,1968-12-09,M,0103,SAGBO Gisèle,0184131622
ENR-004396,AN-003709,ACTE_NAISSANCE,AG038,Abomey-Calavi,2026-04-22,ZINSOU,Comlan,1991-04-17,M,1105,ZANNOU Carine,0138063917
ENR-004397,CC-004859,CARTE_CONSULAIRE,AG030,Natitingou,2026-04-22,AHOYO,Rodrigue,2012-12-26,M,0701,AHOYO Aïcha,0182764886
ENR-004398,AN-000185,ACTE_NAISSANCE,AG038,Abomey-Calavi,2026-04-23,TOGBE,Codjo,2000-06-14,M,0205,QUENUM Ayaba,0100546598
ENR-004399,AN-000244,ACTE_NAISSANCE,AG007,Djougou,2026-04-23,yarou,Salamatou,1980-02-01,F,1205,HOUNKPATIN Salamatou,0164115776
ENR-004400,CC-000867,CARTE_CONSULAIRE,AG006,Natitingou,2026-04-23,BONI,Salamatou,1992-01-04,F,0604,ASSOGBA Prudence,0109796554
ENR-004401,AN-001033,ACTE_NAISSANCE,AG005,Bohicon,2026-04-23,ADANDE,Brice Codjo,2008-06-18,M,1202,CHABI Judith,
ENR-004402,AN-001035,ACTE_NAISSANCE,AG018,Natitingou,2026-04-23,GBAGUIDI,Romaric,2001-04-06,M,1007,VODOUNON Rosine,0191248002
ENR-004403,AN-001462,ACTE_NAISSANCE,AG010,Kandi,2026-04-23,ADJOVI,Sylvie,1977-06-07,F,0407,SOSSOU Carine,0106144991
ENR-004404,AN-001534,ACTE_NAISSANCE,AG003,Porto-Novo,2026-04-23,ADJOVI,Mariam Sèmèvo,2007-05-29,F,0904,GBAGUIDI Espérance,0111841683
ENR-004405,AN-001699,ACTE_NAISSANCE,AG013,Cotonou,2026-04-23,MENSAH,Chimène Ayaba,1946-11-25,F,1008,QUENUM Nadège,0173783201
ENR-004406,AN-002042,ACTE_NAISSANCE,AG030,Natitingou,2026-04-23,ADANDE,Prudence Carine,1994-12-17,F,1006,AHOYO Sènami,0176491899
ENR-004407,AN-002334,ACTE_NAISSANCE,AG006,Natitingou,2026-04-23,VODOUNON,Estelle,2015-03-19,F,0904,FASSINOU Prudence,0103988096
ENR-004408,AN-003008,ACTE_NAISSANCE,AG024,Aplahoué,2026-04-23,OSSENI,Mahougnon,2001-12-26,M,1102,KOUKPAKI Rosine,
ENR-004409,AN-003274,ACTE_NAISSANCE,AG024,Aplahoué,2026-04-23,SAGBO,  Prudence   Judith ,1978-12-10,F,1206,AGOSSOU Sylvie,
ENR-004410,AN-003357,ACTE_NAISSANCE,AG005,Bohicon,2026-04-23,GLELE,Ayaba,1992-01-19,F,1001,VODOUNON Espérance,0183538374
ENR-004411,AN-003394,ACTE_NAISSANCE,AG036,Aplahoué,2026-04-23,HOUNSOU,Chimène,2013-11-11,F,0702,IDRISSOU Sènami,0141000101
ENR-004412,AN-004156,ACTE_NAISSANCE,AG003,Porto-Novo,2026-04-23,DOSSOU,Rodrigue Comlan,1987-06-20,M,0703,KPADONOU Rachidatou,0102616627
ENR-004413,PP-004739,PASSEPORT,AG008,Lokossa,2026-04-23,QUENUM,Gildas Rodrigue,2019-11-22,M,0702,ASSOGBA Flore,0149531359
ENR-004414,AN-000133,ACTE_NAISSANCE,AG032,Lokossa,2026-04-24,ADANDE,Sèmèvo,2003-09-27,F,0505,SAGBO Sylvie,0136804310
ENR-004415,AN-001217,ACTE_NAISSANCE,AG002,Abomey-Calavi,2026-04-24,AGBODJAN,Rosine,1976-08-31,F,1006,NOUATIN Aïcha,0168915093
ENR-004416,PP-001386,PASSEPORT,AG019,Djougou,2026-04-24,KOUKPAKI,Fatoumata,1978-10-08,F,0401,ZINSOU Mariam,0172447126
ENR-004417,AN-002439,ACTE_NAISSANCE,AG002,Abomey-Calavi,2026-04-24,MENSAH,Comlan Rodrigue,1995-04-10,M,0506,CODJIA Judith,
ENR-004418,AN-002757,ACTE_NAISSANCE,AG011,Dassa-Zoumè,2026-04-24,YAROU,Rosine Sèmèvo,1996-10-12,F,0209,VODOUNON Judith,0168482370
ENR-004419,AN-002887,ACTE_NAISSANCE,AG001,Cotonou,2026-04-24,HOUNKPATIN,Ulrich Yves,2007-02-25,M,0506,NOUATIN Flore,0135095322
ENR-004420,AN-003557,ACTE_NAISSANCE,AG030,Natitingou,2026-04-24,SOULEY,Moussa,2003-03-27,M,0703,KPADONOU Sènami,0184103253
ENR-004421,AN-003591,ACTE_NAISSANCE,AG027,Porto-Novo,2026-04-24,OSSENI,Ayaba,2000-02-19,F,0401,BONI Sylvie,0163608004
ENR-004422,AN-004324,ACTE_NAISSANCE,AG037,Cotonou,2026-04-24,HOUNKPATIN,Gildas,1995-06-13,M,1007,ZANNOU Salamatou,0194756661
ENR-004423,AN-004703,ACTE_NAISSANCE,AG008,Lokossa,2026-04-24,GBAGUIDI,Fatoumata,1984-09-13,F,0406,DOSSOU Rosine,0187057604
ENR-004424,AN-001774,ACTE_NAISSANCE,AG037,Cotonou,2026-04-25,AMOUSSOU,Rosine,1951-03-21,F,1007,AMOUSSOU Judith,0152422148
ENR-004425,AN-002068,ACTE_NAISSANCE,AG004,Parakou,2026-04-25,GBAGUIDI,Moussa,1979-02-22,M,1001,BIO Estelle,0171140101
ENR-004426,AN-002881,ACTE_NAISSANCE,AG010,Kandi,2026-04-25,MENSAH,Rachidatou,2016-02-05,F,1202,ZINSOU Nadège,0186503622
ENR-004427,AN-003496,ACTE_NAISSANCE,AG016,Parakou,2026-04-25,SAGBO,Ghislain,2006-01-30,M,0504,VODOUNON Aïcha,0143423493
ENR-004428,PP-004083,PASSEPORT,AG003,Porto-Novo,2026-04-25,AGBODJAN,Nadège,1997-02-08,F,1104,AGOSSOU Prudence,0111961983
ENR-004429,AN-004876,ACTE_NAISSANCE,AG040,Parakou,2026-04-25,HOUNKPATIN,Ulrich Serge,2012-01-19,M,0408,CODJIA Ayaba,0190689544
ENR-004430,AN-000517,ACTE_NAISSANCE,AG021,Ouidah,2026-04-26,DOSSOU,Brice Mahougnon,1996-01-15,M,0904,ADANDE Nadège,0134486930
ENR-004431,AN-002792,ACTE_NAISSANCE,AG026,Abomey-Calavi,2026-04-26,BIO,  Mahougnon   Yves ,1942-08-24,M,0504,ADANDE Salamatou,
ENR-004432,AN-002988,ACTE_NAISSANCE,AG019,Djougou,2026-04-26,TOSSOU,Ayaba Sèmèvo,2001-01-08,F,0206,ZINSOU Bernice,0175668567
ENR-004433,AN-004120,ACTE_NAISSANCE,AG018,Natitingou,2026-04-26,AGOSSOU,Espérance,1961-04-11,F,0605,KOUKPAKI Carine,0189561772
ENR-004434,AN-004226,ACTE_NAISSANCE,AG028,Parakou,2026-04-26,koukpaki,Rachidatou Estelle,1955-07-15,F,0304,AGBODJAN Judith,0139387453
ENR-004435,CC-001109,CARTE_CONSULAIRE,AG037,Cotonou,2026-04-26,LOKONON,Bernice Judith,1999-05-17,F,0105,ZINSOU Prudence,0156235180
ENR-004436,CC-000004,CARTE_CONSULAIRE,AG017,Bohicon,2026-04-27,SOSSOU,Justin Moussa,2009-01-04,M,1005,CODJIA Gisèle,0148876634
ENR-004437,AN-000605,ACTE_NAISSANCE,AG003,Porto-Novo,2026-04-27,QUENUM,Judith,1987-04-17,F,1006,OSSENI Gisèle,0194514702
ENR-004438,AN-001026,ACTE_NAISSANCE,AG008,Lokossa,2026-04-27,ASSOGBA,Fabrice,1969-08-28,M,0106,AHOYO Prudence,0123418617
ENR-004439,AN-001151,ACTE_NAISSANCE,AG002,Abomey-Calavi,2026-04-27,TOSSOU,Fabrice,2020-11-10,M,0702,HOUNKPATIN Nadège,0141377457
ENR-004440,CC-002736,CARTE_CONSULAIRE,AG029,Bohicon,2026-04-27,FASSINOU,Fabrice,1994-07-15,M,1205,AGBODJAN Fatoumata,0187145270
ENR-004441,AN-003559,ACTE_NAISSANCE,AG004,Parakou,2026-04-27,MENSAH,Rosine,2001-10-14,F,0405,TOGBE Nadège,0133345857
ENR-004442,CC-004351,CARTE_CONSULAIRE,AG018,Natitingou,2026-04-27,AHOYO,Fidèle,1992-09-11,M,0502,KPADONOU Flore,0121185584
ENR-004443,PP-004919,PASSEPORT,AG030,Natitingou,2026-04-27,FASSINOU,Moussa,1972-02-24,M,0209,AHOYO Sylvie,0133593521
ENR-004444,AN-000577,ACTE_NAISSANCE,AG030,Natitingou,2026-04-28,AMOUSSOU,Fidèle,1988-10-14,M,0703,SOULEY Aïcha,0176450382
ENR-004445,AN-000950,ACTE_NAISSANCE,AG025,Cotonou,2026-04-28,ADANDE,Rachid,2007-05-19,M,1005,IDRISSOU Flore,0143073983
ENR-004446,AN-001336,ACTE_NAISSANCE,AG038,Abomey-Calavi,2026-04-28,HOUNGBO,Prudence Judith,2007-10-11,F,0307,IDRISSOU Bernice,0143234813
ENR-004447,AN-001492,ACTE_NAISSANCE,AG017,Bohicon,2026-04-28,IDRISSOU,Fidèle,2000-05-10,M,0209,HOUNKPATIN Nadège,
ENR-004448,AN-001547,ACTE_NAISSANCE,AG016,Parakou,2026-04-28,AHOUANSOU,Aïcha Ayaba,1990-05-05,F,0905,SOULEY Aïcha,0155806564
ENR-004449,AN-001575,ACTE_NAISSANCE,AG035,Dassa-Zoumè,2026-04-28,HOUNKPATIN,  Ghislain ,1984-09-11,M,1102,SAGBO Sènami,0143136099
ENR-004450,CC-001822,CARTE_CONSULAIRE,AG005,Bohicon,2026-04-28,FASSINOU,Comlan Ulrich,1982-03-21,M,0504,GBAGUIDI Rachidatou,0115494430
ENR-004451,AN-001972,ACTE_NAISSANCE,AG025,Cotonou,2026-04-28,FASSINOU,Carine Gisèle,2008-02-11,F,1003,MENSAH Fatoumata,0159818989
ENR-004452,AN-002682,ACTE_NAISSANCE,AG026,Abomey-Calavi,2026-04-28,HOUNSOU,Salamatou,1984-08-31,F,1004,TCHIBOZO Mariam,0172895541
ENR-004453,AN-002815,ACTE_NAISSANCE,AG011,Dassa-Zoumè,2026-04-28,ZINSOU,Comlan,1973-05-28,M,0304,GBAGUIDI Estelle,0147415651
ENR-004454,AN-002822,ACTE_NAISSANCE,AG027,Porto-Novo,2026-04-28,ZANNOU,Mariam,1966-04-09,F,1002,LOKONON Rachidatou,0162431349
ENR-004455,AN-002841,ACTE_NAISSANCE,AG027,Porto-Novo,2026-04-28,CHABI,Romaric Ghislain,1992-05-21,M,0402,BIO Bernice,0155863594
ENR-004456,AN-004012,ACTE_NAISSANCE,AG016,Parakou,2026-04-28,HOUNKPATIN,Ibrahim,2005-09-24,M,0903,SAGBO Mariam,
ENR-004457,AN-004100,ACTE_NAISSANCE,AG006,Natitingou,2026-04-28,SOSSOU,Moussa,2001-11-17,M,0307,AGBODJAN Espérance,0175834395
ENR-004458,PP-004264,PASSEPORT,AG030,Natitingou,2026-04-28,NOUATIN,Romaric,1972-07-04,M,0602,QUENUM Sylvie,0124041286
ENR-004459,AN-004525,ACTE_NAISSANCE,AG026,Abomey-Calavi,2026-04-28,DANSOU,Mariam,2003-12-06,F,0104,QUENUM Judith,0168223839
ENR-004460,AN-004672,ACTE_NAISSANCE,AG014,Abomey-Calavi,2026-04-28,CHABI,Fidèle,1998-01-31,M,1209,ZANNOU Mariam,0113545611
ENR-004461,PP-004882,PASSEPORT,AG014,Abomey-Calavi,2026-04-28,ALLADAYE,Yves Rachid,1964-07-21,M,0204,SAGBO Sèmèvo,0106525064
ENR-004462,AN-000667,ACTE_NAISSANCE,AG039,Porto-Novo,2026-04-29,AKPOVI,Fidèle,2010-03-07,M,0407,HOUNKPATIN Salamatou,0192432225
ENR-004463,AN-000971,ACTE_NAISSANCE,AG026,Abomey-Calavi,2026-04-29,QUENUM,Bienvenu,1966-11-18,M,0603,SAGBO Sèmèvo,0173128300
ENR-004464,PP-001897,PASSEPORT,AG019,Djougou,2026-04-29,BIO,Sylvie Salamatou,1988-07-01,F,0104,KIKI Estelle,0106737768
ENR-004465,AN-001996,ACTE_NAISSANCE,AG034,Kandi,2026-04-29,OSSENI,Chimène,1990-08-23,F,1104,HOUNKPATIN Fatoumata,
ENR-004466,AN-002665,ACTE_NAISSANCE,AG032,Lokossa,2026-04-29,LOKONON,Fabrice Yves,2003-10-10,M,1205,HOUNKPATIN Nadège,
ENR-004467,PP-002681,PASSEPORT,AG023,Dassa-Zoumè,2026-04-29,ADANDE,Aïcha,1994-05-15,F,0104,KOUKPAKI Chimène,0185439639
ENR-004468,CC-003585,CARTE_CONSULAIRE,AG030,Natitingou,2026-04-29,AHOYO,Arnaud,1964-12-18,M,0403,AHOYO Carine,0104191565
ENR-004469,AN-003620,ACTE_NAISSANCE,AG007,Djougou,2026-04-29,LOKONON,Romaric Moussa,1975-12-24,M,0605,FASSINOU Sylvie,0155648858
ENR-004470,AN-000073,ACTE_NAISSANCE,AG016,Parakou,2026-04-30,BIO,Rodrigue,1995-06-12,M,0301,FASSINOU Prudence,0134370108
ENR-004471,AN-000288,ACTE_NAISSANCE,AG006,Natitingou,2026-04-30,GBAGUIDI,Sylvie Bernice,1958-09-13,F,1101,OSSENI Carine,
ENR-004472,AN-000715,ACTE_NAISSANCE,AG032,Lokossa,2026-04-30,houngbo,Moussa,1964-05-01,M,0304,HOUNKPATIN Gisèle,
ENR-004473,CC-001193,CARTE_CONSULAIRE,AG034,Kandi,2026-04-30,ADJOVI,Serge,1962-07-14,M,0207,GLELE Carine,0155554008
ENR-004474,AN-001808,ACTE_NAISSANCE,AG018,Natitingou,2026-04-30,HOUNSOU,Ibrahim Justin,1968-02-09,M,0605,ADANDE Sènami,0136128464
ENR-004475,AN-001975,ACTE_NAISSANCE,AG024,Aplahoué,2026-04-30,TCHIBOZO,Fabrice,1962-10-05,M,0407,GLELE Prudence,0194275206
ENR-004476,CC-002623,CARTE_CONSULAIRE,AG029,Bohicon,2026-04-30,SAGBO,Mahougnon Moussa,1966-12-02,M,0301,SOSSOU Flore,
ENR-004477,AN-004210,ACTE_NAISSANCE,AG007,Djougou,2026-04-30,ALLADAYE,Carine Nadège,1959-03-24,F,0906,AMOUSSOU Rosine,0148628033
ENR-004478,CC-004635,CARTE_CONSULAIRE,AG002,Abomey-Calavi,2026-04-30,AMOUSSOU,Serge,1990-01-05,M,0303,LOKONON Salamatou,0169791518
ENR-004479,CC-004901,CARTE_CONSULAIRE,AG026,Abomey-Calavi,2026-04-30,BONI,Rosine,2015-10-11,F,0407,AMOUSSOU Estelle,0162637074
ENR-004480,AN-004913,ACTE_NAISSANCE,AG035,Dassa-Zoumè,2026-04-30,HOUNSOU,Rachidatou Bernice,1977-12-31,F,0103,AGBODJAN Bernice,
ENR-004481,AN-000383,ACTE_NAISSANCE,AG005,Bohicon,2026-05-01,HOUNKPATIN,Ulrich,1971-08-03,M,1204,LOKONON Espérance,0187038688
ENR-004482,AN-000639,ACTE_NAISSANCE,AG033,Ouidah,2026-05-01,NOUATIN,Brice,1948-10-07,M,0209,OSSENI Prudence,0110588394
ENR-004483,AN-002711,ACTE_NAISSANCE,AG031,Djougou,2026-05-01,togbe,Nadège,1964-07-11,F,0101,QUENUM Sèmèvo,0109816245
ENR-004484,AN-000235,ACTE_NAISSANCE,AG014,Abomey-Calavi,2026-05-02,LOKONON,Sèmèvo,2006-03-04,F,0604,OSSENI Carine,0133121960
ENR-004485,CC-000290,CARTE_CONSULAIRE,AG031,Djougou,2026-05-02,LOKONON,Justin Ulrich,1993-01-05,M,0902,TCHIBOZO Prudence,0176750486
ENR-004486,AN-001598,ACTE_NAISSANCE,AG024,Aplahoué,2026-05-02,DANSOU,Espérance,1992-06-12,F,1205,DANSOU Mariam,0185213450
ENR-004487,AN-002783,ACTE_NAISSANCE,AG037,Cotonou,2026-05-02,AGOSSOU,Fidèle,1969-05-13,M,1103,DOSSOU Aïcha,0131321415
ENR-004488,AN-004253,ACTE_NAISSANCE,AG006,Natitingou,2026-05-02,HOUNSOU,  Flore ,1985-07-26,F,1008,ZINSOU Espérance,0140693878
ENR-004489,AN-004380,ACTE_NAISSANCE,AG031,Djougou,2026-05-02,KIKI,Salamatou,1991-07-20,F,0503,ADJOVI Gisèle,0149778980
ENR-004490,CC-004780,CARTE_CONSULAIRE,AG033,Ouidah,2026-05-02,BIO,Ibrahim Rachid,1975-04-11,M,1204,YAROU Sènami,0127057563
ENR-004491,AN-000009,ACTE_NAISSANCE,AG030,Natitingou,2026-05-03,OSSENI,Rachid,1998-12-06,M,0605,SOSSOU Ayaba,0122983695
ENR-004492,AN-000388,ACTE_NAISSANCE,AG038,Abomey-Calavi,2026-05-03,FASSINOU,Espérance Nadège,2007-04-29,F,0204,HOUNKPATIN Prudence,0165531859
ENR-004493,AN-000431,ACTE_NAISSANCE,AG011,Dassa-Zoumè,2026-05-03,DANSOU,Sèmèvo,2011-02-15,F,0202,IDRISSOU Judith,0153185257
ENR-004494,AN-000692,ACTE_NAISSANCE,AG033,Ouidah,2026-05-03,IDRISSOU,Prudence Mariam,1996-11-19,F,0202,YAROU Nadège,0130677555
ENR-004495,CC-001273,CARTE_CONSULAIRE,AG012,Aplahoué,2026-05-03,LOKONON,Bienvenu,1984-03-13,M,0201,TOGBE Salamatou,0159355585
ENR-004496,CC-002087,CARTE_CONSULAIRE,AG005,Bohicon,2026-05-03,DANSOU,Bienvenu Romaric,1989-10-27,M,0604,ADANDE Fatoumata,0162664386
ENR-004497,PP-002269,PASSEPORT,AG032,Lokossa,2026-05-03,HOUNKPATIN,Fidèle Gildas,1991-12-02,M,0201,GBAGUIDI Carine,0145579169
ENR-004498,CC-002333,CARTE_CONSULAIRE,AG040,Parakou,2026-05-03,GLELE,Chimène,2000-09-13,F,1102,ADANDE Salamatou,0122140342
ENR-004499,PP-002919,PASSEPORT,AG034,Kandi,2026-05-03,LOKONON,Mahougnon,2015-08-12,M,0902,SAGBO Gisèle,0145774891
ENR-004500,AN-003495,ACTE_NAISSANCE,AG035,Dassa-Zoumè,2026-05-03,DANSOU,Bernice,1993-05-22,F,1104,FASSINOU Gisèle,0133196154
ENR-004501,AN-004187,ACTE_NAISSANCE,AG013,Cotonou,2026-05-03,BIO,Rachidatou,1950-08-30,F,0103,ASSOGBA Salamatou,0191479225
ENR-004502,PP-004318,PASSEPORT,AG020,Lokossa,2026-05-03,ALLADAYE,Estelle,1993-03-23,F,0404,ZINSOU Aïcha,0169159645
ENR-004503,AN-000412,ACTE_NAISSANCE,AG038,Abomey-Calavi,2026-05-04,zannou,Rachid,1995-09-18,M,0102,ZANNOU Judith,0189565922
ENR-004504,AN-000679,ACTE_NAISSANCE,AG010,Kandi,2026-05-04,ZANNOU,Estelle Gisèle,1979-08-03,F,0503,MENSAH Sènami,0164046495
ENR-004505,AN-001121,ACTE_NAISSANCE,AG006,Natitingou,2026-05-04,ADJOVI,Fidèle,1969-05-08,M,0801,BONI Flore,0103128198
ENR-004506,AN-002074,ACTE_NAISSANCE,AG029,Bohicon,2026-05-04,GLELE,Rodrigue,2009-07-17,M,0801,ADJOVI Prudence,
ENR-004507,AN-002176,ACTE_NAISSANCE,AG014,Abomey-Calavi,2026-05-04,NOUATIN,Ghislain,1989-12-09,M,0204,BONI Carine,0181697768
ENR-004508,AN-002763,ACTE_NAISSANCE,AG008,Lokossa,2026-05-04,AMOUSSOU,Brice Gildas,2003-09-06,M,1203,AKPOVI Salamatou,0199884115
ENR-004509,AN-002975,ACTE_NAISSANCE,AG027,Porto-Novo,2026-05-04,ADANDE,Chimène,1989-08-21,F,1103,SOULEY Flore,0139548140
ENR-004510,AN-004447,ACTE_NAISSANCE,AG003,Porto-Novo,2026-05-04,AMOUSSOU,Comlan,2009-03-31,M,1104,ADJOVI Salamatou,0169332364
ENR-004511,AN-004538,ACTE_NAISSANCE,AG034,Kandi,2026-05-04,SOSSOU,Gisèle Sèmèvo,1987-12-14,F,0403,FASSINOU Aïcha,0164039763
ENR-004512,AN-004856,ACTE_NAISSANCE,AG024,Aplahoué,2026-05-04,ALLADAYE,Ayaba Flore,1961-04-25,F,0606,KIKI Salamatou,0162370681
ENR-004513,AN-000150,ACTE_NAISSANCE,AG003,Porto-Novo,2026-05-05,AGOSSOU,Estelle,1989-11-08,F,0105,HOUNKPATIN Rachidatou,0197757488
ENR-004514,CC-000180,CARTE_CONSULAIRE,AG018,Natitingou,2026-05-05,AGBODJAN,Mariam,2013-03-16,F,0102,SAGBO Carine,0107514293
ENR-004515,AN-000335,ACTE_NAISSANCE,AG007,Djougou,2026-05-05,GLELE,Ghislain,2007-08-17,M,1008,HOUNGBO Chimène,0111496235
ENR-004516,AN-000472,ACTE_NAISSANCE,AG040,Parakou,2026-05-05,ZANNOU,Gildas,2000-12-01,M,1102,HOUNKPATIN Sylvie,
ENR-004517,AN-001441,ACTE_NAISSANCE,AG006,Natitingou,2026-05-05,SOULEY,Espérance,1958-05-09,F,1207,BONI Sèmèvo,0109944760
ENR-004518,AN-001984,ACTE_NAISSANCE,AG007,Djougou,2026-05-05,AHOYO,Salamatou Ayaba,2024-08-28,F,0401,BIO Gisèle,0190239523
ENR-004519,AN-002126,ACTE_NAISSANCE,AG031,Djougou,2026-05-05,ZINSOU,Gisèle,2009-03-15,F,0207,NOUATIN Bernice,0118895060
ENR-004520,PP-002938,PASSEPORT,AG003,Porto-Novo,2026-05-05,IDRISSOU,Carine,1995-09-16,F,0307,CODJIA Carine,0143637664
ENR-004521,AN-003356,ACTE_NAISSANCE,AG021,Ouidah,2026-05-05,CODJIA,Ghislain Yves,1957-12-10,M,0902,BONI Chimène,0137780160
ENR-004522,CC-003642,CARTE_CONSULAIRE,AG033,Ouidah,2026-05-05,GLELE,Chimène,1951-01-17,F,0301,SOSSOU Mariam,01O2029845
ENR-004523,AN-003893,ACTE_NAISSANCE,AG028,Parakou,2026-05-05,AGOSSOU,Bienvenu,2009-05-04,M,1008,VODOUNON Sèmèvo,0171739136
ENR-004524,AN-004205,ACTE_NAISSANCE,AG008,Lokossa,2026-05-05,SOULEY,Ghislain,1978-08-18,M,0402,DANSOU Flore,
ENR-004525,PP-004824,PASSEPORT,AG031,Djougou,2026-05-05,CODJIA,Justin,1990-09-30,M,1206,TOGBE Bernice,
ENR-004526,AN-000272,ACTE_NAISSANCE,AG009,Ouidah,2026-05-06,KPADONOU,Espérance,2004-04-23,F,0301,CHABI Rachidatou,0160528002
ENR-004527,PP-001660,PASSEPORT,AG011,Dassa-Zoumè,2026-05-06,BONI,Bernice Espérance,1993-07-24,F,0906,HOUESSOU Ayaba,0114808393
ENR-004528,AN-001959,ACTE_NAISSANCE,AG022,Kandi,2026-05-06,ZINSOU,Rachid,1980-05-30,M,0204,AHOUANSOU Salamatou,
ENR-004529,AN-002500,ACTE_NAISSANCE,AG032,Lokossa,2026-05-06,AMOUSSOU,Justin Fabrice,1994-12-29,M,0703,GLELE Estelle,0131575754
ENR-004530,CC-004267,CARTE_CONSULAIRE,AG029,Bohicon,2026-05-06,HOUNKPATIN,Koffi,1983-12-17,M,1005,ADJOVI Nadège,0107062146
ENR-004531,PP-004986,PASSEPORT,AG004,Parakou,2026-05-06,ZANNOU,Aïcha Judith,1971-08-12,F,0405,KIKI Rosine,0107384972
ENR-004532,AN-000345,ACTE_NAISSANCE,AG023,Dassa-Zoumè,2026-05-07,DANSOU,Rachidatou Prudence,1951-09-17,F,0501,CHABI Ayaba,0164417028
ENR-004533,CC-000536,CARTE_CONSULAIRE,AG022,Kandi,2026-05-07,KIKI,Salamatou,1975-11-23,F,0301,CODJIA Sèmèvo,0182254898
ENR-004534,AN-002971,ACTE_NAISSANCE,AG002,Abomey-Calavi,2026-05-07,TOGBE,Judith,2006-06-27,F,0606,GBAGUIDI Ayaba,0192203066
ENR-004535,AN-003048,ACTE_NAISSANCE,AG018,Natitingou,2026-05-07,AHOYO,Nadège,2005-09-11,F,1205,VODOUNON Rosine,0123114174
ENR-004536,AN-003379,ACTE_NAISSANCE,AG024,Aplahoué,2026-05-07,AHOYO,Serge,1962-07-02,M,0207,AMOUSSOU Ayaba,0134273004
ENR-004537,AN-004071,ACTE_NAISSANCE,AG004,Parakou,2026-05-07,TCHIBOZO,Nadège,2004-11-24,F,0906,DOSSOU Sènami,0156054676
ENR-004538,AN-004519,ACTE_NAISSANCE,AG030,Natitingou,2026-05-07,ahouansou,Koffi,1991-03-15,M,0702,DOSSOU Flore,0102661842
ENR-004539,PP-004699,PASSEPORT,AG012,Aplahoué,2026-05-07,CODJIA,Brice,2014-04-01,M,1003,CHABI Sènami,0175967474
ENR-004540,AN-000738,ACTE_NAISSANCE,AG008,Lokossa,2026-05-08,CHABI,Nadège Aïcha,1983-04-13,F,0205,LOKONON Rosine,0153375556
ENR-004541,AN-003214,ACTE_NAISSANCE,AG008,Lokossa,2026-05-08,VODOUNON,Ayaba Estelle,1970-01-27,F,1207,ZANNOU Aïcha,
ENR-004542,AN-004000,ACTE_NAISSANCE,AG040,Parakou,2026-05-08,BONI,Serge,2004-11-30,M,0405,YAROU Chimène,0130481930
ENR-004543,AN-004239,ACTE_NAISSANCE,AG027,Porto-Novo,2026-05-08,AHOUANSOU,Carine Aïcha,2019-03-04,F,0701,ADANDE Sylvie,
ENR-004544,AN-004945,ACTE_NAISSANCE,AG018,Natitingou,2026-05-08,YAROU,Gildas,1998-07-15,M,0408,TOGBE Chimène,0144519952
ENR-004545,CC-004966,CARTE_CONSULAIRE,AG038,Abomey-Calavi,2026-05-08,IDRISSOU,Fatoumata,1982-01-24,F,0801,AGOSSOU Sylvie,0158821438
ENR-004546,CC-000037,CARTE_CONSULAIRE,AG040,Parakou,2026-05-09,AGOSSOU,Ibrahim,2012-01-25,M,0209,GBAGUIDI Rachidatou,0112363608
ENR-004547,CC-000045,CARTE_CONSULAIRE,AG001,Cotonou,2026-05-09,AKPOVI,Espérance Nadège,2016-03-26,F,0203,ADANDE Nadège,0107418288
ENR-004548,AN-000193,ACTE_NAISSANCE,AG006,Natitingou,2026-05-09,ZANNOU,Ibrahim,1985-10-14,M,1008,DOSSOU Judith,0144651229
ENR-004549,AN-001664,ACTE_NAISSANCE,AG007,Djougou,2026-05-09,DOSSOU,Mariam Prudence,1998-03-26,F,0101,AKPOVI Rosine,0122479761
ENR-004550,CC-002321,CARTE_CONSULAIRE,AG002,Abomey-Calavi,2026-05-09,KPADONOU,Ulrich Koffi,1973-02-22,M,0504,TOSSOU Sènami,0101735558
ENR-004551,AN-002428,ACTE_NAISSANCE,AG012,Aplahoué,2026-05-09,CODJIA,Moussa,1983-01-18,M,0307,BIO Ayaba,0131616797
ENR-004552,AN-002495,ACTE_NAISSANCE,AG002,Abomey-Calavi,2026-05-09,AHOYO,Estelle,1986-01-05,F,0703,ZINSOU Fatoumata,0183744171
ENR-004553,AN-002504,ACTE_NAISSANCE,AG008,Lokossa,2026-05-09,BIO,Sèmèvo,1999-03-08,F,1207,QUENUM Espérance,0131901317
ENR-004554,AN-003719,ACTE_NAISSANCE,AG007,Djougou,2026-05-09,GLELE,Comlan Fidèle,1990-02-04,M,0306,SOULEY Bernice,0179112647
ENR-004555,AN-004845,ACTE_NAISSANCE,AG001,Cotonou,2026-05-09,TOGBE,Carine,1979-02-19,F,1209,YAROU Ayaba,0133731689
ENR-004556,PP-000534,PASSEPORT,AG016,Parakou,2026-05-10,HOUESSOU,Brice,1972-09-26,M,0906,HOUESSOU Rosine,0116183985
ENR-004557,AN-001657,ACTE_NAISSANCE,AG008,Lokossa,2026-05-10,SOSSOU,Nadège,1943-10-01,F,0604,OSSENI Judith,0130817330
ENR-004558,CC-001892,CARTE_CONSULAIRE,AG025,Cotonou,2026-05-10,SOSSOU,Espérance,1982-12-08,F,0504,ZINSOU Flore,0108085648
ENR-004559,CC-002003,CARTE_CONSULAIRE,AG012,Aplahoué,2026-05-10,ZINSOU,Espérance,1988-12-09,F,0104,MENSAH Gisèle,0197358303
ENR-004560,CC-004395,CARTE_CONSULAIRE,AG003,Porto-Novo,2026-05-10,AKPOVI,Espérance,1968-04-10,F,0505,SOSSOU Salamatou,0120716682
ENR-004561,AN-000246,ACTE_NAISSANCE,AG004,Parakou,2026-05-11,LOKONON,Ibrahim,1976-03-19,M,1103,FASSINOU Carine,0105345471
ENR-004562,PP-000430,PASSEPORT,AG026,Abomey-Calavi,2026-05-11,AHOUANSOU,Gildas,2015-01-10,M,0906,TCHIBOZO Judith,0158664371
ENR-004563,AN-001589,ACTE_NAISSANCE,AG018,Natitingou,2026-05-11,LOKONON,Flore,2002-12-15,F,0305,SOSSOU Sènami,0124390696
ENR-004564,AN-001794,ACTE_NAISSANCE,AG026,Abomey-Calavi,2026-05-11,FASSINOU,Flore Prudence,2016-07-01,F,1205,CHABI Estelle,0133597169
ENR-004565,AN-002366,ACTE_NAISSANCE,AG012,Aplahoué,2026-05-11,HOUNGBO,Rachidatou,1990-02-23,F,1202,LOKONON Mariam,0187348781
ENR-004566,CC-002510,CARTE_CONSULAIRE,AG026,Abomey-Calavi,2026-05-11,BONI,Ulrich,1992-06-13,M,1007,CHABI Sèmèvo,0132366375
ENR-004567,AN-003280,ACTE_NAISSANCE,AG032,Lokossa,2026-05-11,MENSAH,Aïcha,2003-09-25,F,0201,TOSSOU Aïcha,0193642209
ENR-004568,AN-003488,ACTE_NAISSANCE,AG007,Djougou,2026-05-11,OSSENI,Sylvie Mariam,1985-11-11,F,0903,TOGBE Sèmèvo,0169530854
ENR-004569,AN-004444,ACTE_NAISSANCE,AG020,Lokossa,2026-05-11,DOSSOU,Arnaud,2011-10-21,M,0206,AMOUSSOU Sènami,
ENR-004570,AN-004705,ACTE_NAISSANCE,AG028,Parakou,2026-05-11,DOSSOU,Sèmèvo,1973-10-24,F,0406,HOUNGBO Salamatou,0149864920
ENR-004571,AN-000202,ACTE_NAISSANCE,AG015,Porto-Novo,2026-05-12,CHABI,Flore,2012-04-10,F,0601,OSSENI Nadège,
ENR-004572,AN-001669,ACTE_NAISSANCE,AG039,Porto-Novo,2026-05-12,GLELE,Fidèle,1979-04-23,M,0301,CODJIA Carine,0172560133
ENR-004573,AN-003106,ACTE_NAISSANCE,AG003,Porto-Novo,2026-05-12,CODJIA,Fidèle Rodrigue,1992-11-04,M,1008,OSSENI Chimène,0175656475
ENR-004574,PP-003155,PASSEPORT,AG021,Ouidah,2026-05-12,DANSOU,Koffi,1964-05-04,M,0101,ZINSOU Espérance,0167508760
ENR-004575,CC-004142,CARTE_CONSULAIRE,AG005,Bohicon,2026-05-12,SOULEY,Judith,1946-08-26,F,1009,KPADONOU Gisèle,0174276304
ENR-004576,AN-004177,ACTE_NAISSANCE,AG006,Natitingou,2026-05-12,HOUNGBO,Aïcha Espérance,2005-12-10,F,0102,BONI Rachidatou,0198474323
ENR-004577,CC-004325,CARTE_CONSULAIRE,AG030,Natitingou,2026-05-12,TOGBE,Prudence,2004-12-02,F,0208,AKPOVI Nadège,0124467912
ENR-004578,AN-000057,ACTE_NAISSANCE,AG010,Kandi,2026-05-13,SOSSOU,Bienvenu,1999-02-17,M,0206,BIO Rosine,0118621076
ENR-004579,PP-000841,PASSEPORT,AG021,Ouidah,2026-05-13,CODJIA,Brice,2009-06-23,M,0602,OSSENI Ayaba,0124328289
ENR-004580,AN-000945,ACTE_NAISSANCE,AG012,Aplahoué,2026-05-13,IDRISSOU,Fabrice,2005-08-22,M,0901,GBAGUIDI Chimène,0152593400
ENR-004581,CC-001766,CARTE_CONSULAIRE,AG026,Abomey-Calavi,2026-05-13,NOUATIN,Sèmèvo,1965-10-26,F,1201,YAROU Sèmèvo,0113331601
ENR-004582,PP-001827,PASSEPORT,AG002,Abomey-Calavi,2026-05-13,ADJOVI,Sènami,1976-05-27,F,1209,VODOUNON Mariam,0112004625
ENR-004583,PP-002013,PASSEPORT,AG022,Kandi,2026-05-13,OSSENI,Rachid,2021-05-26,M,0101,DOSSOU Mariam,+2290137045560
ENR-004584,AN-002396,ACTE_NAISSANCE,AG031,Djougou,2026-05-13,AGBODJAN,Mariam,2005-07-08,F,0801,LOKONON Ayaba,0100710930
ENR-004585,AN-004453,ACTE_NAISSANCE,AG016,Parakou,2026-05-13,KIKI,Yves,2001-04-29,M,0302,AKPOVI Gisèle,0138158781
ENR-004586,PP-004738,PASSEPORT,AG006,Natitingou,2026-05-13,GBAGUIDI,Sèmèvo,2007-04-27,F,0203,VODOUNON Sènami,0169029102
ENR-004587,AN-001140,ACTE_NAISSANCE,AG015,Porto-Novo,2026-05-14,GLELE,Brice Serge,1992-10-08,M,0209,AGOSSOU Flore,0118317766
ENR-004588,CC-001948,CARTE_CONSULAIRE,AG010,Kandi,2026-05-14,NOUATIN,Ulrich,1988-02-23,M,0301,DANSOU Sylvie,0185538461
ENR-004589,AN-002243,ACTE_NAISSANCE,AG020,Lokossa,2026-05-14,OSSENI,Bernice Aïcha,2011-09-10,F,1001,HOUNGBO Estelle,0116762927
ENR-004590,AN-002742,ACTE_NAISSANCE,AG018,Natitingou,2026-05-14,SOULEY,Sylvie,2003-04-12,F,0405,AMOUSSOU Rosine,0111440303
ENR-004591,AN-003072,ACTE_NAISSANCE,AG015,Porto-Novo,2026-05-14,TOGBE,Espérance,1990-12-31,F,1203,DANSOU Judith,0185796348
ENR-004592,AN-003819,ACTE_NAISSANCE,AG013,Cotonou,2026-05-14,DANSOU,Romaric Moussa,2002-06-23,M,0502,SOSSOU Sènami,0125550089
ENR-004593,PP-004184,PASSEPORT,AG001,Cotonou,2026-05-14,DANSOU,Rodrigue,1973-08-12,M,0701,AKPOVI Salamatou,0121183769
ENR-004594,AN-004343,ACTE_NAISSANCE,AG034,Kandi,2026-05-14,GLELE,Ulrich Gildas,2010-07-11,M,0301,AHOYO Rachidatou,0184597115
ENR-004595,CC-004644,CARTE_CONSULAIRE,AG020,Lokossa,2026-05-14,OSSENI,Gisèle Carine,1978-10-18,F,0204,ADJOVI Salamatou,0175875188
ENR-004596,AN-000636,ACTE_NAISSANCE,AG026,Abomey-Calavi,2026-05-15,HOUNKPATIN,Espérance Chimène,2003-12-09,F,0204,ADANDE Mariam,0106766136
ENR-004597,AN-002116,ACTE_NAISSANCE,AG012,Aplahoué,2026-05-15,HOUESSOU,Bienvenu,1994-10-17,M,0703,ADJOVI Fatoumata,0179824363
ENR-004598,AN-002886,ACTE_NAISSANCE,AG032,Lokossa,2026-05-15,ALLADAYE,Moussa,1966-02-21,M,0302,AMOUSSOU Sylvie,0199314755
ENR-004599,AN-003051,ACTE_NAISSANCE,AG005,Bohicon,2026-05-15,AHOYO,Ibrahim,2011-05-15,M,0204,AHOYO Gisèle,0147975699
ENR-004600,AN-003209,ACTE_NAISSANCE,AG027,Porto-Novo,2026-05-15,BONI,Nadège,2000-08-14,F,0203,HOUNSOU Sèmèvo,
ENR-004601,AN-003590,ACTE_NAISSANCE,AG006,Natitingou,2026-05-15,ZINSOU,Rodrigue Moussa,2009-05-12,M,0901,GLELE Sèmèvo,0131633896
ENR-004602,AN-003616,ACTE_NAISSANCE,AG035,Dassa-Zoumè,2026-05-15,FASSINOU,Fatoumata Salamatou,2009-03-15,F,0404,CODJIA Sèmèvo,0110817300
ENR-004603,AN-003978,ACTE_NAISSANCE,AG012,Aplahoué,2026-05-15,FASSINOU,Bienvenu,1988-12-26,M,1005,AMOUSSOU Aïcha,0188252847
ENR-004604,AN-004262,ACTE_NAISSANCE,AG006,Natitingou,2026-05-15,houngbo,Moussa,2014-07-18,M,0202,HOUNKPATIN Bernice,
ENR-004605,AN-000033,ACTE_NAISSANCE,AG035,Dassa-Zoumè,2026-05-16,SAGBO,Romaric Fidèle,2008-06-07,M,0704,ZINSOU Fatoumata,0183298222
ENR-004606,AN-000209,ACTE_NAISSANCE,AG034,Kandi,2026-05-16,HOUNKPATIN,Ghislain,2024-02-04,M,0603,TCHIBOZO Judith,0194155363
ENR-004607,AN-000435,ACTE_NAISSANCE,AG011,Dassa-Zoumè,2026-05-16,ADANDE,Ibrahim,1978-07-08,M,0601,DANSOU Fatoumata,0164217680
ENR-004608,AN-001067,ACTE_NAISSANCE,AG021,Ouidah,2026-05-16,FASSINOU,Sènami,2016-06-11,F,0208,MENSAH Prudence,
ENR-004609,PP-001264,PASSEPORT,AG004,Parakou,2026-05-16,VODOUNON,Prudence,1955-09-24,F,0302,ZINSOU Nadège,0115992446
ENR-004610,AN-001287,ACTE_NAISSANCE,AG015,Porto-Novo,2026-05-16,ZINSOU,Ghislain,2012-05-14,M,0305,IDRISSOU Sèmèvo,0155209705
ENR-004611,CC-001352,CARTE_CONSULAIRE,AG004,Parakou,2026-05-16,CHABI,Gisèle,1986-06-02,F,0404,AHOUANSOU Salamatou,0143901479
ENR-004612,AN-001366,ACTE_NAISSANCE,AG001,Cotonou,2026-05-16,NOUATIN,Moussa,2012-01-29,M,0305,KPADONOU Flore,0135728512
ENR-004613,AN-001627,ACTE_NAISSANCE,AG001,Cotonou,2026-05-16,KIKI,Moussa,1980-12-27,M,0902,BONI Espérance,01 71 93 21 62
ENR-004614,AN-001741,ACTE_NAISSANCE,AG037,Cotonou,2026-05-16,CHABI,Chimène,1969-01-18,F,0702,SOSSOU Aïcha,0131935047
ENR-004615,AN-002017,ACTE_NAISSANCE,AG035,Dassa-Zoumè,2026-05-16,ADJOVI,Nadège Mariam,1995-04-07,F,0208,ALLADAYE Bernice,0152498812
ENR-004616,PP-002478,PASSEPORT,AG038,Abomey-Calavi,2026-05-16,ALLADAYE,Brice Fabrice,1984-04-06,M,0206,SOSSOU Carine,0190381448
ENR-004617,AN-002905,ACTE_NAISSANCE,AG009,Ouidah,2026-05-16,ASSOGBA,Sylvie,1991-07-25,F,0606,SAGBO Estelle,0130448591
ENR-004618,PP-003061,PASSEPORT,AG025,Cotonou,2026-05-16,DOSSOU,Yves,1971-11-07,M,0205,GLELE Fatoumata,0106674119
ENR-004619,AN-000278,ACTE_NAISSANCE,AG013,Cotonou,2026-05-17,TOSSOU,Mahougnon Bienvenu,2009-03-10,M,0904,BIO Estelle,0113936556
ENR-004620,AN-000606,ACTE_NAISSANCE,AG012,Aplahoué,2026-05-17,DANSOU,Ayaba,1992-09-07,F,0301,AHOYO Rachidatou,0149512581
ENR-004621,AN-000646,ACTE_NAISSANCE,AG011,Dassa-Zoumè,2026-05-17,FASSINOU,Prudence,1984-10-29,F,0106,KOUKPAKI Chimène,0190636397
ENR-004622,AN-000653,ACTE_NAISSANCE,AG020,Lokossa,2026-05-17,CODJIA,Judith,1993-10-21,F,0601,ALLADAYE Salamatou,0124087044
ENR-004623,AN-000673,ACTE_NAISSANCE,AG004,Parakou,2026-05-17,SOSSOU,Fabrice,2000-03-24,M,0801,ASSOGBA Prudence,
ENR-004624,AN-000955,ACTE_NAISSANCE,AG027,Porto-Novo,2026-05-17,KPADONOU,Rodrigue,2017-07-26,M,0204,HOUNKPATIN Nadège,0152812735
ENR-004625,CC-000988,CARTE_CONSULAIRE,AG029,Bohicon,2026-05-17,TOGBE,Nadège,2024-04-01,F,0302,QUENUM Ayaba,0124871756
ENR-004626,AN-001111,ACTE_NAISSANCE,AG033,Ouidah,2026-05-17,SAGBO,Bernice Sèmèvo,1988-07-18,F,0303,FASSINOU Fatoumata,0177113944
ENR-004627,AN-002064,ACTE_NAISSANCE,AG019,Djougou,2026-05-17,LOKONON,Comlan,1994-10-20,M,0408,ADANDE Chimène,
ENR-004628,AN-002420,ACTE_NAISSANCE,AG014,Abomey-Calavi,2026-05-17,AGBODJAN,Chimène,1992-10-29,F,0209,FASSINOU Sènami,0109793718
ENR-004629,AN-002482,ACTE_NAISSANCE,AG036,Aplahoué,2026-05-17,GLELE,Flore,1992-11-30,F,0303,HOUNKPATIN Nadège,
ENR-004630,PP-003131,PASSEPORT,AG024,Aplahoué,2026-05-17,AHOYO,Sylvie,1971-05-26,F,1204,ZINSOU Sylvie,0122512283
ENR-004631,AN-003198,ACTE_NAISSANCE,AG016,Parakou,2026-05-17,LOKONON,Estelle,1966-01-28,F,0204,FASSINOU Estelle,0188424373
ENR-004632,AN-003250,ACTE_NAISSANCE,AG015,Porto-Novo,2026-05-17,FASSINOU,Mahougnon,2014-02-12,M,0502,AKPOVI Judith,
ENR-004633,AN-003817,ACTE_NAISSANCE,AG023,Dassa-Zoumè,2026-05-17,ALLADAYE,Gisèle,2015-01-16,F,0301,AHOYO Carine,0158554476
ENR-004634,PP-003859,PASSEPORT,AG033,Ouidah,2026-05-17,MENSAH,Bienvenu Justin,1987-02-25,M,1206,ADANDE Gisèle,0117997964
ENR-004635,AN-003939,ACTE_NAISSANCE,AG017,Bohicon,2026-05-17,AMOUSSOU,Sylvie,2004-08-26,F,0701,QUENUM Ayaba,0189110034
ENR-004636,AN-004572,ACTE_NAISSANCE,AG017,Bohicon,2026-05-17,GBAGUIDI,Comlan,1962-07-27,M,0704,KPADONOU Salamatou,0153874274
ENR-004637,AN-004769,ACTE_NAISSANCE,AG001,Cotonou,2026-05-17,TCHIBOZO,Koffi,1965-03-24,M,0402,LOKONON Ayaba,0107937369
ENR-004638,AN-001133,ACTE_NAISSANCE,AG031,Djougou,2026-05-18,GLELE,Koffi,1988-02-25,M,1207,AGOSSOU Estelle,
ENR-004639,AN-001363,ACTE_NAISSANCE,AG024,Aplahoué,2026-05-18,TOGBE,Bienvenu Fabrice,1991-09-08,M,1202,KPADONOU Prudence,0176121432
ENR-004640,CC-001605,CARTE_CONSULAIRE,AG002,Abomey-Calavi,2026-05-18,KOUKPAKI,Ibrahim,1970-11-30,M,0301,AMOUSSOU Prudence,0140537678
ENR-004641,AN-003017,ACTE_NAISSANCE,AG026,Abomey-Calavi,2026-05-18,AHOUANSOU,Ulrich,1980-03-16,M,0406,AGOSSOU Sèmèvo,0188018527
ENR-004642,AN-003474,ACTE_NAISSANCE,AG014,Abomey-Calavi,2026-05-18,BONI,Sènami,1964-02-14,F,0905,FASSINOU Sylvie,0147009764
ENR-004643,AN-000173,ACTE_NAISSANCE,AG007,Djougou,2026-05-19,QUENUM,Romaric,1962-06-11,M,0902,HOUNGBO Rosine,0157104249
ENR-004644,AN-001739,ACTE_NAISSANCE,AG034,Kandi,2026-05-19,AHOYO,Arnaud,2011-09-06,M,0201,AKPOVI Rosine,0135916962
ENR-004645,PP-002092,PASSEPORT,AG037,Cotonou,2026-05-19,GLELE,Rachid Fidèle,1976-01-17,M,0207,AMOUSSOU Espérance,0151503418
ENR-004646,AN-002247,ACTE_NAISSANCE,AG005,Bohicon,2026-05-19,AKPOVI,Ghislain,1996-02-22,M,0906,KIKI Aïcha,0121318840
ENR-004647,CC-002857,CARTE_CONSULAIRE,AG010,Kandi,2026-05-19,AHOUANSOU,Carine,1992-07-16,F,1009,DANSOU Prudence,0141905243
ENR-004648,AN-004442,ACTE_NAISSANCE,AG010,Kandi,2026-05-19,TCHIBOZO,Chimène,1996-04-28,F,0502,ADANDE Ayaba,0111720709
ENR-004649,CC-004771,CARTE_CONSULAIRE,AG021,Ouidah,2026-05-19,KPADONOU,Nadège Espérance,1952-07-29,F,0601,KIKI Judith,0109801894
ENR-004650,PP-001064,PASSEPORT,AG008,Lokossa,2026-05-20,BONI,Ghislain,2006-10-22,M,0406,KOUKPAKI Flore,0155846261
ENR-004651,AN-001220,ACTE_NAISSANCE,AG013,Cotonou,2026-05-20,GLELE,Chimène,2011-11-20,F,1208,DOSSOU Sylvie,
ENR-004652,AN-001517,ACTE_NAISSANCE,AG001,Cotonou,2026-05-20,NOUATIN,Chimène Rachidatou,2003-07-22,F,0202,VODOUNON Sènami,0164299329
ENR-004653,AN-001964,ACTE_NAISSANCE,AG023,Dassa-Zoumè,2026-05-20,ADANDE,Codjo Justin,2011-09-20,M,0204,TOSSOU Sènami,0157406548
ENR-004654,PP-002197,PASSEPORT,AG036,Aplahoué,2026-05-20,KPADONOU,Ulrich,1951-07-12,M,0203,KPADONOU Prudence,0157887251
ENR-004655,AN-002394,ACTE_NAISSANCE,AG026,Abomey-Calavi,2026-05-20,QUENUM,Espérance Sènami,2020-03-28,F,1002,GLELE Estelle,0145971721
ENR-004656,AN-003135,ACTE_NAISSANCE,AG020,Lokossa,2026-05-20,VODOUNON,Fidèle Comlan,1988-09-20,M,0704,CHABI Carine,0130349577
ENR-004657,AN-004376,ACTE_NAISSANCE,AG032,Lokossa,2026-05-20,SOSSOU,Fabrice Ulrich,1976-12-09,M,0203,NOUATIN Prudence,
ENR-004658,AN-004403,ACTE_NAISSANCE,AG016,Parakou,2026-05-20,SAGBO,Justin,1982-09-25,M,0603,KIKI Espérance,0148926312
ENR-004659,AN-004527,ACTE_NAISSANCE,AG034,Kandi,2026-05-20,BIO,Aïcha,1984-09-26,F,1105,BONI Sylvie,0156236496
ENR-004660,CC-004628,CARTE_CONSULAIRE,AG021,Ouidah,2026-05-20,IDRISSOU,Rodrigue,2012-03-25,M,0304,HOUNKPATIN Prudence,0161929352
ENR-004661,AN-004943,ACTE_NAISSANCE,AG016,Parakou,2026-05-20,ZINSOU,Aïcha Judith,1978-04-28,F,0404,DANSOU Ayaba,0164961735
ENR-004662,AN-000119,ACTE_NAISSANCE,AG020,Lokossa,2026-05-21,HOUNGBO,Espérance,1990-02-23,F,0903,ZANNOU Chimène,0171774836
ENR-004663,AN-000542,ACTE_NAISSANCE,AG036,Aplahoué,2026-05-21,HOUESSOU,Bernice,1999-11-29,F,0209,NOUATIN Judith,
ENR-004664,AN-000842,ACTE_NAISSANCE,AG016,Parakou,2026-05-21,ALLADAYE,Nadège,2009-04-28,F,0206,GLELE Rachidatou,0102585331
ENR-004665,AN-001089,ACTE_NAISSANCE,AG031,Djougou,2026-05-21,DANSOU,Yves,1957-02-28,M,1009,KOUKPAKI Gisèle,
ENR-004666,AN-002281,ACTE_NAISSANCE,AG004,Parakou,2026-05-21,ADJOVI,Fidèle,1994-05-20,M,0401,HOUNGBO Sèmèvo,
ENR-004667,AN-002364,ACTE_NAISSANCE,AG025,Cotonou,2026-05-21,HOUNKPATIN,Prudence Flore,2001-09-05,F,0302,LOKONON Fatoumata,0197394337
ENR-004668,AN-002397,ACTE_NAISSANCE,AG012,Aplahoué,2026-05-21,DOSSOU,Brice,1970-11-18,M,1103,SAGBO Gisèle,0104131100
ENR-004669,AN-002652,ACTE_NAISSANCE,AG036,Aplahoué,2026-05-21,ASSOGBA,Fabrice Ibrahim,1951-08-30,M,0605,HOUESSOU Fatoumata,0129816692
ENR-004670,PP-002839,PASSEPORT,AG018,Natitingou,2026-05-21,CODJIA,Espérance,1981-02-13,F,0601,GLELE Rosine,0149713095
ENR-004671,AN-003839,ACTE_NAISSANCE,AG001,Cotonou,2026-05-21,QUENUM,Arnaud,1972-07-30,M,1105,SAGBO Ayaba,0174621529
ENR-004672,AN-004207,ACTE_NAISSANCE,AG040,Parakou,2026-05-21,AHOYO,Gisèle,2008-11-15,F,0601,HOUESSOU Espérance,0118474139
ENR-004673,AN-004263,ACTE_NAISSANCE,AG006,Natitingou,2026-05-21,GLELE,  Yves ,1974-06-20,M,0402,CHABI Sèmèvo,0162948251
ENR-004674,CC-004719,CARTE_CONSULAIRE,AG004,Parakou,2026-05-21,KIKI,Rachidatou Nadège,1965-06-16,F,0901,BONI Chimène,0116591048
ENR-004675,CC-000188,CARTE_CONSULAIRE,AG040,Parakou,2026-05-22,GLELE,Ghislain,2014-07-13,M,0407,ADANDE Prudence,
ENR-004676,AN-002237,ACTE_NAISSANCE,AG036,Aplahoué,2026-05-22,GLELE,Rachidatou,1994-02-27,F,0905,VODOUNON Salamatou,0242031185
ENR-004677,AN-002658,ACTE_NAISSANCE,AG033,Ouidah,2026-05-22,AKPOVI,  Ghislain ,2006-11-04,M,1102,DANSOU Salamatou,0193740253
ENR-004678,AN-002992,ACTE_NAISSANCE,AG018,Natitingou,2026-05-22,AHOYO,Ghislain Rodrigue,1984-01-02,M,0502,ZINSOU Gisèle,
ENR-004679,PP-003598,PASSEPORT,AG025,Cotonou,2026-05-22,AGBODJAN,Chimène,1972-03-27,F,0503,AHOYO Bernice,0163426639
ENR-004680,CC-004480,CARTE_CONSULAIRE,AG012,Aplahoué,2026-05-22,TCHIBOZO,Rosine,2017-12-12,F,0501,YAROU Prudence,0152967417
ENR-004681,AN-004777,ACTE_NAISSANCE,AG003,Porto-Novo,2026-05-22,QUENUM,Ulrich,1949-05-07,M,1206,KPADONOU Prudence,0111758703
ENR-004682,AN-000106,ACTE_NAISSANCE,AG014,Abomey-Calavi,2026-05-23,CODJIA,Aïcha,1987-02-26,F,0207,DANSOU Fatoumata,+229 0126064501
ENR-004683,AN-000362,ACTE_NAISSANCE,AG001,Cotonou,2026-05-23,KIKI,Rosine Salamatou,2008-10-11,F,1002,HOUNSOU Mariam,0178841187
ENR-004684,CC-000881,CARTE_CONSULAIRE,AG039,Porto-Novo,2026-05-23,AGOSSOU,Brice,2018-11-02,M,1002,KIKI Salamatou,0133397676
ENR-004685,AN-001157,ACTE_NAISSANCE,AG019,Djougou,2026-05-23,HOUNKPATIN,Rachidatou,1979-08-09,F,0506,FASSINOU Espérance,0142350783
ENR-004686,PP-001966,PASSEPORT,AG010,Kandi,2026-05-23,ASSOGBA,Sèmèvo,1966-01-19,F,1201,KIKI Judith,0178447584
ENR-004687,AN-002313,ACTE_NAISSANCE,AG009,Ouidah,2026-05-23,ALLADAYE,Codjo Brice,2007-01-26,M,0601,ZINSOU Judith,0195741598
ENR-004688,AN-002897,ACTE_NAISSANCE,AG021,Ouidah,2026-05-23,AKPOVI,Romaric,1988-04-28,M,0201,IDRISSOU Sèmèvo,0188233213
ENR-004689,AN-002927,ACTE_NAISSANCE,AG015,Porto-Novo,2026-05-23,FASSINOU,Rachid Mahougnon,2014-06-27,M,0304,CHABI Sènami,0121421284
ENR-004690,CC-003199,CARTE_CONSULAIRE,AG026,Abomey-Calavi,2026-05-23,TCHIBOZO,Rachid Gildas,2011-05-10,M,1104,AHOUANSOU Sylvie,0180698355
ENR-004691,PP-004081,PASSEPORT,AG032,Lokossa,2026-05-23,GBAGUIDI,Rodrigue,2004-06-12,M,1005,BIO Sylvie,0142105820
ENR-004692,CC-004477,CARTE_CONSULAIRE,AG009,Ouidah,2026-05-23,ASSOGBA,Moussa Bienvenu,2000-04-06,M,0307,HOUNSOU Nadège,0198331842
ENR-004693,CC-004666,CARTE_CONSULAIRE,AG017,Bohicon,2026-05-23,ALLADAYE,Carine,1979-06-25,F,0202,KPADONOU Chimène,0101129269
ENR-004694,PP-004965,PASSEPORT,AG038,Abomey-Calavi,2026-05-23,HOUNKPATIN,Nadège,2015-04-27,F,1102,GLELE Carine,0176153876
ENR-004695,AN-000674,ACTE_NAISSANCE,AG021,Ouidah,2026-05-24,DANSOU,Bienvenu,1961-10-31,M,0106,MENSAH Carine,0139789024
ENR-004696,AN-001177,ACTE_NAISSANCE,AG034,Kandi,2026-05-24,KPADONOU,Espérance,2004-04-10,F,0404,IDRISSOU Gisèle,0139118525
ENR-004697,PP-003191,PASSEPORT,AG032,Lokossa,2026-05-24,KPADONOU,Brice Rodrigue,2005-02-03,M,0106,VODOUNON Flore,0143248793
ENR-004698,AN-003392,ACTE_NAISSANCE,AG023,Dassa-Zoumè,2026-05-24,DANSOU,Moussa Yves,1978-10-13,M,0501,AHOYO Sylvie,0127064056
ENR-004699,AN-003682,ACTE_NAISSANCE,AG023,Dassa-Zoumè,2026-05-24,HOUNSOU,Espérance,1985-06-11,F,0106,VODOUNON Flore,0142359250
ENR-004700,CC-003705,CARTE_CONSULAIRE,AG005,Bohicon,2026-05-24,QUENUM,Espérance,1990-06-04,F,0302,ZINSOU Espérance,0190414893
ENR-004701,PP-000293,PASSEPORT,AG022,Kandi,2026-05-25,AGOSSOU,Rodrigue,2017-10-02,M,1002,GBAGUIDI Rosine,0128917346
ENR-004702,PP-000317,PASSEPORT,AG001,Cotonou,2026-05-25,TCHIBOZO,Sènami,1999-09-30,F,0302,MENSAH Sèmèvo,0155864605
ENR-004703,AN-000659,ACTE_NAISSANCE,AG039,Porto-Novo,2026-05-25,HOUNSOU,Judith Chimène,1993-02-28,F,0502,KIKI Estelle,0113660905
ENR-004704,AN-001092,ACTE_NAISSANCE,AG022,Kandi,2026-05-25,SOSSOU,Romaric,1961-07-30,M,0105,KIKI Ayaba,0132185587
ENR-004705,AN-001406,ACTE_NAISSANCE,AG017,Bohicon,2026-05-25,DANSOU,Rachid,1998-08-04,M,1203,KPADONOU Ayaba,0147621772
ENR-004706,CC-001667,CARTE_CONSULAIRE,AG012,Aplahoué,2026-05-25,SOSSOU,Justin,1990-06-22,M,1204,YAROU Prudence,0109238406
ENR-004707,AN-002276,ACTE_NAISSANCE,AG036,Aplahoué,2026-05-25,OSSENI,Sylvie,1969-09-05,F,0301,ZINSOU Chimène,0140688002
ENR-004708,PP-002564,PASSEPORT,AG032,Lokossa,2026-05-25,VODOUNON,Fatoumata Salamatou,1980-09-14,F,1008,AKPOVI Salamatou,0190767985
ENR-004709,AN-003307,ACTE_NAISSANCE,AG005,Bohicon,2026-05-25,KIKI,Romaric Codjo,1961-09-14,M,0604,QUENUM Sèmèvo,0135549637
ENR-004710,AN-003753,ACTE_NAISSANCE,AG016,Parakou,2026-05-25,IDRISSOU,Justin,1956-12-08,M,0402,KOUKPAKI Fatoumata,
ENR-004711,AN-003769,ACTE_NAISSANCE,AG011,Dassa-Zoumè,2026-05-25,AGBODJAN,Aïcha,1977-07-06,F,0906,BONI Sèmèvo,
ENR-004712,AN-003979,ACTE_NAISSANCE,AG037,Cotonou,2026-05-25,KPADONOU,Serge Justin,1968-06-20,M,0503,MENSAH Aïcha,0125370478
ENR-004713,PP-004279,PASSEPORT,AG019,Djougou,2026-05-25,GLELE,Estelle,1969-11-12,F,0201,BIO Fatoumata,
ENR-004714,AN-004306,ACTE_NAISSANCE,AG033,Ouidah,2026-05-25,CODJIA,Codjo,1981-01-07,M,1105,AMOUSSOU Bernice,
ENR-004715,PP-004533,PASSEPORT,AG027,Porto-Novo,2026-05-25,HOUNKPATIN,Mahougnon,2003-01-10,M,0505,CHABI Carine,0186102935
ENR-004716,AN-004559,ACTE_NAISSANCE,AG025,Cotonou,2026-05-25,HOUNSOU,Brice,2005-05-16,M,0604,LOKONON Mariam,0157365411
ENR-004717,AN-000136,ACTE_NAISSANCE,AG025,Cotonou,2026-05-26,DOSSOU,Arnaud,2017-11-10,M,0301,SOULEY Mariam,0164479783
ENR-004718,AN-000504,ACTE_NAISSANCE,AG035,Dassa-Zoumè,2026-05-26,AGBODJAN,Bernice,2010-01-18,F,0208,IDRISSOU Gisèle,0161674249
ENR-004719,AN-001005,ACTE_NAISSANCE,AG008,Lokossa,2026-05-26,NOUATIN,Rodrigue Ulrich,1949-11-28,M,1008,AHOYO Ayaba,0171721861
ENR-004720,AN-001077,ACTE_NAISSANCE,AG002,Abomey-Calavi,2026-05-26,AKPOVI,Prudence Carine,1988-02-25,F,1002,AKPOVI Rachidatou,0110795401
ENR-004721,PP-001112,PASSEPORT,AG015,Porto-Novo,2026-05-26,CHABI,Carine,1984-07-31,F,0305,BIO Gisele,0150805366
ENR-004722,CC-001604,CARTE_CONSULAIRE,AG005,Bohicon,2026-05-26,GBAGUIDI,Chimène Mariam,1971-01-12,F,0401,ZINSOU Bernice,0182304696
ENR-004723,AN-001874,ACTE_NAISSANCE,AG012,Aplahoué,2026-05-26,TOSSOU,Arnaud Rodrigue,1962-11-29,M,0506,TOSSOU Espérance,0153771853
ENR-004724,PP-003208,PASSEPORT,AG027,Porto-Novo,2026-05-26,YAROU,Gildas,1996-04-30,M,0102,DOSSOU Gisèle,0112754510
ENR-004725,AN-003384,ACTE_NAISSANCE,AG014,Abomey-Calavi,2026-05-26,AMOUSSOU,Bienvenu,1988-11-20,M,0201,HOUNSOU Flore,
ENR-004726,AN-003463,ACTE_NAISSANCE,AG010,Kandi,2026-05-26,KIKI,Ulrich Ibrahim,1938-07-14,M,0602,DANSOU Aïcha,0182366769
ENR-004727,AN-003670,ACTE_NAISSANCE,AG039,Porto-Novo,2026-05-26,MENSAH,Espérance Nadège,2005-12-30,F,0305,NOUATIN Judith,0178526973
ENR-004728,AN-003877,ACTE_NAISSANCE,AG029,Bohicon,2026-05-26,HOUNKPATIN,Fidèle,1998-12-03,M,0403,OSSENI Mariam,0135489530
ENR-004729,AN-004237,ACTE_NAISSANCE,AG010,Kandi,2026-05-26,IDRISSOU,Moussa,1968-03-01,M,1003,HOUESSOU Ayaba,0172500317
ENR-004730,AN-004254,ACTE_NAISSANCE,AG025,Cotonou,2026-05-26,ASSOGBA,Fatoumata,1992-11-07,F,0106,AMOUSSOU Chimène,0135974666
ENR-004731,AN-000879,ACTE_NAISSANCE,AG018,Natitingou,2026-05-27,MENSAH,Sènami,1969-12-25,F,1002,VODOUNON Carine,0152834154
ENR-004732,AN-001494,ACTE_NAISSANCE,AG026,Abomey-Calavi,2026-05-27,CHABI,Rachid,1988-09-28,M,0904,KOUKPAKI Ayaba,0146757632
ENR-004733,CC-001522,CARTE_CONSULAIRE,AG010,Kandi,2026-05-27,KOUKPAKI,Fabrice,1974-06-30,M,0303,AHOYO Mariam,0142643232
ENR-004734,AN-002061,ACTE_NAISSANCE,AG021,Ouidah,2026-05-27,VODOUNON,Fidèle Justin,2004-10-10,M,1209,SAGBO Espérance,0159575431
ENR-004735,AN-002158,ACTE_NAISSANCE,AG026,Abomey-Calavi,2026-05-27,ADJOVI,Codjo Ulrich,1962-01-24,M,0906,BONI Nadège,0135350579
ENR-004736,CC-002262,CARTE_CONSULAIRE,AG002,Abomey-Calavi,2026-05-27,CODJIA,Aïcha Ayaba,1992-01-23,F,0303,TOGBE Fatoumata,0188029364
ENR-004737,PP-002707,PASSEPORT,AG031,Djougou,2026-05-27,BONI,Codjo,1950-04-29,M,1001,NOUATIN Sènami,0120868338
ENR-004738,AN-003977,ACTE_NAISSANCE,AG014,Abomey-Calavi,2026-05-27,GLELE,Comlan,2008-12-29,M,1104,SAGBO Rosine,0183270086
ENR-004739,AN-004016,ACTE_NAISSANCE,AG018,Natitingou,2026-05-27,LOKONON,Nadège Flore,1980-07-01,F,0406,BONI Fatoumata,0130402950
ENR-004740,AN-004751,ACTE_NAISSANCE,AG028,Parakou,2026-05-27,adjovi,Espérance Sènami,1957-01-13,F,0302,TOSSOU Chimène,0167944682
ENR-004741,CC-001825,CARTE_CONSULAIRE,AG029,Bohicon,2026-05-28,CHABI,Yves,2005-10-31,M,0104,MENSAH Bernice,0115402494
ENR-004742,AN-002799,ACTE_NAISSANCE,AG036,Aplahoué,2026-05-28,SAGBO,Fabrice,1990-02-19,M,0602,ZANNOU Gisele,
ENR-004743,AN-003231,ACTE_NAISSANCE,AG013,Cotonou,2026-05-28,HOUNKPATIN,Yves,1984-10-29,M,0901,FASSINOU Salamatou,
ENR-004744,AN-004762,ACTE_NAISSANCE,AG010,Kandi,2026-05-28,AKPOVI,Nadège,1993-05-05,F,1004,OSSENI Judith,
ENR-004745,AN-000776,ACTE_NAISSANCE,AG008,Lokossa,2026-05-29,CHABI,Flore,1990-09-26,F,1006,BONI Aïcha,0186085032
ENR-004746,AN-001091,ACTE_NAISSANCE,AG035,Dassa-Zoumè,2026-05-29,CODJIA,Moussa,1992-08-20,M,0406,AMOUSSOU Carine,0150809686
ENR-004747,AN-001268,ACTE_NAISSANCE,AG039,Porto-Novo,2026-05-29,GLELE,Rachid,2004-10-18,M,0406,ZANNOU Chimène,0166655519
ENR-004748,PP-001725,PASSEPORT,AG036,Aplahoué,2026-05-29,SOSSOU,Ibrahim,1975-03-03,M,0203,GLELE Carine,0114670067
ENR-004749,CC-002159,CARTE_CONSULAIRE,AG032,Lokossa,2026-05-29,BONI,Comlan,2024-03-23,M,0906,AGOSSOU Sylvie,0185421601
ENR-004750,PP-002706,PASSEPORT,AG003,Porto-Novo,2026-05-29,ALLADAYE,Mahougnon,1999-11-12,M,0104,NOUATIN Gisèle,0145098443
ENR-004751,AN-003090,ACTE_NAISSANCE,AG021,Ouidah,2026-05-29,AMOUSSOU,Fatoumata,1999-06-17,F,0605,ASSOGBA Gisèle,0188434379
ENR-004752,AN-003145,ACTE_NAISSANCE,AG006,Natitingou,2026-05-29,ZINSOU,Romaric Brice,1993-12-21,M,0306,GLELE Gisèle,0127331266
ENR-004753,AN-003355,ACTE_NAISSANCE,AG032,Lokossa,2026-05-29,LOKONON,Justin,2000-05-15,M,1007,IDRISSOU Flore,0104238876
ENR-004754,CC-004312,CARTE_CONSULAIRE,AG002,Abomey-Calavi,2026-05-29,AHOUANSOU,Estelle Fatoumata,2007-10-15,F,0903,BIO Rachidatou,0112085439
ENR-004755,AN-004369,ACTE_NAISSANCE,AG015,Porto-Novo,2026-05-29,IDRISSOU,Rachidatou Salamatou,2007-01-02,F,0505,MENSAH Flore,0176951405
ENR-004756,AN-004426,ACTE_NAISSANCE,AG036,Aplahoué,2026-05-29,KOUKPAKI,Estelle Nadège,1974-03-18,F,1004,MENSAH Chimène,0144768777
ENR-004757,AN-004487,ACTE_NAISSANCE,AG010,Kandi,2026-05-29,TOSSOU,Brice,2003-06-22,M,0703,AHOYO Sèmèvo,0111308192
ENR-004758,AN-000184,ACTE_NAISSANCE,AG008,Lokossa,2026-05-30,DOSSOU,Flore Chimène,1997-01-25,F,0308,SOULEY Ayaba,0168416859
ENR-004759,AN-000386,ACTE_NAISSANCE,AG022,Kandi,2026-05-30,FASSINOU,Ayaba,2004-03-09,F,0101,BIO Ayaba,0177605766
ENR-004760,PP-001044,PASSEPORT,AG013,Cotonou,2026-05-30,DOSSOU,Nadège,2009-08-16,F,1105,AGOSSOU Fatoumata,0130698413
ENR-004761,PP-001382,PASSEPORT,AG027,Porto-Novo,2026-05-30,AMOUSSOU,Codjo,1986-09-19,M,0105,ASSOGBA Bernice,0183459183
ENR-004762,PP-002200,PASSEPORT,AG007,Djougou,2026-05-30,ALLADAYE,Chimène,1992-03-22,F,1102,SOULEY Aïcha,0154470002
ENR-004763,AN-002626,ACTE_NAISSANCE,AG029,Bohicon,2026-05-30,CODJIA,Aïcha,1990-05-29,F,0302,TOSSOU Sylvie,0145496132
ENR-004764,AN-003157,ACTE_NAISSANCE,AG037,Cotonou,2026-05-30,DANSOU,Ulrich,1986-07-04,M,1006,KIKI Prudence,
ENR-004765,AN-003487,ACTE_NAISSANCE,AG017,Bohicon,2026-05-30,LOKONON,Rachidatou,2017-11-28,F,1104,CODJIA Chimène,0129600356
ENR-004766,AN-003555,ACTE_NAISSANCE,AG023,Dassa-Zoumè,2026-05-30,TOGBE,Ghislain,1991-10-27,M,0905,IDRISSOU Salamatou,0115591915
ENR-004767,AN-004822,ACTE_NAISSANCE,AG013,Cotonou,2026-05-30,FASSINOU,Prudence Sènami,2002-01-06,F,0303,TOGBE Nadège,0128895713
ENR-004768,AN-004978,ACTE_NAISSANCE,AG013,Cotonou,2026-05-30,SOULEY,Gisèle,1945-01-01,F,1203,AGBODJAN Bernice,
ENR-004769,AN-000229,ACTE_NAISSANCE,AG020,Lokossa,2026-05-31,AGOSSOU,Rosine,1992-07-04,F,0801,BIO Rosine,0125590222
ENR-004770,AN-000384,ACTE_NAISSANCE,AG018,Natitingou,2026-05-31,LOKONON,  Serge ,2017-01-08,M,0207,AGBODJAN Ayaba,0109670960
ENR-004771,AN-001169,ACTE_NAISSANCE,AG025,Cotonou,2026-05-31,OSSENI,Fidèle Codjo,1986-09-15,M,1006,TOSSOU Prudence,0184903269
ENR-004772,AN-001377,ACTE_NAISSANCE,AG006,Natitingou,2026-05-31,DOSSOU,Sèmèvo Salamatou,2008-07-12,F,0401,KIKI Salamatou,0107395447
ENR-004773,AN-001902,ACTE_NAISSANCE,AG034,Kandi,2026-05-31,CHABI,Fabrice,1970-09-19,M,0204,DOSSOU Judith,0142105044
ENR-004774,CC-002773,CARTE_CONSULAIRE,AG001,Cotonou,2026-05-31,KPADONOU,Espérance,1995-02-02,F,1008,ZANNOU Rosine,0177654019
ENR-004775,PP-003668,PASSEPORT,AG020,Lokossa,2026-05-31,KOUKPAKI,Rachidatou,1974-10-22,F,1205,TOSSOU Carine,0154744853
ENR-004776,PP-003766,PASSEPORT,AG021,Ouidah,2026-05-31,AKPOVI,Fatoumata,2000-05-01,F,1206,TCHIBOZO Rosine,0151825723
ENR-004777,AN-003771,ACTE_NAISSANCE,AG036,Aplahoué,2026-05-31,HOUNKPATIN,Yves,2008-07-11,M,0601,FASSINOU Flore,
ENR-004778,AN-003954,ACTE_NAISSANCE,AG019,Djougou,2026-05-31,CODJIA,Rachid,1977-01-23,M,0402,AHOUANSOU Flore,0134861284
ENR-004779,AN-004801,ACTE_NAISSANCE,AG019,Djougou,2026-05-31,ASSOGBA,Gildas Comlan,2001-03-19,M,0102,OSSENI Sylvie,
ENR-004780,PP-000564,PASSEPORT,AG040,Parakou,2026-06-01,SAGBO,Fabrice,1998-07-13,M,0102,TCHIBOZO Chimène,0114290139
ENR-004781,AN-001081,ACTE_NAISSANCE,AG009,Ouidah,2026-06-01,AGBODJAN,Rachidatou,1974-04-03,F,0203,DOSSOU Espérance,0193605344
ENR-004782,CC-001260,CARTE_CONSULAIRE,AG023,Dassa-Zoumè,2026-06-01,ADANDE,Brice,1965-01-25,M,1007,VODOUNON Nadège,0149868757
ENR-004783,AN-002099,ACTE_NAISSANCE,AG006,Natitingou,2026-06-01,ADJOVI,Romaric,1984-01-21,M,0503,GBAGUIDI Prudence,0112115928
ENR-004784,AN-003421,ACTE_NAISSANCE,AG031,Djougou,2026-06-01,YAROU,Ayaba,2010-06-02,F,1208,QUENUM Sèmèvo,0178677869
ENR-004785,AN-004074,ACTE_NAISSANCE,AG002,Abomey-Calavi,2026-06-01,SOULEY,Yves,2000-02-29,M,0703,CODJIA Espérance,0139725298
ENR-004786,CC-004424,CARTE_CONSULAIRE,AG016,Parakou,2026-06-01,zinsou,Koffi,1992-08-08,M,0704,DOSSOU Bernice,
ENR-004787,AN-004425,ACTE_NAISSANCE,AG002,Abomey-Calavi,2026-06-01,HOUESSOU,Ulrich,1961-09-11,M,0204,DANSOU Bernice,0177548369
ENR-004788,CC-004723,CARTE_CONSULAIRE,AG030,Natitingou,2026-06-01,DOSSOU,Gisèle Sylvie,1996-12-24,F,0901,FASSINOU Fatoumata,+229 0150020454
ENR-004789,AN-000492,ACTE_NAISSANCE,AG006,Natitingou,2026-06-02,GLELE,Gisèle,1980-08-25,F,0301,BIO Nadège,0159487388
ENR-004790,AN-000780,ACTE_NAISSANCE,AG012,Aplahoué,2026-06-02,HOUNSOU,Bernice,1981-03-31,F,0305,TCHIBOZO Chimène,
ENR-004791,CC-000851,CARTE_CONSULAIRE,AG025,Cotonou,2026-06-02,OSSENI,Rachid,2018-06-17,M,1203,KOUKPAKI Aïcha,0182932154
ENR-004792,AN-001873,ACTE_NAISSANCE,AG039,Porto-Novo,2026-06-02,MENSAH,Koffi,1987-05-24,M,0404,MENSAH Sènami,0148524669
ENR-004793,AN-002148,ACTE_NAISSANCE,AG008,Lokossa,2026-06-02,HOUNKPATIN,Sènami,2007-07-15,F,1006,HOUNGBO Judith,0100123935
ENR-004794,AN-002205,ACTE_NAISSANCE,AG035,Dassa-Zoumè,2026-06-02,HOUESSOU,Moussa Bienvenu,1970-10-06,M,1005,FASSINOU Estelle,
ENR-004795,AN-002952,ACTE_NAISSANCE,AG021,Ouidah,2026-06-02,ZINSOU,Nadège Sylvie,1942-12-20,F,0205,AHOYO Espérance,0152722757
ENR-004796,AN-003390,ACTE_NAISSANCE,AG004,Parakou,2026-06-02,NOUATIN,Flore,2006-11-04,F,0605,GLELE Flore,0159589226
ENR-004797,AN-004309,ACTE_NAISSANCE,AG004,Parakou,2026-06-02,TCHIBOZO,Brice,1999-07-13,M,1101,ZANNOU Espérance,
ENR-004798,AN-004542,ACTE_NAISSANCE,AG015,Porto-Novo,2026-06-02,QUENUM,Mahougnon,1942-08-05,M,1009,ZANNOU Sènami,
ENR-004799,PP-004912,PASSEPORT,AG031,Djougou,2026-06-02,QUENUM,Justin,2001-07-03,M,0401,YAROU Sylvie,0107463336
ENR-004800,AN-000003,ACTE_NAISSANCE,AG027,Porto-Novo,2026-06-03,DANSOU,Salamatou,1969-08-14,F,0903,HOUESSOU Chimène,0178809320
ENR-004801,PP-001032,PASSEPORT,AG010,Kandi,2026-06-03,HOUNKPATIN,Judith Sylvie,1977-04-07,F,0904,CODJIA Aïcha,
ENR-004802,AN-001150,ACTE_NAISSANCE,AG004,Parakou,2026-06-03,MENSAH,Comlan Arnaud,2003-11-19,M,0703,ADANDE Chimène,0100582399
ENR-004803,AN-001508,ACTE_NAISSANCE,AG013,Cotonou,2026-06-03,ASSOGBA,Yves Ulrich,1999-04-30,M,1002,DOSSOU Flore,0199115534
ENR-004804,AN-003176,ACTE_NAISSANCE,AG015,Porto-Novo,2026-06-03,BONI,Chimène Salamatou,1974-06-17,F,0703,ZANNOU Nadège,0142226129
ENR-004805,AN-003252,ACTE_NAISSANCE,AG009,Ouidah,2026-06-03,AKPOVI,Ibrahim,2017-11-03,M,0602,SOSSOU Rachidatou,0150594510
ENR-004806,CC-003480,CARTE_CONSULAIRE,AG019,Djougou,2026-06-03,GBAGUIDI,Rachidatou,1997-06-04,F,0408,QUENUM Flore,0160701288
ENR-004807,AN-003736,ACTE_NAISSANCE,AG028,Parakou,2026-06-03,HOUESSOU,Rachid,2000-11-04,M,0103,ASSOGBA Sèmèvo,
ENR-004808,AN-004160,ACTE_NAISSANCE,AG011,Dassa-Zoumè,2026-06-03,ALLADAYE,Comlan Fidèle,1984-01-11,M,0205,ASSOGBA Salamatou,01 73 13 55 80
ENR-004809,AN-004685,ACTE_NAISSANCE,AG020,Lokossa,2026-06-03,DOSSOU,Yves Ghislain,2004-01-18,M,0102,CODJIA Espérance,0136341799
ENR-004810,AN-001242,ACTE_NAISSANCE,AG018,Natitingou,2026-06-04,SOULEY,Judith,2004-12-20,F,0906,HOUNGBO Rachidatou,0199005384
ENR-004811,AN-001904,ACTE_NAISSANCE,AG015,Porto-Novo,2026-06-04,YAROU,Fabrice,2010-08-25,M,0401,SOSSOU Sylvie,0180663067
ENR-004812,AN-001952,ACTE_NAISSANCE,AG003,Porto-Novo,2026-06-04,CODJIA,Chimène Bernice,2000-01-06,F,0208,GBAGUIDI Fatoumata,0170146327
ENR-004813,AN-003892,ACTE_NAISSANCE,AG017,Bohicon,2026-06-04,ALLADAYE,Ibrahim,1967-08-09,M,1004,CODJIA Sèmèvo,0118940186
ENR-004814,AN-004354,ACTE_NAISSANCE,AG033,Ouidah,2026-06-04,FASSINOU,Rodrigue,2001-09-26,M,0304,HOUNGBO Espérance,0179840252
ENR-004815,AN-000409,ACTE_NAISSANCE,AG018,Natitingou,2026-06-05,BONI,Prudence,2003-03-09,F,1008,ZANNOU Espérance,0190571386
ENR-004816,AN-000595,ACTE_NAISSANCE,AG005,Bohicon,2026-06-05,BONI,Sylvie Prudence,2009-08-30,F,1003,MENSAH Rosine,0168958511
ENR-004817,AN-000744,ACTE_NAISSANCE,AG018,Natitingou,2026-06-05,gbaguidi,Rosine,1986-01-29,F,1006,QUENUM Estelle,
ENR-004818,CC-000861,CARTE_CONSULAIRE,AG025,Cotonou,2026-06-05,GLELE,Bienvenu,1985-05-19,M,0506,CODJIA Nadège,0184409248
ENR-004819,PP-001248,PASSEPORT,AG029,Bohicon,2026-06-05,CHABI,Chimène,1980-01-21,F,0307,KPADONOU Estelle,0167610085
ENR-004820,AN-003035,ACTE_NAISSANCE,AG014,Abomey-Calavi,2026-06-05,CHABI,Ghislain Rachid,2012-06-28,M,1207,VODOUNON Carine,0127372213
ENR-004821,AN-003122,ACTE_NAISSANCE,AG040,Parakou,2026-06-05,DANSOU,Romaric Comlan,1970-12-17,M,0403,AGOSSOU Gisèle,0192025572
ENR-004822,AN-004123,ACTE_NAISSANCE,AG021,Ouidah,2026-06-05,BONI,Fatoumata,1967-12-17,F,0506,BIO Prudence,0180591381
ENR-004823,CC-004151,CARTE_CONSULAIRE,AG034,Kandi,2026-06-05,DANSOU,Prudence,1993-03-07,F,0501,AGBODJAN Prudence,0164731886
ENR-004824,AN-004563,ACTE_NAISSANCE,AG027,Porto-Novo,2026-06-05,SOSSOU,Bernice,1964-10-15,F,0302,HOUNSOU Carine,0168913343
ENR-004825,CC-000440,CARTE_CONSULAIRE,AG016,Parakou,2026-06-06,YAROU,Carine,1984-07-01,F,0203,KOUKPAKI Ayaba,0173209655
ENR-004826,AN-000533,ACTE_NAISSANCE,AG039,Porto-Novo,2026-06-06,AGOSSOU,Yves Rachid,1980-01-06,M,0301,DOSSOU Fatoumata,0111130715
ENR-004827,AN-001439,ACTE_NAISSANCE,AG035,Dassa-Zoumè,2026-06-06,YAROU,Judith,1983-02-14,F,0402,SOULEY Gisèle,0160052807
ENR-004828,AN-001609,ACTE_NAISSANCE,AG024,Aplahoué,2026-06-06,ZINSOU,Salamatou,1958-08-05,F,1205,ASSOGBA Flore,0167940775
ENR-004829,CC-001710,CARTE_CONSULAIRE,AG014,Abomey-Calavi,2026-06-06,AHOUANSOU,Bernice Ayaba,2011-12-23,F,0404,HOUNSOU Flore,0137264021
ENR-004830,AN-001718,ACTE_NAISSANCE,AG012,Aplahoué,2026-06-06,AKPOVI,Ghislain,2012-05-24,M,0201,CHABI Nadège,0108102130
ENR-004831,AN-001734,ACTE_NAISSANCE,AG024,Aplahoué,2026-06-06,FASSINOU,Fabrice,1955-01-27,M,1002,TOSSOU Sènami,0178147137
ENR-004832,AN-001841,ACTE_NAISSANCE,AG034,Kandi,2026-06-06,VODOUNON,Fidèle,2010-09-15,M,0903,AGBODJAN Mariam,0162256147
ENR-004833,AN-002341,ACTE_NAISSANCE,AG017,Bohicon,2026-06-06,TOSSOU,Salamatou,2002-10-09,F,1206,ASSOGBA Salamatou,0199381984
ENR-004834,CC-002877,CARTE_CONSULAIRE,AG037,Cotonou,2026-06-06,YAROU,Moussa Arnaud,1994-11-16,M,0604,LOKONON Flore,0108997031
ENR-004835,AN-002982,ACTE_NAISSANCE,AG017,Bohicon,2026-06-06,TOSSOU,  Ayaba ,1995-05-21,F,1105,MENSAH Chimène,0155775194
ENR-004836,AN-000203,ACTE_NAISSANCE,AG032,Lokossa,2026-06-07,TCHIBOZO,Sylvie,2001-02-04,F,0606,VODOUNON Rosine,
ENR-004837,AN-000267,ACTE_NAISSANCE,AG028,Parakou,2026-06-07,GBAGUIDI,Bienvenu,1994-03-28,M,0205,HOUNSOU Prudence,0196998138
ENR-004838,AN-000908,ACTE_NAISSANCE,AG005,Bohicon,2026-06-07,DANSOU,Sèmèvo,1973-10-26,F,0405,HOUNKPATIN Estelle,
ENR-004839,AN-001476,ACTE_NAISSANCE,AG035,Dassa-Zoumè,2026-06-07,CHABI,Sèmèvo,1994-03-24,F,0103,ALLADAYE Espérance,0136853685
ENR-004840,CC-001986,CARTE_CONSULAIRE,AG035,Dassa-Zoumè,2026-06-07,AGBODJAN,Ibrahim Koffi,1985-12-30,M,1007,GBAGUIDI Sènami,0112032390
ENR-004841,PP-002433,PASSEPORT,AG025,Cotonou,2026-06-07,AHOUANSOU,Mahougnon,2000-12-11,M,0103,AKPOVI Aïcha,0129762052
ENR-004842,AN-002523,ACTE_NAISSANCE,AG024,Aplahoué,2026-06-07,QUENUM,Salamatou Flore,1963-04-11,F,0403,QUENUM Salamatou,
ENR-004843,AN-002616,ACTE_NAISSANCE,AG015,Porto-Novo,2026-06-07,AGOSSOU,Ayaba Fatoumata,2020-07-10,F,0102,ZANNOU Ayaba,
ENR-004844,CC-002823,CARTE_CONSULAIRE,AG037,Cotonou,2026-06-07,TOGBE,Codjo,1991-08-10,M,0403,MENSAH Prudence,0156240810
ENR-004845,AN-002917,ACTE_NAISSANCE,AG035,Dassa-Zoumè,2026-06-07,AKPOVI,Koffi Rachid,2020-12-02,M,0101,AKPOVI Carine,0127635720
ENR-004846,AN-002943,ACTE_NAISSANCE,AG032,Lokossa,2026-06-07,NOUATIN,Codjo,2008-10-21,M,0505,ASSOGBA Gisèle,0170672276
ENR-004847,CC-003200,CARTE_CONSULAIRE,AG026,Abomey-Calavi,2026-06-07,ZANNOU,Bernice Mariam,2007-06-15,F,0308,AMOUSSOU Prudence,0125675338
ENR-004848,AN-003301,ACTE_NAISSANCE,AG040,Parakou,2026-06-07,ADJOVI,Salamatou,1960-12-10,F,0106,KIKI Chimène,0194753060
ENR-004849,PP-003413,PASSEPORT,AG040,Parakou,2026-06-07,NOUATIN,Justin,1941-06-19,M,0602,IDRISSOU Estelle,0168394417
ENR-004850,AN-003651,ACTE_NAISSANCE,AG023,Dassa-Zoumè,2026-06-07,SOULEY,Ayaba,1985-07-05,F,0202,TOGBE Nadège,0175321029
ENR-004851,AN-004150,ACTE_NAISSANCE,AG006,Natitingou,2026-06-07,TCHIBOZO,Sylvie Judith,1956-11-17,F,0504,SAGBO Nadège,0183559473
ENR-004852,AN-004382,ACTE_NAISSANCE,AG031,Djougou,2026-06-07,VODOUNON,Romaric,1970-03-31,M,0205,HOUESSOU Ayaba,0197135729
ENR-004853,AN-004547,ACTE_NAISSANCE,AG027,Porto-Novo,2026-06-07,NOUATIN,Judith Rachidatou,2020-02-10,F,0702,QUENUM Rachidatou,0178170612
ENR-004854,AN-004746,ACTE_NAISSANCE,AG039,Porto-Novo,2026-06-07,CODJIA,Serge Ulrich,1974-09-10,M,1208,DOSSOU Bernice,0144845458
ENR-004855,AN-000570,ACTE_NAISSANCE,AG034,Kandi,2026-06-08,ADJOVI,Fidèle Brice,1983-01-21,M,0905,LOKONON Bernice,0123198518
ENR-004856,AN-001324,ACTE_NAISSANCE,AG032,Lokossa,2026-06-08,AGBODJAN,Serge Rachid,1980-09-17,M,0406,GLELE Carine,0116375635
ENR-004857,AN-001528,ACTE_NAISSANCE,AG014,Abomey-Calavi,2026-06-08,LOKONON,Gildas Fidèle,1984-01-31,M,0605,YAROU Sylvie,0161475468
ENR-004858,AN-001567,ACTE_NAISSANCE,AG029,Bohicon,2026-06-08,HOUNSOU,Flore,1975-04-10,F,0203,DOSSOU Flore,0173249987
ENR-004859,AN-001752,ACTE_NAISSANCE,AG008,Lokossa,2026-06-08,MENSAH,Nadège,1983-03-02,F,0505,TOSSOU Aïcha,0160507822
ENR-004860,AN-001938,ACTE_NAISSANCE,AG029,Bohicon,2026-06-08,MENSAH,Sènami,1998-12-16,F,0702,DANSOU Prudence,0117731744
ENR-004861,AN-002450,ACTE_NAISSANCE,AG028,Parakou,2026-06-08,ASSOGBA,Chimène,1984-08-07,F,0407,HOUESSOU Carine,0148068224
ENR-004862,AN-002573,ACTE_NAISSANCE,AG017,Bohicon,2026-06-08,YAROU,Mariam,2000-02-10,F,0204,ZINSOU Gisèle,0101000246
ENR-004863,PP-002900,PASSEPORT,AG040,Parakou,2026-06-08,MENSAH,Fidèle Bienvenu,1967-10-11,M,0501,TOSSOU Estelle,0147653529
ENR-004864,AN-002972,ACTE_NAISSANCE,AG007,Djougou,2026-06-08,YAROU,Mahougnon,1976-01-03,M,0506,SAGBO Fatoumata,
ENR-004865,AN-003524,ACTE_NAISSANCE,AG012,Aplahoué,2026-06-08,DANSOU,Codjo Mahougnon,1989-03-28,M,1002,TOSSOU Sènami,0134215429
ENR-004866,AN-000292,ACTE_NAISSANCE,AG039,Porto-Novo,2026-06-09,AGOSSOU,Moussa Rodrigue,1959-07-18,M,0801,HOUNGBO Gisèle,0102393322
ENR-004867,AN-000442,ACTE_NAISSANCE,AG039,Porto-Novo,2026-06-09,DOSSOU,Sèmèvo Rosine,1993-03-24,F,1008,CHABI Prudence,0146743693
ENR-004868,CC-001103,CARTE_CONSULAIRE,AG040,Parakou,2026-06-09,OSSENI,Gisèle Nadège,2009-04-21,F,1102,IDRISSOU Mariam,0152436149
ENR-004869,AN-002155,ACTE_NAISSANCE,AG027,Porto-Novo,2026-06-09,ASSOGBA,Ayaba Gisèle,2019-01-26,F,0606,SAGBO Chimène,0149898771
ENR-004870,AN-002401,ACTE_NAISSANCE,AG040,Parakou,2026-06-09,ADANDE,Ayaba Gisèle,1982-10-03,F,1205,CODJIA Salamatou,0100597956
ENR-004871,PP-002780,PASSEPORT,AG030,Natitingou,2026-06-09,HOUNGBO,Arnaud,1956-03-29,M,0605,HOUNGBO Judith,
ENR-004872,PP-003073,PASSEPORT,AG003,Porto-Novo,2026-06-09,HOUNSOU,Rachidatou Espérance,1996-01-22,F,1102,SAGBO Sèmèvo,0126856700
ENR-004873,CC-003169,CARTE_CONSULAIRE,AG033,Ouidah,2026-06-09,NOUATIN,Sylvie Aïcha,1969-07-21,F,0606,ALLADAYE Chimène,0185386816
ENR-004874,AN-003375,ACTE_NAISSANCE,AG011,Dassa-Zoumè,2026-06-09,HOUNSOU,Flore Espérance,1988-01-18,F,1207,YAROU Gisèle,0157371221
ENR-004875,AN-003520,ACTE_NAISSANCE,AG013,Cotonou,2026-06-09,AHOYO,Brice Ghislain,1982-03-21,M,0101,HOUNKPATIN Gisèle,0112070637
ENR-004876,AN-000002,ACTE_NAISSANCE,AG019,Djougou,2026-06-10,GBAGUIDI,Fatoumata,1982-12-29,F,1204,KIKI Estelle,0194055761
ENR-004877,AN-000295,ACTE_NAISSANCE,AG020,Lokossa,2026-06-10,ADJOVI,Mariam,1993-01-27,F,1101,SOULEY Espérance,0108793367
ENR-004878,PP-000754,PASSEPORT,AG008,Lokossa,2026-06-10,KIKI,Prudence Fatoumata,1958-02-03,F,0203,AHOYO Prudence,0102873097
ENR-004879,AN-002686,ACTE_NAISSANCE,AG016,Parakou,2026-06-10,AGBODJAN,Sèmèvo,1988-12-15,F,0308,TOSSOU Flore,0134446987
ENR-004880,AN-002716,ACTE_NAISSANCE,AG013,Cotonou,2026-06-10,VODOUNON,Rachidatou,1959-03-20,F,0302,MENSAH Bernice,0160403774
ENR-004881,AN-002756,ACTE_NAISSANCE,AG038,Abomey-Calavi,2026-06-10,AHOUANSOU,Espérance Carine,1955-04-22,F,1001,CODJIA Rachidatou,0165703435
ENR-004882,AN-003230,ACTE_NAISSANCE,AG036,Aplahoué,2026-06-10,TOSSOU,Sylvie Sènami,1998-06-08,F,0501,OSSENI Prudence,
ENR-004883,AN-003638,ACTE_NAISSANCE,AG018,Natitingou,2026-06-10,SOULEY,Gisèle Sèmèvo,2016-12-07,F,1101,TOSSOU Ayaba,0168507956
ENR-004884,AN-003649,ACTE_NAISSANCE,AG035,Dassa-Zoumè,2026-06-10,ADJOVI,Sèmèvo,1991-07-22,F,0102,ALLADAYE Flore,0131526885
ENR-004885,CC-004033,CARTE_CONSULAIRE,AG008,Lokossa,2026-06-10,YAROU,Comlan,1997-01-05,M,0905,KPADONOU Carine,0194606303
ENR-004886,AN-000571,ACTE_NAISSANCE,AG005,Bohicon,2026-06-11,AHOUANSOU,Fidèle Rachid,1971-11-12,M,0102,KPADONOU Aïcha,0194970820
ENR-004887,CC-000698,CARTE_CONSULAIRE,AG016,Parakou,2026-06-11,AHOUANSOU,Rodrigue,1986-04-03,M,0605,ZANNOU Bernice,0171924842
ENR-004888,AN-000811,ACTE_NAISSANCE,AG020,Lokossa,2026-06-11,IDRISSOU,Justin,1961-02-18,M,1204,SOSSOU Espérance,0125347175
ENR-004889,AN-001271,ACTE_NAISSANCE,AG016,Parakou,2026-06-11,VODOUNON,Sèmèvo Sylvie,1998-04-14,F,0408,KIKI Estelle,0181996778
ENR-004890,AN-001358,ACTE_NAISSANCE,AG007,Djougou,2026-06-11,ADJOVI,Arnaud,2008-02-17,M,1004,AGBODJAN Carine,01O2011758
ENR-004891,AN-001681,ACTE_NAISSANCE,AG015,Porto-Novo,2026-06-11,QUENUM,Mariam,2010-12-07,F,0902,ALLADAYE Judith,0129150619
ENR-004892,AN-002275,ACTE_NAISSANCE,AG025,Cotonou,2026-06-11,HOUNSOU,Moussa,1982-09-13,M,1207,ADJOVI Nadège,
ENR-004893,AN-002317,ACTE_NAISSANCE,AG019,Djougou,2026-06-11,AGOSSOU,Espérance,1990-04-20,F,0601,QUENUM Aïcha,0175118865
ENR-004894,AN-002590,ACTE_NAISSANCE,AG026,Abomey-Calavi,2026-06-11,AHOYO,Salamatou,1971-05-18,F,1201,TCHIBOZO Sylvie,0144907680
ENR-004895,AN-003565,ACTE_NAISSANCE,AG039,Porto-Novo,2026-06-11,QUENUM,Fabrice Fidèle,1998-06-25,M,0403,HOUNSOU Rachidatou,0110173539
ENR-004896,AN-003624,ACTE_NAISSANCE,AG010,Kandi,2026-06-11,CHABI,Fatoumata,2004-12-31,F,0208,CHABI Prudence,0197729404
ENR-004897,AN-003853,ACTE_NAISSANCE,AG003,Porto-Novo,2026-06-11,HOUNSOU,Romaric Yves,1961-05-22,M,0308,YAROU Judith,0111718477
ENR-004898,CC-004320,CARTE_CONSULAIRE,AG004,Parakou,2026-06-11,ADANDE,Prudence,2000-08-12,F,0505,LOKONON Espérance,0110638611
ENR-004899,PP-000655,PASSEPORT,AG016,Parakou,2026-06-12,TOSSOU,Judith Bernice,2006-03-13,F,0202,DOSSOU Prudence,0167924450
ENR-004900,AN-000948,ACTE_NAISSANCE,AG031,Djougou,2026-06-12,TOSSOU,Fabrice Justin,2019-02-25,M,1008,OSSENI Mariam,0194100549
ENR-004901,PP-001060,PASSEPORT,AG009,Ouidah,2026-06-12,TOSSOU,Rodrigue,1976-12-09,M,0208,AKPOVI Judith,
ENR-004902,CC-002845,CARTE_CONSULAIRE,AG026,Abomey-Calavi,2026-06-12,TCHIBOZO,Chimène Fatoumata,2010-01-18,F,0604,NOUATIN Prudence,0177385170
ENR-004903,AN-003234,ACTE_NAISSANCE,AG001,Cotonou,2026-06-12,VODOUNON,Sènami,1954-10-04,F,0408,DOSSOU Estelle,0108355169
ENR-004904,CC-003926,CARTE_CONSULAIRE,AG032,Lokossa,2026-06-12,AKPOVI,Rosine,2000-01-27,F,0208,AMOUSSOU Flore,0121660162
ENR-004905,AN-004484,ACTE_NAISSANCE,AG011,Dassa-Zoumè,2026-06-12,KPADONOU,Yves,1977-03-17,M,0209,AHOYO Judith,0118743438
ENR-004906,AN-004558,ACTE_NAISSANCE,AG008,Lokossa,2026-06-12,MENSAH,Serge Comlan,1967-06-09,M,0903,LOKONON Rachidatou,0125855420
ENR-004907,AN-004892,ACTE_NAISSANCE,AG017,Bohicon,2026-06-12,QUENUM,Estelle,2015-06-09,F,1203,KPADONOU Sylvie,
ENR-004908,AN-000749,ACTE_NAISSANCE,AG017,Bohicon,2026-06-13,SOSSOU,Gisèle Carine,1995-11-24,F,0906,IDRISSOU Rosine,0178720911
ENR-004909,AN-001072,ACTE_NAISSANCE,AG030,Natitingou,2026-06-13,ADJOVI,Codjo,1976-01-07,M,1207,KOUKPAKI Gisèle,0114866782
ENR-004910,PP-001877,PASSEPORT,AG031,Djougou,2026-06-13,ZANNOU,Fatoumata,2006-08-20,F,0302,KIKI Ayaba,0149394592
ENR-004911,AN-002053,ACTE_NAISSANCE,AG018,Natitingou,2026-06-13,SOSSOU,Fabrice,1967-07-04,M,1203,AMOUSSOU Gisèle,0135304277
ENR-004912,AN-002277,ACTE_NAISSANCE,AG024,Aplahoué,2026-06-13,AGOSSOU,Comlan,1967-06-22,M,0902,SOULEY Sènami,0198734933
ENR-004913,AN-002302,ACTE_NAISSANCE,AG021,Ouidah,2026-06-13,HOUESSOU,Codjo,1988-10-07,M,1209,ADJOVI Sènami,0199604194
ENR-004914,PP-003320,PASSEPORT,AG026,Abomey-Calavi,2026-06-13,ZANNOU,Sènami,1998-09-21,F,1004,AGBODJAN Espérance,0138001744
ENR-004915,CC-003765,CARTE_CONSULAIRE,AG027,Porto-Novo,2026-06-13,KOUKPAKI,Fabrice,2013-11-15,M,1002,LOKONON Judith,0138469116
ENR-004916,PP-004099,PASSEPORT,AG010,Kandi,2026-06-13,TOSSOU,Fidèle,1971-08-07,M,1102,DOSSOU Judith,0149978639
ENR-004917,AN-004416,ACTE_NAISSANCE,AG005,Bohicon,2026-06-13,TOGBE,Ghislain Bienvenu,2011-04-29,M,0503,HOUNGBO Aïcha,0149666270
ENR-004918,AN-004806,ACTE_NAISSANCE,AG015,Porto-Novo,2026-06-13,SOULEY,Ibrahim Serge,1990-07-12,M,0209,ADJOVI Sènami,0150839486
ENR-004919,AN-000086,ACTE_NAISSANCE,AG009,Ouidah,2026-06-14,AGBODJAN,Carine,1969-09-08,F,0308,ADJOVI Bernice,0142204262
ENR-004920,AN-000727,ACTE_NAISSANCE,AG028,Parakou,2026-06-14,HOUNKPATIN,Judith,2009-10-09,F,1103,AGOSSOU Mariam,0183166958
ENR-004921,AN-001636,ACTE_NAISSANCE,AG025,Cotonou,2026-06-14,HOUNGBO,Justin Fidèle,1983-12-16,M,0503,SOSSOU Fatoumata,0119835326
ENR-004922,PP-002232,PASSEPORT,AG012,Aplahoué,2026-06-14,AGBODJAN,Judith,1994-12-11,F,0605,OSSENI Espérance,0179000202
ENR-004923,PP-002344,PASSEPORT,AG001,Cotonou,2026-06-14,SOSSOU,Bernice Carine,1969-01-13,F,1203,ALLADAYE Espérance,0188872787
ENR-004924,PP-002625,PASSEPORT,AG034,Kandi,2026-06-14,gbaguidi,Rodrigue,2002-05-10,M,0103,NOUATIN Prudence,0171590048
ENR-004925,AN-002650,ACTE_NAISSANCE,AG006,Natitingou,2026-06-14,SAGBO,Sèmèvo,1964-07-08,F,0704,HOUNGBO Estelle,0108436647
ENR-004926,AN-003778,ACTE_NAISSANCE,AG008,Lokossa,2026-06-14,MENSAH,Chimène Flore,2006-10-17,F,0205,HOUNKPATIN Judith,0109980820
ENR-004927,AN-004171,ACTE_NAISSANCE,AG010,Kandi,2026-06-14,HOUNSOU,Flore,1988-08-28,F,0308,SOULEY Sylvie,0164924810
ENR-004928,AN-004426,ACTE_NAISSANCE,AG012,Aplahoué,2026-06-14,KOUKPAKI,Estelle Nadège,1974-03-18,F,1004,MENSAH Chimène,0144768777
ENR-004929,AN-000262,ACTE_NAISSANCE,AG024,Aplahoué,2026-06-15,HOUNSOU,Prudence,1963-01-31,F,1103,IDRISSOU Judith,
ENR-004930,AN-000903,ACTE_NAISSANCE,AG016,Parakou,2026-06-15,TOSSOU,Codjo,1960-02-29,M,1103,HOUESSOU Estelle,0165695268
ENR-004931,PP-001079,PASSEPORT,AG013,Cotonou,2026-06-15,ZINSOU,Yves,2001-12-10,M,0406,BIO Nadège,0102406068
ENR-004932,CC-001152,CARTE_CONSULAIRE,AG032,Lokossa,2026-06-15,ASSOGBA,Serge,1988-05-24,M,0308,TOSSOU Estelle,0135590745
ENR-004933,CC-001299,CARTE_CONSULAIRE,AG018,Natitingou,2026-06-15,QUENUM,Carine,1970-09-11,F,0406,ALLADAYE Flore,0162132256
ENR-004934,PP-003504,PASSEPORT,AG013,Cotonou,2026-06-15,KOUKPAKI,Prudence,1944-03-26,F,0307,TCHIBOZO Estelle,82286154
ENR-004935,PP-004485,PASSEPORT,AG025,Cotonou,2026-06-15,NOUATIN,Sèmèvo Aïcha,2008-03-21,F,0206,HOUNKPATIN Chimène,0155338671
ENR-004936,AN-004514,ACTE_NAISSANCE,AG017,Bohicon,2026-06-15,KOUKPAKI,Rachidatou,1992-06-07,F,1202,YAROU Nadège,0153188544
ENR-004937,AN-004842,ACTE_NAISSANCE,AG032,Lokossa,2026-06-15,HOUESSOU,Aïcha Espérance,1981-12-01,F,1104,AHOUANSOU Salamatou,
ENR-004938,AN-000862,ACTE_NAISSANCE,AG021,Ouidah,2026-06-16,TOGBE,Gisèle,1948-07-28,F,0504,HOUNGBO Rosine,
ENR-004939,AN-003028,ACTE_NAISSANCE,AG009,Ouidah,2026-06-16,IDRISSOU,Prudence Carine,1991-03-03,F,0302,SOSSOU Fatoumata,0114500860
ENR-004940,AN-003088,ACTE_NAISSANCE,AG008,Lokossa,2026-06-16,OSSENI,Ulrich,1994-11-23,M,0408,AGOSSOU Judith,0137503189
ENR-004941,AN-003221,ACTE_NAISSANCE,AG011,Dassa-Zoumè,2026-06-16,BIO,Sènami,1977-05-04,F,1103,IDRISSOU Rachidatou,0150438754
ENR-004942,AN-003304,ACTE_NAISSANCE,AG006,Natitingou,2026-06-16,ZANNOU,Mahougnon Koffi,1974-09-04,M,0903,SOULEY Sylvie,0106938552
ENR-004943,AN-003370,ACTE_NAISSANCE,AG016,Parakou,2026-06-16,IDRISSOU,Espérance,1956-03-19,F,0208,QUENUM Fatoumata,0191392435
ENR-004944,AN-004283,ACTE_NAISSANCE,AG025,Cotonou,2026-06-16,HOUNKPATIN,Judith Sylvie,2008-04-08,F,0406,SOULEY Judith,0166346946
ENR-004945,AN-004460,ACTE_NAISSANCE,AG008,Lokossa,2026-06-16,MENSAH,Rachid Koffi,1992-12-31,M,1203,KOUKPAKI Flore,0138637057
ENR-004946,AN-004785,ACTE_NAISSANCE,AG037,Cotonou,2026-06-16,AKPOVI,Fabrice Romaric,1998-04-22,M,0601,KOUKPAKI Ayaba,0109420344
ENR-004947,AN-000906,ACTE_NAISSANCE,AG016,Parakou,2026-06-17,SOSSOU,Espérance,2014-03-28,F,1206,YAROU Gisèle,0162991695
ENR-004948,PP-001565,PASSEPORT,AG004,Parakou,2026-06-17,GLELE,Rodrigue Gildas,1974-09-09,M,0703,YAROU Nadège,0194219527
ENR-004949,PP-001680,PASSEPORT,AG040,Parakou,2026-06-17,AGBODJAN,Rachidatou Mariam,1988-08-19,F,1209,KIKI Carine,0166016576
ENR-004950,PP-002884,PASSEPORT,AG012,Aplahoué,2026-06-17,GBAGUIDI,Judith,1992-10-17,F,0704,KOUKPAKI Sènami,0121355661
ENR-004951,AN-003033,ACTE_NAISSANCE,AG014,Abomey-Calavi,2026-06-17,YAROU,Fatoumata,1962-08-10,F,0506,ASSOGBA Estelle,0193545379
ENR-004952,PP-003092,PASSEPORT,AG016,Parakou,2026-06-17,ADANDE,Justin Koffi,1960-11-25,M,0106,TOGBE Sèmèvo,0123763298
ENR-004953,CC-003659,CARTE_CONSULAIRE,AG018,Natitingou,2026-06-17,SOULEY,Judith,1980-09-02,F,0606,AGOSSOU Flore,0106572153
ENR-004954,CC-004165,CARTE_CONSULAIRE,AG018,Natitingou,2026-06-17,KOUKPAKI,Rodrigue,1999-07-31,M,1207,ZANNOU Fatoumata,0142928642
ENR-004955,AN-004523,ACTE_NAISSANCE,AG017,Bohicon,2026-06-17,ALLADAYE,Mariam Carine,2003-03-14,F,0202,GBAGUIDI Chimène,0149808677
ENR-004956,AN-001224,ACTE_NAISSANCE,AG039,Porto-Novo,2026-06-18,IDRISSOU,Gisèle Nadège,1955-10-27,F,1001,MENSAH Prudence,0101306477
ENR-004957,AN-002894,ACTE_NAISSANCE,AG036,Aplahoué,2026-06-18,FASSINOU,Aïcha,1953-08-05,F,0105,TOSSOU Gisèle,0191726927
ENR-004958,AN-002959,ACTE_NAISSANCE,AG006,Natitingou,2026-06-18,togbe,Rachidatou,1993-09-27,F,0302,HOUNKPATIN Judith,0102051749
ENR-004959,CC-003677,CARTE_CONSULAIRE,AG028,Parakou,2026-06-18,BIO,Judith,2004-10-25,F,1002,FASSINOU Gisèle,0100039172
ENR-004960,AN-001732,ACTE_NAISSANCE,AG005,Bohicon,2026-06-19,AMOUSSOU,Espérance,1999-03-27,F,0801,YAROU Gisèle,0140107472
ENR-004961,AN-002010,ACTE_NAISSANCE,AG039,Porto-Novo,2026-06-19,QUENUM,Flore,1995-09-28,F,0308,AGOSSOU Espérance,0142330882
ENR-004962,CC-002071,CARTE_CONSULAIRE,AG020,Lokossa,2026-06-19,vodounon,Ghislain,2014-10-18,M,0209,AMOUSSOU Bernice,0197019876
ENR-004963,PP-002896,PASSEPORT,AG038,Abomey-Calavi,2026-06-19,AKPOVI,Rodrigue,1981-05-09,M,0606,AHOYO Sèmèvo,0151420974
ENR-004964,AN-003564,ACTE_NAISSANCE,AG038,Abomey-Calavi,2026-06-19,TCHIBOZO,Rosine,2005-08-15,F,0201,IDRISSOU Ayaba,0153089266
ENR-004965,CC-004002,CARTE_CONSULAIRE,AG001,Cotonou,2026-06-19,MENSAH,Mariam,2000-03-04,F,0302,KOUKPAKI Nadège,0101380718
ENR-004966,AN-004143,ACTE_NAISSANCE,AG032,Lokossa,2026-06-19,SOULEY,Mariam,1968-07-31,F,1105,ADJOVI Judith,0148993782
ENR-004967,AN-000017,ACTE_NAISSANCE,AG038,Abomey-Calavi,2026-06-20,ZINSOU,Rodrigue,1997-07-31,M,0602,AGBODJAN Salamatou,0166636322
ENR-004968,AN-000787,ACTE_NAISSANCE,AG017,Bohicon,2026-06-20,AHOUANSOU,Carine,1997-03-29,F,0505,AGOSSOU Estelle,0190930328
ENR-004969,CC-001596,CARTE_CONSULAIRE,AG037,Cotonou,2026-06-20,GBAGUIDI,Fabrice Ibrahim,1989-11-25,M,0307,AHOYO Sènami,
ENR-004970,AN-002932,ACTE_NAISSANCE,AG033,Ouidah,2026-06-20,TOSSOU,Ulrich,1992-10-22,M,1003,KIKI Ayaba,0163418968
ENR-004971,PP-003543,PASSEPORT,AG014,Abomey-Calavi,2026-06-20,AGOSSOU,Gildas,1981-04-26,M,0209,HOUNKPATIN Mariam,0167067592
ENR-004972,AN-004356,ACTE_NAISSANCE,AG029,Bohicon,2026-06-20,SOSSOU,Justin Gildas,1998-08-13,M,0904,QUENUM Bernice,0118874557
ENR-004973,AN-004879,ACTE_NAISSANCE,AG031,Djougou,2026-06-20,ZINSOU,Codjo,1982-02-21,M,0902,AKPOVI Sylvie,0123338543
ENR-004974,PP-004899,PASSEPORT,AG024,Aplahoué,2026-06-20,KIKI,Fatoumata,1955-10-20,F,0205,NOUATIN Nadège,0153666007
ENR-004975,AN-000497,ACTE_NAISSANCE,AG021,Ouidah,2026-06-21,DOSSOU,Rodrigue Ulrich,1987-03-09,M,1203,FASSINOU Gisèle,0115070778
ENR-004976,AN-000846,ACTE_NAISSANCE,AG014,Abomey-Calavi,2026-06-21,ADJOVI,Comlan Gildas,1945-04-16,M,0106,ALLADAYE Espérance,0165787392
ENR-004977,AN-001116,ACTE_NAISSANCE,AG019,Djougou,2026-06-21,BIO,Sylvie Judith,1991-09-01,F,0302,BONI Ayaba,
ENR-004978,PP-001393,PASSEPORT,AG034,Kandi,2026-06-21,CHABI,Comlan Yves,1980-06-18,M,0204,KIKI Carine,0130645109
ENR-004979,AN-001721,ACTE_NAISSANCE,AG025,Cotonou,2026-06-21,KPADONOU,Flore,1998-12-25,F,0103,ADJOVI Chimène,0144181670
ENR-004980,CC-002288,CARTE_CONSULAIRE,AG035,Dassa-Zoumè,2026-06-21,KPADONOU,Ibrahim,2006-05-05,M,1104,ZANNOU Mariam,0171872590
ENR-004981,AN-003521,ACTE_NAISSANCE,AG018,Natitingou,2026-06-21,BONI,Codjo,2001-09-29,M,0702,AGBODJAN Sèmèvo,0194341776
ENR-004982,AN-004192,ACTE_NAISSANCE,AG012,Aplahoué,2026-06-21,HOUNSOU,Prudence,1960-01-30,F,0301,ADANDE Espérance,0114047025
ENR-004983,AN-004461,ACTE_NAISSANCE,AG029,Bohicon,2026-06-21,AMOUSSOU,Bienvenu,1980-03-13,M,0401,DOSSOU Gisèle,0171130424
ENR-004984,PP-001130,PASSEPORT,AG014,Abomey-Calavi,2026-06-22,LOKONON,Estelle Rosine,2012-07-19,F,1101,VODOUNON Nadège,
ENR-004985,PP-001344,PASSEPORT,AG002,Abomey-Calavi,2026-06-22,TOSSOU,Comlan Romaric,1965-07-14,M,1009,AGOSSOU Sylvie,0195200864
ENR-004986,PP-001646,PASSEPORT,AG028,Parakou,2026-06-22,CHABI,Bienvenu,2020-03-12,M,0801,LOKONON Bernice,0131135386
ENR-004987,PP-001807,PASSEPORT,AG009,Ouidah,2026-06-22,AGOSSOU,Ulrich,2015-02-20,M,0306,HOUNSOU Sylvie,0116587849
ENR-004988,PP-002296,PASSEPORT,AG016,Parakou,2026-06-22,AKPOVI,Brice Mahougnon,1990-10-29,M,1009,LOKONON Mariam,0159757807
ENR-004989,AN-003195,ACTE_NAISSANCE,AG015,Porto-Novo,2026-06-22,NOUATIN,Rachid,1984-02-22,M,0703,KPADONOU Aïcha,0107477699
ENR-004990,AN-004768,ACTE_NAISSANCE,AG013,Cotonou,2026-06-22,KPADONOU,Gisèle,2001-02-22,F,0605,HOUESSOU Judith,0178537182
ENR-004991,PP-000275,PASSEPORT,AG002,Abomey-Calavi,2026-06-23,AMOUSSOU,Mariam Flore,2018-11-07,F,0902,BIO Sèmèvo,0134710725
ENR-004992,AN-000531,ACTE_NAISSANCE,AG023,Dassa-Zoumè,2026-06-23,AMOUSSOU,Salamatou,1975-12-11,F,1205,TCHIBOZO Sèmèvo,0172180220
ENR-004993,AN-000694,ACTE_NAISSANCE,AG017,Bohicon,2026-06-23,FASSINOU,Bernice,1994-09-24,F,0905,SOULEY Fatoumata,0120512916
ENR-004994,PP-001059,PASSEPORT,AG015,Porto-Novo,2026-06-23,AKPOVI,Brice,2002-05-10,M,1101,AHOUANSOU Mariam,0107958194
ENR-004995,AN-002329,ACTE_NAISSANCE,AG039,Porto-Novo,2026-06-23,DANSOU,Sèmèvo Prudence,1972-11-16,F,0902,KPADONOU Rosine,0124381469
ENR-004996,CC-002381,CARTE_CONSULAIRE,AG032,Lokossa,2026-06-23,TCHIBOZO,Sèmèvo,2005-03-04,F,1105,OSSENI Flore,0114947755
ENR-004997,CC-002595,CARTE_CONSULAIRE,AG040,Parakou,2026-06-23,DOSSOU,Serge,1963-07-18,M,1002,KIKI Rosine,
ENR-004998,AN-002715,ACTE_NAISSANCE,AG038,Abomey-Calavi,2026-06-23,NOUATIN,Rosine,1970-12-20,F,0404,BIO Ayaba,0156799148
ENR-004999,AN-002738,ACTE_NAISSANCE,AG022,Kandi,2026-06-23,AGBODJAN,Nadège Sylvie,2007-08-03,F,0505,CHABI Sylvie,0123380930
ENR-005000,AN-003401,ACTE_NAISSANCE,AG038,Abomey-Calavi,2026-06-23,FASSINOU,Mahougnon,1977-04-24,M,0503,OSSENI Ayaba,0195685928
ENR-005001,CC-004576,CARTE_CONSULAIRE,AG018,Natitingou,2026-06-23,ASSOGBA,Gildas Fidèle,2001-08-28,M,0101,ADANDE Rosine,0127410307
ENR-005002,AN-004791,ACTE_NAISSANCE,AG026,Abomey-Calavi,2026-06-23,KIKI,Fidèle,1950-04-15,M,0801,ALLADAYE Sylvie,0108827769
ENR-005003,AN-000211,ACTE_NAISSANCE,AG009,Ouidah,2026-06-24,GBAGUIDI,Rachid Arnaud,1986-01-06,M,0104,HOUESSOU Gisèle,0125948935
ENR-005004,PP-000850,PASSEPORT,AG038,Abomey-Calavi,2026-06-24,YAROU,Codjo,1990-01-19,M,0302,AGBODJAN Salamatou,0185187536
ENR-005005,AN-001300,ACTE_NAISSANCE,AG028,Parakou,2026-06-24,IDRISSOU,Carine,1987-05-06,F,0308,ADANDE Aïcha,+229 0114762735
ENR-005006,AN-002035,ACTE_NAISSANCE,AG034,Kandi,2026-06-24,CHABI,Rosine Bernice,1979-09-11,F,1103,ADJOVI Rosine,0126647056
ENR-005007,AN-003368,ACTE_NAISSANCE,AG032,Lokossa,2026-06-24,CHABI,Mahougnon Koffi,1986-02-25,M,0307,ZANNOU Sylvie,0107554695
ENR-005008,AN-003864,ACTE_NAISSANCE,AG024,Aplahoué,2026-06-24,AHOYO,Aïcha,1992-01-25,F,1207,YAROU Estelle,0134752315
ENR-005009,CC-000146,CARTE_CONSULAIRE,AG022,Kandi,2026-06-25,IDRISSOU,Espérance,1970-11-21,F,0206,AMOUSSOU Ayaba,
ENR-005010,AN-000344,ACTE_NAISSANCE,AG024,Aplahoué,2026-06-25,GBAGUIDI,Bienvenu,1993-10-04,M,0606,HOUNKPATIN Sènami,
ENR-005011,AN-000617,ACTE_NAISSANCE,AG022,Kandi,2026-06-25,AKPOVI,Espérance,2010-07-16,F,0204,ALLADAYE Rosine,
ENR-005012,CC-000918,CARTE_CONSULAIRE,AG034,Kandi,2026-06-25,ASSOGBA,Codjo Serge,1967-04-12,M,0604,AMOUSSOU Ayaba,0148908163
ENR-005013,AN-001387,ACTE_NAISSANCE,AG015,Porto-Novo,2026-06-25,SOULEY,Estelle,2004-10-28,F,0306,BONI Mariam,0162991017
ENR-005014,CC-003311,CARTE_CONSULAIRE,AG025,Cotonou,2026-06-25,NOUATIN,Rosine Sèmèvo,2000-07-28,F,0204,AGOSSOU Chimène,0137066605
ENR-005015,AN-003572,ACTE_NAISSANCE,AG017,Bohicon,2026-06-25,DANSOU,Moussa,1987-09-27,M,0505,BONI Fatoumata,0157552939
ENR-005016,PP-003660,PASSEPORT,AG017,Bohicon,2026-06-25,KOUKPAKI,Estelle Sènami,2008-04-08,F,0207,AHOUANSOU Aïcha,0116733141
ENR-005017,PP-004046,PASSEPORT,AG015,Porto-Novo,2026-06-25,ADJOVI,Yves,1994-09-10,M,1103,CODJIA Ayaba,0179237006
ENR-005018,AN-004591,ACTE_NAISSANCE,AG040,Parakou,2026-06-25,NOUATIN,Chimène Nadège,1967-10-31,F,0206,AHOYO Fatoumata,0175329050
ENR-005019,AN-002063,ACTE_NAISSANCE,AG028,Parakou,2026-06-26,ADJOVI,Carine,1974-02-09,F,0501,GLELE Prudence,0158090127
ENR-005020,AN-002477,ACTE_NAISSANCE,AG038,Abomey-Calavi,2026-06-26,IDRISSOU,Romaric,1977-11-07,M,0405,FASSINOU Carine,0161722067
ENR-005021,AN-002622,ACTE_NAISSANCE,AG009,Ouidah,2026-06-26,YAROU,Justin Ulrich,2000-10-03,M,0305,BONI Salamatou,0156125117
ENR-005022,PP-000824,PASSEPORT,AG024,Aplahoué,2026-06-27,AHOUANSOU,Serge,1979-05-19,M,0101,HOUESSOU Aïcha,0132614664
ENR-005023,AN-001944,ACTE_NAISSANCE,AG003,Porto-Novo,2026-06-27,GBAGUIDI,Nadège,2003-09-09,F,0404,MENSAH Carine,0141835447
ENR-005024,AN-002469,ACTE_NAISSANCE,AG008,Lokossa,2026-06-27,FASSINOU,Bienvenu,2014-10-01,M,0104,CODJIA Fatoumata,0110445690
ENR-005025,AN-002908,ACTE_NAISSANCE,AG012,Aplahoué,2026-06-27,DOSSOU,Gisèle Sylvie,1985-06-30,F,0102,OSSENI Espérance,0125894845
ENR-005026,AN-003628,ACTE_NAISSANCE,AG039,Porto-Novo,2026-06-27,BIO,Sèmèvo,2001-11-02,F,1105,TOGBE Bernice,
ENR-005027,AN-004013,ACTE_NAISSANCE,AG022,Kandi,2026-06-27,ahoyo,Gildas,1975-05-09,M,0904,KPADONOU Espérance,0119781779
ENR-005028,AN-004262,ACTE_NAISSANCE,AG019,Djougou,2026-06-27,houngbo,Moussa,2014-07-18,M,0202,HOUNKPATIN Bernice,
ENR-005029,PP-000255,PASSEPORT,AG003,Porto-Novo,2026-06-28,AHOYO,Bernice Ayaba,1972-05-20,F,1105,YAROU Salamatou,0125270402
ENR-005030,AN-000395,ACTE_NAISSANCE,AG036,Aplahoué,2026-06-28,tossou,Justin,1966-10-25,M,0901,BONI Fatoumata,
ENR-005031,AN-002174,ACTE_NAISSANCE,AG033,Ouidah,2026-06-28,SOULEY,Ibrahim,1940-11-04,M,0602,KIKI Rachidatou,0176469462
ENR-005032,AN-002514,ACTE_NAISSANCE,AG013,Cotonou,2026-06-28,GBAGUIDI,Fidèle,1985-03-12,M,0302,SOULEY Sèmèvo,0140191357
ENR-005033,AN-002796,ACTE_NAISSANCE,AG040,Parakou,2026-06-28,LOKONON,Bernice,1945-05-30,F,0408,OSSENI Gisèle,0101429583
ENR-005034,AN-003268,ACTE_NAISSANCE,AG008,Lokossa,2026-06-28,DOSSOU,Fidèle Fabrice,1996-11-29,M,0101,NOUATIN Salamatou,0140783151
ENR-005035,AN-003917,ACTE_NAISSANCE,AG013,Cotonou,2026-06-28,NOUATIN,Chimène,2003-09-20,F,0103,HOUNGBO Salamatou,
ENR-005036,AN-004147,ACTE_NAISSANCE,AG010,Kandi,2026-06-28,IDRISSOU,Prudence,1972-11-15,F,0801,TOGBE Fatoumata,0127143127
ENR-005037,AN-004345,ACTE_NAISSANCE,AG012,Aplahoué,2026-06-28,IDRISSOU,Rosine,1984-03-02,F,0904,LOKONON Aïcha,0164072197
ENR-005038,AN-004457,ACTE_NAISSANCE,AG026,Abomey-Calavi,2026-06-28,IDRISSOU,Chimène,1975-05-17,F,0205,DOSSOU Sènami,0120556547
ENR-005039,PP-004518,PASSEPORT,AG004,Parakou,2026-06-28,BONI,Nadège,1954-12-20,F,1102,CODJIA Sènami,0170015762
ENR-005040,PP-000116,PASSEPORT,AG019,Djougou,2026-06-29,TOSSOU,Sèmèvo,2010-10-23,F,0505,TCHIBOZO Fatoumata,
ENR-005041,AN-000183,ACTE_NAISSANCE,AG027,Porto-Novo,2026-06-29,ALLADAYE,Aïcha,1986-07-05,F,0307,HOUNKPATIN Chimène,0190112515
ENR-005042,AN-000936,ACTE_NAISSANCE,AG029,Bohicon,2026-06-29,DOSSOU,Justin,1997-12-09,M,1205,AMOUSSOU Gisèle,
ENR-005043,AN-001888,ACTE_NAISSANCE,AG005,Bohicon,2026-06-29,KIKI,Sèmèvo,1995-04-07,F,0602,AHOUANSOU Espérance,0120367605
ENR-005044,AN-002358,ACTE_NAISSANCE,AG008,Lokossa,2026-06-29,TOSSOU,Justin,1985-08-24,M,0704,TOGBE Espérance,0102275172
ENR-005045,PP-003288,PASSEPORT,AG007,Djougou,2026-06-29,SOSSOU,Fatoumata Gisèle,1971-03-15,F,1009,AGOSSOU Gisèle,0180356170
ENR-005046,AN-003674,ACTE_NAISSANCE,AG001,Cotonou,2026-06-29,ZINSOU,Justin,1989-01-17,M,1009,ADJOVI Sènami,0165878750
ENR-005047,PP-004763,PASSEPORT,AG026,Abomey-Calavi,2026-06-29,AGOSSOU,Gisèle Chimène,1945-09-09,F,0201,DANSOU Espérance,
ENR-005048,AN-000964,ACTE_NAISSANCE,AG035,Dassa-Zoumè,2026-06-30,GLELE,Rodrigue Comlan,1955-12-10,M,1204,AGOSSOU Prudence,0126990222
ENR-005049,AN-001418,ACTE_NAISSANCE,AG007,Djougou,2026-06-30,TCHIBOZO,Koffi,1999-12-14,M,0207,FASSINOU Aïcha,
ENR-005050,AN-002030,ACTE_NAISSANCE,AG001,Cotonou,2026-06-30,GBAGUIDI,Rosine,1983-03-06,F,0101,BONI Bernice,0155171123
ENR-005051,AN-002279,ACTE_NAISSANCE,AG039,Porto-Novo,2026-06-30,KPADONOU,Ghislain,2006-06-22,M,0905,MENSAH Rosine,0134998715
ENR-005052,AN-002524,ACTE_NAISSANCE,AG005,Bohicon,2026-06-30,AHOUANSOU,Bernice,2007-03-16,F,0407,GLELE Bernice,0154888057
ENR-005053,AN-002925,ACTE_NAISSANCE,AG030,Natitingou,2026-06-30,AMOUSSOU,Chimène,2001-12-22,F,1102,TOSSOU Nadège,0104517411
ENR-005054,AN-003204,ACTE_NAISSANCE,AG011,Dassa-Zoumè,2026-06-30,DOSSOU,Gildas,1998-12-26,M,1203,OSSENI Salamatou,0157064927
ENR-005055,AN-004762,ACTE_NAISSANCE,AG006,Natitingou,2026-06-30,AKPOVI,Nadège,1993-05-05,F,1004,OSSENI Judith,
ENR-005056,AN-003474,ACTE_NAISSANCE,AG036,Aplahoué,2026-06-30,BONI,Sènami,1964-02-14,F,0905,FASSINOU Sylvie,0147009764
ENR-005057,AN-004559,ACTE_NAISSANCE,AG007,Djougou,2026-06-30,HOUNSOU,Brice,2005-05-16,M,0604,LOKONON Mariam,0157365411
ENR-005058,AN-002396,ACTE_NAISSANCE,AG031,Djougou,2026-06-30,AGBODJAN,Mariam,2005-07-08,F,0801,LOKONON Ayaba,0100710930
ENR-005059,AN-000908,ACTE_NAISSANCE,AG009,Ouidah,2026-06-30,DANSOU,Sèmèvo,1973-10-26,F,0405,HOUNKPATIN Estelle,
ENR-005060,AN-000862,ACTE_NAISSANCE,AG003,Porto-Novo,2026-06-30,TOGBE,Gisèle,1948-07-28,F,0504,HOUNGBO Rosine,
