id_piece,type_piece,nom,prenoms,date_naissance,sexe,code_commune_naissance,nom_mere
AN-000001,ACTE_NAISSANCE,DANSOU,Justin,1971-06-14,M,1208,OSSENI Rosine
AN-000002,ACTE_NAISSANCE,GBAGUIDI,Fatoumata,1982-12-29,F,1204,KIKI Estelle
AN-000003,ACTE_NAISSANCE,DANSOU,Salamatou,1969-08-14,F,0903,HOUESSOU Chimène
CC-000004,CARTE_CONSULAIRE,SOSSOU,Justin Moussa,2009-01-04,M,1005,CODJIA Gisèle
PP-000005,PASSEPORT,YAROU,Rodrigue,1969-08-22,M,0403,FASSINOU Ayaba
AN-000006,ACTE_NAISSANCE,HOUNGBO,Sylvie,1966-07-25,F,0504,DANSOU Rachidatou
AN-000007,ACTE_NAISSANCE,ADANDE,Romaric Gildas,1982-08-09,M,0703,TOSSOU Sènami
CC-000008,CARTE_CONSULAIRE,KOUKPAKI,Salamatou,1954-09-04,F,1102,IDRISSOU Fatoumata
AN-000009,ACTE_NAISSANCE,OSSENI,Rachid,1998-12-06,M,0605,SOSSOU Ayaba
AN-000010,ACTE_NAISSANCE,ZANNOU,Mahougnon Bienvenu,2017-03-21,M,0106,ZINSOU Gisèle
AN-000011,ACTE_NAISSANCE,TCHIBOZO,Fidèle,1989-02-09,M,0603,ZANNOU Rachidatou
AN-000012,ACTE_NAISSANCE,BONI,Nadège,2022-07-10,F,0606,IDRISSOU Gisèle
AN-000013,ACTE_NAISSANCE,LOKONON,Flore Nadège,1985-11-30,F,0302,AHOUANSOU Chimène
AN-000014,ACTE_NAISSANCE,ADJOVI,Arnaud,2001-05-20,M,0905,FASSINOU Salamatou
AN-000015,ACTE_NAISSANCE,QUENUM,Prudence,1999-05-13,F,0105,SOULEY Aïcha
CC-000016,CARTE_CONSULAIRE,ALLADAYE,Salamatou,1999-08-16,F,0301,KOUKPAKI Salamatou
AN-000017,ACTE_NAISSANCE,ZINSOU,Rodrigue,1997-07-31,M,0602,AGBODJAN Salamatou
AN-000018,ACTE_NAISSANCE,KIKI,Carine,2018-04-05,F,1008,IDRISSOU Chimène
AN-000019,ACTE_NAISSANCE,GLELE,Sènami,1991-05-25,F,0305,SOULEY Rachidatou
PP-000020,PASSEPORT,BIO,Sylvie,2008-02-28,F,1104,IDRISSOU Espérance
AN-000021,ACTE_NAISSANCE,NOUATIN,Prudence,1987-02-07,F,0603,MENSAH Espérance
AN-000022,ACTE_NAISSANCE,ALLADAYE,Flore,2006-02-20,F,1202,ALLADAYE Rachidatou
PP-000023,PASSEPORT,GLELE,Arnaud,2006-04-05,M,0101,YAROU Judith
AN-000024,ACTE_NAISSANCE,CODJIA,Fidèle,1981-05-22,M,1101,SOSSOU Gisèle
PP-000025,PASSEPORT,AHOYO,Rosine Sylvie,1993-02-23,F,0605,DANSOU Fatoumata
AN-000026,ACTE_NAISSANCE,ADANDE,Fidèle,1967-07-08,M,1003,FASSINOU Carine
AN-000027,ACTE_NAISSANCE,AHOUANSOU,Sènami,1979-06-27,F,1101,VODOUNON Gisèle
PP-000028,PASSEPORT,CODJIA,Serge,1967-07-16,M,0701,ADJOVI Espérance
AN-000029,ACTE_NAISSANCE,AHOYO,Romaric Bienvenu,1945-11-14,M,0406,BONI Nadège
AN-000030,ACTE_NAISSANCE,ASSOGBA,Espérance,1986-10-30,F,1007,AHOYO Aïcha
AN-000031,ACTE_NAISSANCE,SOULEY,Sèmèvo,1995-11-11,F,0602,HOUNSOU Flore
CC-000032,CARTE_CONSULAIRE,LOKONON,Aïcha,1997-11-12,F,0308,FASSINOU Bernice
AN-000033,ACTE_NAISSANCE,SAGBO,Romaric Fidèle,2008-06-07,M,0704,ZINSOU Fatoumata
PP-000034,PASSEPORT,KPADONOU,Codjo Fidèle,1954-08-22,M,0504,KIKI Rachidatou
CC-000035,CARTE_CONSULAIRE,BONI,Bernice,1961-12-08,F,0905,TOSSOU Aïcha
AN-000036,ACTE_NAISSANCE,CHABI,Rachid,1963-06-15,M,1002,AGOSSOU Sylvie
CC-000037,CARTE_CONSULAIRE,AGOSSOU,Ibrahim,2012-01-25,M,0209,GBAGUIDI Rachidatou
CC-000038,CARTE_CONSULAIRE,BONI,Rachidatou,2021-05-23,F,0504,BIO Ayaba
AN-000039,ACTE_NAISSANCE,DOSSOU,Ibrahim,1983-04-05,M,1204,SAGBO Chimène
AN-000040,ACTE_NAISSANCE,ZINSOU,Rachid,1986-10-04,M,1206,BONI Mariam
AN-000041,ACTE_NAISSANCE,SOSSOU,Espérance,1973-07-04,F,0606,TOSSOU Estelle
AN-000042,ACTE_NAISSANCE,TCHIBOZO,Romaric,1984-07-09,M,1008,HOUESSOU Sènami
AN-000043,ACTE_NAISSANCE,AKPOVI,Flore Sènami,1984-04-16,F,1105,SOSSOU Flore
PP-000044,PASSEPORT,AKPOVI,Sènami,2004-05-02,F,1105,ADANDE Rachidatou
CC-000045,CARTE_CONSULAIRE,AKPOVI,Espérance Nadège,2016-03-26,F,0203,ADANDE Nadège
AN-000046,ACTE_NAISSANCE,BONI,Codjo,2003-06-15,M,0206,AMOUSSOU Espérance
AN-000047,ACTE_NAISSANCE,BIO,Chimène,1991-06-22,F,0204,KPADONOU Flore
AN-000048,ACTE_NAISSANCE,GLELE,Ayaba,1979-09-25,F,0703,GBAGUIDI Flore
AN-000049,ACTE_NAISSANCE,AHOUANSOU,Arnaud,1975-09-13,M,0501,CODJIA Sylvie
AN-000050,ACTE_NAISSANCE,VODOUNON,Sèmèvo,1953-05-06,F,0101,OSSENI Flore
PP-000051,PASSEPORT,KOUKPAKI,Fatoumata,1993-03-03,F,0502,OSSENI Mariam
CC-000052,CARTE_CONSULAIRE,ASSOGBA,Fatoumata Rosine,2006-10-15,F,0902,KPADONOU Mariam
AN-000053,ACTE_NAISSANCE,TOGBE,Rosine,1989-06-19,F,0403,KOUKPAKI Sylvie
PP-000054,PASSEPORT,KIKI,Estelle Salamatou,1944-10-22,F,1103,ALLADAYE Mariam
AN-000055,ACTE_NAISSANCE,AHOUANSOU,Gisèle,1998-01-15,F,0408,HOUNSOU Sylvie
AN-000056,ACTE_NAISSANCE,BIO,Romaric,2009-04-15,M,1104,VODOUNON Prudence
AN-000057,ACTE_NAISSANCE,SOSSOU,Bienvenu,1999-02-17,M,0206,BIO Rosine
CC-000058,CARTE_CONSULAIRE,AHOUANSOU,Comlan,1991-09-15,M,0201,IDRISSOU Sylvie
AN-000059,ACTE_NAISSANCE,AHOUANSOU,Justin Brice,1972-02-26,M,0406,YAROU Judith
AN-000060,ACTE_NAISSANCE,HOUESSOU,Moussa Fidèle,1985-10-09,M,1005,ALLADAYE Salamatou
AN-000061,ACTE_NAISSANCE,SOSSOU,Romaric,1978-02-01,M,0701,SOULEY Salamatou
AN-000062,ACTE_NAISSANCE,ADJOVI,Yves,1970-05-09,M,0704,IDRISSOU Sèmèvo
AN-000063,ACTE_NAISSANCE,ZANNOU,Nadège,2014-04-20,F,0201,YAROU Mariam
CC-000064,CARTE_CONSULAIRE,NOUATIN,Mahougnon,1970-03-27,M,0902,HOUNKPATIN Carine
CC-000065,CARTE_CONSULAIRE,AKPOVI,Carine,1981-01-11,F,0903,DOSSOU Judith
AN-000066,ACTE_NAISSANCE,ALLADAYE,Sèmèvo Bernice,2004-03-20,F,0104,AHOUANSOU Nadège
AN-000067,ACTE_NAISSANCE,SOSSOU,Fidèle,1998-06-30,M,1202,HOUNGBO Rosine
AN-000068,ACTE_NAISSANCE,CODJIA,Nadège,1973-01-22,F,0203,VODOUNON Mariam
AN-000069,ACTE_NAISSANCE,HOUNSOU,Rodrigue,1992-08-19,M,0603,SOSSOU Chimène
AN-000070,ACTE_NAISSANCE,GBAGUIDI,Espérance,1999-08-08,F,0403,ZINSOU Nadège
CC-000071,CARTE_CONSULAIRE,IDRISSOU,Arnaud,2001-07-21,M,0606,KIKI Mariam
PP-000072,PASSEPORT,YAROU,Ayaba Salamatou,1981-09-22,F,0403,KIKI Chimène
AN-000073,ACTE_NAISSANCE,BIO,Rodrigue,1995-06-12,M,0301,FASSINOU Prudence
AN-000074,ACTE_NAISSANCE,ZANNOU,Rodrigue,1977-03-03,M,0603,CHABI Estelle
AN-000075,ACTE_NAISSANCE,LOKONON,Aïcha,1975-03-30,F,0206,AGOSSOU Chimène
AN-000076,ACTE_NAISSANCE,HOUNKPATIN,Justin,1991-07-13,M,0505,ALLADAYE Judith
AN-000077,ACTE_NAISSANCE,AMOUSSOU,Fidèle Fabrice,1988-01-01,M,0605,MENSAH Aïcha
AN-000078,ACTE_NAISSANCE,SOULEY,Rodrigue Fidèle,1995-07-09,M,0206,TOGBE Rachidatou
AN-000079,ACTE_NAISSANCE,AHOUANSOU,Comlan,1971-05-09,M,1003,DOSSOU Nadège
AN-000080,ACTE_NAISSANCE,SOULEY,Bernice,1959-04-28,F,0204,AHOUANSOU Estelle
CC-000081,CARTE_CONSULAIRE,KOUKPAKI,Koffi,2023-07-29,M,0307,TCHIBOZO Nadège
CC-000082,CARTE_CONSULAIRE,GBAGUIDI,Moussa,2016-04-03,M,0305,QUENUM Sèmèvo
AN-000083,ACTE_NAISSANCE,HOUNGBO,Sylvie Flore,2003-10-12,F,0402,AGOSSOU Ayaba
AN-000084,ACTE_NAISSANCE,AHOYO,Comlan,1979-06-09,M,0604,FASSINOU Gisèle
AN-000085,ACTE_NAISSANCE,TOSSOU,Fabrice,1990-05-29,M,0604,NOUATIN Sèmèvo
AN-000086,ACTE_NAISSANCE,AGBODJAN,Carine,1969-09-08,F,0308,ADJOVI Bernice
AN-000087,ACTE_NAISSANCE,SOSSOU,Sènami Rachidatou,1995-03-29,F,1202,HOUESSOU Flore
AN-000088,ACTE_NAISSANCE,AGOSSOU,Ghislain,1984-06-30,M,1007,HOUESSOU Carine
AN-000089,ACTE_NAISSANCE,KPADONOU,Espérance,2017-01-19,F,0405,KIKI Fatoumata
CC-000090,CARTE_CONSULAIRE,SOSSOU,Judith,1963-02-07,F,0201,DOSSOU Salamatou
AN-000091,ACTE_NAISSANCE,QUENUM,Salamatou,1987-12-05,F,1204,ZINSOU Salamatou
AN-000092,ACTE_NAISSANCE,VODOUNON,Prudence,2012-10-28,F,0104,TOSSOU Sylvie
AN-000093,ACTE_NAISSANCE,KPADONOU,Ulrich,2011-08-06,M,1209,ZINSOU Chimène
CC-000094,CARTE_CONSULAIRE,KPADONOU,Judith Rosine,1970-12-06,F,0401,ZANNOU Nadège
AN-000095,ACTE_NAISSANCE,HOUESSOU,Brice,1999-12-16,M,0605,ALLADAYE Carine
AN-000096,ACTE_NAISSANCE,GBAGUIDI,Fatoumata,2000-06-22,F,0406,TOGBE Rosine
AN-000097,ACTE_NAISSANCE,ASSOGBA,Aïcha,2001-11-28,F,0404,GLELE Sèmèvo
AN-000098,ACTE_NAISSANCE,AMOUSSOU,Mariam,1969-11-01,F,1005,ZANNOU Sènami
AN-000099,ACTE_NAISSANCE,DOSSOU,Judith,1975-06-02,F,1101,LOKONON Bernice
CC-000100,CARTE_CONSULAIRE,KIKI,Moussa Ghislain,2016-08-21,M,1003,IDRISSOU Flore
AN-000101,ACTE_NAISSANCE,KPADONOU,Sènami,2005-05-21,F,0307,ADJOVI Ayaba
CC-000102,CARTE_CONSULAIRE,HOUNSOU,Yves,2001-01-27,M,0203,BONI Sèmèvo
CC-000103,CARTE_CONSULAIRE,HOUNSOU,Sylvie Judith,2011-04-18,F,0601,KOUKPAKI Sèmèvo
AN-000104,ACTE_NAISSANCE,SOULEY,Ghislain,2008-08-11,M,1103,IDRISSOU Flore
CC-000105,CARTE_CONSULAIRE,KPADONOU,Ayaba Judith,1980-02-19,F,0801,TOSSOU Mariam
AN-000106,ACTE_NAISSANCE,CODJIA,Aïcha,1987-02-26,F,0207,DANSOU Fatoumata
AN-000107,ACTE_NAISSANCE,CHABI,Estelle Salamatou,1966-05-01,F,0704,VODOUNON Gisèle
AN-000108,ACTE_NAISSANCE,CHABI,Romaric,2014-02-26,M,0106,FASSINOU Sènami
AN-000109,ACTE_NAISSANCE,ALLADAYE,Codjo,1984-11-17,M,0503,KOUKPAKI Fatoumata
AN-000110,ACTE_NAISSANCE,AKPOVI,Flore,1964-04-18,F,0203,LOKONON Bernice
AN-000111,ACTE_NAISSANCE,MENSAH,Rosine Nadège,1981-06-25,F,0604,AHOUANSOU Salamatou
AN-000112,ACTE_NAISSANCE,BIO,Bernice Espérance,1996-05-08,F,1002,KPADONOU Aïcha
AN-000113,ACTE_NAISSANCE,AGBODJAN,Nadège,1990-07-24,F,0905,NOUATIN Estelle
AN-000114,ACTE_NAISSANCE,OSSENI,Gildas,1989-06-17,M,1003,TCHIBOZO Nadège
AN-000115,ACTE_NAISSANCE,TOGBE,Fidèle,1945-08-02,M,0604,CHABI Rosine
PP-000116,PASSEPORT,TOSSOU,Sèmèvo,2010-10-23,F,0505,TCHIBOZO Fatoumata
CC-000117,CARTE_CONSULAIRE,AHOYO,Rachid,1987-08-08,M,1203,AGBODJAN Sylvie
AN-000118,ACTE_NAISSANCE,DANSOU,Flore Mariam,1972-12-31,F,1209,BONI Gisèle
AN-000119,ACTE_NAISSANCE,HOUNGBO,Espérance,1990-02-23,F,0903,ZANNOU Chimène
AN-000120,ACTE_NAISSANCE,OSSENI,Rodrigue,2012-12-04,M,0307,KPADONOU Mariam
PP-000121,PASSEPORT,AGBODJAN,Aïcha Estelle,1991-11-23,F,0209,TCHIBOZO Flore
CC-000122,CARTE_CONSULAIRE,SOSSOU,Prudence,2004-08-14,F,0605,MENSAH Nadège
AN-000123,ACTE_NAISSANCE,YAROU,Carine,2011-04-06,F,0303,LOKONON Ayaba
AN-000124,ACTE_NAISSANCE,MENSAH,Chimène,2000-01-01,F,0906,ADANDE Sylvie
CC-000125,CARTE_CONSULAIRE,ALLADAYE,Fabrice Brice,1970-07-31,M,0204,SAGBO Gisèle
AN-000126,ACTE_NAISSANCE,AHOYO,Yves,1994-08-27,M,1202,AMOUSSOU Rachidatou
AN-000127,ACTE_NAISSANCE,GLELE,Sènami,1997-01-17,F,0406,DOSSOU Sènami
AN-000128,ACTE_NAISSANCE,TOSSOU,Gisèle Bernice,2015-06-02,F,0904,AHOYO Chimène
AN-000129,ACTE_NAISSANCE,TOSSOU,Sènami Salamatou,1958-03-11,F,1003,YAROU Aïcha
AN-000130,ACTE_NAISSANCE,QUENUM,Serge Arnaud,1983-10-11,M,0307,QUENUM Gisèle
AN-000131,ACTE_NAISSANCE,DANSOU,Carine,1989-09-29,F,1104,IDRISSOU Espérance
AN-000132,ACTE_NAISSANCE,HOUNKPATIN,Comlan,1978-04-24,M,1007,AGOSSOU Sènami
AN-000133,ACTE_NAISSANCE,ADANDE,Sèmèvo,2003-09-27,F,0505,SAGBO Sylvie
AN-000134,ACTE_NAISSANCE,KPADONOU,Ghislain,2011-03-10,M,0307,AHOYO Prudence
CC-000135,CARTE_CONSULAIRE,BIO,Bienvenu,1987-07-24,M,1202,MENSAH Nadège
AN-000136,ACTE_NAISSANCE,DOSSOU,Arnaud,2017-11-10,M,0301,SOULEY Mariam
AN-000137,ACTE_NAISSANCE,ALLADAYE,Ibrahim,1977-12-25,M,0302,AGOSSOU Fatoumata
CC-000138,CARTE_CONSULAIRE,DANSOU,Sèmèvo,2010-05-25,F,1007,AGOSSOU Nadège
AN-000139,ACTE_NAISSANCE,KIKI,Rachid,2004-01-04,M,0401,DOSSOU Aïcha
PP-000140,PASSEPORT,GLELE,Prudence Rachidatou,2005-01-16,F,1008,AGBODJAN Sèmèvo
AN-000141,ACTE_NAISSANCE,CHABI,Ghislain,1997-08-13,M,0605,SOSSOU Sèmèvo
AN-000142,ACTE_NAISSANCE,CHABI,Justin,2004-09-08,M,0903,CHABI Mariam
AN-000143,ACTE_NAISSANCE,AHOUANSOU,Judith,2001-06-05,F,1205,GLELE Chimène
CC-000144,CARTE_CONSULAIRE,SOSSOU,Ulrich,2014-05-31,M,1203,KOUKPAKI Gisèle
AN-000145,ACTE_NAISSANCE,AKPOVI,Estelle,1950-08-08,F,0207,MENSAH Salamatou
CC-000146,CARTE_CONSULAIRE,IDRISSOU,Espérance,1970-11-21,F,0206,AMOUSSOU Ayaba
CC-000147,CARTE_CONSULAIRE,KPADONOU,Flore Prudence,2006-03-15,F,0902,ZANNOU Estelle
PP-000148,PASSEPORT,AHOYO,Fidèle Arnaud,2007-06-20,M,0104,VODOUNON Chimène
AN-000149,ACTE_NAISSANCE,AGOSSOU,Rodrigue,1993-06-30,M,1209,TOGBE Aïcha
AN-000150,ACTE_NAISSANCE,AGOSSOU,Estelle,1989-11-08,F,0105,HOUNKPATIN Rachidatou
AN-000151,ACTE_NAISSANCE,KPADONOU,Mahougnon,1989-01-01,M,0403,KPADONOU Espérance
AN-000152,ACTE_NAISSANCE,DANSOU,Moussa,1961-09-29,M,0308,HOUNKPATIN Chimène
AN-000153,ACTE_NAISSANCE,HOUNKPATIN,Nadège,1996-03-30,F,0206,AKPOVI Judith
CC-000154,CARTE_CONSULAIRE,DANSOU,Rodrigue Bienvenu,1998-05-12,M,0201,GBAGUIDI Chimène
AN-000155,ACTE_NAISSANCE,HOUNKPATIN,Fidèle,1980-11-12,M,0404,AKPOVI Aïcha
AN-000156,ACTE_NAISSANCE,TOGBE,Espérance,2005-09-26,F,0401,ALLADAYE Estelle
AN-000157,ACTE_NAISSANCE,SAGBO,Arnaud Ibrahim,2009-04-09,M,0402,DOSSOU Mariam
AN-000158,ACTE_NAISSANCE,BONI,Espérance,1976-10-05,F,0401,AHOUANSOU Salamatou
AN-000159,ACTE_NAISSANCE,LOKONON,Fabrice Yves,2000-04-10,M,0502,VODOUNON Judith
PP-000160,PASSEPORT,VODOUNON,Flore,1955-10-29,F,0208,NOUATIN Sènami
PP-000161,PASSEPORT,AGBODJAN,Chimène Flore,2016-12-15,F,0506,NOUATIN Judith
AN-000162,ACTE_NAISSANCE,TCHIBOZO,Codjo,1985-05-23,M,0604,TOSSOU Espérance
AN-000163,ACTE_NAISSANCE,NOUATIN,Estelle,1996-11-17,F,1007,BONI Sènami
AN-000164,ACTE_NAISSANCE,ADJOVI,Rosine,1990-02-17,F,0209,BIO Nadège
AN-000165,ACTE_NAISSANCE,ADANDE,Aïcha Flore,1986-09-30,F,0801,TOSSOU Flore
AN-000166,ACTE_NAISSANCE,AHOYO,Gisèle,1987-07-05,F,0404,SOULEY Espérance
AN-000167,ACTE_NAISSANCE,CHABI,Flore Rachidatou,1991-12-02,F,0601,AMOUSSOU Carine
AN-000168,ACTE_NAISSANCE,MENSAH,Gildas Codjo,2000-03-28,M,0406,AHOYO Carine
AN-000169,ACTE_NAISSANCE,AHOUANSOU,Fabrice,1975-02-25,M,0701,MENSAH Fatoumata
AN-000170,ACTE_NAISSANCE,AMOUSSOU,Arnaud Moussa,2001-08-29,M,0506,YAROU Estelle
AN-000171,ACTE_NAISSANCE,ADJOVI,Prudence Salamatou,1996-11-02,F,0701,TOSSOU Salamatou
AN-000172,ACTE_NAISSANCE,HOUESSOU,Gisèle,2004-10-19,F,0606,KIKI Nadège
AN-000173,ACTE_NAISSANCE,QUENUM,Romaric,1962-06-11,M,0902,HOUNGBO Rosine
AN-000174,ACTE_NAISSANCE,KPADONOU,Bernice,1998-10-28,F,1105,AHOYO Nadège
AN-000175,ACTE_NAISSANCE,KPADONOU,Judith,1986-04-05,F,1005,DANSOU Rachidatou
AN-000176,ACTE_NAISSANCE,ASSOGBA,Fidèle,1976-08-19,M,0505,HOUNSOU Mariam
CC-000177,CARTE_CONSULAIRE,GLELE,Arnaud,1987-05-13,M,0906,ADANDE Carine
AN-000178,ACTE_NAISSANCE,HOUNGBO,Flore,1972-04-13,F,0404,YAROU Rosine
CC-000179,CARTE_CONSULAIRE,BIO,Brice,1990-06-15,M,1205,CHABI Estelle
CC-000180,CARTE_CONSULAIRE,AGBODJAN,Mariam,2013-03-16,F,0102,SAGBO Carine
AN-000181,ACTE_NAISSANCE,DOSSOU,Mahougnon,1985-08-17,M,0605,DANSOU Estelle
AN-000182,ACTE_NAISSANCE,AHOUANSOU,Rachid,1996-10-29,M,0504,SAGBO Rosine
AN-000183,ACTE_NAISSANCE,ALLADAYE,Aïcha,1986-07-05,F,0307,HOUNKPATIN Chimène
AN-000184,ACTE_NAISSANCE,DOSSOU,Flore Chimène,1997-01-25,F,0308,SOULEY Ayaba
AN-000185,ACTE_NAISSANCE,TOGBE,Codjo,2000-06-14,M,0205,QUENUM Ayaba
PP-000186,PASSEPORT,AGOSSOU,Estelle Fatoumata,1985-07-24,F,0502,HOUESSOU Prudence
CC-000187,CARTE_CONSULAIRE,ZINSOU,Fatoumata,2020-01-02,F,0209,FASSINOU Bernice
CC-000188,CARTE_CONSULAIRE,GLELE,Ghislain,2014-07-13,M,0407,ADANDE Prudence
PP-000189,PASSEPORT,ASSOGBA,Mahougnon,1991-01-26,M,0307,TOGBE Bernice
PP-000190,PASSEPORT,KIKI,Comlan,1998-11-16,M,0206,TOGBE Aïcha
AN-000191,ACTE_NAISSANCE,DANSOU,Codjo,1964-09-05,M,0503,ZINSOU Ayaba
AN-000192,ACTE_NAISSANCE,SAGBO,Ghislain,2018-08-02,M,0602,HOUNGBO Bernice
AN-000193,ACTE_NAISSANCE,ZANNOU,Ibrahim,1985-10-14,M,1008,DOSSOU Judith
AN-000194,ACTE_NAISSANCE,ZANNOU,Espérance Bernice,1991-09-21,F,0206,GLELE Chimène
AN-000195,ACTE_NAISSANCE,ADANDE,Ghislain Justin,2004-08-06,M,0604,IDRISSOU Aïcha
AN-000196,ACTE_NAISSANCE,GBAGUIDI,Prudence Carine,2003-10-26,F,0601,ADANDE Aïcha
AN-000197,ACTE_NAISSANCE,KPADONOU,Judith,2005-04-20,F,0307,GLELE Estelle
AN-000198,ACTE_NAISSANCE,SAGBO,Serge,1972-08-05,M,0504,OSSENI Flore
AN-000199,ACTE_NAISSANCE,HOUNGBO,Brice Fabrice,1999-10-21,M,0405,ZANNOU Sènami
AN-000200,ACTE_NAISSANCE,GBAGUIDI,Ayaba,2016-05-17,F,0506,TCHIBOZO Espérance
AN-000201,ACTE_NAISSANCE,AHOYO,Sèmèvo,1985-10-08,F,0201,ZINSOU Salamatou
AN-000202,ACTE_NAISSANCE,CHABI,Flore,2012-04-10,F,0601,OSSENI Nadège
AN-000203,ACTE_NAISSANCE,TCHIBOZO,Sylvie,2001-02-04,F,0606,VODOUNON Rosine
AN-000204,ACTE_NAISSANCE,KOUKPAKI,Sènami,2004-02-17,F,0207,KPADONOU Rosine
CC-000205,CARTE_CONSULAIRE,CODJIA,Sèmèvo Fatoumata,1966-11-01,F,0904,HOUNGBO Rosine
AN-000206,ACTE_NAISSANCE,ZINSOU,Ayaba,1961-07-15,F,1101,OSSENI Fatoumata
PP-000207,PASSEPORT,KOUKPAKI,Judith Gisèle,2003-09-04,F,0506,CHABI Chimène
AN-000208,ACTE_NAISSANCE,DANSOU,Ayaba,1942-03-30,F,0306,ADJOVI Ayaba
AN-000209,ACTE_NAISSANCE,HOUNKPATIN,Ghislain,2024-02-04,M,0603,TCHIBOZO Judith
AN-000210,ACTE_NAISSANCE,AKPOVI,Brice,1987-07-24,M,0208,SAGBO Estelle
AN-000211,ACTE_NAISSANCE,GBAGUIDI,Rachid Arnaud,1986-01-06,M,0104,HOUESSOU Gisèle
AN-000212,ACTE_NAISSANCE,AGOSSOU,Moussa,2007-05-10,M,0308,FASSINOU Rosine
AN-000213,ACTE_NAISSANCE,SOULEY,Bernice Judith,1951-03-25,F,0406,DANSOU Ayaba
AN-000214,ACTE_NAISSANCE,ASSOGBA,Rachidatou,1968-04-17,F,0402,YAROU Chimène
AN-000215,ACTE_NAISSANCE,AKPOVI,Codjo,1983-02-06,M,0701,LOKONON Nadège
AN-000216,ACTE_NAISSANCE,CODJIA,Sylvie,2005-02-18,F,0407,AMOUSSOU Gisèle
AN-000217,ACTE_NAISSANCE,DOSSOU,Judith Aïcha,1991-05-06,F,0601,AKPOVI Judith
AN-000218,ACTE_NAISSANCE,SOSSOU,Ibrahim Mahougnon,1971-01-18,M,1004,SOSSOU Aïcha
AN-000219,ACTE_NAISSANCE,KIKI,Rachidatou,2000-10-17,F,0906,AMOUSSOU Sènami
AN-000220,ACTE_NAISSANCE,HOUNGBO,Brice,1989-11-24,M,0405,IDRISSOU Carine
AN-000221,ACTE_NAISSANCE,YAROU,Fatoumata,2004-12-24,F,0704,DANSOU Gisèle
PP-000222,PASSEPORT,AGOSSOU,Nadège Estelle,1981-06-13,F,0601,KPADONOU Estelle
AN-000223,ACTE_NAISSANCE,AGBODJAN,Gildas,2004-11-21,M,0101,KPADONOU Estelle
AN-000224,ACTE_NAISSANCE,ADJOVI,Aïcha,1948-09-05,F,0301,DANSOU Judith
AN-000225,ACTE_NAISSANCE,KOUKPAKI,Flore Espérance,2000-06-24,F,0307,AHOYO Rachidatou
AN-000226,ACTE_NAISSANCE,VODOUNON,Moussa Brice,1986-06-12,M,1003,ZANNOU Mariam
AN-000227,ACTE_NAISSANCE,TCHIBOZO,Arnaud,1995-08-14,M,0202,ADANDE Mariam
AN-000228,ACTE_NAISSANCE,BIO,Chimène Ayaba,1990-10-14,F,1205,ASSOGBA Carine
AN-000229,ACTE_NAISSANCE,AGOSSOU,Rosine,1992-07-04,F,0801,BIO Rosine
AN-000230,ACTE_NAISSANCE,YAROU,Sèmèvo,1996-09-18,F,0801,ALLADAYE Sèmèvo
AN-000231,ACTE_NAISSANCE,TOSSOU,Judith,1966-04-28,F,1207,NOUATIN Nadège
AN-000232,ACTE_NAISSANCE,AGOSSOU,Sènami,2011-08-31,F,1207,CODJIA Fatoumata
AN-000233,ACTE_NAISSANCE,HOUNSOU,Arnaud,2011-07-02,M,0106,YAROU Sèmèvo
AN-000234,ACTE_NAISSANCE,OSSENI,Brice,1998-08-22,M,0306,HOUNKPATIN Nadège
AN-000235,ACTE_NAISSANCE,LOKONON,Sèmèvo,2006-03-04,F,0604,OSSENI Carine
AN-000236,ACTE_NAISSANCE,CHABI,Estelle,1990-07-06,F,1104,GLELE Rachidatou
AN-000237,ACTE_NAISSANCE,KOUKPAKI,Gisèle,1938-11-29,F,1209,MENSAH Sèmèvo
CC-000238,CARTE_CONSULAIRE,TOSSOU,Ibrahim Arnaud,2006-09-17,M,0601,AGOSSOU Salamatou
AN-000239,ACTE_NAISSANCE,DANSOU,Comlan,1988-11-20,M,0905,ADJOVI Nadège
CC-000240,CARTE_CONSULAIRE,AKPOVI,Rachid,2003-07-14,M,1008,CODJIA Carine
AN-000241,ACTE_NAISSANCE,AMOUSSOU,Romaric,1997-04-22,M,1103,KPADONOU Sènami
AN-000242,ACTE_NAISSANCE,BIO,Rodrigue Ulrich,1963-07-20,M,0501,AGBODJAN Gisèle
AN-000243,ACTE_NAISSANCE,AHOUANSOU,Aïcha,1975-03-06,F,1203,DOSSOU Fatoumata
AN-000244,ACTE_NAISSANCE,YAROU,Salamatou,1980-02-01,F,1205,HOUNKPATIN Salamatou
CC-000245,CARTE_CONSULAIRE,TCHIBOZO,Ulrich,1980-10-24,M,0305,QUENUM Chimène
AN-000246,ACTE_NAISSANCE,LOKONON,Ibrahim,1976-03-19,M,1103,FASSINOU Carine
AN-000247,ACTE_NAISSANCE,TCHIBOZO,Mahougnon Ghislain,1975-09-10,M,0101,OSSENI Nadège
AN-000248,ACTE_NAISSANCE,CODJIA,Gildas,1981-09-05,M,0105,CODJIA Chimène
CC-000249,CARTE_CONSULAIRE,ZANNOU,Sènami,1955-01-13,F,0407,LOKONON Mariam
AN-000250,ACTE_NAISSANCE,KPADONOU,Fidèle,1980-05-12,M,1104,CODJIA Mariam
AN-000251,ACTE_NAISSANCE,TOSSOU,Aïcha,2020-10-02,F,1208,AHOYO Estelle
AN-000252,ACTE_NAISSANCE,SOSSOU,Gildas,2004-12-24,M,0208,CHABI Fatoumata
PP-000253,PASSEPORT,HOUNGBO,Gisèle,2001-02-24,F,1206,ASSOGBA Carine
PP-000254,PASSEPORT,TCHIBOZO,Justin Brice,1971-07-10,M,1005,OSSENI Fatoumata
PP-000255,PASSEPORT,AHOYO,Bernice Ayaba,1972-05-20,F,1105,YAROU Salamatou
AN-000256,ACTE_NAISSANCE,KOUKPAKI,Mariam,1999-10-17,F,1207,BIO Sènami
CC-000257,CARTE_CONSULAIRE,YAROU,Moussa,1977-07-09,M,1006,QUENUM Ayaba
AN-000258,ACTE_NAISSANCE,FASSINOU,Fatoumata,1998-12-05,F,1205,AHOUANSOU Aïcha
PP-000259,PASSEPORT,ADANDE,Gisèle,1976-05-07,F,1008,ADANDE Sènami
AN-000260,ACTE_NAISSANCE,SOSSOU,Ghislain,1986-11-11,M,0209,ALLADAYE Espérance
AN-000261,ACTE_NAISSANCE,BONI,Romaric,2003-04-30,M,1206,ALLADAYE Ayaba
AN-000262,ACTE_NAISSANCE,HOUNSOU,Prudence,1963-01-31,F,1103,IDRISSOU Judith
AN-000263,ACTE_NAISSANCE,CHABI,Rodrigue,1999-07-16,M,0704,ALLADAYE Espérance
AN-000264,ACTE_NAISSANCE,KOUKPAKI,Codjo Mahougnon,1998-02-14,M,1203,HOUESSOU Aïcha
AN-000265,ACTE_NAISSANCE,ZINSOU,Ghislain Fabrice,1984-04-24,M,0504,TOGBE Salamatou
AN-000266,ACTE_NAISSANCE,IDRISSOU,Arnaud,2000-03-14,M,1206,KPADONOU Rachidatou
AN-000267,ACTE_NAISSANCE,GBAGUIDI,Bienvenu,1994-03-28,M,0205,HOUNSOU Prudence
AN-000268,ACTE_NAISSANCE,IDRISSOU,Nadège,2016-09-08,F,0601,ADJOVI Rachidatou
CC-000269,CARTE_CONSULAIRE,TOGBE,Rachidatou Flore,1998-09-11,F,0801,ADJOVI Carine
AN-000270,ACTE_NAISSANCE,HOUNSOU,Rosine,1997-04-01,F,0605,SOSSOU Espérance
AN-000271,ACTE_NAISSANCE,BIO,Fidèle,2012-05-25,M,0401,DANSOU Prudence
AN-000272,ACTE_NAISSANCE,KPADONOU,Espérance,2004-04-23,F,0301,CHABI Rachidatou
AN-000273,ACTE_NAISSANCE,GBAGUIDI,Fabrice,1965-06-22,M,0405,FASSINOU Aïcha
PP-000274,PASSEPORT,NOUATIN,Carine,1957-12-03,F,1207,TOSSOU Ayaba
PP-000275,PASSEPORT,AMOUSSOU,Mariam Flore,2018-11-07,F,0902,BIO Sèmèvo
PP-000276,PASSEPORT,GBAGUIDI,Mahougnon Justin,1973-10-04,M,1003,ASSOGBA Sylvie
CC-000277,CARTE_CONSULAIRE,AHOUANSOU,Ayaba,1985-04-29,F,1003,AGBODJAN Espérance
AN-000278,ACTE_NAISSANCE,TOSSOU,Mahougnon Bienvenu,2009-03-10,M,0904,BIO Estelle
AN-000279,ACTE_NAISSANCE,SOSSOU,Fatoumata,1988-03-11,F,0503,ASSOGBA Estelle
AN-000280,ACTE_NAISSANCE,SOULEY,Espérance,1991-07-19,F,0206,DANSOU Gisèle
AN-000281,ACTE_NAISSANCE,AHOYO,Brice Bienvenu,1954-09-29,M,0308,KPADONOU Rachidatou
AN-000282,ACTE_NAISSANCE,SAGBO,Sènami,1978-03-17,F,0209,FASSINOU Carine
AN-000283,ACTE_NAISSANCE,KIKI,Chimène,2004-12-17,F,0408,KOUKPAKI Ayaba
PP-000284,PASSEPORT,ALLADAYE,Fatoumata Rosine,1975-07-24,F,0104,AHOUANSOU Bernice
PP-000285,PASSEPORT,ZANNOU,Bienvenu,1967-11-10,M,0301,ASSOGBA Fatoumata
CC-000286,CARTE_CONSULAIRE,AGBODJAN,Sènami,1987-03-28,F,0203,ALLADAYE Chimène
AN-000287,ACTE_NAISSANCE,TOSSOU,Gildas,1972-06-15,M,0906,MENSAH Rosine
AN-000288,ACTE_NAISSANCE,GBAGUIDI,Sylvie Bernice,1958-09-13,F,1101,OSSENI Carine
CC-000289,CARTE_CONSULAIRE,ASSOGBA,Koffi Gildas,2010-02-28,M,0106,KOUKPAKI Sènami
CC-000290,CARTE_CONSULAIRE,LOKONON,Justin Ulrich,1993-01-05,M,0902,TCHIBOZO Prudence
AN-000291,ACTE_NAISSANCE,ADJOVI,Yves,2015-12-06,M,0906,KPADONOU Bernice
AN-000292,ACTE_NAISSANCE,AGOSSOU,Moussa Rodrigue,1959-07-18,M,0801,HOUNGBO Gisèle
PP-000293,PASSEPORT,AGOSSOU,Rodrigue,2017-10-02,M,1002,GBAGUIDI Rosine
AN-000294,ACTE_NAISSANCE,ADANDE,Codjo,1991-07-10,M,1209,HOUNKPATIN Rosine
AN-000295,ACTE_NAISSANCE,ADJOVI,Mariam,1993-01-27,F,1101,SOULEY Espérance
AN-000296,ACTE_NAISSANCE,AKPOVI,Yves Fidèle,2003-03-29,M,0103,HOUESSOU Estelle
AN-000297,ACTE_NAISSANCE,KPADONOU,Romaric,1990-08-25,M,1203,AGBODJAN Sèmèvo
AN-000298,ACTE_NAISSANCE,SAGBO,Chimène,2002-04-02,F,0403,IDRISSOU Sènami
AN-000299,ACTE_NAISSANCE,SOSSOU,Estelle,1955-06-09,F,1009,QUENUM Aïcha
AN-000300,ACTE_NAISSANCE,ADANDE,Fatoumata,1989-07-31,F,0207,GLELE Sylvie
AN-000301,ACTE_NAISSANCE,SOSSOU,Rachid Koffi,2005-10-03,M,0204,CODJIA Sylvie
AN-000302,ACTE_NAISSANCE,ZANNOU,Espérance Fatoumata,1944-01-27,F,0202,OSSENI Salamatou
CC-000303,CARTE_CONSULAIRE,HOUNSOU,Arnaud,1971-08-06,M,1005,ALLADAYE Fatoumata
CC-000304,CARTE_CONSULAIRE,MENSAH,Rachid,1948-01-12,M,0902,IDRISSOU Fatoumata
AN-000305,ACTE_NAISSANCE,MENSAH,Gildas Ulrich,1988-02-28,M,1009,VODOUNON Espérance
AN-000306,ACTE_NAISSANCE,TOGBE,Mariam,1947-09-21,F,0102,AGOSSOU Bernice
AN-000307,ACTE_NAISSANCE,TOSSOU,Sylvie,1949-12-15,F,0104,AHOYO Prudence
PP-000308,PASSEPORT,SOSSOU,Sènami,2017-02-24,F,0304,DANSOU Sèmèvo
AN-000309,ACTE_NAISSANCE,SOULEY,Ayaba,1972-11-05,F,0307,FASSINOU Bernice
CC-000310,CARTE_CONSULAIRE,NOUATIN,Justin,1987-03-05,M,1205,TCHIBOZO Sènami
PP-000311,PASSEPORT,LOKONON,Prudence,1997-06-10,F,1105,ZANNOU Fatoumata
AN-000312,ACTE_NAISSANCE,TOSSOU,Carine Gisèle,1999-05-16,F,0801,HOUNKPATIN Judith
AN-000313,ACTE_NAISSANCE,AHOYO,Fabrice,1984-07-16,M,1202,BONI Estelle
AN-000314,ACTE_NAISSANCE,OSSENI,Sèmèvo,1947-11-13,F,0205,HOUESSOU Sènami
AN-000315,ACTE_NAISSANCE,KIKI,Salamatou Nadège,1984-03-06,F,1004,AKPOVI Fatoumata
AN-000316,ACTE_NAISSANCE,YAROU,Bienvenu,1978-03-25,M,0904,AGOSSOU Rosine
PP-000317,PASSEPORT,TCHIBOZO,Sènami,1999-09-30,F,0302,MENSAH Sèmèvo
AN-000318,ACTE_NAISSANCE,ZINSOU,Fidèle,2012-06-21,M,0301,HOUNGBO Nadège
AN-000319,ACTE_NAISSANCE,ADANDE,Rachid,2009-05-30,M,1102,ZANNOU Sèmèvo
AN-000320,ACTE_NAISSANCE,ZANNOU,Estelle,1990-10-29,F,0307,GBAGUIDI Rosine
AN-000321,ACTE_NAISSANCE,ZINSOU,Sèmèvo,1974-10-11,F,0305,ZANNOU Salamatou
CC-000322,CARTE_CONSULAIRE,SOSSOU,Fidèle,1989-03-30,M,0703,NOUATIN Judith
PP-000323,PASSEPORT,KOUKPAKI,Yves,1973-03-01,M,0102,AHOYO Fatoumata
CC-000324,CARTE_CONSULAIRE,HOUNKPATIN,Rachid Comlan,1961-02-20,M,1207,QUENUM Bernice
AN-000325,ACTE_NAISSANCE,AHOYO,Rosine Sèmèvo,1991-08-07,F,0604,DOSSOU Fatoumata
AN-000326,ACTE_NAISSANCE,YAROU,Chimène,2004-02-19,F,1203,TOGBE Flore
CC-000327,CARTE_CONSULAIRE,KOUKPAKI,Ibrahim,1998-12-06,M,0605,AHOUANSOU Judith
AN-000328,ACTE_NAISSANCE,AKPOVI,Brice,1972-03-25,M,0206,KPADONOU Sèmèvo
AN-000329,ACTE_NAISSANCE,CHABI,Arnaud,1994-01-28,M,1201,YAROU Sènami
AN-000330,ACTE_NAISSANCE,OSSENI,Chimène,1947-02-21,F,1007,CHABI Rosine
AN-000331,ACTE_NAISSANCE,BIO,Ayaba,2010-11-19,F,0503,CHABI Gisèle
AN-000332,ACTE_NAISSANCE,ALLADAYE,Bernice,1968-07-27,F,1203,AKPOVI Flore
AN-000333,ACTE_NAISSANCE,AKPOVI,Carine,1999-05-13,F,0402,DOSSOU Prudence
AN-000334,ACTE_NAISSANCE,HOUNSOU,Fatoumata,2011-08-12,F,1001,BIO Nadège
AN-000335,ACTE_NAISSANCE,GLELE,Ghislain,2007-08-17,M,1008,HOUNGBO Chimène
AN-000336,ACTE_NAISSANCE,AHOUANSOU,Espérance Aïcha,2009-10-14,F,1209,ZANNOU Sèmèvo
AN-000337,ACTE_NAISSANCE,ADANDE,Bernice Aïcha,1945-03-08,F,0702,VODOUNON Prudence
AN-000338,ACTE_NAISSANCE,ADANDE,Gildas,1982-05-07,M,0901,KOUKPAKI Prudence
CC-000339,CARTE_CONSULAIRE,BONI,Judith,1948-07-22,F,1103,CODJIA Mariam
AN-000340,ACTE_NAISSANCE,KIKI,Mahougnon,1953-11-09,M,0401,SOULEY Rachidatou
PP-000341,PASSEPORT,ALLADAYE,Flore Nadège,1975-08-08,F,0606,DANSOU Judith
AN-000342,ACTE_NAISSANCE,ASSOGBA,Carine,2015-06-23,F,1101,AMOUSSOU Carine
CC-000343,CARTE_CONSULAIRE,YAROU,Rosine,1985-02-22,F,0703,AGOSSOU Sènami
AN-000344,ACTE_NAISSANCE,GBAGUIDI,Bienvenu,1993-10-04,M,0606,HOUNKPATIN Sènami
AN-000345,ACTE_NAISSANCE,DANSOU,Rachidatou Prudence,1951-09-17,F,0501,CHABI Ayaba
AN-000346,ACTE_NAISSANCE,ADANDE,Rachid,2005-10-01,M,0502,HOUNSOU Espérance
PP-000347,PASSEPORT,VODOUNON,Sylvie,2012-11-07,F,0703,LOKONON Mariam
AN-000348,ACTE_NAISSANCE,SAGBO,Ayaba Gisèle,1995-12-04,F,0601,AHOYO Flore
PP-000349,PASSEPORT,VODOUNON,Gisèle,2001-12-16,F,0601,AGBODJAN Espérance
AN-000350,ACTE_NAISSANCE,KOUKPAKI,Estelle,1990-03-06,F,0307,YAROU Carine
AN-000351,ACTE_NAISSANCE,ADANDE,Salamatou,1982-09-23,F,0105,HOUNGBO Flore
AN-000352,ACTE_NAISSANCE,QUENUM,Arnaud,1970-10-30,M,1004,QUENUM Rachidatou
AN-000353,ACTE_NAISSANCE,KPADONOU,Aïcha,2017-04-13,F,0903,IDRISSOU Espérance
AN-000354,ACTE_NAISSANCE,AMOUSSOU,Ghislain Ulrich,1947-10-12,M,0703,VODOUNON Carine
PP-000355,PASSEPORT,YAROU,Mahougnon Moussa,1984-11-08,M,1007,YAROU Mariam
CC-000356,CARTE_CONSULAIRE,AGOSSOU,Ibrahim,1949-04-23,M,1201,KPADONOU Sènami
PP-000357,PASSEPORT,ADJOVI,Codjo Rodrigue,1980-07-28,M,0307,SOULEY Aïcha
AN-000358,ACTE_NAISSANCE,NOUATIN,Fabrice Ghislain,1972-06-09,M,0601,CHABI Bernice
PP-000359,PASSEPORT,AKPOVI,Estelle Carine,1996-09-21,F,0301,HOUNKPATIN Sèmèvo
AN-000360,ACTE_NAISSANCE,TOSSOU,Aïcha,1957-09-11,F,0903,HOUNGBO Estelle
AN-000361,ACTE_NAISSANCE,ADANDE,Ayaba,2007-01-25,F,0203,CHABI Flore
AN-000362,ACTE_NAISSANCE,KIKI,Rosine Salamatou,2008-10-11,F,1002,HOUNSOU Mariam
AN-000363,ACTE_NAISSANCE,KPADONOU,Comlan,1977-03-16,M,0901,TOSSOU Ayaba
AN-000364,ACTE_NAISSANCE,HOUESSOU,Moussa,1970-02-15,M,0503,VODOUNON Estelle
AN-000365,ACTE_NAISSANCE,ADJOVI,Rachidatou,1994-01-25,F,0304,TOGBE Carine
PP-000366,PASSEPORT,ZINSOU,Sylvie,1984-07-13,F,0209,TOGBE Flore
AN-000367,ACTE_NAISSANCE,HOUNSOU,Yves,1968-06-23,M,0402,SAGBO Sèmèvo
PP-000368,PASSEPORT,ZANNOU,Justin,1963-12-27,M,1205,DOSSOU Estelle
CC-000369,CARTE_CONSULAIRE,ADJOVI,Brice,1990-12-03,M,0208,YAROU Estelle
CC-000370,CARTE_CONSULAIRE,TCHIBOZO,Carine Salamatou,1955-09-25,F,1208,ZINSOU Rachidatou
AN-000371,ACTE_NAISSANCE,BIO,Aïcha,1978-12-11,F,1207,TOGBE Judith
AN-000372,ACTE_NAISSANCE,SOSSOU,Romaric Moussa,1981-07-31,M,0901,NOUATIN Estelle
AN-000373,ACTE_NAISSANCE,ZINSOU,Romaric Fabrice,1978-07-29,M,0304,ALLADAYE Aïcha
AN-000374,ACTE_NAISSANCE,AGOSSOU,Brice,2014-11-27,M,0801,ZANNOU Judith
CC-000375,CARTE_CONSULAIRE,YAROU,Koffi,1975-02-13,M,0408,ALLADAYE Sènami
AN-000376,ACTE_NAISSANCE,KIKI,Chimène Espérance,2000-12-05,F,1104,TCHIBOZO Salamatou
CC-000377,CARTE_CONSULAIRE,ZANNOU,Moussa,1967-10-02,M,0605,KOUKPAKI Sèmèvo
AN-000378,ACTE_NAISSANCE,BONI,Bernice Espérance,1996-08-29,F,1102,ALLADAYE Ayaba
PP-000379,PASSEPORT,TCHIBOZO,Codjo Romaric,1989-07-22,M,0306,HOUNKPATIN Fatoumata
AN-000380,ACTE_NAISSANCE,MENSAH,Brice,1977-02-10,M,1105,ZANNOU Sylvie
CC-000381,CARTE_CONSULAIRE,MENSAH,Fabrice,1985-11-23,M,0703,AMOUSSOU Salamatou
AN-000382,ACTE_NAISSANCE,SOULEY,Mariam Ayaba,2002-01-30,F,1209,QUENUM Nadège
AN-000383,ACTE_NAISSANCE,HOUNKPATIN,Ulrich,1971-08-03,M,1204,LOKONON Espérance
AN-000384,ACTE_NAISSANCE,LOKONON,Serge,2017-01-08,M,0207,AGBODJAN Ayaba
AN-000385,ACTE_NAISSANCE,TOSSOU,Carine Sènami,1986-05-06,F,0105,AKPOVI Mariam
AN-000386,ACTE_NAISSANCE,FASSINOU,Ayaba,2004-03-09,F,0101,BIO Ayaba
AN-000387,ACTE_NAISSANCE,SAGBO,Sèmèvo,2003-10-16,F,1007,ADJOVI Nadège
AN-000388,ACTE_NAISSANCE,FASSINOU,Espérance Nadège,2007-04-29,F,0204,HOUNKPATIN Prudence
AN-000389,ACTE_NAISSANCE,HOUESSOU,Bernice,1959-01-29,F,0205,YAROU Judith
AN-000390,ACTE_NAISSANCE,YAROU,Mariam,1970-10-14,F,1208,SOSSOU Rachidatou
AN-000391,ACTE_NAISSANCE,YAROU,Justin,2018-04-14,M,0506,AHOUANSOU Ayaba
AN-000392,ACTE_NAISSANCE,DANSOU,Bienvenu Rachid,2009-10-09,M,0101,MENSAH Bernice
AN-000393,ACTE_NAISSANCE,SOULEY,Bienvenu,1989-07-26,M,0402,AHOYO Aïcha
PP-000394,PASSEPORT,HOUNSOU,Espérance,1966-03-03,F,1004,YAROU Rosine
AN-000395,ACTE_NAISSANCE,TOSSOU,Justin,1966-10-25,M,0901,BONI Fatoumata
AN-000396,ACTE_NAISSANCE,IDRISSOU,Ibrahim,1997-01-19,M,0606,HOUESSOU Rosine
PP-000397,PASSEPORT,BIO,Ibrahim,1963-10-25,M,0404,SOULEY Prudence
AN-000398,ACTE_NAISSANCE,YAROU,Ayaba,2008-07-29,F,0604,CODJIA Mariam
AN-000399,ACTE_NAISSANCE,HOUNKPATIN,Judith,2003-09-18,F,0701,GLELE Estelle
AN-000400,ACTE_NAISSANCE,HOUESSOU,Salamatou Carine,1975-12-27,F,0801,TOGBE Carine
PP-000401,PASSEPORT,ADANDE,Serge,1965-02-19,M,0305,CHABI Sylvie
AN-000402,ACTE_NAISSANCE,DOSSOU,Sènami Aïcha,1979-09-26,F,0303,QUENUM Bernice
PP-000403,PASSEPORT,HOUESSOU,Espérance,1987-02-12,F,0204,SAGBO Fatoumata
AN-000404,ACTE_NAISSANCE,NOUATIN,Moussa Fabrice,1971-10-03,M,1202,DANSOU Mariam
PP-000405,PASSEPORT,HOUNSOU,Ibrahim Arnaud,2005-05-25,M,0204,HOUNGBO Ayaba
AN-000406,ACTE_NAISSANCE,BIO,Comlan,2001-12-25,M,0901,KOUKPAKI Prudence
AN-000407,ACTE_NAISSANCE,MENSAH,Serge Fabrice,1974-09-15,M,1203,TOGBE Sylvie
PP-000408,PASSEPORT,TOGBE,Ayaba,1954-09-22,F,0902,TCHIBOZO Prudence
AN-000409,ACTE_NAISSANCE,BONI,Prudence,2003-03-09,F,1008,ZANNOU Espérance
AN-000410,ACTE_NAISSANCE,LOKONON,Chimène,2003-03-06,F,0402,TCHIBOZO Fatoumata
AN-000411,ACTE_NAISSANCE,CODJIA,Carine,1966-02-02,F,1009,TCHIBOZO Rachidatou
AN-000412,ACTE_NAISSANCE,ZANNOU,Rachid,1995-09-18,M,0102,ZANNOU Judith
AN-000413,ACTE_NAISSANCE,HOUESSOU,Salamatou,1984-12-20,F,0406,HOUNSOU Prudence
AN-000414,ACTE_NAISSANCE,QUENUM,Ghislain Moussa,2002-01-03,M,1104,ZANNOU Prudence
AN-000415,ACTE_NAISSANCE,KPADONOU,Fatoumata,2007-03-08,F,0302,DANSOU Chimène
CC-000416,CARTE_CONSULAIRE,ZINSOU,Judith,1992-07-14,F,0902,HOUNKPATIN Judith
AN-000417,ACTE_NAISSANCE,HOUESSOU,Judith,1985-12-13,F,0506,KIKI Rachidatou
CC-000418,CARTE_CONSULAIRE,GLELE,Yves,1997-07-28,M,0403,CHABI Rosine
AN-000419,ACTE_NAISSANCE,FASSINOU,Moussa,1995-06-03,M,0904,AMOUSSOU Rachidatou
AN-000420,ACTE_NAISSANCE,HOUNKPATIN,Fatoumata,1975-06-12,F,0408,CODJIA Mariam
AN-000421,ACTE_NAISSANCE,AGOSSOU,Aïcha,1955-07-29,F,0106,BONI Chimène
PP-000422,PASSEPORT,SAGBO,Comlan Ibrahim,1986-09-17,M,1101,ASSOGBA Fatoumata
AN-000423,ACTE_NAISSANCE,KIKI,Fabrice,2009-01-28,M,1102,DANSOU Rosine
AN-000424,ACTE_NAISSANCE,KOUKPAKI,Mariam,2008-10-28,F,0408,YAROU Nadège
AN-000425,ACTE_NAISSANCE,AGBODJAN,Flore,1964-10-13,F,0307,SOSSOU Mariam
PP-000426,PASSEPORT,KOUKPAKI,Gildas Codjo,1990-05-25,M,1002,CHABI Aïcha
PP-000427,PASSEPORT,HOUNKPATIN,Sèmèvo,1981-11-20,F,0504,KIKI Carine
AN-000428,ACTE_NAISSANCE,ADJOVI,Gildas Ghislain,1991-02-11,M,1202,TCHIBOZO Salamatou
PP-000429,PASSEPORT,HOUNKPATIN,Brice,1988-06-05,M,0702,AMOUSSOU Sèmèvo
PP-000430,PASSEPORT,AHOUANSOU,Gildas,2015-01-10,M,0906,TCHIBOZO Judith
AN-000431,ACTE_NAISSANCE,DANSOU,Sèmèvo,2011-02-15,F,0202,IDRISSOU Judith
AN-000432,ACTE_NAISSANCE,LOKONON,Prudence Mariam,2014-01-02,F,0302,BONI Judith
AN-000433,ACTE_NAISSANCE,AHOYO,Mariam Sèmèvo,1988-06-19,F,0408,VODOUNON Aïcha
AN-000434,ACTE_NAISSANCE,ASSOGBA,Fatoumata Gisèle,1999-08-19,F,0504,KPADONOU Mariam
AN-000435,ACTE_NAISSANCE,ADANDE,Ibrahim,1978-07-08,M,0601,DANSOU Fatoumata
PP-000436,PASSEPORT,ALLADAYE,Gisèle Aïcha,1941-10-31,F,0208,CHABI Mariam
AN-000437,ACTE_NAISSANCE,ZANNOU,Salamatou,1984-02-05,F,0601,VODOUNON Mariam
PP-000438,PASSEPORT,ALLADAYE,Yves,1967-10-31,M,0404,AKPOVI Gisèle
AN-000439,ACTE_NAISSANCE,HOUNSOU,Koffi,1984-12-24,M,0703,TOGBE Flore
CC-000440,CARTE_CONSULAIRE,YAROU,Carine,1984-07-01,F,0203,KOUKPAKI Ayaba
PP-000441,PASSEPORT,IDRISSOU,Rachid,1996-01-30,M,1204,VODOUNON Flore
AN-000442,ACTE_NAISSANCE,DOSSOU,Sèmèvo Rosine,1993-03-24,F,1008,CHABI Prudence
AN-000443,ACTE_NAISSANCE,HOUNSOU,Gisèle Estelle,1967-03-18,F,0305,DOSSOU Rachidatou
AN-000444,ACTE_NAISSANCE,KPADONOU,Ayaba,2005-12-09,F,0603,TCHIBOZO Bernice
AN-000445,ACTE_NAISSANCE,ZINSOU,Comlan,1956-01-14,M,0606,ADANDE Espérance
CC-000446,CARTE_CONSULAIRE,ZANNOU,Nadège Rosine,1968-01-05,F,0301,AMOUSSOU Mariam
AN-000447,ACTE_NAISSANCE,FASSINOU,Mariam,1990-03-24,F,0105,GLELE Nadège
AN-000448,ACTE_NAISSANCE,ASSOGBA,Prudence,1982-02-11,F,1102,QUENUM Chimène
AN-000449,ACTE_NAISSANCE,VODOUNON,Rachid,1977-09-16,M,1003,KPADONOU Sènami
AN-000450,ACTE_NAISSANCE,HOUNKPATIN,Espérance Mariam,1987-12-11,F,0301,AGOSSOU Estelle
PP-000451,PASSEPORT,ZANNOU,Codjo,1993-07-26,M,0407,LOKONON Nadège
AN-000452,ACTE_NAISSANCE,AGBODJAN,Chimène,1982-11-13,F,1207,HOUNSOU Ayaba
AN-000453,ACTE_NAISSANCE,DOSSOU,Brice,2005-05-11,M,1002,KPADONOU Sèmèvo
AN-000454,ACTE_NAISSANCE,KIKI,Espérance,2000-02-12,F,0204,AGBODJAN Prudence
CC-000455,CARTE_CONSULAIRE,ADJOVI,Rodrigue Ulrich,2016-01-07,M,1103,TOSSOU Judith
PP-000456,PASSEPORT,ZANNOU,Fidèle,2010-10-05,M,1206,QUENUM Nadège
AN-000457,ACTE_NAISSANCE,CHABI,Comlan,2007-04-07,M,0304,CODJIA Fatoumata
AN-000458,ACTE_NAISSANCE,ADJOVI,Rachidatou,1976-05-22,F,0603,SOULEY Nadège
PP-000459,PASSEPORT,HOUNGBO,Ulrich,1963-05-22,M,1104,ASSOGBA Prudence
AN-000460,ACTE_NAISSANCE,SOSSOU,Moussa,1994-03-07,M,0701,AKPOVI Estelle
CC-000461,CARTE_CONSULAIRE,CODJIA,Justin Serge,1976-01-22,M,1205,FASSINOU Fatoumata
PP-000462,PASSEPORT,DOSSOU,Ibrahim,2013-12-09,M,0903,IDRISSOU Mariam
AN-000463,ACTE_NAISSANCE,CODJIA,Bienvenu,2003-03-16,M,0502,CODJIA Espérance
PP-000464,PASSEPORT,ZINSOU,Justin,2005-05-11,M,0401,QUENUM Bernice
AN-000465,ACTE_NAISSANCE,ALLADAYE,Mahougnon,1994-11-03,M,0303,ZANNOU Rosine
AN-000466,ACTE_NAISSANCE,KPADONOU,Judith,1989-11-20,F,0906,QUENUM Espérance
AN-000467,ACTE_NAISSANCE,FASSINOU,Ghislain Yves,2003-01-24,M,1005,AHOUANSOU Gisèle
AN-000468,ACTE_NAISSANCE,ZINSOU,Romaric,1992-12-21,M,0604,QUENUM Ayaba
AN-000469,ACTE_NAISSANCE,TCHIBOZO,Sènami Rachidatou,1976-11-15,F,0401,BIO Salamatou
AN-000470,ACTE_NAISSANCE,TOSSOU,Flore Estelle,2005-12-03,F,0904,HOUESSOU Judith
AN-000471,ACTE_NAISSANCE,IDRISSOU,Gisèle,1949-11-14,F,0203,GBAGUIDI Rosine
AN-000472,ACTE_NAISSANCE,ZANNOU,Gildas,2000-12-01,M,1102,HOUNKPATIN Sylvie
AN-000473,ACTE_NAISSANCE,MENSAH,Ibrahim Brice,2005-10-19,M,0503,AGBODJAN Judith
AN-000474,ACTE_NAISSANCE,KIKI,Sylvie,1969-04-25,F,0404,FASSINOU Rosine
AN-000475,ACTE_NAISSANCE,BONI,Ghislain,1974-09-15,M,0906,HOUNSOU Bernice
AN-000476,ACTE_NAISSANCE,KOUKPAKI,Comlan,1998-12-11,M,1001,ZANNOU Carine
CC-000477,CARTE_CONSULAIRE,LOKONON,Judith,2013-11-28,F,0404,SOULEY Fatoumata
AN-000478,ACTE_NAISSANCE,IDRISSOU,Estelle,2009-08-22,F,0801,DANSOU Sènami
AN-000479,ACTE_NAISSANCE,SOSSOU,Prudence,1998-11-26,F,0101,AHOUANSOU Rachidatou
AN-000480,ACTE_NAISSANCE,KOUKPAKI,Aïcha Rachidatou,1992-01-09,F,0406,SOSSOU Sèmèvo
AN-000481,ACTE_NAISSANCE,ZINSOU,Serge,2003-12-14,M,0103,BIO Judith
AN-000482,ACTE_NAISSANCE,HOUNGBO,Rosine Chimène,2000-09-09,F,0209,AMOUSSOU Sènami
AN-000483,ACTE_NAISSANCE,SOSSOU,Romaric,2007-02-28,M,0704,CHABI Chimène
AN-000484,ACTE_NAISSANCE,AGBODJAN,Aïcha,1951-08-15,F,0503,CODJIA Espérance
AN-000485,ACTE_NAISSANCE,AKPOVI,Aïcha,2013-02-27,F,0106,AGOSSOU Mariam
PP-000486,PASSEPORT,AHOUANSOU,Mariam,2005-04-18,F,0702,ADANDE Sylvie
AN-000487,ACTE_NAISSANCE,KIKI,Mahougnon,1982-03-07,M,0405,TOSSOU Chimène
AN-000488,ACTE_NAISSANCE,ASSOGBA,Flore,2011-01-08,F,1204,ZANNOU Sèmèvo
AN-000489,ACTE_NAISSANCE,ZINSOU,Fatoumata,2015-09-10,F,1002,AKPOVI Gisèle
AN-000490,ACTE_NAISSANCE,AGBODJAN,Fabrice,1998-01-07,M,1007,CODJIA Espérance
AN-000491,ACTE_NAISSANCE,DOSSOU,Fatoumata Sylvie,1971-08-19,F,1005,AHOYO Prudence
AN-000492,ACTE_NAISSANCE,GLELE,Gisèle,1980-08-25,F,0301,BIO Nadège
AN-000493,ACTE_NAISSANCE,AKPOVI,Carine,1976-09-08,F,0901,CHABI Salamatou
AN-000494,ACTE_NAISSANCE,NOUATIN,Yves Ulrich,1980-03-01,M,0206,BONI Rachidatou
AN-000495,ACTE_NAISSANCE,QUENUM,Ghislain,1966-07-06,M,0305,FASSINOU Bernice
PP-000496,PASSEPORT,HOUESSOU,Ulrich,1990-10-01,M,0606,HOUNGBO Chimène
AN-000497,ACTE_NAISSANCE,DOSSOU,Rodrigue Ulrich,1987-03-09,M,1203,FASSINOU Gisèle
AN-000498,ACTE_NAISSANCE,AHOYO,Sylvie,2004-11-22,F,0405,YAROU Flore
AN-000499,ACTE_NAISSANCE,BONI,Mariam,1991-06-20,F,1209,QUENUM Gisèle
AN-000500,ACTE_NAISSANCE,TOSSOU,Rachid Fidèle,2008-04-02,M,0201,AKPOVI Sèmèvo
CC-000501,CARTE_CONSULAIRE,FASSINOU,Judith Sènami,2003-05-25,F,0101,GLELE Aïcha
AN-000502,ACTE_NAISSANCE,ADJOVI,Serge,1984-07-22,M,0308,QUENUM Carine
AN-000503,ACTE_NAISSANCE,KOUKPAKI,Estelle Fatoumata,2001-02-23,F,1208,AMOUSSOU Sèmèvo
AN-000504,ACTE_NAISSANCE,AGBODJAN,Bernice,2010-01-18,F,0208,IDRISSOU Gisèle
AN-000505,ACTE_NAISSANCE,SOSSOU,Bienvenu,1980-04-30,M,0208,MENSAH Gisèle
AN-000506,ACTE_NAISSANCE,IDRISSOU,Rosine,1973-09-25,F,0505,TOGBE Judith
AN-000507,ACTE_NAISSANCE,IDRISSOU,Comlan,2004-05-08,M,0308,CODJIA Flore
AN-000508,ACTE_NAISSANCE,AGOSSOU,Rosine Estelle,1969-07-23,F,0403,AGBODJAN Chimène
AN-000509,ACTE_NAISSANCE,IDRISSOU,Moussa,1988-09-29,M,0406,DANSOU Ayaba
AN-000510,ACTE_NAISSANCE,AHOYO,Gisèle,2004-01-26,F,0205,IDRISSOU Nadège
PP-000511,PASSEPORT,MENSAH,Chimène,1997-04-25,F,0201,AGOSSOU Rachidatou
AN-000512,ACTE_NAISSANCE,SOULEY,Rodrigue,1984-11-11,M,0208,YAROU Sylvie
AN-000513,ACTE_NAISSANCE,HOUNKPATIN,Mahougnon,1946-05-16,M,0602,TCHIBOZO Sèmèvo
PP-000514,PASSEPORT,HOUNGBO,Sènami,2006-03-20,F,0302,DANSOU Flore
AN-000515,ACTE_NAISSANCE,OSSENI,Ghislain,1963-07-25,M,0105,AHOYO Sènami
PP-000516,PASSEPORT,AHOYO,Romaric Koffi,1994-04-10,M,1005,SAGBO Mariam
AN-000517,ACTE_NAISSANCE,DOSSOU,Brice Mahougnon,1996-01-15,M,0904,ADANDE Nadège
AN-000518,ACTE_NAISSANCE,ZANNOU,Salamatou,1974-12-08,F,1201,DANSOU Nadège
AN-000519,ACTE_NAISSANCE,ASSOGBA,Prudence Sylvie,2011-05-29,F,0605,ADANDE Sylvie
AN-000520,ACTE_NAISSANCE,IDRISSOU,Espérance,1952-04-07,F,0401,MENSAH Gisèle
CC-000521,CARTE_CONSULAIRE,DANSOU,Brice Codjo,1969-04-22,M,0202,KIKI Sylvie
AN-000522,ACTE_NAISSANCE,AGBODJAN,Ayaba Flore,1973-02-09,F,1103,BONI Espérance
AN-000523,ACTE_NAISSANCE,NOUATIN,Rodrigue,1955-05-22,M,1007,ASSOGBA Aïcha
AN-000524,ACTE_NAISSANCE,OSSENI,Yves,1964-12-14,M,0203,HOUESSOU Nadège
AN-000525,ACTE_NAISSANCE,HOUNSOU,Sylvie,2023-10-29,F,0308,GBAGUIDI Carine
AN-000526,ACTE_NAISSANCE,CODJIA,Prudence Fatoumata,2000-03-13,F,0604,VODOUNON Ayaba
AN-000527,ACTE_NAISSANCE,TOSSOU,Gisèle,2010-05-20,F,0407,AMOUSSOU Espérance
AN-000528,ACTE_NAISSANCE,YAROU,Ayaba,1966-05-12,F,0304,CODJIA Espérance
AN-000529,ACTE_NAISSANCE,VODOUNON,Espérance,1953-12-30,F,1005,ZANNOU Rosine
PP-000530,PASSEPORT,DOSSOU,Carine,1974-09-25,F,1002,DANSOU Gisèle
AN-000531,ACTE_NAISSANCE,AMOUSSOU,Salamatou,1975-12-11,F,1205,TCHIBOZO Sèmèvo
AN-000532,ACTE_NAISSANCE,AGOSSOU,Mariam,1986-02-01,F,0902,NOUATIN Sèmèvo
AN-000533,ACTE_NAISSANCE,AGOSSOU,Yves Rachid,1980-01-06,M,0301,DOSSOU Fatoumata
PP-000534,PASSEPORT,HOUESSOU,Brice,1972-09-26,M,0906,HOUESSOU Rosine
AN-000535,ACTE_NAISSANCE,AKPOVI,Rosine,1998-07-25,F,1101,GLELE Nadège
CC-000536,CARTE_CONSULAIRE,KIKI,Salamatou,1975-11-23,F,0301,CODJIA Sèmèvo
AN-000537,ACTE_NAISSANCE,KIKI,Brice,1967-11-25,M,1009,ASSOGBA Fatoumata
AN-000538,ACTE_NAISSANCE,ASSOGBA,Rodrigue,1994-02-01,M,0905,AGOSSOU Judith
PP-000539,PASSEPORT,DOSSOU,Justin,2004-01-03,M,0202,KOUKPAKI Salamatou
PP-000540,PASSEPORT,ADANDE,Fatoumata Prudence,1958-12-22,F,0605,OSSENI Sènami
AN-000541,ACTE_NAISSANCE,ZANNOU,Aïcha,1980-07-21,F,0403,LOKONON Gisèle
AN-000542,ACTE_NAISSANCE,HOUESSOU,Bernice,1999-11-29,F,0209,NOUATIN Judith
AN-000543,ACTE_NAISSANCE,SAGBO,Ghislain,1980-06-03,M,0504,ASSOGBA Ayaba
AN-000544,ACTE_NAISSANCE,TCHIBOZO,Estelle Nadège,1988-10-24,F,0402,CHABI Mariam
AN-000545,ACTE_NAISSANCE,SOULEY,Ulrich Yves,1999-09-04,M,0105,ZINSOU Judith
CC-000546,CARTE_CONSULAIRE,IDRISSOU,Aïcha Judith,1990-04-26,F,1009,HOUNKPATIN Gisèle
AN-000547,ACTE_NAISSANCE,GLELE,Fabrice Ghislain,2005-09-20,M,0404,GLELE Prudence
PP-000548,PASSEPORT,ZINSOU,Ayaba Espérance,1953-02-04,F,0602,MENSAH Gisèle
AN-000549,ACTE_NAISSANCE,SAGBO,Flore,1990-08-17,F,0205,FASSINOU Estelle
AN-000550,ACTE_NAISSANCE,AHOUANSOU,Fidèle,1978-10-02,M,0408,TOGBE Sèmèvo
AN-000551,ACTE_NAISSANCE,GBAGUIDI,Sènami,1991-08-03,F,1002,ALLADAYE Carine
AN-000552,ACTE_NAISSANCE,IDRISSOU,Sènami,1995-11-21,F,1005,KPADONOU Gisèle
AN-000553,ACTE_NAISSANCE,NOUATIN,Ghislain,1957-09-13,M,0203,LOKONON Chimène
AN-000554,ACTE_NAISSANCE,MENSAH,Bienvenu,2008-03-15,M,1102,YAROU Rachidatou
CC-000555,CARTE_CONSULAIRE,CHABI,Ghislain,1968-04-19,M,1005,HOUESSOU Bernice
AN-000556,ACTE_NAISSANCE,HOUNSOU,Sèmèvo Flore,2012-06-24,F,0905,QUENUM Ayaba
PP-000557,PASSEPORT,QUENUM,Ulrich Rachid,1991-11-06,M,0504,TOSSOU Salamatou
AN-000558,ACTE_NAISSANCE,SOULEY,Sèmèvo,1975-08-31,F,1204,FASSINOU Salamatou
AN-000559,ACTE_NAISSANCE,ZINSOU,Rodrigue,1993-10-24,M,1209,HOUNKPATIN Sènami
AN-000560,ACTE_NAISSANCE,SAGBO,Fidèle Brice,1979-06-22,M,0208,ADJOVI Gisèle
AN-000561,ACTE_NAISSANCE,HOUNGBO,Gildas Mahougnon,2015-02-02,M,1102,AMOUSSOU Fatoumata
AN-000562,ACTE_NAISSANCE,KOUKPAKI,Brice Comlan,1947-02-10,M,0301,HOUNSOU Ayaba
AN-000563,ACTE_NAISSANCE,AGOSSOU,Estelle Ayaba,2005-02-25,F,0305,AGOSSOU Estelle
PP-000564,PASSEPORT,SAGBO,Fabrice,1998-07-13,M,0102,TCHIBOZO Chimène
CC-000565,CARTE_CONSULAIRE,AGOSSOU,Salamatou Mariam,1964-07-10,F,0405,ADANDE Aïcha
AN-000566,ACTE_NAISSANCE,AGOSSOU,Serge,2013-09-16,M,1102,YAROU Judith
CC-000567,CARTE_CONSULAIRE,TOSSOU,Koffi,1983-11-13,M,1007,SAGBO Chimène
AN-000568,ACTE_NAISSANCE,ALLADAYE,Rodrigue,1962-03-11,M,0702,HOUNSOU Carine
AN-000569,ACTE_NAISSANCE,ADJOVI,Yves,2008-12-19,M,0205,ZANNOU Chimène
AN-000570,ACTE_NAISSANCE,ADJOVI,Fidèle Brice,1983-01-21,M,0905,LOKONON Bernice
AN-000571,ACTE_NAISSANCE,AHOUANSOU,Fidèle Rachid,1971-11-12,M,0102,KPADONOU Aïcha
AN-000572,ACTE_NAISSANCE,HOUNKPATIN,Fatoumata Carine,1980-01-22,F,0305,BONI Rachidatou
PP-000573,PASSEPORT,ASSOGBA,Sèmèvo,1995-05-17,F,1205,NOUATIN Aïcha
AN-000574,ACTE_NAISSANCE,ZANNOU,Sèmèvo,1969-06-08,F,0906,AMOUSSOU Flore
AN-000575,ACTE_NAISSANCE,KIKI,Salamatou,1991-08-12,F,0203,MENSAH Estelle
AN-000576,ACTE_NAISSANCE,CHABI,Sylvie,1999-05-29,F,0901,YAROU Judith
AN-000577,ACTE_NAISSANCE,AMOUSSOU,Fidèle,1988-10-14,M,0703,SOULEY Aïcha
AN-000578,ACTE_NAISSANCE,IDRISSOU,Bernice,1992-08-19,F,0402,DANSOU Estelle
PP-000579,PASSEPORT,OSSENI,Estelle Salamatou,1990-02-02,F,0203,GLELE Sylvie
PP-000580,PASSEPORT,AKPOVI,Brice,1976-12-12,M,1002,SOSSOU Estelle
AN-000581,ACTE_NAISSANCE,QUENUM,Brice,1980-04-22,M,0605,AMOUSSOU Ayaba
AN-000582,ACTE_NAISSANCE,FASSINOU,Sènami Estelle,1976-07-25,F,0306,OSSENI Espérance
PP-000583,PASSEPORT,ALLADAYE,Koffi,2014-05-03,M,0402,HOUNKPATIN Nadège
AN-000584,ACTE_NAISSANCE,GLELE,Ulrich,2002-10-25,M,0207,KPADONOU Prudence
AN-000585,ACTE_NAISSANCE,DANSOU,Chimène,2003-10-19,F,0901,CHABI Estelle
CC-000586,CARTE_CONSULAIRE,SOSSOU,Carine Espérance,1951-11-08,F,0403,GLELE Fatoumata
AN-000587,ACTE_NAISSANCE,DOSSOU,Sènami,2000-09-07,F,0503,HOUNSOU Rosine
PP-000588,PASSEPORT,SOULEY,Rosine,2015-11-17,F,0101,IDRISSOU Ayaba
AN-000589,ACTE_NAISSANCE,BIO,Fatoumata,1978-11-27,F,0202,NOUATIN Bernice
AN-000590,ACTE_NAISSANCE,ADJOVI,Fatoumata,2021-11-27,F,0404,CODJIA Judith
AN-000591,ACTE_NAISSANCE,KOUKPAKI,Prudence,1998-01-02,F,0606,KOUKPAKI Ayaba
AN-000592,ACTE_NAISSANCE,VODOUNON,Fabrice Ibrahim,1996-10-09,M,0506,QUENUM Bernice
AN-000593,ACTE_NAISSANCE,MENSAH,Chimène Rachidatou,1980-10-26,F,1001,AMOUSSOU Flore
AN-000594,ACTE_NAISSANCE,HOUNSOU,Justin Serge,2004-07-20,M,0501,SAGBO Sèmèvo
AN-000595,ACTE_NAISSANCE,BONI,Sylvie Prudence,2009-08-30,F,1003,MENSAH Rosine
AN-000596,ACTE_NAISSANCE,HOUESSOU,Ibrahim Romaric,1962-07-27,M,0504,GBAGUIDI Espérance
AN-000597,ACTE_NAISSANCE,GBAGUIDI,Ghislain Ibrahim,1999-03-10,M,0305,HOUNGBO Flore
AN-000598,ACTE_NAISSANCE,DOSSOU,Estelle Bernice,1993-08-12,F,1003,SOULEY Rachidatou
AN-000599,ACTE_NAISSANCE,TOGBE,Rachid,1981-07-03,M,0302,TOSSOU Chimène
AN-000600,ACTE_NAISSANCE,AHOUANSOU,Romaric,2009-10-03,M,0305,CODJIA Espérance
CC-000601,CARTE_CONSULAIRE,TOSSOU,Ayaba,1991-07-04,F,0208,AHOYO Flore
AN-000602,ACTE_NAISSANCE,BONI,Fatoumata,1988-04-08,F,0101,DANSOU Fatoumata
AN-000603,ACTE_NAISSANCE,TCHIBOZO,Comlan,1976-11-25,M,0502,KPADONOU Mariam
AN-000604,ACTE_NAISSANCE,ZINSOU,Sylvie,1982-05-26,F,0304,YAROU Prudence
AN-000605,ACTE_NAISSANCE,QUENUM,Judith,1987-04-17,F,1006,OSSENI Gisèle
AN-000606,ACTE_NAISSANCE,DANSOU,Ayaba,1992-09-07,F,0301,AHOYO Rachidatou
AN-000607,ACTE_NAISSANCE,HOUNKPATIN,Brice Codjo,2003-04-03,M,1102,SAGBO Chimène
AN-000608,ACTE_NAISSANCE,NOUATIN,Romaric Ulrich,2012-10-10,M,0603,IDRISSOU Ayaba
AN-000609,ACTE_NAISSANCE,DOSSOU,Mahougnon,1955-12-19,M,0408,AKPOVI Ayaba
CC-000610,CARTE_CONSULAIRE,IDRISSOU,Prudence,1979-11-19,F,0606,AGBODJAN Salamatou
AN-000611,ACTE_NAISSANCE,TCHIBOZO,Espérance Chimène,1981-04-02,F,1004,ALLADAYE Prudence
AN-000612,ACTE_NAISSANCE,NOUATIN,Gisèle,1968-03-03,F,0902,BIO Mariam
AN-000613,ACTE_NAISSANCE,QUENUM,Ulrich Rodrigue,1984-01-02,M,0701,ZANNOU Espérance
AN-000614,ACTE_NAISSANCE,FASSINOU,Ulrich,1956-03-25,M,0303,MENSAH Carine
AN-000615,ACTE_NAISSANCE,TCHIBOZO,Sènami Salamatou,1965-03-12,F,1003,ALLADAYE Prudence
PP-000616,PASSEPORT,SOSSOU,Koffi,1946-02-24,M,0305,OSSENI Carine
AN-000617,ACTE_NAISSANCE,AKPOVI,Espérance,2010-07-16,F,0204,ALLADAYE Rosine
AN-000618,ACTE_NAISSANCE,BIO,Estelle,1954-10-28,F,0403,ZINSOU Aïcha
PP-000619,PASSEPORT,DANSOU,Flore,2019-06-20,F,0305,CHABI Nadège
AN-000620,ACTE_NAISSANCE,KOUKPAKI,Mahougnon,2009-02-25,M,0307,AKPOVI Nadège
AN-000621,ACTE_NAISSANCE,HOUNGBO,Serge,1961-08-05,M,0904,LOKONON Carine
AN-000622,ACTE_NAISSANCE,DANSOU,Ghislain,1987-02-01,M,0208,SOULEY Fatoumata
AN-000623,ACTE_NAISSANCE,BIO,Estelle Flore,1986-02-01,F,0905,ADANDE Aïcha
AN-000624,ACTE_NAISSANCE,KIKI,Estelle Fatoumata,1976-01-28,F,0406,TCHIBOZO Flore
AN-000625,ACTE_NAISSANCE,SOULEY,Flore,2005-10-23,F,0903,AGOSSOU Rosine
AN-000626,ACTE_NAISSANCE,ASSOGBA,Romaric,1937-10-26,M,1201,YAROU Mariam
AN-000627,ACTE_NAISSANCE,ADJOVI,Sylvie,1988-12-02,F,0102,TOGBE Salamatou
AN-000628,ACTE_NAISSANCE,OSSENI,Bienvenu Romaric,1987-02-01,M,0106,YAROU Rosine
AN-000629,ACTE_NAISSANCE,QUENUM,Rodrigue,1995-04-30,M,1005,AHOUANSOU Fatoumata
AN-000630,ACTE_NAISSANCE,BONI,Sèmèvo Sènami,1989-09-17,F,0403,CODJIA Bernice
CC-000631,CARTE_CONSULAIRE,ZANNOU,Ulrich Ibrahim,1956-12-05,M,0206,CHABI Flore
CC-000632,CARTE_CONSULAIRE,LOKONON,Bienvenu,1998-09-24,M,0402,GLELE Estelle
AN-000633,ACTE_NAISSANCE,GLELE,Rodrigue Codjo,2004-10-15,M,0403,DANSOU Rachidatou
AN-000634,ACTE_NAISSANCE,ZINSOU,Koffi,1953-03-08,M,1002,ALLADAYE Sylvie
AN-000635,ACTE_NAISSANCE,SOSSOU,Comlan Rodrigue,2006-06-13,M,1002,HOUNGBO Rachidatou
AN-000636,ACTE_NAISSANCE,HOUNKPATIN,Espérance Chimène,2003-12-09,F,0204,ADANDE Mariam
CC-000637,CARTE_CONSULAIRE,ADJOVI,Mariam Prudence,1988-12-17,F,0307,CHABI Fatoumata
AN-000638,ACTE_NAISSANCE,YAROU,Fidèle,1989-03-26,M,0906,SAGBO Rachidatou
AN-000639,ACTE_NAISSANCE,NOUATIN,Brice,1948-10-07,M,0209,OSSENI Prudence
AN-000640,ACTE_NAISSANCE,BIO,Mariam Rosine,1979-08-15,F,0205,AGOSSOU Carine
CC-000641,CARTE_CONSULAIRE,HOUESSOU,Ayaba Gisèle,1976-09-15,F,1208,BONI Prudence
AN-000642,ACTE_NAISSANCE,ZINSOU,Fabrice Ghislain,1995-04-11,M,0301,DANSOU Bernice
AN-000643,ACTE_NAISSANCE,CHABI,Flore,1987-12-26,F,0105,HOUNSOU Rachidatou
AN-000644,ACTE_NAISSANCE,ADANDE,Prudence Nadège,1976-01-10,F,0501,ADJOVI Nadège
AN-000645,ACTE_NAISSANCE,ZANNOU,Rachid,1969-02-03,M,0905,BIO Carine
AN-000646,ACTE_NAISSANCE,FASSINOU,Prudence,1984-10-29,F,0106,KOUKPAKI Chimène
AN-000647,ACTE_NAISSANCE,ZANNOU,Justin Moussa,1980-07-13,M,0704,GLELE Espérance
AN-000648,ACTE_NAISSANCE,AGOSSOU,Yves Arnaud,2003-11-24,M,1003,HOUNSOU Flore
AN-000649,ACTE_NAISSANCE,SOULEY,Flore,1991-09-18,F,0407,DANSOU Flore
AN-000650,ACTE_NAISSANCE,SOULEY,Mariam,2001-05-13,F,1009,FASSINOU Sènami
AN-000651,ACTE_NAISSANCE,AHOUANSOU,Bernice,1970-07-02,F,0301,YAROU Bernice
AN-000652,ACTE_NAISSANCE,SOULEY,Gisèle Bernice,1985-11-16,F,1005,KPADONOU Fatoumata
AN-000653,ACTE_NAISSANCE,CODJIA,Judith,1993-10-21,F,0601,ALLADAYE Salamatou
CC-000654,CARTE_CONSULAIRE,TOGBE,Nadège Flore,1975-10-26,F,1208,VODOUNON Flore
PP-000655,PASSEPORT,TOSSOU,Judith Bernice,2006-03-13,F,0202,DOSSOU Prudence
AN-000656,ACTE_NAISSANCE,YAROU,Nadège,2013-09-10,F,1102,BONI Sèmèvo
AN-000657,ACTE_NAISSANCE,QUENUM,Espérance Rosine,2018-04-17,F,0702,HOUESSOU Sèmèvo
AN-000658,ACTE_NAISSANCE,HOUNKPATIN,Mahougnon,2002-07-09,M,0601,TOSSOU Sylvie
AN-000659,ACTE_NAISSANCE,HOUNSOU,Judith Chimène,1993-02-28,F,0502,KIKI Estelle
AN-000660,ACTE_NAISSANCE,KOUKPAKI,Arnaud Mahougnon,2006-02-05,M,0408,CHABI Prudence
PP-000661,PASSEPORT,AHOUANSOU,Aïcha Rachidatou,2014-11-13,F,0103,VODOUNON Aïcha
AN-000662,ACTE_NAISSANCE,SOSSOU,Justin Serge,1989-03-03,M,0501,KOUKPAKI Espérance
AN-000663,ACTE_NAISSANCE,TOGBE,Romaric,2015-04-29,M,0601,HOUNGBO Estelle
CC-000664,CARTE_CONSULAIRE,ZINSOU,Ulrich,2005-04-03,M,0503,IDRISSOU Flore
CC-000665,CARTE_CONSULAIRE,HOUNGBO,Serge Brice,1999-07-09,M,1003,ADJOVI Aïcha
AN-000666,ACTE_NAISSANCE,VODOUNON,Sènami,2007-05-11,F,0408,ASSOGBA Flore
AN-000667,ACTE_NAISSANCE,AKPOVI,Fidèle,2010-03-07,M,0407,HOUNKPATIN Salamatou
CC-000668,CARTE_CONSULAIRE,BONI,Ghislain,1962-07-06,M,0102,ASSOGBA Chimène
PP-000669,PASSEPORT,ZANNOU,Brice,1966-03-21,M,0207,ASSOGBA Estelle
AN-000670,ACTE_NAISSANCE,HOUNSOU,Fabrice,1958-12-05,M,0604,KPADONOU Ayaba
CC-000671,CARTE_CONSULAIRE,TOGBE,Ghislain,1974-08-05,M,0103,AGBODJAN Rosine
AN-000672,ACTE_NAISSANCE,AGOSSOU,Estelle,1964-02-19,F,0302,NOUATIN Ayaba
AN-000673,ACTE_NAISSANCE,SOSSOU,Fabrice,2000-03-24,M,0801,ASSOGBA Prudence
AN-000674,ACTE_NAISSANCE,DANSOU,Bienvenu,1961-10-31,M,0106,MENSAH Carine
AN-000675,ACTE_NAISSANCE,AHOYO,Sylvie Carine,1963-04-21,F,0205,BIO Judith
AN-000676,ACTE_NAISSANCE,HOUNKPATIN,Rachid,1977-08-13,M,0202,AGOSSOU Espérance
AN-000677,ACTE_NAISSANCE,NOUATIN,Salamatou,2006-01-17,F,0303,ADANDE Salamatou
AN-000678,ACTE_NAISSANCE,CODJIA,Sènami,1978-04-05,F,0408,ZANNOU Sènami
AN-000679,ACTE_NAISSANCE,ZANNOU,Estelle Gisèle,1979-08-03,F,0503,MENSAH Sènami
AN-000680,ACTE_NAISSANCE,ZANNOU,Ayaba Flore,1963-02-13,F,0402,SAGBO Judith
AN-000681,ACTE_NAISSANCE,ADANDE,Judith Espérance,2003-07-16,F,0904,IDRISSOU Judith
CC-000682,CARTE_CONSULAIRE,AMOUSSOU,Fidèle,1976-06-01,M,1204,KPADONOU Estelle
AN-000683,ACTE_NAISSANCE,IDRISSOU,Koffi,2012-01-17,M,1006,ZINSOU Gisèle
AN-000684,ACTE_NAISSANCE,BIO,Fidèle,1953-10-29,M,1104,MENSAH Ayaba
CC-000685,CARTE_CONSULAIRE,HOUNKPATIN,Fatoumata,1984-03-26,F,1007,TOSSOU Espérance
AN-000686,ACTE_NAISSANCE,BONI,Bernice,2019-12-22,F,0307,YAROU Rachidatou
CC-000687,CARTE_CONSULAIRE,SAGBO,Rachidatou Sylvie,1974-11-14,F,0203,SOULEY Nadège
AN-000688,ACTE_NAISSANCE,DOSSOU,Judith,2006-10-30,F,0102,LOKONON Carine
AN-000689,ACTE_NAISSANCE,CODJIA,Carine,2004-11-19,F,1209,SOULEY Prudence
AN-000690,ACTE_NAISSANCE,GLELE,Estelle,1971-06-05,F,0206,AGBODJAN Rachidatou
AN-000691,ACTE_NAISSANCE,ALLADAYE,Gildas,1939-10-17,M,1208,SOSSOU Chimène
AN-000692,ACTE_NAISSANCE,IDRISSOU,Prudence Mariam,1996-11-19,F,0202,YAROU Nadège
AN-000693,ACTE_NAISSANCE,AGBODJAN,Ghislain Codjo,1986-09-10,M,1102,ALLADAYE Carine
AN-000694,ACTE_NAISSANCE,FASSINOU,Bernice,1994-09-24,F,0905,SOULEY Fatoumata
CC-000695,CARTE_CONSULAIRE,ZINSOU,Mahougnon Gildas,1996-08-03,M,0407,GLELE Sèmèvo
AN-000696,ACTE_NAISSANCE,SAGBO,Romaric,1993-11-24,M,0304,HOUNGBO Flore
AN-000697,ACTE_NAISSANCE,HOUESSOU,Justin,2001-02-18,M,0303,ALLADAYE Rosine
CC-000698,CARTE_CONSULAIRE,AHOUANSOU,Rodrigue,1986-04-03,M,0605,ZANNOU Bernice
AN-000699,ACTE_NAISSANCE,NOUATIN,Salamatou,1988-05-31,F,1105,YAROU Aïcha
AN-000700,ACTE_NAISSANCE,ZINSOU,Sèmèvo,1978-09-10,F,0702,GLELE Prudence
AN-000701,ACTE_NAISSANCE,BONI,Aïcha Ayaba,2015-08-29,F,0603,TCHIBOZO Gisèle
AN-000702,ACTE_NAISSANCE,BIO,Prudence,1939-04-11,F,0302,BONI Aïcha
AN-000703,ACTE_NAISSANCE,CHABI,Rachidatou,1980-12-19,F,1001,TOSSOU Nadège
AN-000704,ACTE_NAISSANCE,HOUNSOU,Estelle,1960-05-03,F,0402,ADANDE Mariam
AN-000705,ACTE_NAISSANCE,ALLADAYE,Chimène,1999-08-31,F,0902,SOSSOU Ayaba
AN-000706,ACTE_NAISSANCE,ADANDE,Mahougnon Arnaud,2016-04-02,M,0905,DANSOU Aïcha
CC-000707,CARTE_CONSULAIRE,TOSSOU,Sylvie,2000-05-24,F,0204,ADANDE Sènami
AN-000708,ACTE_NAISSANCE,SOSSOU,Carine,1950-10-07,F,0209,NOUATIN Mariam
PP-000709,PASSEPORT,SAGBO,Koffi,1950-05-04,M,0904,HOUNKPATIN Chimène
AN-000710,ACTE_NAISSANCE,HOUNGBO,Sènami,1971-08-30,F,1208,AGOSSOU Gisèle
AN-000711,ACTE_NAISSANCE,KIKI,Gildas,1982-10-07,M,1008,ALLADAYE Fatoumata
CC-000712,CARTE_CONSULAIRE,ADJOVI,Fabrice,1957-04-06,M,1002,LOKONON Sèmèvo
AN-000713,ACTE_NAISSANCE,AMOUSSOU,Ibrahim,1953-09-28,M,0304,KIKI Nadège
PP-000714,PASSEPORT,AMOUSSOU,Rosine,2006-09-10,F,1001,DOSSOU Sylvie
AN-000715,ACTE_NAISSANCE,HOUNGBO,Moussa,1964-05-01,M,0304,HOUNKPATIN Gisèle
AN-000716,ACTE_NAISSANCE,HOUNKPATIN,Arnaud Brice,1962-04-28,M,0402,ASSOGBA Nadège
AN-000717,ACTE_NAISSANCE,ASSOGBA,Aïcha Nadège,1982-09-16,F,0202,ASSOGBA Ayaba
AN-000718,ACTE_NAISSANCE,HOUNGBO,Rosine,1995-07-14,F,0401,BIO Carine
AN-000719,ACTE_NAISSANCE,NOUATIN,Gisèle Ayaba,2006-04-14,F,0205,CODJIA Fatoumata
AN-000720,ACTE_NAISSANCE,KIKI,Carine,2000-09-20,F,0308,ASSOGBA Espérance
AN-000721,ACTE_NAISSANCE,VODOUNON,Fidèle Ulrich,1944-09-05,M,1007,AMOUSSOU Gisèle
CC-000722,CARTE_CONSULAIRE,HOUNGBO,Fabrice,1980-10-09,M,0103,ADANDE Judith
AN-000723,ACTE_NAISSANCE,AKPOVI,Sèmèvo,1985-09-17,F,0306,ASSOGBA Sèmèvo
AN-000724,ACTE_NAISSANCE,AGOSSOU,Moussa Ibrahim,1966-11-30,M,0704,BONI Salamatou
AN-000725,ACTE_NAISSANCE,NOUATIN,Sèmèvo Rosine,1947-05-04,F,1205,DANSOU Sèmèvo
AN-000726,ACTE_NAISSANCE,KIKI,Salamatou,1947-01-01,F,1205,AGOSSOU Nadège
AN-000727,ACTE_NAISSANCE,HOUNKPATIN,Judith,2009-10-09,F,1103,AGOSSOU Mariam
AN-000728,ACTE_NAISSANCE,SAGBO,Salamatou,1967-12-02,F,0602,BIO Espérance
AN-000729,ACTE_NAISSANCE,ALLADAYE,Rachid,1977-09-01,M,1104,BIO Sylvie
PP-000730,PASSEPORT,ASSOGBA,Ibrahim,2000-04-29,M,0606,KPADONOU Gisèle
AN-000731,ACTE_NAISSANCE,GBAGUIDI,Carine,1997-04-05,F,0905,SAGBO Chimène
AN-000732,ACTE_NAISSANCE,IDRISSOU,Carine,1985-08-24,F,0903,TOGBE Espérance
AN-000733,ACTE_NAISSANCE,QUENUM,Moussa,1979-02-19,M,0905,QUENUM Bernice
AN-000734,ACTE_NAISSANCE,HOUNGBO,Fabrice Arnaud,1972-04-30,M,0207,CODJIA Sèmèvo
AN-000735,ACTE_NAISSANCE,HOUESSOU,Rosine,1977-12-07,F,0601,VODOUNON Flore
AN-000736,ACTE_NAISSANCE,CODJIA,Gisèle,1976-11-27,F,1209,ALLADAYE Aïcha
PP-000737,PASSEPORT,ALLADAYE,Judith Espérance,2003-12-06,F,0302,OSSENI Carine
AN-000738,ACTE_NAISSANCE,CHABI,Nadège Aïcha,1983-04-13,F,0205,LOKONON Rosine
CC-000739,CARTE_CONSULAIRE,IDRISSOU,Espérance,1979-09-01,F,0104,TCHIBOZO Rosine
AN-000740,ACTE_NAISSANCE,GBAGUIDI,Chimène,1991-12-01,F,1003,HOUNGBO Sènami
AN-000741,ACTE_NAISSANCE,ZANNOU,Sènami,1985-12-22,F,0303,AKPOVI Nadège
AN-000742,ACTE_NAISSANCE,HOUESSOU,Serge,2007-05-22,M,1101,HOUNKPATIN Bernice
AN-000743,ACTE_NAISSANCE,ZANNOU,Ulrich,1954-11-22,M,0407,TCHIBOZO Sènami
AN-000744,ACTE_NAISSANCE,GBAGUIDI,Rosine,1986-01-29,F,1006,QUENUM Estelle
AN-000745,ACTE_NAISSANCE,SAGBO,Serge,1969-07-03,M,0303,ADJOVI Rosine
AN-000746,ACTE_NAISSANCE,DOSSOU,Espérance Gisèle,1956-07-26,F,0306,ADJOVI Sènami
CC-000747,CARTE_CONSULAIRE,KIKI,Fabrice,1958-06-23,M,0302,AGOSSOU Estelle
AN-000748,ACTE_NAISSANCE,QUENUM,Brice,2001-07-16,M,0206,QUENUM Fatoumata
AN-000749,ACTE_NAISSANCE,SOSSOU,Gisèle Carine,1995-11-24,F,0906,IDRISSOU Rosine
PP-000750,PASSEPORT,SOULEY,Nadège Rosine,1986-12-27,F,0702,SOSSOU Espérance
PP-000751,PASSEPORT,KIKI,Flore,1996-05-13,F,0702,AMOUSSOU Nadège
AN-000752,ACTE_NAISSANCE,TOGBE,Judith Bernice,1985-01-13,F,0903,VODOUNON Bernice
AN-000753,ACTE_NAISSANCE,SOSSOU,Bernice,1996-06-20,F,0101,BIO Prudence
PP-000754,PASSEPORT,KIKI,Prudence Fatoumata,1958-02-03,F,0203,AHOYO Prudence
AN-000755,ACTE_NAISSANCE,ADANDE,Rosine,2007-12-30,F,1209,AHOYO Bernice
AN-000756,ACTE_NAISSANCE,YAROU,Flore,2000-11-24,F,1006,HOUESSOU Judith
AN-000757,ACTE_NAISSANCE,HOUNGBO,Rachidatou Judith,1992-08-13,F,1001,TCHIBOZO Judith
AN-000758,ACTE_NAISSANCE,AGBODJAN,Ulrich,1957-06-03,M,1202,QUENUM Rosine
AN-000759,ACTE_NAISSANCE,IDRISSOU,Romaric,2011-08-20,M,0902,ASSOGBA Ayaba
AN-000760,ACTE_NAISSANCE,ZANNOU,Rachidatou Aïcha,1984-11-28,F,1207,FASSINOU Aïcha
AN-000761,ACTE_NAISSANCE,NOUATIN,Mahougnon,1953-09-27,M,1203,QUENUM Chimène
AN-000762,ACTE_NAISSANCE,AMOUSSOU,Ghislain,2023-10-01,M,1203,HOUNKPATIN Sylvie
AN-000763,ACTE_NAISSANCE,AHOYO,Rachid,1962-03-20,M,1105,IDRISSOU Carine
AN-000764,ACTE_NAISSANCE,AGBODJAN,Koffi,1991-12-19,M,1007,SOSSOU Ayaba
AN-000765,ACTE_NAISSANCE,DOSSOU,Rosine,2007-06-27,F,0905,SOSSOU Judith
AN-000766,ACTE_NAISSANCE,AHOYO,Serge,1945-07-28,M,1209,TOGBE Rosine
AN-000767,ACTE_NAISSANCE,KPADONOU,Fatoumata,2000-09-21,F,1204,HOUNKPATIN Sylvie
AN-000768,ACTE_NAISSANCE,ASSOGBA,Rachidatou,1982-04-10,F,0405,NOUATIN Mariam
PP-000769,PASSEPORT,ADJOVI,Fabrice,2016-04-27,M,0504,AGOSSOU Bernice
AN-000770,ACTE_NAISSANCE,LOKONON,Fabrice Yves,2019-01-31,M,0703,KPADONOU Sylvie
AN-000771,ACTE_NAISSANCE,TOGBE,Estelle,2003-08-03,F,0503,NOUATIN Gisèle
AN-000772,ACTE_NAISSANCE,CODJIA,Sènami Gisèle,1992-10-05,F,1005,AHOUANSOU Espérance
PP-000773,PASSEPORT,ASSOGBA,Gildas,1996-08-09,M,0104,NOUATIN Sènami
AN-000774,ACTE_NAISSANCE,GBAGUIDI,Ibrahim Gildas,1990-03-31,M,0102,FASSINOU Fatoumata
AN-000775,ACTE_NAISSANCE,KOUKPAKI,Yves,2009-10-24,M,0205,AGBODJAN Sèmèvo
AN-000776,ACTE_NAISSANCE,CHABI,Flore,1990-09-26,F,1006,BONI Aïcha
AN-000777,ACTE_NAISSANCE,KIKI,Bernice Aïcha,1994-06-09,F,0904,IDRISSOU Mariam
AN-000778,ACTE_NAISSANCE,HOUESSOU,Romaric,2007-12-25,M,0405,KPADONOU Judith
AN-000779,ACTE_NAISSANCE,DOSSOU,Rodrigue Romaric,1986-04-10,M,1203,GLELE Bernice
AN-000780,ACTE_NAISSANCE,HOUNSOU,Bernice,1981-03-31,F,0305,TCHIBOZO Chimène
PP-000781,PASSEPORT,AGOSSOU,Fidèle Rachid,2010-12-21,M,0506,KOUKPAKI Estelle
AN-000782,ACTE_NAISSANCE,HOUNKPATIN,Rodrigue Arnaud,1961-12-17,M,0503,GBAGUIDI Carine
CC-000783,CARTE_CONSULAIRE,DANSOU,Fabrice Gildas,1975-09-04,M,0403,TOGBE Mariam
AN-000784,ACTE_NAISSANCE,QUENUM,Prudence,2017-08-18,F,1201,VODOUNON Fatoumata
AN-000785,ACTE_NAISSANCE,AGOSSOU,Bienvenu,1970-07-21,M,0104,LOKONON Estelle
AN-000786,ACTE_NAISSANCE,AGBODJAN,Ibrahim Ghislain,2009-01-19,M,0207,ZANNOU Chimène
AN-000787,ACTE_NAISSANCE,AHOUANSOU,Carine,1997-03-29,F,0505,AGOSSOU Estelle
PP-000788,PASSEPORT,HOUNKPATIN,Judith Fatoumata,2022-12-26,F,0903,MENSAH Rachidatou
AN-000789,ACTE_NAISSANCE,ZINSOU,Rodrigue,1978-12-23,M,1201,SAGBO Espérance
AN-000790,ACTE_NAISSANCE,TOSSOU,Espérance,1949-04-23,F,0104,LOKONON Carine
AN-000791,ACTE_NAISSANCE,AGBODJAN,Rosine,1950-12-13,F,1203,MENSAH Sènami
AN-000792,ACTE_NAISSANCE,AMOUSSOU,Gildas Comlan,1944-10-19,M,1003,GLELE Nadège
AN-000793,ACTE_NAISSANCE,HOUNGBO,Justin Ghislain,1949-08-16,M,1102,GLELE Judith
AN-000794,ACTE_NAISSANCE,MENSAH,Fatoumata,1996-10-28,F,1204,BONI Nadège
AN-000795,ACTE_NAISSANCE,NOUATIN,Rachidatou,1996-11-19,F,0605,KPADONOU Carine
AN-000796,ACTE_NAISSANCE,LOKONON,Sènami,2006-09-23,F,0501,QUENUM Rachidatou
AN-000797,ACTE_NAISSANCE,SOULEY,Prudence Sènami,2018-03-21,F,1002,KPADONOU Sèmèvo
AN-000798,ACTE_NAISSANCE,AHOYO,Bernice,2002-03-10,F,0306,BONI Espérance
AN-000799,ACTE_NAISSANCE,AGBODJAN,Nadège,1967-02-20,F,0103,VODOUNON Ayaba
AN-000800,ACTE_NAISSANCE,ADANDE,Espérance Gisèle,2000-11-12,F,0203,AHOUANSOU Aïcha
PP-000801,PASSEPORT,KIKI,Rachidatou Bernice,1943-11-17,F,0605,HOUNGBO Sylvie
AN-000802,ACTE_NAISSANCE,KIKI,Bernice,1970-07-06,F,1101,ADJOVI Bernice
AN-000803,ACTE_NAISSANCE,HOUNKPATIN,Fatoumata,2022-07-30,F,1103,ZANNOU Espérance
AN-000804,ACTE_NAISSANCE,ALLADAYE,Serge,1990-12-10,M,0601,TOGBE Aïcha
CC-000805,CARTE_CONSULAIRE,SOSSOU,Justin Moussa,1998-11-08,M,0206,HOUESSOU Estelle
AN-000806,ACTE_NAISSANCE,BIO,Fatoumata,1952-01-17,F,0408,GBAGUIDI Rachidatou
AN-000807,ACTE_NAISSANCE,BIO,Ghislain,1965-07-04,M,0306,ALLADAYE Ayaba
AN-000808,ACTE_NAISSANCE,ADANDE,Mahougnon,1974-10-04,M,0208,AGBODJAN Chimène
AN-000809,ACTE_NAISSANCE,ASSOGBA,Comlan,1984-02-16,M,0203,CODJIA Nadège
CC-000810,CARTE_CONSULAIRE,ZANNOU,Fidèle,1960-08-13,M,1005,GLELE Espérance
AN-000811,ACTE_NAISSANCE,IDRISSOU,Justin,1961-02-18,M,1204,SOSSOU Espérance
PP-000812,PASSEPORT,CHABI,Sylvie Aïcha,1987-08-28,F,0606,QUENUM Mariam
AN-000813,ACTE_NAISSANCE,ADJOVI,Bienvenu,2016-05-20,M,1001,GLELE Espérance
AN-000814,ACTE_NAISSANCE,TOSSOU,Prudence Salamatou,1983-05-15,F,0308,QUENUM Carine
AN-000815,ACTE_NAISSANCE,SOULEY,Rachidatou,1969-01-03,F,0205,IDRISSOU Prudence
AN-000816,ACTE_NAISSANCE,KPADONOU,Serge,1956-11-07,M,1208,KIKI Carine
PP-000817,PASSEPORT,AHOYO,Comlan Fidèle,2000-12-28,M,1102,KIKI Ayaba
AN-000818,ACTE_NAISSANCE,ZANNOU,Koffi Ibrahim,2005-11-16,M,0206,GLELE Carine
CC-000819,CARTE_CONSULAIRE,TOSSOU,Espérance,1957-08-18,F,1203,KIKI Flore
AN-000820,ACTE_NAISSANCE,ZINSOU,Flore,2004-05-11,F,1203,AHOYO Fatoumata
PP-000821,PASSEPORT,HOUESSOU,Koffi Bienvenu,1994-01-23,M,0701,AMOUSSOU Sènami
AN-000822,ACTE_NAISSANCE,HOUNGBO,Comlan,2009-12-03,M,1203,TOGBE Fatoumata
CC-000823,CARTE_CONSULAIRE,KOUKPAKI,Prudence,1972-02-22,F,0105,AGBODJAN Nadège
PP-000824,PASSEPORT,AHOUANSOU,Serge,1979-05-19,M,0101,HOUESSOU Aïcha
AN-000825,ACTE_NAISSANCE,TOGBE,Prudence,1992-08-31,F,1207,LOKONON Mariam
CC-000826,CARTE_CONSULAIRE,FASSINOU,Rachid Bienvenu,2002-04-06,M,1104,YAROU Nadège
AN-000827,ACTE_NAISSANCE,SAGBO,Fidèle,2003-11-21,M,0505,IDRISSOU Sènami
AN-000828,ACTE_NAISSANCE,FASSINOU,Moussa,1990-09-03,M,0702,TOGBE Rosine
CC-000829,CARTE_CONSULAIRE,BIO,Fidèle,2016-01-08,M,1002,YAROU Salamatou
AN-000830,ACTE_NAISSANCE,VODOUNON,Sèmèvo,2012-10-25,F,0901,HOUNKPATIN Sènami
AN-000831,ACTE_NAISSANCE,AMOUSSOU,Salamatou Flore,1969-03-05,F,1009,TOSSOU Sylvie
AN-000832,ACTE_NAISSANCE,VODOUNON,Rachid Koffi,1967-01-15,M,0303,KPADONOU Chimène
AN-000833,ACTE_NAISSANCE,ZINSOU,Judith Prudence,1989-04-07,F,0104,ADANDE Salamatou
AN-000834,ACTE_NAISSANCE,BONI,Ayaba,1984-12-27,F,0101,ZINSOU Rachidatou
CC-000835,CARTE_CONSULAIRE,LOKONON,Brice,2004-03-21,M,1006,AGOSSOU Prudence
AN-000836,ACTE_NAISSANCE,ZANNOU,Sylvie,1982-03-23,F,1008,TOGBE Salamatou
AN-000837,ACTE_NAISSANCE,ADJOVI,Rosine Sènami,1990-02-02,F,0209,KIKI Ayaba
AN-000838,ACTE_NAISSANCE,YAROU,Romaric,2008-02-17,M,0606,CHABI Salamatou
AN-000839,ACTE_NAISSANCE,TOSSOU,Salamatou Espérance,1965-04-19,F,0604,ADJOVI Fatoumata
AN-000840,ACTE_NAISSANCE,BONI,Rachidatou,1960-07-11,F,0603,FASSINOU Mariam
PP-000841,PASSEPORT,CODJIA,Brice,2009-06-23,M,0602,OSSENI Ayaba
AN-000842,ACTE_NAISSANCE,ALLADAYE,Nadège,2009-04-28,F,0206,GLELE Rachidatou
AN-000843,ACTE_NAISSANCE,HOUESSOU,Estelle,1997-12-24,F,0902,ZANNOU Sènami
AN-000844,ACTE_NAISSANCE,SOSSOU,Fidèle,1987-10-22,M,1104,ADJOVI Gisèle
PP-000845,PASSEPORT,BIO,Rachidatou,1967-12-12,F,1002,SAGBO Prudence
AN-000846,ACTE_NAISSANCE,ADJOVI,Comlan Gildas,1945-04-16,M,0106,ALLADAYE Espérance
AN-000847,ACTE_NAISSANCE,AHOUANSOU,Gisèle,2013-02-01,F,0904,ADANDE Sèmèvo
CC-000848,CARTE_CONSULAIRE,BIO,Arnaud Bienvenu,1991-08-17,M,0406,TOGBE Sèmèvo
AN-000849,ACTE_NAISSANCE,KPADONOU,Rosine Rachidatou,1987-06-07,F,0905,AGOSSOU Chimène
PP-000850,PASSEPORT,YAROU,Codjo,1990-01-19,M,0302,AGBODJAN Salamatou
CC-000851,CARTE_CONSULAIRE,OSSENI,Rachid,2018-06-17,M,1203,KOUKPAKI Aïcha
AN-000852,ACTE_NAISSANCE,AMOUSSOU,Sèmèvo,1993-06-02,F,0604,HOUNSOU Salamatou
AN-000853,ACTE_NAISSANCE,SOSSOU,Ayaba,1969-04-26,F,0503,AKPOVI Rachidatou
AN-000854,ACTE_NAISSANCE,MENSAH,Fabrice,1997-05-10,M,1002,BIO Bernice
AN-000855,ACTE_NAISSANCE,SAGBO,Judith,2004-01-31,F,0904,QUENUM Salamatou
AN-000856,ACTE_NAISSANCE,AMOUSSOU,Serge,1962-08-24,M,0102,KOUKPAKI Mariam
AN-000857,ACTE_NAISSANCE,HOUNSOU,Fabrice,1950-01-16,M,0901,ADANDE Prudence
AN-000858,ACTE_NAISSANCE,YAROU,Romaric,2006-02-22,M,0303,BIO Mariam
CC-000859,CARTE_CONSULAIRE,AHOUANSOU,Salamatou,1977-02-11,F,0301,DOSSOU Rachidatou
PP-000860,PASSEPORT,CHABI,Sèmèvo,1989-06-03,F,0407,BIO Chimène
CC-000861,CARTE_CONSULAIRE,GLELE,Bienvenu,1985-05-19,M,0506,CODJIA Nadège
AN-000862,ACTE_NAISSANCE,TOGBE,Gisèle,1948-07-28,F,0504,HOUNGBO Rosine
CC-000863,CARTE_CONSULAIRE,NOUATIN,Nadège,1965-09-08,F,0405,AKPOVI Rosine
AN-000864,ACTE_NAISSANCE,AKPOVI,Bienvenu,1998-01-27,M,0603,SOULEY Prudence
PP-000865,PASSEPORT,HOUNKPATIN,Flore Sènami,1999-04-12,F,0206,GLELE Ayaba
PP-000866,PASSEPORT,DOSSOU,Ulrich Justin,1997-09-08,M,0701,GBAGUIDI Chimène
CC-000867,CARTE_CONSULAIRE,BONI,Salamatou,1992-01-04,F,0604,ASSOGBA Prudence
CC-000868,CARTE_CONSULAIRE,SAGBO,Aïcha,1999-03-20,F,0904,ASSOGBA Bernice
AN-000869,ACTE_NAISSANCE,ALLADAYE,Moussa,1977-12-05,M,1104,LOKONON Estelle
AN-000870,ACTE_NAISSANCE,FASSINOU,Brice Moussa,1951-08-11,M,1105,FASSINOU Salamatou
AN-000871,ACTE_NAISSANCE,TOGBE,Arnaud Fabrice,1976-06-22,M,0503,GLELE Sènami
AN-000872,ACTE_NAISSANCE,AGBODJAN,Ghislain,1959-12-06,M,0901,VODOUNON Aïcha
AN-000873,ACTE_NAISSANCE,AHOUANSOU,Rachid,1977-02-20,M,0506,YAROU Chimène
AN-000874,ACTE_NAISSANCE,GBAGUIDI,Espérance,1970-06-29,F,0101,QUENUM Estelle
AN-000875,ACTE_NAISSANCE,QUENUM,Carine,2018-01-26,F,0404,KIKI Gisèle
AN-000876,ACTE_NAISSANCE,TOSSOU,Rodrigue,1992-01-26,M,1009,AHOUANSOU Flore
AN-000877,ACTE_NAISSANCE,SAGBO,Rachid,1999-10-05,M,0403,TOGBE Rachidatou
CC-000878,CARTE_CONSULAIRE,NOUATIN,Fatoumata Rosine,1964-02-19,F,0208,QUENUM Judith
AN-000879,ACTE_NAISSANCE,MENSAH,Sènami,1969-12-25,F,1002,VODOUNON Carine
PP-000880,PASSEPORT,TCHIBOZO,Aïcha,2008-11-03,F,0901,KOUKPAKI Gisèle
CC-000881,CARTE_CONSULAIRE,AGOSSOU,Brice,2018-11-02,M,1002,KIKI Salamatou
PP-000882,PASSEPORT,ZINSOU,Brice Bienvenu,1992-08-21,M,0905,KPADONOU Prudence
AN-000883,ACTE_NAISSANCE,OSSENI,Comlan,2013-05-24,M,0307,YAROU Sèmèvo
AN-000884,ACTE_NAISSANCE,ASSOGBA,Espérance,1994-09-19,F,0104,YAROU Prudence
AN-000885,ACTE_NAISSANCE,DOSSOU,Salamatou Bernice,1981-05-13,F,0205,ALLADAYE Salamatou
AN-000886,ACTE_NAISSANCE,ADJOVI,Ibrahim,1954-01-21,M,0605,DANSOU Mariam
CC-000887,CARTE_CONSULAIRE,VODOUNON,Chimène,1965-08-15,F,0904,AHOYO Nadège
AN-000888,ACTE_NAISSANCE,AKPOVI,Salamatou,1968-11-22,F,0301,LOKONON Rachidatou
AN-000889,ACTE_NAISSANCE,DOSSOU,Salamatou,1981-12-10,F,0604,ZINSOU Sènami
AN-000890,ACTE_NAISSANCE,AHOYO,Prudence,1958-08-14,F,1008,SAGBO Salamatou
AN-000891,ACTE_NAISSANCE,AKPOVI,Yves Fabrice,1958-11-04,M,0106,CHABI Judith
PP-000892,PASSEPORT,SOSSOU,Judith,1988-05-24,F,0905,KPADONOU Sylvie
AN-000893,ACTE_NAISSANCE,GBAGUIDI,Aïcha,1998-09-11,F,0504,GBAGUIDI Rosine
AN-000894,ACTE_NAISSANCE,AGOSSOU,Fabrice,1962-12-26,M,0604,IDRISSOU Rosine
AN-000895,ACTE_NAISSANCE,HOUNSOU,Aïcha,1967-03-03,F,0304,ZANNOU Carine
CC-000896,CARTE_CONSULAIRE,AGBODJAN,Chimène,2019-10-05,F,0903,DOSSOU Sènami
AN-000897,ACTE_NAISSANCE,TOGBE,Rodrigue Serge,2009-09-08,M,0404,GLELE Carine
AN-000898,ACTE_NAISSANCE,DOSSOU,Serge Ibrahim,1947-02-25,M,0902,CHABI Sylvie
PP-000899,PASSEPORT,HOUNKPATIN,Serge Codjo,1957-05-25,M,0602,MENSAH Aïcha
AN-000900,ACTE_NAISSANCE,GBAGUIDI,Ghislain Romaric,2002-07-05,M,1206,ZINSOU Fatoumata
CC-000901,CARTE_CONSULAIRE,OSSENI,Arnaud,1991-12-26,M,0904,ADANDE Gisèle
CC-000902,CARTE_CONSULAIRE,OSSENI,Chimène,1977-09-02,F,0703,SOULEY Flore
AN-000903,ACTE_NAISSANCE,TOSSOU,Codjo,1960-02-29,M,1103,HOUESSOU Estelle
PP-000904,PASSEPORT,AHOYO,Ayaba Mariam,1966-01-22,F,0201,KIKI Estelle
AN-000905,ACTE_NAISSANCE,AGOSSOU,Espérance Judith,1998-05-04,F,1207,OSSENI Carine
AN-000906,ACTE_NAISSANCE,SOSSOU,Espérance,2014-03-28,F,1206,YAROU Gisèle
AN-000907,ACTE_NAISSANCE,OSSENI,Chimène,1974-06-08,F,0201,HOUNKPATIN Mariam
AN-000908,ACTE_NAISSANCE,DANSOU,Sèmèvo,1973-10-26,F,0405,HOUNKPATIN Estelle
AN-000909,ACTE_NAISSANCE,YAROU,Judith Ayaba,1973-02-07,F,0504,AMOUSSOU Prudence
AN-000910,ACTE_NAISSANCE,HOUESSOU,Yves,2015-06-14,M,0407,AKPOVI Fatoumata
AN-000911,ACTE_NAISSANCE,TCHIBOZO,Judith Ayaba,2018-11-16,F,1004,SOSSOU Carine
AN-000912,ACTE_NAISSANCE,DANSOU,Sylvie,1946-12-18,F,1009,ZANNOU Mariam
AN-000913,ACTE_NAISSANCE,SOSSOU,Mahougnon,1991-05-31,M,1201,YAROU Carine
AN-000914,ACTE_NAISSANCE,MENSAH,Bienvenu Rodrigue,1956-10-20,M,1208,SOULEY Salamatou
AN-000915,ACTE_NAISSANCE,KPADONOU,Ibrahim,1987-06-19,M,0502,ADANDE Fatoumata
AN-000916,ACTE_NAISSANCE,MENSAH,Arnaud Ghislain,1979-08-05,M,0904,TOGBE Sylvie
AN-000917,ACTE_NAISSANCE,IDRISSOU,Carine,1984-08-02,F,1104,BONI Chimène
CC-000918,CARTE_CONSULAIRE,ASSOGBA,Codjo Serge,1967-04-12,M,0604,AMOUSSOU Ayaba
AN-000919,ACTE_NAISSANCE,ADANDE,Ulrich,2005-02-28,M,1006,DOSSOU Aïcha
AN-000920,ACTE_NAISSANCE,BIO,Gildas Brice,2017-05-06,M,1206,GBAGUIDI Flore
CC-000921,CARTE_CONSULAIRE,FASSINOU,Fatoumata,1967-10-10,F,0606,BONI Salamatou
CC-000922,CARTE_CONSULAIRE,AHOYO,Justin,1962-04-06,M,0801,ASSOGBA Espérance
AN-000923,ACTE_NAISSANCE,ASSOGBA,Brice,1951-06-10,M,0308,GLELE Rosine
AN-000924,ACTE_NAISSANCE,HOUNGBO,Rachidatou Aïcha,1987-11-28,F,0403,TOSSOU Gisèle
AN-000925,ACTE_NAISSANCE,AHOYO,Aïcha,1952-03-06,F,0905,NOUATIN Chimène
AN-000926,ACTE_NAISSANCE,GBAGUIDI,Fidèle,1977-04-12,M,0903,BIO Sèmèvo
PP-000927,PASSEPORT,CODJIA,Sylvie Judith,2006-10-05,F,0702,ADJOVI Chimène
AN-000928,ACTE_NAISSANCE,VODOUNON,Salamatou Sylvie,2010-01-23,F,1204,AHOYO Espérance
AN-000929,ACTE_NAISSANCE,DANSOU,Rodrigue,2003-07-29,M,0506,AGBODJAN Sènami
AN-000930,ACTE_NAISSANCE,SAGBO,Gisèle,2023-09-12,F,0103,ASSOGBA Prudence
AN-000931,ACTE_NAISSANCE,YAROU,Moussa,2006-04-26,M,1208,AMOUSSOU Gisèle
CC-000932,CARTE_CONSULAIRE,HOUNSOU,Arnaud Bienvenu,1968-12-30,M,0702,QUENUM Ayaba
AN-000933,ACTE_NAISSANCE,ZANNOU,Comlan Fidèle,1998-11-20,M,0103,AKPOVI Bernice
PP-000934,PASSEPORT,KIKI,Ibrahim Romaric,1988-11-28,M,0603,VODOUNON Bernice
CC-000935,CARTE_CONSULAIRE,TOGBE,Sènami,1992-12-11,F,0101,GLELE Fatoumata
AN-000936,ACTE_NAISSANCE,DOSSOU,Justin,1997-12-09,M,1205,AMOUSSOU Gisèle
AN-000937,ACTE_NAISSANCE,ADJOVI,Rosine,1942-10-26,F,0702,VODOUNON Chimène
PP-000938,PASSEPORT,IDRISSOU,Rachidatou,1995-03-06,F,0402,ALLADAYE Flore
CC-000939,CARTE_CONSULAIRE,KPADONOU,Serge Moussa,2004-12-16,M,0301,AMOUSSOU Carine
AN-000940,ACTE_NAISSANCE,SOSSOU,Bienvenu,1993-09-03,M,0403,NOUATIN Chimène
AN-000941,ACTE_NAISSANCE,AMOUSSOU,Carine Aïcha,2022-04-26,F,0906,TOSSOU Estelle
AN-000942,ACTE_NAISSANCE,MENSAH,Moussa,1992-10-16,M,0601,FASSINOU Estelle
CC-000943,CARTE_CONSULAIRE,BIO,Fidèle,1966-02-02,M,0903,FASSINOU Carine
CC-000944,CARTE_CONSULAIRE,HOUNKPATIN,Gisèle,2014-08-19,F,0304,ADJOVI Judith
AN-000945,ACTE_NAISSANCE,IDRISSOU,Fabrice,2005-08-22,M,0901,GBAGUIDI Chimène
AN-000946,ACTE_NAISSANCE,MENSAH,Ghislain Moussa,1996-01-14,M,0302,SAGBO Sènami
PP-000947,PASSEPORT,KPADONOU,Espérance Bernice,1944-04-13,F,0102,LOKONON Judith
AN-000948,ACTE_NAISSANCE,TOSSOU,Fabrice Justin,2019-02-25,M,1008,OSSENI Mariam
CC-000949,CARTE_CONSULAIRE,AHOUANSOU,Salamatou Sènami,1980-08-01,F,0703,LOKONON Flore
AN-000950,ACTE_NAISSANCE,ADANDE,Rachid,2007-05-19,M,1005,IDRISSOU Flore
AN-000951,ACTE_NAISSANCE,HOUNGBO,Fidèle,1951-01-15,M,0701,MENSAH Sèmèvo
CC-000952,CARTE_CONSULAIRE,GLELE,Rachid,1974-03-14,M,0408,AGBODJAN Carine
AN-000953,ACTE_NAISSANCE,LOKONON,Sylvie,1986-05-06,F,0206,HOUNGBO Sèmèvo
CC-000954,CARTE_CONSULAIRE,AGBODJAN,Codjo Bienvenu,1970-06-19,M,0306,ZINSOU Rachidatou
AN-000955,ACTE_NAISSANCE,KPADONOU,Rodrigue,2017-07-26,M,0204,HOUNKPATIN Nadège
AN-000956,ACTE_NAISSANCE,BIO,Romaric Bienvenu,1965-06-14,M,0207,BIO Gisèle
AN-000957,ACTE_NAISSANCE,HOUNGBO,Comlan,2008-08-14,M,0208,ZINSOU Flore
AN-000958,ACTE_NAISSANCE,NOUATIN,Brice Ghislain,1969-01-12,M,0906,KOUKPAKI Espérance
AN-000959,ACTE_NAISSANCE,GBAGUIDI,Rachid,1963-08-05,M,0304,GLELE Flore
PP-000960,PASSEPORT,VODOUNON,Romaric,1962-08-07,M,0201,GLELE Sèmèvo
AN-000961,ACTE_NAISSANCE,HOUNGBO,Arnaud,2004-01-10,M,1101,QUENUM Chimène
AN-000962,ACTE_NAISSANCE,HOUNSOU,Flore Sèmèvo,1990-03-04,F,1001,KIKI Prudence
AN-000963,ACTE_NAISSANCE,ZANNOU,Nadège Ayaba,2012-08-18,F,0503,QUENUM Rachidatou
AN-000964,ACTE_NAISSANCE,GLELE,Rodrigue Comlan,1955-12-10,M,1204,AGOSSOU Prudence
CC-000965,CARTE_CONSULAIRE,YAROU,Bienvenu Serge,1974-07-08,M,0505,TOGBE Sènami
AN-000966,ACTE_NAISSANCE,ADJOVI,Serge,1945-09-03,M,0407,AMOUSSOU Salamatou
AN-000967,ACTE_NAISSANCE,ZANNOU,Arnaud,1990-10-04,M,0106,BIO Salamatou
CC-000968,CARTE_CONSULAIRE,AHOUANSOU,Comlan Codjo,1987-08-10,M,0605,AGOSSOU Sylvie
PP-000969,PASSEPORT,AGBODJAN,Ulrich,1968-04-18,M,0204,DANSOU Nadège
AN-000970,ACTE_NAISSANCE,SOSSOU,Bernice,1978-12-20,F,0102,ADJOVI Ayaba
AN-000971,ACTE_NAISSANCE,QUENUM,Bienvenu,1966-11-18,M,0603,SAGBO Sèmèvo
AN-000972,ACTE_NAISSANCE,YAROU,Rodrigue Gildas,1982-02-17,M,1003,DOSSOU Salamatou
AN-000973,ACTE_NAISSANCE,BIO,Fidèle Romaric,2007-01-31,M,1102,OSSENI Gisèle
PP-000974,PASSEPORT,BIO,Rachidatou Sylvie,1972-04-16,F,0204,TOSSOU Rosine
AN-000975,ACTE_NAISSANCE,MENSAH,Bernice Mariam,1994-06-30,F,0801,AHOUANSOU Sèmèvo
AN-000976,ACTE_NAISSANCE,SOSSOU,Flore,1971-10-26,F,0306,ASSOGBA Gisèle
AN-000977,ACTE_NAISSANCE,AHOUANSOU,Bernice,1991-08-18,F,0202,NOUATIN Sènami
AN-000978,ACTE_NAISSANCE,KOUKPAKI,Ulrich Fabrice,1982-08-18,M,0505,TOSSOU Prudence
AN-000979,ACTE_NAISSANCE,MENSAH,Ulrich Fabrice,1993-12-24,M,0102,DOSSOU Prudence
AN-000980,ACTE_NAISSANCE,TCHIBOZO,Koffi,1957-07-06,M,0504,HOUESSOU Ayaba
PP-000981,PASSEPORT,ZINSOU,Sèmèvo Carine,2006-05-28,F,0901,TOSSOU Flore
AN-000982,ACTE_NAISSANCE,TCHIBOZO,Gisèle Bernice,1944-12-09,F,1105,SOSSOU Nadège
AN-000983,ACTE_NAISSANCE,TCHIBOZO,Rodrigue,2003-09-28,M,0403,KIKI Espérance
AN-000984,ACTE_NAISSANCE,TCHIBOZO,Codjo Romaric,1947-11-30,M,1001,CHABI Carine
AN-000985,ACTE_NAISSANCE,KOUKPAKI,Romaric,1989-07-23,M,0105,LOKONON Aïcha
AN-000986,ACTE_NAISSANCE,ADJOVI,Justin Romaric,1997-01-09,M,0103,HOUNKPATIN Flore
CC-000987,CARTE_CONSULAIRE,IDRISSOU,Justin,1998-03-03,M,0306,SOSSOU Flore
CC-000988,CARTE_CONSULAIRE,TOGBE,Nadège,2024-04-01,F,0302,QUENUM Ayaba
AN-000989,ACTE_NAISSANCE,KPADONOU,Chimène Espérance,2014-09-09,F,0207,KIKI Nadège
AN-000990,ACTE_NAISSANCE,IDRISSOU,Codjo Yves,1971-01-29,M,0408,AGOSSOU Rachidatou
CC-000991,CARTE_CONSULAIRE,DOSSOU,Sènami,1973-10-14,F,0304,NOUATIN Bernice
AN-000992,ACTE_NAISSANCE,HOUESSOU,Ayaba,2008-10-15,F,0901,KOUKPAKI Aïcha
AN-000993,ACTE_NAISSANCE,TOGBE,Rachidatou Judith,1975-06-22,F,0603,ADANDE Bernice
AN-000994,ACTE_NAISSANCE,HOUNSOU,Bernice Mariam,1989-11-28,F,1006,BONI Ayaba
AN-000995,ACTE_NAISSANCE,MENSAH,Sènami,1982-10-18,F,0703,AGBODJAN Salamatou
PP-000996,PASSEPORT,SOULEY,Gisèle,2001-11-29,F,0801,NOUATIN Ayaba
PP-000997,PASSEPORT,DOSSOU,Codjo,1990-06-25,M,0203,ADJOVI Carine
AN-000998,ACTE_NAISSANCE,GBAGUIDI,Mariam Chimène,1997-09-20,F,0104,CODJIA Salamatou
AN-000999,ACTE_NAISSANCE,KPADONOU,Sènami,1975-10-11,F,0901,AGOSSOU Flore
AN-001000,ACTE_NAISSANCE,CHABI,Estelle,1998-01-01,F,0505,BONI Prudence
AN-001001,ACTE_NAISSANCE,DANSOU,Comlan,1992-06-01,M,0401,KPADONOU Espérance
AN-001002,ACTE_NAISSANCE,DANSOU,Justin,1971-08-08,M,0701,ALLADAYE Gisèle
AN-001003,ACTE_NAISSANCE,CODJIA,Espérance Judith,1981-10-24,F,1006,GLELE Sèmèvo
PP-001004,PASSEPORT,ZANNOU,Rachidatou,1953-04-11,F,0605,LOKONON Rosine
AN-001005,ACTE_NAISSANCE,NOUATIN,Rodrigue Ulrich,1949-11-28,M,1008,AHOYO Ayaba
AN-001006,ACTE_NAISSANCE,MENSAH,Rosine Espérance,2019-08-09,F,0205,AGOSSOU Judith
AN-001007,ACTE_NAISSANCE,TCHIBOZO,Moussa Romaric,1999-11-05,M,0307,MENSAH Carine
AN-001008,ACTE_NAISSANCE,AGBODJAN,Koffi Arnaud,1977-12-16,M,1008,ZANNOU Chimène
AN-001009,ACTE_NAISSANCE,QUENUM,Salamatou,1946-11-22,F,1103,LOKONON Ayaba
AN-001010,ACTE_NAISSANCE,AGBODJAN,Fidèle Gildas,1977-05-12,M,0202,AHOUANSOU Gisèle
PP-001011,PASSEPORT,ADANDE,Gisèle Espérance,2001-12-07,F,0301,AGOSSOU Rosine
AN-001012,ACTE_NAISSANCE,AHOUANSOU,Nadège Prudence,2015-03-02,F,0604,HOUESSOU Sèmèvo
AN-001013,ACTE_NAISSANCE,TOGBE,Arnaud Justin,1995-07-24,M,0901,CHABI Judith
AN-001014,ACTE_NAISSANCE,ZANNOU,Chimène,1999-07-07,F,0502,SOSSOU Nadège
AN-001015,ACTE_NAISSANCE,AHOUANSOU,Comlan,1975-12-29,M,0204,NOUATIN Espérance
PP-001016,PASSEPORT,TCHIBOZO,Bienvenu,1993-10-01,M,0307,FASSINOU Nadège
AN-001017,ACTE_NAISSANCE,DOSSOU,Judith Mariam,2019-08-25,F,0403,KPADONOU Chimène
AN-001018,ACTE_NAISSANCE,AHOYO,Flore,1987-03-23,F,0104,YAROU Rachidatou
CC-001019,CARTE_CONSULAIRE,AGBODJAN,Chimène,2008-05-04,F,0506,YAROU Nadège
CC-001020,CARTE_CONSULAIRE,AHOUANSOU,Ulrich,1972-06-12,M,0901,ASSOGBA Aïcha
AN-001021,ACTE_NAISSANCE,CODJIA,Gisèle,1979-11-22,F,0605,GBAGUIDI Rosine
AN-001022,ACTE_NAISSANCE,NOUATIN,Rodrigue Yves,1974-06-16,M,0101,KIKI Mariam
CC-001023,CARTE_CONSULAIRE,HOUNGBO,Justin,1969-03-13,M,0902,CODJIA Chimène
PP-001024,PASSEPORT,GLELE,Prudence,1994-07-25,F,0205,SOULEY Rachidatou
CC-001025,CARTE_CONSULAIRE,QUENUM,Comlan Ulrich,1972-05-27,M,1007,TOSSOU Estelle
AN-001026,ACTE_NAISSANCE,ASSOGBA,Fabrice,1969-08-28,M,0106,AHOYO Prudence
PP-001027,PASSEPORT,AMOUSSOU,Flore,1968-01-12,F,0902,AMOUSSOU Judith
AN-001028,ACTE_NAISSANCE,TOGBE,Fidèle,2014-09-21,M,0308,KIKI Aïcha
AN-001029,ACTE_NAISSANCE,CODJIA,Gildas,1946-10-18,M,1206,LOKONON Bernice
AN-001030,ACTE_NAISSANCE,SOSSOU,Aïcha,2008-05-09,F,0104,ADJOVI Bernice
AN-001031,ACTE_NAISSANCE,AGBODJAN,Ibrahim,1997-07-28,M,1102,SAGBO Salamatou
PP-001032,PASSEPORT,HOUNKPATIN,Judith Sylvie,1977-04-07,F,0904,CODJIA Aïcha
AN-001033,ACTE_NAISSANCE,ADANDE,Brice Codjo,2008-06-18,M,1202,CHABI Judith
AN-001034,ACTE_NAISSANCE,ALLADAYE,Ghislain,1997-09-12,M,1201,AGBODJAN Salamatou
AN-001035,ACTE_NAISSANCE,GBAGUIDI,Romaric,2001-04-06,M,1007,VODOUNON Rosine
CC-001036,CARTE_CONSULAIRE,IDRISSOU,Sylvie Salamatou,1980-10-28,F,0701,LOKONON Espérance
CC-001037,CARTE_CONSULAIRE,ASSOGBA,Serge,1978-10-24,M,1206,AKPOVI Nadège
AN-001038,ACTE_NAISSANCE,VODOUNON,Nadège Sènami,2005-10-19,F,0601,DOSSOU Mariam
AN-001039,ACTE_NAISSANCE,DANSOU,Chimène,1973-09-25,F,1105,HOUESSOU Rachidatou
AN-001040,ACTE_NAISSANCE,DOSSOU,Judith Sylvie,1984-07-07,F,1103,GLELE Rachidatou
PP-001041,PASSEPORT,CODJIA,Mahougnon,1947-09-28,M,0902,NOUATIN Sènami
AN-001042,ACTE_NAISSANCE,HOUNSOU,Codjo,2002-02-15,M,0305,AKPOVI Bernice
CC-001043,CARTE_CONSULAIRE,GBAGUIDI,Ibrahim Gildas,1976-08-05,M,1205,KIKI Aïcha
PP-001044,PASSEPORT,DOSSOU,Nadège,2009-08-16,F,1105,AGOSSOU Fatoumata
PP-001045,PASSEPORT,HOUNSOU,Rodrigue,2015-06-01,M,1006,GLELE Gisèle
CC-001046,CARTE_CONSULAIRE,MENSAH,Ayaba,1969-06-25,F,0106,AMOUSSOU Ayaba
AN-001047,ACTE_NAISSANCE,MENSAH,Mahougnon,2003-03-21,M,0208,GLELE Estelle
AN-001048,ACTE_NAISSANCE,CHABI,Nadège,1992-10-07,F,0905,HOUNKPATIN Bernice
PP-001049,PASSEPORT,SAGBO,Prudence,1962-09-27,F,0407,BIO Sylvie
AN-001050,ACTE_NAISSANCE,OSSENI,Judith,1979-11-27,F,0402,AGOSSOU Fatoumata
AN-001051,ACTE_NAISSANCE,AHOYO,Romaric,1998-09-21,M,0407,DANSOU Flore
CC-001052,CARTE_CONSULAIRE,KIKI,Gildas,2000-12-27,M,1006,MENSAH Gisèle
AN-001053,ACTE_NAISSANCE,ZINSOU,Romaric,2001-06-26,M,0701,GBAGUIDI Gisèle
PP-001054,PASSEPORT,HOUNSOU,Chimène,1974-07-09,F,0603,SOULEY Sèmèvo
CC-001055,CARTE_CONSULAIRE,HOUNKPATIN,Gildas Bienvenu,1966-04-01,M,0305,AGBODJAN Mariam
AN-001056,ACTE_NAISSANCE,SOULEY,Brice Bienvenu,2013-10-23,M,1206,ADANDE Nadège
PP-001057,PASSEPORT,FASSINOU,Fabrice Brice,1976-11-19,M,1102,GLELE Mariam
PP-001058,PASSEPORT,BONI,Fabrice,1955-08-16,M,0208,BIO Aïcha
PP-001059,PASSEPORT,AKPOVI,Brice,2002-05-10,M,1101,AHOUANSOU Mariam
PP-001060,PASSEPORT,TOSSOU,Rodrigue,1976-12-09,M,0208,AKPOVI Judith
CC-001061,CARTE_CONSULAIRE,HOUNGBO,Moussa,1995-07-25,M,0903,DOSSOU Chimène
CC-001062,CARTE_CONSULAIRE,HOUESSOU,Carine Mariam,2001-11-25,F,0902,HOUESSOU Bernice
AN-001063,ACTE_NAISSANCE,TOGBE,Fidèle,1996-11-30,M,1001,ASSOGBA Carine
PP-001064,PASSEPORT,BONI,Ghislain,2006-10-22,M,0406,KOUKPAKI Flore
CC-001065,CARTE_CONSULAIRE,CODJIA,Sèmèvo Aïcha,1971-12-16,F,0306,CHABI Gisèle
AN-001066,ACTE_NAISSANCE,SOULEY,Yves,1999-12-06,M,0501,DOSSOU Sènami
AN-001067,ACTE_NAISSANCE,FASSINOU,Sènami,2016-06-11,F,0208,MENSAH Prudence
AN-001068,ACTE_NAISSANCE,ADANDE,Ayaba,2008-11-06,F,1001,IDRISSOU Estelle
AN-001069,ACTE_NAISSANCE,FASSINOU,Mahougnon,1994-10-11,M,0306,KIKI Rosine
PP-001070,PASSEPORT,HOUNSOU,Justin,1993-07-06,M,0602,AGOSSOU Rosine
AN-001071,ACTE_NAISSANCE,OSSENI,Espérance,1990-11-02,F,0506,ASSOGBA Rachidatou
AN-001072,ACTE_NAISSANCE,ADJOVI,Codjo,1976-01-07,M,1207,KOUKPAKI Gisèle
AN-001073,ACTE_NAISSANCE,AGOSSOU,Aïcha,2001-01-23,F,0407,ALLADAYE Gisèle
PP-001074,PASSEPORT,VODOUNON,Sèmèvo,1986-10-23,F,1006,NOUATIN Sylvie
PP-001075,PASSEPORT,HOUNSOU,Nadège Flore,1973-10-05,F,0207,KIKI Espérance
CC-001076,CARTE_CONSULAIRE,ASSOGBA,Bienvenu,1992-11-16,M,1207,DANSOU Rosine
AN-001077,ACTE_NAISSANCE,AKPOVI,Prudence Carine,1988-02-25,F,1002,AKPOVI Rachidatou
AN-001078,ACTE_NAISSANCE,TCHIBOZO,Sènami Judith,2005-03-17,F,0204,GLELE Rachidatou
PP-001079,PASSEPORT,ZINSOU,Yves,2001-12-10,M,0406,BIO Nadège
AN-001080,ACTE_NAISSANCE,ASSOGBA,Salamatou,2002-11-04,F,1006,KIKI Mariam
AN-001081,ACTE_NAISSANCE,AGBODJAN,Rachidatou,1974-04-03,F,0203,DOSSOU Espérance
AN-001082,ACTE_NAISSANCE,VODOUNON,Fidèle,1995-10-26,M,0403,SOSSOU Judith
AN-001083,ACTE_NAISSANCE,TOGBE,Sèmèvo Estelle,1996-06-30,F,0905,ALLADAYE Prudence
AN-001084,ACTE_NAISSANCE,TOSSOU,Justin,1979-02-08,M,1102,HOUESSOU Mariam
AN-001085,ACTE_NAISSANCE,AHOYO,Arnaud,1990-03-17,M,0205,ADANDE Rosine
CC-001086,CARTE_CONSULAIRE,BIO,Sèmèvo,1983-09-24,F,0505,DANSOU Fatoumata
AN-001087,ACTE_NAISSANCE,HOUESSOU,Arnaud,2007-09-09,M,0101,ADANDE Prudence
CC-001088,CARTE_CONSULAIRE,VODOUNON,Serge Justin,2019-11-21,M,0401,AKPOVI Gisèle
AN-001089,ACTE_NAISSANCE,DANSOU,Yves,1957-02-28,M,1009,KOUKPAKI Gisèle
AN-001090,ACTE_NAISSANCE,SAGBO,Codjo Comlan,1945-09-28,M,0704,KPADONOU Carine
AN-001091,ACTE_NAISSANCE,CODJIA,Moussa,1992-08-20,M,0406,AMOUSSOU Carine
AN-001092,ACTE_NAISSANCE,SOSSOU,Romaric,1961-07-30,M,0105,KIKI Ayaba
AN-001093,ACTE_NAISSANCE,GLELE,Espérance,2003-12-18,F,0606,ADJOVI Mariam
AN-001094,ACTE_NAISSANCE,DOSSOU,Espérance Mariam,1954-05-19,F,0207,HOUNGBO Ayaba
AN-001095,ACTE_NAISSANCE,AHOYO,Carine,1969-09-18,F,1006,KOUKPAKI Bernice
PP-001096,PASSEPORT,SOSSOU,Flore,1994-07-04,F,0205,HOUNKPATIN Sènami
AN-001097,ACTE_NAISSANCE,FASSINOU,Comlan Brice,1999-07-14,M,1001,DANSOU Estelle
PP-001098,PASSEPORT,NOUATIN,Rachidatou,2001-04-02,F,0208,KOUKPAKI Gisèle
AN-001099,ACTE_NAISSANCE,AKPOVI,Ghislain,1960-05-12,M,1004,AHOUANSOU Fatoumata
CC-001100,CARTE_CONSULAIRE,SAGBO,Sènami,2007-04-21,F,0601,ZINSOU Chimène
AN-001101,ACTE_NAISSANCE,TCHIBOZO,Comlan,1999-08-04,M,1005,TOGBE Sylvie
AN-001102,ACTE_NAISSANCE,QUENUM,Bernice,1986-12-02,F,0604,TOGBE Estelle
CC-001103,CARTE_CONSULAIRE,OSSENI,Gisèle Nadège,2009-04-21,F,1102,IDRISSOU Mariam
AN-001104,ACTE_NAISSANCE,QUENUM,Rosine,1994-04-27,F,1005,ADANDE Sèmèvo
CC-001105,CARTE_CONSULAIRE,AGBODJAN,Moussa Koffi,2009-03-27,M,1005,ZINSOU Flore
AN-001106,ACTE_NAISSANCE,OSSENI,Sènami,2004-02-09,F,0305,NOUATIN Gisèle
AN-001107,ACTE_NAISSANCE,AHOYO,Fabrice,2009-09-24,M,1104,CODJIA Rachidatou
AN-001108,ACTE_NAISSANCE,AMOUSSOU,Bienvenu Gildas,2005-10-06,M,1104,AHOYO Mariam
CC-001109,CARTE_CONSULAIRE,LOKONON,Bernice Judith,1999-05-17,F,0105,ZINSOU Prudence
CC-001110,CARTE_CONSULAIRE,DOSSOU,Ulrich,1992-05-22,M,0305,QUENUM Judith
AN-001111,ACTE_NAISSANCE,SAGBO,Bernice Sèmèvo,1988-07-18,F,0303,FASSINOU Fatoumata
PP-001112,PASSEPORT,CHABI,Carine,1984-07-31,F,0305,BIO Gisèle
AN-001113,ACTE_NAISSANCE,CODJIA,Sèmèvo,1992-07-31,F,0606,KOUKPAKI Fatoumata
AN-001114,ACTE_NAISSANCE,ZANNOU,Moussa,1990-06-05,M,1102,GBAGUIDI Carine
PP-001115,PASSEPORT,TCHIBOZO,Sylvie,2013-02-13,F,0306,VODOUNON Rosine
AN-001116,ACTE_NAISSANCE,BIO,Sylvie Judith,1991-09-01,F,0302,BONI Ayaba
AN-001117,ACTE_NAISSANCE,GLELE,Nadège,2011-11-14,F,0307,NOUATIN Ayaba
AN-001118,ACTE_NAISSANCE,GBAGUIDI,Rosine,1998-09-15,F,0203,KOUKPAKI Rosine
AN-001119,ACTE_NAISSANCE,DOSSOU,Codjo,2003-03-25,M,0308,NOUATIN Prudence
AN-001120,ACTE_NAISSANCE,BIO,Gisèle,1989-03-25,F,0208,MENSAH Judith
AN-001121,ACTE_NAISSANCE,ADJOVI,Fidèle,1969-05-08,M,0801,BONI Flore
AN-001122,ACTE_NAISSANCE,AKPOVI,Espérance,1975-07-21,F,1008,AKPOVI Sylvie
PP-001123,PASSEPORT,GLELE,Koffi,1993-05-11,M,1204,AGOSSOU Fatoumata
AN-001124,ACTE_NAISSANCE,TOSSOU,Justin Bienvenu,2000-07-07,M,1104,QUENUM Carine
PP-001125,PASSEPORT,ALLADAYE,Ulrich,1980-07-14,M,0101,AMOUSSOU Rachidatou
AN-001126,ACTE_NAISSANCE,IDRISSOU,Ibrahim,1985-05-04,M,1004,ZANNOU Espérance
AN-001127,ACTE_NAISSANCE,CODJIA,Brice Gildas,2005-08-14,M,0408,OSSENI Chimène
AN-001128,ACTE_NAISSANCE,LOKONON,Rachid,1982-05-04,M,0601,BONI Salamatou
AN-001129,ACTE_NAISSANCE,CODJIA,Fidèle Gildas,1956-10-07,M,0401,LOKONON Flore
PP-001130,PASSEPORT,LOKONON,Estelle Rosine,2012-07-19,F,1101,VODOUNON Nadège
AN-001131,ACTE_NAISSANCE,AHOUANSOU,Rosine,1965-11-14,F,0702,DANSOU Rosine
AN-001132,ACTE_NAISSANCE,KOUKPAKI,Rachidatou,2007-05-08,F,1209,HOUNKPATIN Mariam
AN-001133,ACTE_NAISSANCE,GLELE,Koffi,1988-02-25,M,1207,AGOSSOU Estelle
AN-001134,ACTE_NAISSANCE,SOSSOU,Nadège Prudence,1986-05-31,F,0604,YAROU Fatoumata
AN-001135,ACTE_NAISSANCE,HOUNSOU,Arnaud,1974-12-04,M,0205,SOULEY Sènami
AN-001136,ACTE_NAISSANCE,LOKONON,Brice,1950-02-23,M,0406,OSSENI Aïcha
AN-001137,ACTE_NAISSANCE,GBAGUIDI,Estelle Aïcha,1953-10-05,F,0101,HOUESSOU Aïcha
AN-001138,ACTE_NAISSANCE,LOKONON,Comlan,2016-03-15,M,1003,DANSOU Espérance
AN-001139,ACTE_NAISSANCE,HOUNSOU,Codjo,1995-12-06,M,0103,AHOYO Bernice
AN-001140,ACTE_NAISSANCE,GLELE,Brice Serge,1992-10-08,M,0209,AGOSSOU Flore
PP-001141,PASSEPORT,LOKONON,Codjo,1967-02-11,M,0902,GBAGUIDI Sylvie
AN-001142,ACTE_NAISSANCE,HOUNKPATIN,Rachidatou,2022-03-24,F,0402,QUENUM Chimène
AN-001143,ACTE_NAISSANCE,CHABI,Sèmèvo,1961-02-06,F,0904,ZINSOU Ayaba
AN-001144,ACTE_NAISSANCE,TOSSOU,Koffi,1980-02-05,M,0209,ZINSOU Sylvie
AN-001145,ACTE_NAISSANCE,AHOUANSOU,Koffi,1961-01-27,M,0505,GBAGUIDI Judith
AN-001146,ACTE_NAISSANCE,TOSSOU,Espérance Flore,1989-09-03,F,1002,YAROU Gisèle
AN-001147,ACTE_NAISSANCE,DANSOU,Brice,1960-04-30,M,0306,BONI Rachidatou
AN-001148,ACTE_NAISSANCE,LOKONON,Rodrigue,1963-10-25,M,0408,YAROU Sylvie
PP-001149,PASSEPORT,ADJOVI,Rachid Brice,2011-04-18,M,0504,GBAGUIDI Carine
AN-001150,ACTE_NAISSANCE,MENSAH,Comlan Arnaud,2003-11-19,M,0703,ADANDE Chimène
AN-001151,ACTE_NAISSANCE,TOSSOU,Fabrice,2020-11-10,M,0702,HOUNKPATIN Nadège
CC-001152,CARTE_CONSULAIRE,ASSOGBA,Serge,1988-05-24,M,0308,TOSSOU Estelle
PP-001153,PASSEPORT,HOUNSOU,Salamatou,2000-11-05,F,1209,DOSSOU Gisèle
CC-001154,CARTE_CONSULAIRE,SOULEY,Sèmèvo,2017-04-26,F,0702,SAGBO Ayaba
AN-001155,ACTE_NAISSANCE,DANSOU,Fidèle,1984-08-05,M,0405,FASSINOU Sèmèvo
AN-001156,ACTE_NAISSANCE,HOUNGBO,Justin,1965-08-21,M,0701,FASSINOU Nadège
AN-001157,ACTE_NAISSANCE,HOUNKPATIN,Rachidatou,1979-08-09,F,0506,FASSINOU Espérance
AN-001158,ACTE_NAISSANCE,ZINSOU,Mahougnon,1984-06-06,M,1009,QUENUM Bernice
CC-001159,CARTE_CONSULAIRE,NOUATIN,Rosine,1995-07-07,F,1204,KPADONOU Prudence
AN-001160,ACTE_NAISSANCE,KPADONOU,Bienvenu,1990-10-17,M,0502,VODOUNON Bernice
AN-001161,ACTE_NAISSANCE,AHOYO,Espérance,1996-07-30,F,1206,LOKONON Gisèle
AN-001162,ACTE_NAISSANCE,KOUKPAKI,Moussa,1989-04-07,M,0406,TOGBE Gisèle
AN-001163,ACTE_NAISSANCE,ASSOGBA,Aïcha,1961-02-21,F,0703,KIKI Gisèle
AN-001164,ACTE_NAISSANCE,AHOYO,Sylvie,1956-06-24,F,0303,KPADONOU Chimène
CC-001165,CARTE_CONSULAIRE,IDRISSOU,Sylvie,1991-07-14,F,0408,BIO Aïcha
AN-001166,ACTE_NAISSANCE,AGBODJAN,Salamatou,1982-12-19,F,0906,LOKONON Estelle
AN-001167,ACTE_NAISSANCE,ADJOVI,Ibrahim Fabrice,2004-10-01,M,0404,TCHIBOZO Sènami
AN-001168,ACTE_NAISSANCE,GBAGUIDI,Mariam,2009-03-27,F,0503,DANSOU Carine
AN-001169,ACTE_NAISSANCE,OSSENI,Fidèle Codjo,1986-09-15,M,1006,TOSSOU Prudence
AN-001170,ACTE_NAISSANCE,ASSOGBA,Romaric,1978-06-04,M,0106,AHOYO Chimène
AN-001171,ACTE_NAISSANCE,DOSSOU,Ulrich,1998-09-26,M,0603,SOSSOU Carine
AN-001172,ACTE_NAISSANCE,KIKI,Prudence Ayaba,2007-06-16,F,0101,ADJOVI Espérance
AN-001173,ACTE_NAISSANCE,BONI,Brice,1969-10-25,M,0603,SOSSOU Flore
AN-001174,ACTE_NAISSANCE,ZANNOU,Rachid,1962-11-08,M,1003,SAGBO Prudence
PP-001175,PASSEPORT,TOGBE,Salamatou,1959-03-03,F,0205,FASSINOU Mariam
AN-001176,ACTE_NAISSANCE,CHABI,Fidèle Comlan,2006-12-26,M,0303,FASSINOU Carine
AN-001177,ACTE_NAISSANCE,KPADONOU,Espérance,2004-04-10,F,0404,IDRISSOU Gisèle
AN-001178,ACTE_NAISSANCE,VODOUNON,Brice,1998-07-26,M,0801,SAGBO Mariam
CC-001179,CARTE_CONSULAIRE,KOUKPAKI,Moussa,1957-06-27,M,0203,GLELE Bernice
PP-001180,PASSEPORT,HOUNGBO,Sèmèvo,1976-07-03,F,1201,TOSSOU Ayaba
AN-001181,ACTE_NAISSANCE,ASSOGBA,Aïcha Gisèle,1963-09-11,F,0209,ALLADAYE Sènami
PP-001182,PASSEPORT,ZINSOU,Nadège,1988-01-01,F,1002,GBAGUIDI Sèmèvo
AN-001183,ACTE_NAISSANCE,ZINSOU,Justin,1980-04-12,M,1003,HOUESSOU Bernice
AN-001184,ACTE_NAISSANCE,TCHIBOZO,Flore,2014-05-21,F,0501,CODJIA Sènami
PP-001185,PASSEPORT,KOUKPAKI,Judith,1995-10-23,F,0206,HOUNSOU Ayaba
CC-001186,CARTE_CONSULAIRE,KOUKPAKI,Rodrigue,1998-10-12,M,0208,DOSSOU Rosine
AN-001187,ACTE_NAISSANCE,BONI,Chimène Rachidatou,2009-03-02,F,1006,GLELE Aïcha
AN-001188,ACTE_NAISSANCE,YAROU,Ulrich Justin,2014-01-02,M,0502,IDRISSOU Fatoumata
CC-001189,CARTE_CONSULAIRE,BIO,Judith,2000-09-15,F,0307,DOSSOU Salamatou
AN-001190,ACTE_NAISSANCE,ADANDE,Moussa,2010-11-26,M,0902,YAROU Gisèle
AN-001191,ACTE_NAISSANCE,AHOYO,Ghislain,1987-02-21,M,0407,OSSENI Salamatou
PP-001192,PASSEPORT,DANSOU,Ghislain,2019-08-28,M,0405,HOUESSOU Rosine
CC-001193,CARTE_CONSULAIRE,ADJOVI,Serge,1962-07-14,M,0207,GLELE Carine
AN-001194,ACTE_NAISSANCE,LOKONON,Romaric,1974-10-15,M,0603,TCHIBOZO Chimène
AN-001195,ACTE_NAISSANCE,SOSSOU,Sylvie Salamatou,2014-10-21,F,1004,AKPOVI Mariam
AN-001196,ACTE_NAISSANCE,AHOUANSOU,Comlan,2004-03-07,M,0606,GLELE Sènami
AN-001197,ACTE_NAISSANCE,IDRISSOU,Fatoumata Bernice,1983-06-22,F,1005,KIKI Estelle
CC-001198,CARTE_CONSULAIRE,QUENUM,Comlan,1966-09-23,M,0103,ASSOGBA Rachidatou
AN-001199,ACTE_NAISSANCE,DOSSOU,Ibrahim,2004-12-17,M,0904,ADJOVI Ayaba
PP-001200,PASSEPORT,NOUATIN,Yves,1979-06-22,M,0404,ZANNOU Espérance
PP-001201,PASSEPORT,TOGBE,Carine,2004-07-28,F,0209,TOSSOU Sèmèvo
PP-001202,PASSEPORT,ZINSOU,Ibrahim,1992-09-09,M,0606,FASSINOU Salamatou
PP-001203,PASSEPORT,SOULEY,Ghislain Gildas,2008-11-13,M,0905,DOSSOU Fatoumata
AN-001204,ACTE_NAISSANCE,DOSSOU,Codjo Rachid,1987-02-03,M,0401,SAGBO Fatoumata
AN-001205,ACTE_NAISSANCE,HOUESSOU,Bienvenu,1993-12-05,M,1103,SAGBO Sylvie
CC-001206,CARTE_CONSULAIRE,KPADONOU,Comlan Brice,2004-08-09,M,1002,YAROU Estelle
CC-001207,CARTE_CONSULAIRE,ZANNOU,Gildas Ulrich,1939-05-22,M,0308,CHABI Espérance
AN-001208,ACTE_NAISSANCE,KIKI,Bernice,1980-11-04,F,1105,NOUATIN Sylvie
AN-001209,ACTE_NAISSANCE,ADANDE,Gildas,1990-06-04,M,1002,OSSENI Judith
AN-001210,ACTE_NAISSANCE,AKPOVI,Flore,1990-12-08,F,1206,ALLADAYE Ayaba
AN-001211,ACTE_NAISSANCE,BONI,Prudence,2008-10-14,F,0301,TOGBE Chimène
AN-001212,ACTE_NAISSANCE,CODJIA,Gisèle Prudence,1979-12-31,F,0502,DOSSOU Prudence
AN-001213,ACTE_NAISSANCE,MENSAH,Sèmèvo Rachidatou,1946-05-07,F,1205,MENSAH Estelle
AN-001214,ACTE_NAISSANCE,HOUNGBO,Sèmèvo,2006-06-06,F,0905,SAGBO Espérance
CC-001215,CARTE_CONSULAIRE,LOKONON,Brice,1990-11-02,M,1004,VODOUNON Rosine
PP-001216,PASSEPORT,QUENUM,Sylvie Fatoumata,1982-11-03,F,0106,TOGBE Judith
AN-001217,ACTE_NAISSANCE,AGBODJAN,Rosine,1976-08-31,F,1006,NOUATIN Aïcha
AN-001218,ACTE_NAISSANCE,OSSENI,Carine,2011-06-14,F,0304,AKPOVI Flore
AN-001219,ACTE_NAISSANCE,DOSSOU,Fabrice Yves,2007-12-13,M,0408,AHOYO Rosine
AN-001220,ACTE_NAISSANCE,GLELE,Chimène,2011-11-20,F,1208,DOSSOU Sylvie
CC-001221,CARTE_CONSULAIRE,IDRISSOU,Gildas,1991-06-14,M,0206,OSSENI Salamatou
PP-001222,PASSEPORT,NOUATIN,Justin,1997-04-20,M,1201,AGOSSOU Rosine
AN-001223,ACTE_NAISSANCE,KPADONOU,Chimène,1978-12-19,F,1209,AHOUANSOU Espérance
AN-001224,ACTE_NAISSANCE,IDRISSOU,Gisèle Nadège,1955-10-27,F,1001,MENSAH Prudence
CC-001225,CARTE_CONSULAIRE,DOSSOU,Rachid,2004-07-07,M,0606,ADJOVI Nadège
AN-001226,ACTE_NAISSANCE,KOUKPAKI,Bernice Ayaba,1960-03-01,F,0602,GBAGUIDI Aïcha
AN-001227,ACTE_NAISSANCE,ASSOGBA,Ghislain Serge,1971-12-21,M,1006,ALLADAYE Aïcha
PP-001228,PASSEPORT,NOUATIN,Rodrigue,1986-04-28,M,1207,CODJIA Nadège
CC-001229,CARTE_CONSULAIRE,TOGBE,Koffi,1998-11-04,M,1001,NOUATIN Salamatou
AN-001230,ACTE_NAISSANCE,BIO,Bernice Estelle,1940-06-18,F,1006,AKPOVI Ayaba
CC-001231,CARTE_CONSULAIRE,DOSSOU,Rachidatou,2005-07-25,F,0905,CODJIA Bernice
PP-001232,PASSEPORT,DANSOU,Salamatou Mariam,1955-06-24,F,1202,SOSSOU Sylvie
AN-001233,ACTE_NAISSANCE,AHOUANSOU,Chimène,2004-08-07,F,0208,TOSSOU Carine
AN-001234,ACTE_NAISSANCE,VODOUNON,Flore,1997-02-06,F,0402,AHOYO Chimène
AN-001235,ACTE_NAISSANCE,AKPOVI,Espérance,2019-06-19,F,0306,GBAGUIDI Prudence
AN-001236,ACTE_NAISSANCE,SOULEY,Gildas Romaric,2017-11-27,M,0405,HOUNGBO Sylvie
AN-001237,ACTE_NAISSANCE,KPADONOU,Rachidatou,1996-03-24,F,1004,OSSENI Sènami
AN-001238,ACTE_NAISSANCE,CHABI,Judith Fatoumata,1998-08-02,F,1003,SOULEY Carine
AN-001239,ACTE_NAISSANCE,IDRISSOU,Sylvie,1967-01-27,F,0407,HOUESSOU Estelle
PP-001240,PASSEPORT,AMOUSSOU,Gildas Ibrahim,1983-10-05,M,0701,YAROU Estelle
AN-001241,ACTE_NAISSANCE,MENSAH,Prudence Nadège,1988-09-26,F,0105,TCHIBOZO Ayaba
AN-001242,ACTE_NAISSANCE,SOULEY,Judith,2004-12-20,F,0906,HOUNGBO Rachidatou
CC-001243,CARTE_CONSULAIRE,DANSOU,Prudence Sènami,1991-02-26,F,0105,NOUATIN Salamatou
AN-001244,ACTE_NAISSANCE,LOKONON,Ibrahim,2017-07-03,M,1205,TOGBE Sylvie
AN-001245,ACTE_NAISSANCE,KIKI,Brice Yves,1993-01-09,M,1002,QUENUM Fatoumata
AN-001246,ACTE_NAISSANCE,GBAGUIDI,Chimène,1987-05-18,F,1001,SOSSOU Rachidatou
CC-001247,CARTE_CONSULAIRE,CHABI,Koffi,1974-08-24,M,1207,SOULEY Salamatou
PP-001248,PASSEPORT,CHABI,Chimène,1980-01-21,F,0307,KPADONOU Estelle
AN-001249,ACTE_NAISSANCE,CODJIA,Sènami,1983-09-28,F,0102,GLELE Judith
PP-001250,PASSEPORT,OSSENI,Moussa Ghislain,2007-12-01,M,0408,GBAGUIDI Rosine
AN-001251,ACTE_NAISSANCE,DOSSOU,Gisèle,1997-05-06,F,1002,GBAGUIDI Espérance
PP-001252,PASSEPORT,ASSOGBA,Sènami,2007-05-30,F,0103,AHOYO Sènami
AN-001253,ACTE_NAISSANCE,HOUESSOU,Sènami,1967-12-21,F,0304,HOUNGBO Rosine
AN-001254,ACTE_NAISSANCE,BIO,Nadège,2014-03-15,F,0901,YAROU Salamatou
AN-001255,ACTE_NAISSANCE,GBAGUIDI,Salamatou,1938-03-12,F,0702,NOUATIN Sènami
AN-001256,ACTE_NAISSANCE,OSSENI,Fabrice,2005-09-08,M,0308,SOULEY Bernice
AN-001257,ACTE_NAISSANCE,DOSSOU,Chimène,1992-03-18,F,0105,TCHIBOZO Rosine
CC-001258,CARTE_CONSULAIRE,AGOSSOU,Judith,1982-01-16,F,0103,BONI Mariam
AN-001259,ACTE_NAISSANCE,ALLADAYE,Justin,2007-09-27,M,1204,CHABI Aïcha
CC-001260,CARTE_CONSULAIRE,ADANDE,Brice,1965-01-25,M,1007,VODOUNON Nadège
PP-001261,PASSEPORT,HOUESSOU,Bernice,1993-04-14,F,0203,KPADONOU Prudence
AN-001262,ACTE_NAISSANCE,ADJOVI,Fidèle,1960-06-25,M,0208,CODJIA Sènami
AN-001263,ACTE_NAISSANCE,AHOYO,Codjo,2002-07-12,M,0905,SOULEY Rosine
PP-001264,PASSEPORT,VODOUNON,Prudence,1955-09-24,F,0302,ZINSOU Nadège
AN-001265,ACTE_NAISSANCE,AKPOVI,Comlan,1995-05-31,M,0606,HOUNSOU Ayaba
AN-001266,ACTE_NAISSANCE,NOUATIN,Rodrigue,1996-06-02,M,0905,HOUESSOU Ayaba
AN-001267,ACTE_NAISSANCE,ADJOVI,Rodrigue,2003-12-22,M,1207,YAROU Sèmèvo
AN-001268,ACTE_NAISSANCE,GLELE,Rachid,2004-10-18,M,0406,ZANNOU Chimène
AN-001269,ACTE_NAISSANCE,MENSAH,Espérance,1978-11-05,F,1102,SAGBO Carine
PP-001270,PASSEPORT,AGOSSOU,Rachid Ibrahim,2001-05-16,M,1004,HOUESSOU Estelle
AN-001271,ACTE_NAISSANCE,VODOUNON,Sèmèvo Sylvie,1998-04-14,F,0408,KIKI Estelle
AN-001272,ACTE_NAISSANCE,TCHIBOZO,Comlan,2001-08-21,M,0205,MENSAH Ayaba
CC-001273,CARTE_CONSULAIRE,LOKONON,Bienvenu,1984-03-13,M,0201,TOGBE Salamatou
AN-001274,ACTE_NAISSANCE,NOUATIN,Nadège,1974-03-21,F,0905,AHOYO Rachidatou
AN-001275,ACTE_NAISSANCE,ADANDE,Gildas,1975-10-13,M,0505,KOUKPAKI Carine
AN-001276,ACTE_NAISSANCE,QUENUM,Comlan,1984-02-25,M,1209,ADJOVI Flore
AN-001277,ACTE_NAISSANCE,MENSAH,Rodrigue Bienvenu,1960-02-22,M,0606,SOSSOU Espérance
AN-001278,ACTE_NAISSANCE,ADJOVI,Arnaud,2000-05-13,M,0605,TOGBE Chimène
AN-001279,ACTE_NAISSANCE,HOUESSOU,Chimène,1979-05-23,F,0905,BIO Salamatou
PP-001280,PASSEPORT,GBAGUIDI,Rodrigue,1955-06-21,M,1208,HOUNKPATIN Flore
AN-001281,ACTE_NAISSANCE,HOUNKPATIN,Brice,1994-10-26,M,1202,ADANDE Rachidatou
AN-001282,ACTE_NAISSANCE,AMOUSSOU,Bernice Prudence,2002-06-21,F,0901,ADANDE Espérance
AN-001283,ACTE_NAISSANCE,QUENUM,Serge Ulrich,1956-03-09,M,1205,AGBODJAN Rachidatou
AN-001284,ACTE_NAISSANCE,FASSINOU,Espérance Mariam,2022-03-07,F,0801,ADANDE Bernice
AN-001285,ACTE_NAISSANCE,MENSAH,Sènami Espérance,1969-12-12,F,0506,CHABI Aïcha
PP-001286,PASSEPORT,HOUNSOU,Fatoumata Sènami,2021-12-16,F,0305,NOUATIN Salamatou
AN-001287,ACTE_NAISSANCE,ZINSOU,Ghislain,2012-05-14,M,0305,IDRISSOU Sèmèvo
PP-001288,PASSEPORT,VODOUNON,Sylvie Espérance,1993-04-12,F,0105,KPADONOU Sylvie
AN-001289,ACTE_NAISSANCE,ZINSOU,Sèmèvo,1977-08-17,F,1006,ADANDE Ayaba
AN-001290,ACTE_NAISSANCE,HOUNKPATIN,Fatoumata,2006-03-18,F,0906,KIKI Sèmèvo
AN-001291,ACTE_NAISSANCE,CODJIA,Mahougnon,1958-06-30,M,0102,BONI Sèmèvo
AN-001292,ACTE_NAISSANCE,NOUATIN,Salamatou,2004-05-10,F,0404,HOUNSOU Mariam
AN-001293,ACTE_NAISSANCE,OSSENI,Prudence Sènami,2000-03-15,F,0401,HOUESSOU Judith
AN-001294,ACTE_NAISSANCE,BONI,Ghislain,1990-08-19,M,0402,HOUESSOU Espérance
AN-001295,ACTE_NAISSANCE,HOUNGBO,Carine Aïcha,1949-05-24,F,0408,QUENUM Aïcha
AN-001296,ACTE_NAISSANCE,AKPOVI,Ghislain Romaric,1961-05-20,M,0606,TOGBE Nadège
AN-001297,ACTE_NAISSANCE,AHOUANSOU,Prudence,1996-09-27,F,0901,BIO Rachidatou
AN-001298,ACTE_NAISSANCE,CODJIA,Judith Sylvie,2010-05-17,F,0106,LOKONON Nadège
CC-001299,CARTE_CONSULAIRE,QUENUM,Carine,1970-09-11,F,0406,ALLADAYE Flore
AN-001300,ACTE_NAISSANCE,IDRISSOU,Carine,1987-05-06,F,0308,ADANDE Aïcha
AN-001301,ACTE_NAISSANCE,TOGBE,Romaric,2012-07-30,M,0701,GLELE Gisèle
AN-001302,ACTE_NAISSANCE,KOUKPAKI,Nadège,1960-12-14,F,0503,TOSSOU Sylvie
CC-001303,CARTE_CONSULAIRE,GBAGUIDI,Salamatou Carine,2001-08-26,F,1104,GBAGUIDI Chimène
AN-001304,ACTE_NAISSANCE,BIO,Yves,1988-11-15,M,0501,VODOUNON Carine
AN-001305,ACTE_NAISSANCE,HOUESSOU,Rachid,1980-02-21,M,1101,AHOYO Aïcha
AN-001306,ACTE_NAISSANCE,GBAGUIDI,Moussa Codjo,2018-01-17,M,0208,BIO Fatoumata
AN-001307,ACTE_NAISSANCE,TCHIBOZO,Serge,1997-02-15,M,1105,ADANDE Fatoumata
AN-001308,ACTE_NAISSANCE,AGOSSOU,Ibrahim Gildas,1997-06-30,M,0506,HOUESSOU Sènami
AN-001309,ACTE_NAISSANCE,NOUATIN,Serge Comlan,1965-05-24,M,1008,AGOSSOU Aïcha
CC-001310,CARTE_CONSULAIRE,HOUNGBO,Rodrigue Comlan,2000-09-30,M,0208,VODOUNON Judith
AN-001311,ACTE_NAISSANCE,ADJOVI,Fatoumata,1971-06-13,F,0405,KPADONOU Nadège
AN-001312,ACTE_NAISSANCE,CHABI,Rachidatou,1992-08-23,F,0306,QUENUM Carine
AN-001313,ACTE_NAISSANCE,YAROU,Aïcha,1985-09-29,F,1004,HOUNKPATIN Nadège
AN-001314,ACTE_NAISSANCE,AHOYO,Rodrigue Codjo,1972-10-18,M,0402,KPADONOU Sylvie
PP-001315,PASSEPORT,TOGBE,Serge,2014-09-14,M,0207,KOUKPAKI Flore
CC-001316,CARTE_CONSULAIRE,KIKI,Koffi,2008-09-10,M,1104,AKPOVI Salamatou
AN-001317,ACTE_NAISSANCE,ZINSOU,Sèmèvo,1961-09-11,F,1102,LOKONON Aïcha
CC-001318,CARTE_CONSULAIRE,ADANDE,Mariam,2001-10-30,F,0105,ADJOVI Fatoumata
PP-001319,PASSEPORT,AKPOVI,Koffi Bienvenu,1991-03-02,M,0407,ZANNOU Bernice
AN-001320,ACTE_NAISSANCE,YAROU,Mahougnon,1956-12-06,M,0105,NOUATIN Rachidatou
AN-001321,ACTE_NAISSANCE,ZINSOU,Rachidatou,1972-02-10,F,0904,FASSINOU Judith
CC-001322,CARTE_CONSULAIRE,YAROU,Ulrich,2018-02-14,M,0204,ALLADAYE Rachidatou
AN-001323,ACTE_NAISSANCE,KPADONOU,Moussa,2002-06-02,M,0103,CODJIA Estelle
AN-001324,ACTE_NAISSANCE,AGBODJAN,Serge Rachid,1980-09-17,M,0406,GLELE Carine
AN-001325,ACTE_NAISSANCE,AMOUSSOU,Rachid Serge,2011-05-15,M,0301,BIO Fatoumata
PP-001326,PASSEPORT,SOSSOU,Ayaba,1998-06-18,F,0304,GBAGUIDI Sylvie
AN-001327,ACTE_NAISSANCE,AHOUANSOU,Chimène,1976-02-01,F,1001,CODJIA Estelle
AN-001328,ACTE_NAISSANCE,CODJIA,Nadège,1998-08-13,F,0505,BIO Nadège
AN-001329,ACTE_NAISSANCE,GLELE,Comlan,2014-12-17,M,0307,GBAGUIDI Chimène
CC-001330,CARTE_CONSULAIRE,YAROU,Sèmèvo,1982-01-02,F,1103,FASSINOU Carine
AN-001331,ACTE_NAISSANCE,NOUATIN,Sènami,1997-05-25,F,0504,TCHIBOZO Bernice
PP-001332,PASSEPORT,HOUNSOU,Codjo,2013-08-11,M,0703,QUENUM Prudence
AN-001333,ACTE_NAISSANCE,GLELE,Prudence Estelle,1975-06-14,F,1007,DOSSOU Fatoumata
AN-001334,ACTE_NAISSANCE,ZINSOU,Carine,2004-07-10,F,1001,GBAGUIDI Ayaba
AN-001335,ACTE_NAISSANCE,DANSOU,Rodrigue Yves,1988-09-30,M,1003,CODJIA Salamatou
AN-001336,ACTE_NAISSANCE,HOUNGBO,Prudence Judith,2007-10-11,F,0307,IDRISSOU Bernice
CC-001337,CARTE_CONSULAIRE,SOULEY,Ayaba Carine,2019-02-02,F,0405,TCHIBOZO Prudence
AN-001338,ACTE_NAISSANCE,ASSOGBA,Rosine,1980-01-19,F,0303,AHOUANSOU Prudence
AN-001339,ACTE_NAISSANCE,ADJOVI,Flore Nadège,1972-07-12,F,1102,ZINSOU Flore
AN-001340,ACTE_NAISSANCE,ALLADAYE,Comlan Ibrahim,2019-05-02,M,0506,GLELE Mariam
AN-001341,ACTE_NAISSANCE,SAGBO,Flore,1986-12-04,F,1201,KPADONOU Rachidatou
AN-001342,ACTE_NAISSANCE,SOSSOU,Ulrich,2002-04-02,M,0407,HOUNKPATIN Sylvie
AN-001343,ACTE_NAISSANCE,FASSINOU,Prudence,1968-04-07,F,0503,HOUNKPATIN Fatoumata
PP-001344,PASSEPORT,TOSSOU,Comlan Romaric,1965-07-14,M,1009,AGOSSOU Sylvie
AN-001345,ACTE_NAISSANCE,VODOUNON,Arnaud Serge,2003-01-02,M,0504,SOULEY Flore
AN-001346,ACTE_NAISSANCE,TOSSOU,Salamatou,1997-01-27,F,1201,AGBODJAN Nadège
AN-001347,ACTE_NAISSANCE,AGBODJAN,Chimène,1965-10-29,F,0505,GBAGUIDI Nadège
PP-001348,PASSEPORT,SAGBO,Judith,1959-04-11,F,1202,YAROU Fatoumata
AN-001349,ACTE_NAISSANCE,DANSOU,Flore,2014-02-08,F,0103,KOUKPAKI Rosine
PP-001350,PASSEPORT,AHOUANSOU,Nadège Carine,2003-02-04,F,0602,OSSENI Aïcha
AN-001351,ACTE_NAISSANCE,KPADONOU,Estelle,1969-08-02,F,1101,IDRISSOU Sylvie
CC-001352,CARTE_CONSULAIRE,CHABI,Gisèle,1986-06-02,F,0404,AHOUANSOU Salamatou
AN-001353,ACTE_NAISSANCE,MENSAH,Aïcha Salamatou,1983-11-20,F,0904,ALLADAYE Nadège
AN-001354,ACTE_NAISSANCE,KPADONOU,Ibrahim Gildas,1997-11-19,M,0303,SOSSOU Estelle
AN-001355,ACTE_NAISSANCE,HOUNKPATIN,Codjo,2005-10-19,M,0605,NOUATIN Estelle
PP-001356,PASSEPORT,VODOUNON,Sènami,1967-09-06,F,0303,HOUESSOU Judith
AN-001357,ACTE_NAISSANCE,BONI,Koffi,1989-06-24,M,0703,AKPOVI Sylvie
AN-001358,ACTE_NAISSANCE,ADJOVI,Arnaud,2008-02-17,M,1004,AGBODJAN Carine
AN-001359,ACTE_NAISSANCE,AKPOVI,Ayaba,1985-08-12,F,1203,AMOUSSOU Rosine
AN-001360,ACTE_NAISSANCE,KIKI,Nadège,2020-11-29,F,0301,AGOSSOU Sènami
CC-001361,CARTE_CONSULAIRE,GLELE,Fidèle,1982-04-30,M,0207,YAROU Gisèle
CC-001362,CARTE_CONSULAIRE,KIKI,Romaric,1999-02-12,M,1104,AGOSSOU Rosine
AN-001363,ACTE_NAISSANCE,TOGBE,Bienvenu Fabrice,1991-09-08,M,1202,KPADONOU Prudence
CC-001364,CARTE_CONSULAIRE,CHABI,Espérance,1999-08-08,F,0402,AHOYO Salamatou
CC-001365,CARTE_CONSULAIRE,AHOYO,Sèmèvo,1995-11-14,F,0403,HOUESSOU Judith
AN-001366,ACTE_NAISSANCE,NOUATIN,Moussa,2012-01-29,M,0305,KPADONOU Flore
AN-001367,ACTE_NAISSANCE,VODOUNON,Espérance,1974-05-03,F,0504,AHOYO Flore
AN-001368,ACTE_NAISSANCE,BONI,Comlan,1965-12-05,M,1006,FASSINOU Prudence
AN-001369,ACTE_NAISSANCE,ZANNOU,Ulrich,2008-04-24,M,1101,BIO Rachidatou
AN-001370,ACTE_NAISSANCE,HOUNSOU,Serge,1964-12-26,M,1209,ADANDE Nadège
AN-001371,ACTE_NAISSANCE,LOKONON,Nadège Mariam,1965-03-28,F,1204,AHOUANSOU Sèmèvo
AN-001372,ACTE_NAISSANCE,AHOUANSOU,Codjo,1991-06-20,M,0305,GBAGUIDI Rosine
CC-001373,CARTE_CONSULAIRE,ASSOGBA,Ghislain,1998-07-30,M,0405,TCHIBOZO Nadège
AN-001374,ACTE_NAISSANCE,GLELE,Rodrigue,1983-09-19,M,0203,AHOYO Nadège
AN-001375,ACTE_NAISSANCE,QUENUM,Comlan Bienvenu,2001-11-09,M,1104,LOKONON Aïcha
AN-001376,ACTE_NAISSANCE,GBAGUIDI,Justin,2007-11-15,M,0603,AKPOVI Ayaba
AN-001377,ACTE_NAISSANCE,DOSSOU,Sèmèvo Salamatou,2008-07-12,F,0401,KIKI Salamatou
AN-001378,ACTE_NAISSANCE,TOSSOU,Mariam,1976-09-19,F,0701,ZANNOU Prudence
AN-001379,ACTE_NAISSANCE,ADANDE,Rodrigue,1993-10-04,M,1003,LOKONON Aïcha
AN-001380,ACTE_NAISSANCE,GLELE,Ibrahim,1984-02-22,M,1202,KOUKPAKI Sylvie
CC-001381,CARTE_CONSULAIRE,SOULEY,Rachid,2012-10-31,M,0206,CODJIA Rachidatou
PP-001382,PASSEPORT,AMOUSSOU,Codjo,1986-09-19,M,0105,ASSOGBA Bernice
AN-001383,ACTE_NAISSANCE,AGBODJAN,Flore,2018-05-01,F,0408,TOGBE Bernice
AN-001384,ACTE_NAISSANCE,HOUNKPATIN,Yves,1996-07-04,M,0502,DOSSOU Flore
AN-001385,ACTE_NAISSANCE,KIKI,Prudence,2003-12-05,F,1101,TCHIBOZO Salamatou
PP-001386,PASSEPORT,KOUKPAKI,Fatoumata,1978-10-08,F,0401,ZINSOU Mariam
AN-001387,ACTE_NAISSANCE,SOULEY,Estelle,2004-10-28,F,0306,BONI Mariam
AN-001388,ACTE_NAISSANCE,TOGBE,Fatoumata Sylvie,1973-07-22,F,0207,GBAGUIDI Aïcha
AN-001389,ACTE_NAISSANCE,TOSSOU,Rodrigue Serge,1961-04-30,M,1004,DOSSOU Nadège
AN-001390,ACTE_NAISSANCE,HOUESSOU,Rachidatou,1991-04-19,F,1101,BONI Estelle
AN-001391,ACTE_NAISSANCE,ADJOVI,Rosine Prudence,1939-05-01,F,0503,AGOSSOU Sèmèvo
AN-001392,ACTE_NAISSANCE,ZANNOU,Rachidatou,1992-10-09,F,0207,AHOUANSOU Fatoumata
PP-001393,PASSEPORT,CHABI,Comlan Yves,1980-06-18,M,0204,KIKI Carine
PP-001394,PASSEPORT,HOUNSOU,Sèmèvo,1945-10-18,F,0905,BONI Espérance
CC-001395,CARTE_CONSULAIRE,HOUNGBO,Carine,1965-11-21,F,1208,GBAGUIDI Prudence
PP-001396,PASSEPORT,AMOUSSOU,Mariam,2007-11-01,F,1008,KIKI Mariam
AN-001397,ACTE_NAISSANCE,VODOUNON,Aïcha Rachidatou,2004-12-24,F,1008,YAROU Fatoumata
AN-001398,ACTE_NAISSANCE,BONI,Koffi Fabrice,1954-09-23,M,1205,AGBODJAN Salamatou
PP-001399,PASSEPORT,IDRISSOU,Codjo,1999-12-11,M,0906,ADANDE Salamatou
AN-001400,ACTE_NAISSANCE,AGBODJAN,Ayaba,1943-05-24,F,1009,SOSSOU Rachidatou
AN-001401,ACTE_NAISSANCE,CODJIA,Rachidatou,1986-03-31,F,1102,SAGBO Judith
AN-001402,ACTE_NAISSANCE,ALLADAYE,Ghislain,1988-03-14,M,1206,TOSSOU Bernice
PP-001403,PASSEPORT,CHABI,Serge,1968-04-08,M,0904,CHABI Espérance
AN-001404,ACTE_NAISSANCE,AHOUANSOU,Espérance,1994-10-09,F,0304,FASSINOU Sèmèvo
AN-001405,ACTE_NAISSANCE,KPADONOU,Romaric,1955-08-17,M,1008,KPADONOU Fatoumata
AN-001406,ACTE_NAISSANCE,DANSOU,Rachid,1998-08-04,M,1203,KPADONOU Ayaba
AN-001407,ACTE_NAISSANCE,ZANNOU,Rachidatou Fatoumata,1990-12-07,F,0902,CHABI Rosine
AN-001408,ACTE_NAISSANCE,ZINSOU,Judith,2016-06-30,F,0206,HOUNKPATIN Rachidatou
CC-001409,CARTE_CONSULAIRE,NOUATIN,Sènami,1991-08-04,F,0606,AGBODJAN Rosine
CC-001410,CARTE_CONSULAIRE,GBAGUIDI,Sènami Gisèle,1946-01-07,F,0701,GBAGUIDI Sylvie
AN-001411,ACTE_NAISSANCE,ASSOGBA,Bienvenu,2005-07-24,M,0604,GBAGUIDI Aïcha
PP-001412,PASSEPORT,MENSAH,Rodrigue Rachid,1950-03-08,M,0101,AKPOVI Prudence
AN-001413,ACTE_NAISSANCE,QUENUM,Salamatou,1950-07-25,F,1002,BONI Rosine
PP-001414,PASSEPORT,MENSAH,Salamatou,2020-03-19,F,0305,AHOYO Estelle
AN-001415,ACTE_NAISSANCE,ALLADAYE,Brice,2010-05-22,M,0204,SAGBO Espérance
PP-001416,PASSEPORT,LOKONON,Judith,1997-09-29,F,0704,FASSINOU Fatoumata
CC-001417,CARTE_CONSULAIRE,AKPOVI,Romaric,1977-12-07,M,0308,LOKONON Ayaba
AN-001418,ACTE_NAISSANCE,TCHIBOZO,Koffi,1999-12-14,M,0207,FASSINOU Aïcha
AN-001419,ACTE_NAISSANCE,ADJOVI,Bienvenu,1968-11-22,M,0402,DANSOU Sèmèvo
CC-001420,CARTE_CONSULAIRE,QUENUM,Aïcha Fatoumata,1974-02-03,F,0408,AKPOVI Fatoumata
AN-001421,ACTE_NAISSANCE,GBAGUIDI,Fatoumata,1983-01-05,F,0904,CODJIA Sylvie
CC-001422,CARTE_CONSULAIRE,ALLADAYE,Comlan Rachid,1994-04-29,M,1204,ADJOVI Sylvie
PP-001423,PASSEPORT,CODJIA,Flore Gisèle,1998-11-06,F,0501,SAGBO Fatoumata
AN-001424,ACTE_NAISSANCE,FASSINOU,Romaric,1992-05-03,M,1203,HOUESSOU Judith
AN-001425,ACTE_NAISSANCE,NOUATIN,Aïcha,1999-09-06,F,1208,CHABI Nadège
AN-001426,ACTE_NAISSANCE,TOGBE,Justin Brice,1976-05-07,M,1103,AHOYO Rosine
CC-001427,CARTE_CONSULAIRE,SAGBO,Rachidatou Sèmèvo,1965-08-20,F,0102,TOGBE Espérance
AN-001428,ACTE_NAISSANCE,YAROU,Arnaud Gildas,1989-11-09,M,1201,NOUATIN Mariam
PP-001429,PASSEPORT,AGOSSOU,Bienvenu Gildas,1945-05-14,M,1104,OSSENI Ayaba
AN-001430,ACTE_NAISSANCE,TCHIBOZO,Rachid,2010-02-11,M,0406,TOGBE Chimène
AN-001431,ACTE_NAISSANCE,HOUNGBO,Rosine,1995-06-03,F,0602,GBAGUIDI Gisèle
PP-001432,PASSEPORT,BONI,Koffi,1980-12-12,M,0305,KPADONOU Carine
AN-001433,ACTE_NAISSANCE,GBAGUIDI,Estelle Bernice,2004-04-19,F,0905,ASSOGBA Ayaba
AN-001434,ACTE_NAISSANCE,OSSENI,Espérance,1960-05-16,F,0704,MENSAH Aïcha
AN-001435,ACTE_NAISSANCE,SOULEY,Ibrahim Fabrice,2011-03-30,M,1008,BONI Chimène
AN-001436,ACTE_NAISSANCE,SAGBO,Prudence Ayaba,1993-01-05,F,0207,ASSOGBA Estelle
AN-001437,ACTE_NAISSANCE,ZANNOU,Moussa,1983-04-09,M,1006,TCHIBOZO Nadège
AN-001438,ACTE_NAISSANCE,QUENUM,Arnaud,1962-09-23,M,0204,ASSOGBA Chimène
AN-001439,ACTE_NAISSANCE,YAROU,Judith,1983-02-14,F,0402,SOULEY Gisèle
AN-001440,ACTE_NAISSANCE,FASSINOU,Prudence,1996-01-20,F,0302,NOUATIN Mariam
AN-001441,ACTE_NAISSANCE,SOULEY,Espérance,1958-05-09,F,1207,BONI Sèmèvo
AN-001442,ACTE_NAISSANCE,AGOSSOU,Codjo,1992-12-19,M,0406,AGBODJAN Estelle
AN-001443,ACTE_NAISSANCE,SAGBO,Ayaba,2001-08-04,F,1008,KIKI Sèmèvo
CC-001444,CARTE_CONSULAIRE,DANSOU,Serge Mahougnon,1969-12-21,M,1209,HOUNKPATIN Prudence
AN-001445,ACTE_NAISSANCE,KPADONOU,Prudence,1977-06-12,F,0202,TOGBE Judith
AN-001446,ACTE_NAISSANCE,IDRISSOU,Ayaba Sènami,1999-02-22,F,0403,ADJOVI Espérance
AN-001447,ACTE_NAISSANCE,TOSSOU,Gildas,1996-03-11,M,0601,ALLADAYE Prudence
AN-001448,ACTE_NAISSANCE,AGOSSOU,Rodrigue,2005-10-05,M,1005,AHOUANSOU Aïcha
PP-001449,PASSEPORT,HOUESSOU,Ibrahim,1999-12-28,M,0902,QUENUM Prudence
AN-001450,ACTE_NAISSANCE,HOUNGBO,Fatoumata,1994-11-07,F,1001,VODOUNON Flore
AN-001451,ACTE_NAISSANCE,VODOUNON,Yves,1988-04-27,M,1005,ADANDE Estelle
CC-001452,CARTE_CONSULAIRE,DANSOU,Sèmèvo Rosine,2001-05-09,F,1007,HOUNKPATIN Nadège
AN-001453,ACTE_NAISSANCE,ADJOVI,Codjo,1993-06-24,M,0204,OSSENI Sèmèvo
CC-001454,CARTE_CONSULAIRE,OSSENI,Rosine,1952-02-16,F,1004,CODJIA Rosine
PP-001455,PASSEPORT,AKPOVI,Sèmèvo,1973-10-01,F,0302,DANSOU Chimène
AN-001456,ACTE_NAISSANCE,HOUNGBO,Moussa,2005-12-22,M,1103,TCHIBOZO Judith
AN-001457,ACTE_NAISSANCE,HOUNKPATIN,Serge,2020-02-22,M,0501,MENSAH Prudence
AN-001458,ACTE_NAISSANCE,ADANDE,Fidèle,1990-08-02,M,0402,AKPOVI Sènami
AN-001459,ACTE_NAISSANCE,HOUESSOU,Serge,1997-08-10,M,0103,ADANDE Gisèle
CC-001460,CARTE_CONSULAIRE,HOUESSOU,Sylvie Prudence,2005-06-15,F,1009,QUENUM Fatoumata
AN-001461,ACTE_NAISSANCE,HOUNSOU,Chimène Gisèle,1985-10-19,F,1001,DANSOU Ayaba
AN-001462,ACTE_NAISSANCE,ADJOVI,Sylvie,1977-06-07,F,0407,SOSSOU Carine
AN-001463,ACTE_NAISSANCE,AHOYO,Mahougnon,1999-10-15,M,0103,NOUATIN Mariam
CC-001464,CARTE_CONSULAIRE,LOKONON,Yves,1975-07-12,M,1103,ZANNOU Bernice
AN-001465,ACTE_NAISSANCE,GBAGUIDI,Carine Ayaba,1987-03-31,F,0703,HOUNSOU Chimène
AN-001466,ACTE_NAISSANCE,AGOSSOU,Ibrahim,2013-05-07,M,1003,AHOUANSOU Estelle
AN-001467,ACTE_NAISSANCE,HOUNSOU,Sènami,1987-01-06,F,0204,HOUNGBO Judith
PP-001468,PASSEPORT,AHOUANSOU,Sènami,1994-03-17,F,0307,ADANDE Fatoumata
AN-001469,ACTE_NAISSANCE,CODJIA,Chimène Sènami,1967-01-09,F,1005,CODJIA Ayaba
CC-001470,CARTE_CONSULAIRE,SOSSOU,Romaric Ghislain,1990-08-14,M,0302,BONI Estelle
CC-001471,CARTE_CONSULAIRE,DOSSOU,Serge,1975-05-07,M,0304,ZINSOU Gisèle
AN-001472,ACTE_NAISSANCE,AKPOVI,Mariam,1970-11-28,F,0209,SOSSOU Judith
AN-001473,ACTE_NAISSANCE,ZANNOU,Justin,1987-12-13,M,0704,CHABI Sylvie
AN-001474,ACTE_NAISSANCE,ASSOGBA,Rosine,1970-03-09,F,0602,AGBODJAN Rosine
AN-001475,ACTE_NAISSANCE,CODJIA,Flore,2009-08-11,F,0602,ALLADAYE Bernice
AN-001476,ACTE_NAISSANCE,CHABI,Sèmèvo,1994-03-24,F,0103,ALLADAYE Espérance
PP-001477,PASSEPORT,AKPOVI,Rosine,1968-08-15,F,0505,DOSSOU Espérance
CC-001478,CARTE_CONSULAIRE,TCHIBOZO,Brice Romaric,2006-08-10,M,0605,HOUNKPATIN Flore
AN-001479,ACTE_NAISSANCE,TCHIBOZO,Flore,1973-12-13,F,0209,NOUATIN Gisèle
PP-001480,PASSEPORT,DOSSOU,Prudence,1973-01-30,F,0704,OSSENI Sènami
AN-001481,ACTE_NAISSANCE,DOSSOU,Moussa Romaric,2001-07-09,M,0301,AGBODJAN Ayaba
AN-001482,ACTE_NAISSANCE,VODOUNON,Gildas,2005-04-30,M,1201,IDRISSOU Mariam
CC-001483,CARTE_CONSULAIRE,HOUNGBO,Ayaba,1972-05-18,F,0504,HOUNSOU Chimène
AN-001484,ACTE_NAISSANCE,NOUATIN,Serge,1983-01-18,M,0205,ZINSOU Fatoumata
AN-001485,ACTE_NAISSANCE,ASSOGBA,Serge Brice,1987-05-22,M,0505,QUENUM Flore
AN-001486,ACTE_NAISSANCE,ADANDE,Ulrich,1997-01-26,M,0403,LOKONON Estelle
AN-001487,ACTE_NAISSANCE,HOUNGBO,Espérance,1986-06-28,F,0401,AKPOVI Rosine
AN-001488,ACTE_NAISSANCE,HOUNKPATIN,Chimène,1984-10-23,F,0603,KPADONOU Aïcha
CC-001489,CARTE_CONSULAIRE,HOUNKPATIN,Aïcha,1974-11-22,F,0704,BIO Salamatou
AN-001490,ACTE_NAISSANCE,ADJOVI,Prudence Gisèle,1962-03-31,F,0403,SOSSOU Judith
AN-001491,ACTE_NAISSANCE,ZINSOU,Chimène,2003-05-26,F,1006,YAROU Aïcha
AN-001492,ACTE_NAISSANCE,IDRISSOU,Fidèle,2000-05-10,M,0209,HOUNKPATIN Nadège
AN-001493,ACTE_NAISSANCE,DANSOU,Estelle Judith,2007-09-11,F,0103,VODOUNON Chimène
AN-001494,ACTE_NAISSANCE,CHABI,Rachid,1988-09-28,M,0904,KOUKPAKI Ayaba
AN-001495,ACTE_NAISSANCE,SOSSOU,Gildas Rachid,1979-03-01,M,0408,KIKI Fatoumata
CC-001496,CARTE_CONSULAIRE,TCHIBOZO,Yves Codjo,2005-03-11,M,0102,KOUKPAKI Rosine
PP-001497,PASSEPORT,KPADONOU,Flore,2011-03-30,F,1009,ADANDE Rosine
CC-001498,CARTE_CONSULAIRE,AMOUSSOU,Estelle Flore,1985-03-06,F,0502,HOUESSOU Mariam
AN-001499,ACTE_NAISSANCE,TOSSOU,Flore,2006-12-25,F,1202,VODOUNON Sèmèvo
AN-001500,ACTE_NAISSANCE,AKPOVI,Prudence,1981-11-28,F,0203,AHOUANSOU Judith
AN-001501,ACTE_NAISSANCE,YAROU,Comlan,1994-09-09,M,0704,ALLADAYE Prudence
AN-001502,ACTE_NAISSANCE,HOUNSOU,Ghislain Brice,1956-12-27,M,1202,BONI Espérance
AN-001503,ACTE_NAISSANCE,TOGBE,Arnaud Romaric,2009-02-28,M,0901,TCHIBOZO Flore
AN-001504,ACTE_NAISSANCE,AGBODJAN,Arnaud,1965-04-17,M,0308,GBAGUIDI Fatoumata
AN-001505,ACTE_NAISSANCE,AHOYO,Espérance,2005-02-20,F,1204,SOSSOU Salamatou
CC-001506,CARTE_CONSULAIRE,KOUKPAKI,Serge,1960-10-27,M,0904,QUENUM Carine
CC-001507,CARTE_CONSULAIRE,MENSAH,Flore Judith,2013-05-23,F,0704,CODJIA Rachidatou
AN-001508,ACTE_NAISSANCE,ASSOGBA,Yves Ulrich,1999-04-30,M,1002,DOSSOU Flore
CC-001509,CARTE_CONSULAIRE,ZINSOU,Gildas,2011-02-02,M,0205,SAGBO Nadège
CC-001510,CARTE_CONSULAIRE,ZINSOU,Justin Gildas,2003-01-05,M,0704,CHABI Gisèle
AN-001511,ACTE_NAISSANCE,SOSSOU,Romaric,1998-08-04,M,0408,MENSAH Salamatou
AN-001512,ACTE_NAISSANCE,SOULEY,Arnaud,1968-06-01,M,1104,TCHIBOZO Carine
AN-001513,ACTE_NAISSANCE,ZANNOU,Rachid,1987-10-15,M,1008,NOUATIN Salamatou
CC-001514,CARTE_CONSULAIRE,BONI,Judith,1969-10-19,F,0605,HOUNGBO Nadège
AN-001515,ACTE_NAISSANCE,GBAGUIDI,Brice,1945-09-10,M,0105,DANSOU Gisèle
AN-001516,ACTE_NAISSANCE,CHABI,Rachid,1978-01-15,M,0304,QUENUM Bernice
AN-001517,ACTE_NAISSANCE,NOUATIN,Chimène Rachidatou,2003-07-22,F,0202,VODOUNON Sènami
AN-001518,ACTE_NAISSANCE,DOSSOU,Codjo Rachid,2003-03-10,M,1203,IDRISSOU Rosine
CC-001519,CARTE_CONSULAIRE,KPADONOU,Flore Carine,1978-10-22,F,1205,SAGBO Gisèle
PP-001520,PASSEPORT,NOUATIN,Romaric Bienvenu,2008-07-22,M,0602,AGOSSOU Flore
AN-001521,ACTE_NAISSANCE,NOUATIN,Bienvenu Ibrahim,1999-01-07,M,0605,CHABI Nadège
CC-001522,CARTE_CONSULAIRE,KOUKPAKI,Fabrice,1974-06-30,M,0303,AHOYO Mariam
PP-001523,PASSEPORT,HOUNGBO,Brice Gildas,1986-04-25,M,0104,TOSSOU Gisèle
AN-001524,ACTE_NAISSANCE,MENSAH,Mahougnon Codjo,2000-03-21,M,0201,GBAGUIDI Prudence
CC-001525,CARTE_CONSULAIRE,ADANDE,Gildas,2005-07-19,M,0904,TCHIBOZO Judith
AN-001526,ACTE_NAISSANCE,QUENUM,Sènami Prudence,2002-04-22,F,0505,QUENUM Carine
AN-001527,ACTE_NAISSANCE,AMOUSSOU,Comlan,2020-03-08,M,1005,TCHIBOZO Rosine
AN-001528,ACTE_NAISSANCE,LOKONON,Gildas Fidèle,1984-01-31,M,0605,YAROU Sylvie
PP-001529,PASSEPORT,IDRISSOU,Bienvenu Rachid,1993-04-27,M,0305,QUENUM Rosine
PP-001530,PASSEPORT,SAGBO,Brice,1994-07-13,M,0106,BONI Judith
AN-001531,ACTE_NAISSANCE,SOULEY,Rodrigue Koffi,1994-12-31,M,1006,AGBODJAN Rosine
AN-001532,ACTE_NAISSANCE,ALLADAYE,Rodrigue,1964-01-04,M,0703,MENSAH Estelle
AN-001533,ACTE_NAISSANCE,ADJOVI,Brice Mahougnon,1974-12-23,M,0902,QUENUM Espérance
AN-001534,ACTE_NAISSANCE,ADJOVI,Mariam Sèmèvo,2007-05-29,F,0904,GBAGUIDI Espérance
AN-001535,ACTE_NAISSANCE,HOUNSOU,Mahougnon,2008-03-12,M,0403,AMOUSSOU Espérance
AN-001536,ACTE_NAISSANCE,GBAGUIDI,Rosine,1958-09-24,F,0206,TCHIBOZO Sènami
AN-001537,ACTE_NAISSANCE,NOUATIN,Comlan,1965-03-24,M,0506,AGOSSOU Estelle
AN-001538,ACTE_NAISSANCE,SOULEY,Romaric Brice,2007-06-20,M,1104,TOGBE Gisèle
AN-001539,ACTE_NAISSANCE,KPADONOU,Arnaud,2009-07-07,M,0203,OSSENI Fatoumata
AN-001540,ACTE_NAISSANCE,AHOUANSOU,Rachidatou,2003-04-14,F,1103,BIO Mariam
AN-001541,ACTE_NAISSANCE,ZANNOU,Flore,1954-11-27,F,1006,KPADONOU Espérance
CC-001542,CARTE_CONSULAIRE,ALLADAYE,Mahougnon,1992-03-26,M,0406,SAGBO Ayaba
CC-001543,CARTE_CONSULAIRE,LOKONON,Espérance,1979-01-09,F,1103,ADJOVI Mariam
AN-001544,ACTE_NAISSANCE,ZINSOU,Ghislain Moussa,1999-02-13,M,0204,YAROU Rachidatou
CC-001545,CARTE_CONSULAIRE,AGOSSOU,Rachid,2011-03-21,M,0206,SAGBO Sènami
AN-001546,ACTE_NAISSANCE,ZINSOU,Prudence Salamatou,1963-07-13,F,1007,ASSOGBA Sènami
AN-001547,ACTE_NAISSANCE,AHOUANSOU,Aïcha Ayaba,1990-05-05,F,0905,SOULEY Aïcha
PP-001548,PASSEPORT,AMOUSSOU,Ulrich,1999-02-19,M,0902,ALLADAYE Espérance
AN-001549,ACTE_NAISSANCE,YAROU,Carine,1957-12-11,F,1105,ASSOGBA Judith
AN-001550,ACTE_NAISSANCE,HOUNGBO,Fabrice,2004-01-19,M,0602,ASSOGBA Aïcha
AN-001551,ACTE_NAISSANCE,OSSENI,Fatoumata,1988-12-03,F,1203,AGOSSOU Rachidatou
AN-001552,ACTE_NAISSANCE,OSSENI,Ayaba,1949-09-01,F,0302,ASSOGBA Chimène
AN-001553,ACTE_NAISSANCE,HOUNKPATIN,Yves,1952-08-14,M,0703,ZINSOU Rachidatou
CC-001554,CARTE_CONSULAIRE,TCHIBOZO,Serge,2015-12-14,M,1204,FASSINOU Gisèle
AN-001555,ACTE_NAISSANCE,AHOUANSOU,Aïcha Sylvie,1948-04-17,F,0901,DANSOU Rosine
PP-001556,PASSEPORT,ASSOGBA,Rodrigue Ulrich,1962-06-29,M,0401,HOUNSOU Fatoumata
AN-001557,ACTE_NAISSANCE,ASSOGBA,Gisèle,1986-03-16,F,0905,SOULEY Chimène
PP-001558,PASSEPORT,ZANNOU,Gisèle Bernice,2023-01-22,F,0206,NOUATIN Sènami
AN-001559,ACTE_NAISSANCE,DANSOU,Rachidatou,1986-03-29,F,0506,OSSENI Bernice
AN-001560,ACTE_NAISSANCE,AHOUANSOU,Ulrich Gildas,1986-01-14,M,0501,IDRISSOU Nadège
PP-001561,PASSEPORT,AKPOVI,Gildas,1963-07-11,M,1008,SOSSOU Nadège
AN-001562,ACTE_NAISSANCE,IDRISSOU,Rachid Yves,1991-05-06,M,1007,KPADONOU Gisèle
AN-001563,ACTE_NAISSANCE,SOSSOU,Carine,1981-05-24,F,0604,CODJIA Rachidatou
AN-001564,ACTE_NAISSANCE,CODJIA,Bienvenu,1981-11-09,M,0102,YAROU Bernice
PP-001565,PASSEPORT,GLELE,Rodrigue Gildas,1974-09-09,M,0703,YAROU Nadège
AN-001566,ACTE_NAISSANCE,DANSOU,Rodrigue,1973-08-24,M,0208,AHOYO Chimène
AN-001567,ACTE_NAISSANCE,HOUNSOU,Flore,1975-04-10,F,0203,DOSSOU Flore
AN-001568,ACTE_NAISSANCE,CODJIA,Romaric,1987-09-20,M,0306,SOULEY Rosine
AN-001569,ACTE_NAISSANCE,VODOUNON,Ayaba,1998-04-23,F,1104,AKPOVI Fatoumata
AN-001570,ACTE_NAISSANCE,AMOUSSOU,Moussa,2024-06-27,M,0902,MENSAH Ayaba
AN-001571,ACTE_NAISSANCE,TOGBE,Justin Fidèle,2015-09-16,M,0104,KPADONOU Sènami
CC-001572,CARTE_CONSULAIRE,KPADONOU,Fatoumata Estelle,1982-06-24,F,1104,GLELE Bernice
CC-001573,CARTE_CONSULAIRE,AHOUANSOU,Judith,1954-03-20,F,0209,DANSOU Nadège
CC-001574,CARTE_CONSULAIRE,DOSSOU,Fidèle,2005-10-06,M,0406,AGBODJAN Sylvie
AN-001575,ACTE_NAISSANCE,HOUNKPATIN,Ghislain,1984-09-11,M,1102,SAGBO Sènami
AN-001576,ACTE_NAISSANCE,KPADONOU,Rachidatou,1996-04-19,F,0205,ZINSOU Mariam
AN-001577,ACTE_NAISSANCE,AHOYO,Rodrigue,1993-11-17,M,0303,KIKI Judith
AN-001578,ACTE_NAISSANCE,OSSENI,Gildas,1973-09-22,M,0204,TCHIBOZO Espérance
CC-001579,CARTE_CONSULAIRE,OSSENI,Comlan Romaric,2012-01-13,M,0601,ZINSOU Flore
CC-001580,CARTE_CONSULAIRE,AGBODJAN,Salamatou,2005-08-11,F,1202,ZINSOU Nadège
AN-001581,ACTE_NAISSANCE,AKPOVI,Brice,1971-06-06,M,1101,HOUNKPATIN Judith
PP-001582,PASSEPORT,MENSAH,Espérance,1963-07-10,F,0603,TOSSOU Aïcha
AN-001583,ACTE_NAISSANCE,AGOSSOU,Bienvenu,1983-08-13,M,1202,ADANDE Gisèle
AN-001584,ACTE_NAISSANCE,DANSOU,Espérance,2002-07-20,F,0103,AGOSSOU Ayaba
AN-001585,ACTE_NAISSANCE,NOUATIN,Salamatou Aïcha,2004-02-11,F,0602,KIKI Ayaba
AN-001586,ACTE_NAISSANCE,AMOUSSOU,Fidèle,2006-04-18,M,0702,ADANDE Sylvie
AN-001587,ACTE_NAISSANCE,MENSAH,Gildas,1999-07-22,M,0904,AHOUANSOU Salamatou
AN-001588,ACTE_NAISSANCE,AGBODJAN,Serge Yves,1962-04-11,M,0106,HOUNGBO Fatoumata
AN-001589,ACTE_NAISSANCE,LOKONON,Flore,2002-12-15,F,0305,SOSSOU Sènami
AN-001590,ACTE_NAISSANCE,IDRISSOU,Ayaba Flore,1951-03-10,F,0702,CODJIA Nadège
CC-001591,CARTE_CONSULAIRE,GLELE,Serge,1998-06-05,M,0906,BONI Sylvie
PP-001592,PASSEPORT,TOSSOU,Romaric,1997-03-14,M,1104,CHABI Nadège
PP-001593,PASSEPORT,KIKI,Chimène,2008-07-08,F,1005,ZANNOU Estelle
CC-001594,CARTE_CONSULAIRE,ADJOVI,Rachid,1982-05-02,M,0305,DOSSOU Flore
AN-001595,ACTE_NAISSANCE,YAROU,Carine,1970-07-27,F,0205,SAGBO Gisèle
CC-001596,CARTE_CONSULAIRE,GBAGUIDI,Fabrice Ibrahim,1989-11-25,M,0307,AHOYO Sènami
AN-001597,ACTE_NAISSANCE,ASSOGBA,Bernice Flore,2013-04-14,F,0502,VODOUNON Mariam
AN-001598,ACTE_NAISSANCE,DANSOU,Espérance,1992-06-12,F,1205,DANSOU Mariam
CC-001599,CARTE_CONSULAIRE,GLELE,Ibrahim,2000-12-12,M,0302,CHABI Salamatou
AN-001600,ACTE_NAISSANCE,ZANNOU,Bernice Aïcha,2013-11-18,F,0905,AKPOVI Sèmèvo
AN-001601,ACTE_NAISSANCE,YAROU,Nadège Chimène,1984-04-06,F,0404,CHABI Sènami
AN-001602,ACTE_NAISSANCE,SOSSOU,Gisèle,2008-02-10,F,1105,ZINSOU Flore
AN-001603,ACTE_NAISSANCE,SOSSOU,Espérance Aïcha,1999-02-13,F,1207,BIO Prudence
CC-001604,CARTE_CONSULAIRE,GBAGUIDI,Chimène Mariam,1971-01-12,F,0401,ZINSOU Bernice
CC-001605,CARTE_CONSULAIRE,KOUKPAKI,Ibrahim,1970-11-30,M,0301,AMOUSSOU Prudence
AN-001606,ACTE_NAISSANCE,HOUNKPATIN,Flore,1997-07-27,F,0106,ADANDE Rosine
AN-001607,ACTE_NAISSANCE,ZINSOU,Ulrich,1997-09-30,M,1004,AGBODJAN Rachidatou
AN-001608,ACTE_NAISSANCE,AGBODJAN,Carine Prudence,1985-05-04,F,0502,TCHIBOZO Fatoumata
AN-001609,ACTE_NAISSANCE,ZINSOU,Salamatou,1958-08-05,F,1205,ASSOGBA Flore
AN-001610,ACTE_NAISSANCE,KOUKPAKI,Estelle,1945-11-15,F,0408,DOSSOU Rachidatou
AN-001611,ACTE_NAISSANCE,SOSSOU,Arnaud,2001-12-28,M,1004,ADANDE Gisèle
AN-001612,ACTE_NAISSANCE,CODJIA,Bienvenu Mahougnon,1967-12-03,M,1001,CODJIA Rachidatou
AN-001613,ACTE_NAISSANCE,ALLADAYE,Flore Gisèle,1968-08-09,F,0703,BIO Salamatou
AN-001614,ACTE_NAISSANCE,HOUNGBO,Rachid,1997-09-30,M,0209,AMOUSSOU Carine
AN-001615,ACTE_NAISSANCE,CHABI,Gisèle Rachidatou,2005-05-21,F,0105,ZINSOU Sènami
PP-001616,PASSEPORT,CHABI,Rosine Aïcha,1974-07-09,F,0303,HOUNKPATIN Ayaba
CC-001617,CARTE_CONSULAIRE,AHOUANSOU,Espérance,2005-09-17,F,1209,BONI Sènami
AN-001618,ACTE_NAISSANCE,LOKONON,Fabrice Rodrigue,1953-09-06,M,1206,DANSOU Aïcha
AN-001619,ACTE_NAISSANCE,TOGBE,Koffi Fabrice,1966-05-13,M,1008,TOGBE Bernice
CC-001620,CARTE_CONSULAIRE,AGOSSOU,Gisèle,1970-11-16,F,0303,CODJIA Prudence
AN-001621,ACTE_NAISSANCE,AHOUANSOU,Rodrigue,1968-04-08,M,0301,AHOYO Sylvie
AN-001622,ACTE_NAISSANCE,HOUNSOU,Fatoumata,1964-02-07,F,0306,AGOSSOU Bernice
CC-001623,CARTE_CONSULAIRE,BIO,Gisèle,2004-08-01,F,0306,ASSOGBA Espérance
AN-001624,ACTE_NAISSANCE,TOGBE,Fabrice,1999-09-06,M,0604,QUENUM Sylvie
CC-001625,CARTE_CONSULAIRE,TCHIBOZO,Espérance,2010-12-05,F,0905,SAGBO Flore
CC-001626,CARTE_CONSULAIRE,AHOUANSOU,Fabrice,1981-11-09,M,0408,AGOSSOU Sèmèvo
AN-001627,ACTE_NAISSANCE,KIKI,Moussa,1980-12-27,M,0902,BONI Espérance
AN-001628,ACTE_NAISSANCE,VODOUNON,Carine,1997-03-15,F,0905,SOULEY Flore
AN-001629,ACTE_NAISSANCE,YAROU,Gildas Comlan,1973-09-30,M,0905,SOULEY Prudence
AN-001630,ACTE_NAISSANCE,DOSSOU,Prudence Estelle,1982-09-20,F,0801,AGOSSOU Sènami
AN-001631,ACTE_NAISSANCE,DOSSOU,Ibrahim Fabrice,1991-07-29,M,0801,ZINSOU Judith
AN-001632,ACTE_NAISSANCE,ADJOVI,Brice,1995-12-18,M,1005,AMOUSSOU Mariam
CC-001633,CARTE_CONSULAIRE,KIKI,Fidèle,1959-01-09,M,0506,GLELE Gisèle
PP-001634,PASSEPORT,KIKI,Arnaud,1997-08-28,M,1205,TOSSOU Flore
AN-001635,ACTE_NAISSANCE,TOSSOU,Rachid,2014-03-29,M,1206,ADJOVI Nadège
AN-001636,ACTE_NAISSANCE,HOUNGBO,Justin Fidèle,1983-12-16,M,0503,SOSSOU Fatoumata
AN-001637,ACTE_NAISSANCE,AHOYO,Salamatou Carine,2006-09-05,F,1003,VODOUNON Carine
AN-001638,ACTE_NAISSANCE,AHOUANSOU,Mariam,2003-12-21,F,1103,IDRISSOU Fatoumata
AN-001639,ACTE_NAISSANCE,ADJOVI,Flore Gisèle,1958-01-27,F,0406,VODOUNON Sylvie
CC-001640,CARTE_CONSULAIRE,OSSENI,Espérance,2012-03-20,F,0801,NOUATIN Sènami
AN-001641,ACTE_NAISSANCE,BONI,Ibrahim Codjo,1981-09-18,M,0905,HOUNKPATIN Rachidatou
AN-001642,ACTE_NAISSANCE,BIO,Bernice Gisèle,1955-06-06,F,1003,HOUNSOU Sèmèvo
AN-001643,ACTE_NAISSANCE,ASSOGBA,Salamatou Sènami,1975-04-21,F,0207,KOUKPAKI Mariam
AN-001644,ACTE_NAISSANCE,AHOUANSOU,Aïcha,1982-08-20,F,0702,CHABI Rachidatou
CC-001645,CARTE_CONSULAIRE,NOUATIN,Fidèle,1959-05-26,M,1009,SOSSOU Estelle
PP-001646,PASSEPORT,CHABI,Bienvenu,2020-03-12,M,0801,LOKONON Bernice
AN-001647,ACTE_NAISSANCE,SOULEY,Rachidatou Mariam,1983-10-03,F,0503,ZINSOU Sènami
AN-001648,ACTE_NAISSANCE,ADJOVI,Serge Koffi,1970-11-20,M,0206,GLELE Rosine
PP-001649,PASSEPORT,DOSSOU,Ibrahim,1989-03-15,M,1209,GBAGUIDI Fatoumata
AN-001650,ACTE_NAISSANCE,FASSINOU,Sylvie Ayaba,1990-01-23,F,1201,DOSSOU Flore
AN-001651,ACTE_NAISSANCE,IDRISSOU,Comlan Serge,1956-12-15,M,0905,CODJIA Bernice
AN-001652,ACTE_NAISSANCE,TOSSOU,Fabrice,1983-12-23,M,1003,ZINSOU Judith
AN-001653,ACTE_NAISSANCE,SOULEY,Ulrich Mahougnon,2010-04-10,M,0905,SOULEY Rachidatou
AN-001654,ACTE_NAISSANCE,HOUNKPATIN,Bernice Carine,2003-02-04,F,0106,KIKI Judith
AN-001655,ACTE_NAISSANCE,AGOSSOU,Fatoumata,2004-09-11,F,0208,LOKONON Chimène
AN-001656,ACTE_NAISSANCE,TOSSOU,Carine,1959-03-16,F,1102,BIO Sylvie
AN-001657,ACTE_NAISSANCE,SOSSOU,Nadège,1943-10-01,F,0604,OSSENI Judith
AN-001658,ACTE_NAISSANCE,IDRISSOU,Sènami,1996-04-15,F,1203,BIO Gisèle
AN-001659,ACTE_NAISSANCE,TCHIBOZO,Sènami,2000-06-11,F,0408,AGOSSOU Rachidatou
PP-001660,PASSEPORT,BONI,Bernice Espérance,1993-07-24,F,0906,HOUESSOU Ayaba
AN-001661,ACTE_NAISSANCE,IDRISSOU,Sèmèvo,1998-11-29,F,0103,YAROU Gisèle
AN-001662,ACTE_NAISSANCE,ADJOVI,Nadège Mariam,1976-04-26,F,1204,ASSOGBA Flore
CC-001663,CARTE_CONSULAIRE,AMOUSSOU,Flore,2017-10-11,F,0204,SOULEY Espérance
AN-001664,ACTE_NAISSANCE,DOSSOU,Mariam Prudence,1998-03-26,F,0101,AKPOVI Rosine
AN-001665,ACTE_NAISSANCE,BONI,Moussa,1977-06-16,M,0408,AGBODJAN Sylvie
AN-001666,ACTE_NAISSANCE,BONI,Gisèle,1991-06-25,F,1102,CHABI Aïcha
CC-001667,CARTE_CONSULAIRE,SOSSOU,Justin,1990-06-22,M,1204,YAROU Prudence
PP-001668,PASSEPORT,ADANDE,Espérance,2001-01-21,F,0402,KPADONOU Judith
AN-001669,ACTE_NAISSANCE,GLELE,Fidèle,1979-04-23,M,0301,CODJIA Carine
AN-001670,ACTE_NAISSANCE,SAGBO,Rosine Chimène,1973-10-03,F,0307,CHABI Rosine
AN-001671,ACTE_NAISSANCE,SOSSOU,Judith,2010-04-28,F,0903,AGBODJAN Sèmèvo
CC-001672,CARTE_CONSULAIRE,SOULEY,Sèmèvo Sylvie,1997-09-16,F,1103,HOUNGBO Chimène
AN-001673,ACTE_NAISSANCE,FASSINOU,Ghislain,1985-09-10,M,0905,VODOUNON Sèmèvo
AN-001674,ACTE_NAISSANCE,AGOSSOU,Gildas,1988-08-22,M,0401,CHABI Ayaba
AN-001675,ACTE_NAISSANCE,GBAGUIDI,Ibrahim,1956-03-25,M,0903,AHOYO Salamatou
AN-001676,ACTE_NAISSANCE,MENSAH,Fidèle,1965-04-16,M,0503,AHOUANSOU Estelle
AN-001677,ACTE_NAISSANCE,SAGBO,Comlan Fidèle,1947-09-26,M,1209,BIO Salamatou
PP-001678,PASSEPORT,KOUKPAKI,Sènami Chimène,1951-11-20,F,0502,YAROU Bernice
CC-001679,CARTE_CONSULAIRE,HOUESSOU,Yves,1998-04-16,M,1201,AKPOVI Ayaba
PP-001680,PASSEPORT,AGBODJAN,Rachidatou Mariam,1988-08-19,F,1209,KIKI Carine
AN-001681,ACTE_NAISSANCE,QUENUM,Mariam,2010-12-07,F,0902,ALLADAYE Judith
AN-001682,ACTE_NAISSANCE,ZINSOU,Ayaba,2008-07-25,F,1206,HOUNGBO Salamatou
AN-001683,ACTE_NAISSANCE,HOUNSOU,Ibrahim,1972-11-12,M,0308,CHABI Sènami
AN-001684,ACTE_NAISSANCE,SOULEY,Mahougnon,1990-12-25,M,0404,YAROU Rosine
PP-001685,PASSEPORT,HOUNGBO,Ulrich,1987-03-31,M,0603,AKPOVI Flore
AN-001686,ACTE_NAISSANCE,QUENUM,Carine Chimène,1983-07-07,F,0306,HOUNKPATIN Nadège
AN-001687,ACTE_NAISSANCE,ALLADAYE,Bienvenu,2005-02-05,M,1204,GBAGUIDI Estelle
AN-001688,ACTE_NAISSANCE,LOKONON,Ulrich,1976-03-02,M,0704,OSSENI Judith
AN-001689,ACTE_NAISSANCE,HOUNGBO,Sènami,2002-11-07,F,0105,DANSOU Sylvie
AN-001690,ACTE_NAISSANCE,BIO,Ayaba,1989-03-09,F,0503,ZANNOU Ayaba
AN-001691,ACTE_NAISSANCE,ALLADAYE,Serge Rodrigue,1982-12-26,M,0402,YAROU Salamatou
AN-001692,ACTE_NAISSANCE,KPADONOU,Prudence,1964-05-22,F,1103,KOUKPAKI Flore
AN-001693,ACTE_NAISSANCE,HOUNGBO,Gisèle Rachidatou,1974-07-06,F,0906,QUENUM Sylvie
PP-001694,PASSEPORT,KPADONOU,Sylvie Carine,1991-07-02,F,0901,CODJIA Sènami
PP-001695,PASSEPORT,YAROU,Sènami,1962-07-14,F,0504,TOSSOU Carine
AN-001696,ACTE_NAISSANCE,HOUNGBO,Yves,1989-06-08,M,1002,DANSOU Judith
AN-001697,ACTE_NAISSANCE,MENSAH,Rachid,2009-09-30,M,0503,ADANDE Chimène
AN-001698,ACTE_NAISSANCE,MENSAH,Ghislain,1997-10-07,M,0704,AKPOVI Nadège
AN-001699,ACTE_NAISSANCE,MENSAH,Chimène Ayaba,1946-11-25,F,1008,QUENUM Nadège
AN-001700,ACTE_NAISSANCE,BONI,Rodrigue Koffi,1985-11-12,M,1002,BIO Rachidatou
PP-001701,PASSEPORT,ZANNOU,Sylvie,1957-07-05,F,0906,SAGBO Carine
CC-001702,CARTE_CONSULAIRE,HOUNGBO,Aïcha,2004-07-22,F,0303,HOUNGBO Rosine
AN-001703,ACTE_NAISSANCE,SAGBO,Mariam Espérance,2017-12-14,F,1209,DANSOU Flore
AN-001704,ACTE_NAISSANCE,HOUNSOU,Mahougnon Ulrich,1961-02-20,M,0102,TCHIBOZO Flore
AN-001705,ACTE_NAISSANCE,AHOYO,Prudence,2000-02-29,F,0104,OSSENI Gisèle
AN-001706,ACTE_NAISSANCE,KPADONOU,Espérance,1975-09-03,F,0101,CHABI Mariam
AN-001707,ACTE_NAISSANCE,HOUNGBO,Justin,1991-10-13,M,1005,GBAGUIDI Carine
AN-001708,ACTE_NAISSANCE,TOSSOU,Serge,1979-04-20,M,0505,SOULEY Sènami
CC-001709,CARTE_CONSULAIRE,ALLADAYE,Arnaud,1971-09-25,M,0904,ALLADAYE Judith
CC-001710,CARTE_CONSULAIRE,AHOUANSOU,Bernice Ayaba,2011-12-23,F,0404,HOUNSOU Flore
AN-001711,ACTE_NAISSANCE,TCHIBOZO,Mahougnon Gildas,2012-11-18,M,0304,TCHIBOZO Nadège
AN-001712,ACTE_NAISSANCE,HOUNGBO,Mariam,1996-03-27,F,0406,IDRISSOU Sylvie
AN-001713,ACTE_NAISSANCE,VODOUNON,Rodrigue,1946-01-09,M,1003,ZANNOU Nadège
CC-001714,CARTE_CONSULAIRE,KIKI,Gisèle Sènami,2007-10-09,F,0602,IDRISSOU Ayaba
AN-001715,ACTE_NAISSANCE,DOSSOU,Serge,1974-12-25,M,1103,GLELE Estelle
AN-001716,ACTE_NAISSANCE,ADJOVI,Chimène Rachidatou,2002-10-06,F,0206,ZANNOU Prudence
AN-001717,ACTE_NAISSANCE,SAGBO,Fatoumata,1995-06-26,F,0207,DOSSOU Aïcha
AN-001718,ACTE_NAISSANCE,AKPOVI,Ghislain,2012-05-24,M,0201,CHABI Nadège
PP-001719,PASSEPORT,OSSENI,Chimène Sèmèvo,2000-01-17,F,0103,MENSAH Fatoumata
CC-001720,CARTE_CONSULAIRE,FASSINOU,Justin,1949-03-02,M,1003,HOUNGBO Nadège
AN-001721,ACTE_NAISSANCE,KPADONOU,Flore,1998-12-25,F,0103,ADJOVI Chimène
AN-001722,ACTE_NAISSANCE,KIKI,Chimène Sèmèvo,1976-07-31,F,1203,AGOSSOU Carine
AN-001723,ACTE_NAISSANCE,KPADONOU,Flore,1992-01-08,F,0303,ALLADAYE Carine
PP-001724,PASSEPORT,AMOUSSOU,Rachidatou,2009-11-27,F,0306,BIO Bernice
PP-001725,PASSEPORT,SOSSOU,Ibrahim,1975-03-03,M,0203,GLELE Carine
AN-001726,ACTE_NAISSANCE,LOKONON,Aïcha Salamatou,2015-10-07,F,1004,GLELE Bernice
CC-001727,CARTE_CONSULAIRE,ALLADAYE,Estelle,1997-07-23,F,0101,ADANDE Carine
PP-001728,PASSEPORT,AGBODJAN,Estelle,1977-12-03,F,1209,YAROU Mariam
AN-001729,ACTE_NAISSANCE,TOSSOU,Fidèle Ibrahim,1980-07-17,M,0601,IDRISSOU Rosine
AN-001730,ACTE_NAISSANCE,NOUATIN,Ayaba,2000-03-06,F,0801,DANSOU Chimène
AN-001731,ACTE_NAISSANCE,FASSINOU,Carine,2000-06-28,F,0906,ZINSOU Mariam
AN-001732,ACTE_NAISSANCE,AMOUSSOU,Espérance,1999-03-27,F,0801,YAROU Gisèle
AN-001733,ACTE_NAISSANCE,BONI,Ghislain,1992-05-03,M,1204,AHOYO Flore
AN-001734,ACTE_NAISSANCE,FASSINOU,Fabrice,1955-01-27,M,1002,TOSSOU Sènami
AN-001735,ACTE_NAISSANCE,OSSENI,Salamatou,2005-12-27,F,1006,AGBODJAN Prudence
CC-001736,CARTE_CONSULAIRE,HOUNSOU,Espérance,1987-04-29,F,1206,CHABI Aïcha
AN-001737,ACTE_NAISSANCE,OSSENI,Espérance,1972-01-19,F,1209,SOULEY Sèmèvo
AN-001738,ACTE_NAISSANCE,YAROU,Rachid Rodrigue,1998-05-10,M,0403,NOUATIN Estelle
AN-001739,ACTE_NAISSANCE,AHOYO,Arnaud,2011-09-06,M,0201,AKPOVI Rosine
PP-001740,PASSEPORT,BIO,Ayaba,2002-12-06,F,1005,QUENUM Chimène
AN-001741,ACTE_NAISSANCE,CHABI,Chimène,1969-01-18,F,0702,SOSSOU Aïcha
AN-001742,ACTE_NAISSANCE,AHOYO,Rosine Bernice,1995-06-25,F,0303,DANSOU Espérance
AN-001743,ACTE_NAISSANCE,ADJOVI,Fatoumata Rosine,1990-06-14,F,1006,CODJIA Aïcha
AN-001744,ACTE_NAISSANCE,DOSSOU,Yves,2013-02-25,M,0303,BONI Nadège
AN-001745,ACTE_NAISSANCE,HOUESSOU,Comlan,2010-12-04,M,1204,FASSINOU Rosine
AN-001746,ACTE_NAISSANCE,ADJOVI,Mahougnon Rodrigue,2007-04-19,M,0502,GLELE Gisèle
AN-001747,ACTE_NAISSANCE,DOSSOU,Arnaud Fabrice,1969-06-26,M,0201,SAGBO Espérance
AN-001748,ACTE_NAISSANCE,AGOSSOU,Fidèle,1971-01-15,M,0306,SOULEY Aïcha
AN-001749,ACTE_NAISSANCE,VODOUNON,Serge,1970-10-28,M,0101,SOULEY Estelle
AN-001750,ACTE_NAISSANCE,AMOUSSOU,Sylvie,1987-05-30,F,0603,ALLADAYE Fatoumata
AN-001751,ACTE_NAISSANCE,KOUKPAKI,Rachid,2008-09-23,M,1203,ZANNOU Sènami
AN-001752,ACTE_NAISSANCE,MENSAH,Nadège,1983-03-02,F,0505,TOSSOU Aïcha
AN-001753,ACTE_NAISSANCE,ASSOGBA,Romaric,1993-08-12,M,0205,SOSSOU Rosine
AN-001754,ACTE_NAISSANCE,HOUESSOU,Salamatou,2017-06-25,F,0306,TCHIBOZO Rosine
PP-001755,PASSEPORT,BIO,Brice,1979-05-13,M,0308,AKPOVI Gisèle
AN-001756,ACTE_NAISSANCE,SOSSOU,Comlan,1988-10-14,M,0405,KIKI Sèmèvo
PP-001757,PASSEPORT,MENSAH,Salamatou,1960-02-04,F,0104,ZANNOU Sèmèvo
PP-001758,PASSEPORT,SAGBO,Mariam,1998-01-02,F,0101,CODJIA Nadège
AN-001759,ACTE_NAISSANCE,TCHIBOZO,Koffi Ibrahim,2001-06-07,M,0405,GLELE Salamatou
AN-001760,ACTE_NAISSANCE,ADANDE,Estelle,1997-11-02,F,0303,BONI Rosine
PP-001761,PASSEPORT,QUENUM,Rosine Prudence,1975-06-22,F,0702,MENSAH Prudence
AN-001762,ACTE_NAISSANCE,DANSOU,Nadège Fatoumata,1990-10-31,F,1202,QUENUM Rosine
AN-001763,ACTE_NAISSANCE,CODJIA,Gildas,1994-03-03,M,0901,GLELE Mariam
CC-001764,CARTE_CONSULAIRE,DOSSOU,Romaric,1979-01-16,M,0404,CODJIA Sènami
AN-001765,ACTE_NAISSANCE,FASSINOU,Koffi Ibrahim,1947-10-21,M,1206,ZINSOU Prudence
CC-001766,CARTE_CONSULAIRE,NOUATIN,Sèmèvo,1965-10-26,F,1201,YAROU Sèmèvo
AN-001767,ACTE_NAISSANCE,AHOUANSOU,Rachidatou,2004-07-09,F,0106,DOSSOU Sylvie
AN-001768,ACTE_NAISSANCE,OSSENI,Bienvenu,1975-10-25,M,1002,AHOYO Estelle
PP-001769,PASSEPORT,VODOUNON,Serge,1947-08-05,M,0302,AMOUSSOU Sènami
CC-001770,CARTE_CONSULAIRE,AGBODJAN,Yves Comlan,1955-02-27,M,0904,BIO Mariam
AN-001771,ACTE_NAISSANCE,HOUESSOU,Arnaud Ghislain,2003-06-05,M,0103,IDRISSOU Aïcha
CC-001772,CARTE_CONSULAIRE,NOUATIN,Moussa,2003-08-28,M,0101,OSSENI Chimène
AN-001773,ACTE_NAISSANCE,AHOYO,Moussa,1979-08-16,M,0201,SAGBO Mariam
AN-001774,ACTE_NAISSANCE,AMOUSSOU,Rosine,1951-03-21,F,1007,AMOUSSOU Judith
AN-001775,ACTE_NAISSANCE,ASSOGBA,Sènami Salamatou,1938-06-08,F,0209,TOSSOU Rachidatou
AN-001776,ACTE_NAISSANCE,ADJOVI,Nadège,2006-11-25,F,1202,ADANDE Aïcha
AN-001777,ACTE_NAISSANCE,HOUESSOU,Rachid Fidèle,1951-10-17,M,1209,HOUNSOU Chimène
AN-001778,ACTE_NAISSANCE,YAROU,Gisèle,1982-03-26,F,0703,TOGBE Chimène
AN-001779,ACTE_NAISSANCE,AHOYO,Prudence,1973-03-23,F,0407,DANSOU Salamatou
AN-001780,ACTE_NAISSANCE,AHOYO,Aïcha Ayaba,1980-04-15,F,0204,ALLADAYE Estelle
PP-001781,PASSEPORT,QUENUM,Ulrich Rachid,1950-12-12,M,0104,MENSAH Chimène
AN-001782,ACTE_NAISSANCE,HOUNGBO,Carine Bernice,2012-01-01,F,1203,KIKI Fatoumata
AN-001783,ACTE_NAISSANCE,DANSOU,Sèmèvo,2003-06-09,F,1206,GLELE Gisèle
AN-001784,ACTE_NAISSANCE,CODJIA,Gildas,1999-10-22,M,0408,VODOUNON Rosine
PP-001785,PASSEPORT,NOUATIN,Chimène Estelle,1962-11-16,F,0104,ALLADAYE Flore
AN-001786,ACTE_NAISSANCE,KOUKPAKI,Bienvenu,2015-11-06,M,1102,ASSOGBA Mariam
CC-001787,CARTE_CONSULAIRE,TOGBE,Espérance,2013-04-07,F,0208,HOUESSOU Gisèle
AN-001788,ACTE_NAISSANCE,HOUNKPATIN,Fabrice Koffi,1987-02-25,M,0801,AHOUANSOU Sènami
CC-001789,CARTE_CONSULAIRE,AMOUSSOU,Aïcha Rachidatou,2002-02-25,F,0303,DANSOU Sylvie
PP-001790,PASSEPORT,LOKONON,Fidèle,1990-12-11,M,0206,DOSSOU Rosine
AN-001791,ACTE_NAISSANCE,ADJOVI,Rodrigue,1994-02-21,M,1009,NOUATIN Rachidatou
AN-001792,ACTE_NAISSANCE,AHOUANSOU,Prudence,2023-06-30,F,0505,ADJOVI Ayaba
CC-001793,CARTE_CONSULAIRE,KPADONOU,Ibrahim,1988-06-01,M,0303,DANSOU Chimène
AN-001794,ACTE_NAISSANCE,FASSINOU,Flore Prudence,2016-07-01,F,1205,CHABI Estelle
AN-001795,ACTE_NAISSANCE,KOUKPAKI,Ulrich Rachid,1981-11-22,M,0905,DANSOU Sylvie
PP-001796,PASSEPORT,DANSOU,Fabrice,1983-11-07,M,1209,VODOUNON Carine
CC-001797,CARTE_CONSULAIRE,KIKI,Ulrich Brice,1942-07-30,M,0403,OSSENI Salamatou
AN-001798,ACTE_NAISSANCE,NOUATIN,Rodrigue Gildas,1994-10-22,M,0102,IDRISSOU Sènami
AN-001799,ACTE_NAISSANCE,TOGBE,Bernice,2009-08-28,F,0406,TCHIBOZO Salamatou
AN-001800,ACTE_NAISSANCE,BONI,Aïcha,1958-05-05,F,1007,ALLADAYE Sèmèvo
CC-001801,CARTE_CONSULAIRE,KPADONOU,Ghislain,1980-06-05,M,0305,KOUKPAKI Fatoumata
CC-001802,CARTE_CONSULAIRE,ADANDE,Sylvie Aïcha,1962-06-14,F,0403,SOULEY Gisèle
PP-001803,PASSEPORT,SOULEY,Comlan,1965-05-01,M,0405,SOSSOU Prudence
PP-001804,PASSEPORT,QUENUM,Judith,1974-07-09,F,1105,SOSSOU Nadège
PP-001805,PASSEPORT,CODJIA,Sèmèvo,1990-01-14,F,1203,CHABI Chimène
CC-001806,CARTE_CONSULAIRE,DANSOU,Moussa,1997-01-02,M,0606,FASSINOU Rachidatou
PP-001807,PASSEPORT,AGOSSOU,Ulrich,2015-02-20,M,0306,HOUNSOU Sylvie
AN-001808,ACTE_NAISSANCE,HOUNSOU,Ibrahim Justin,1968-02-09,M,0605,ADANDE Sènami
AN-001809,ACTE_NAISSANCE,BONI,Nadège,2001-01-26,F,0505,AHOUANSOU Chimène
CC-001810,CARTE_CONSULAIRE,QUENUM,Flore,1965-12-09,F,1201,ALLADAYE Aïcha
AN-001811,ACTE_NAISSANCE,AGBODJAN,Sènami,1998-10-11,F,0905,OSSENI Flore
AN-001812,ACTE_NAISSANCE,GBAGUIDI,Espérance Bernice,1996-01-11,F,0102,FASSINOU Mariam
PP-001813,PASSEPORT,AKPOVI,Estelle Salamatou,1972-02-14,F,0209,IDRISSOU Sènami
AN-001814,ACTE_NAISSANCE,ZINSOU,Justin Rachid,1988-11-14,M,0506,TCHIBOZO Fatoumata
AN-001815,ACTE_NAISSANCE,LOKONON,Bienvenu Yves,1989-04-10,M,0104,BONI Estelle
PP-001816,PASSEPORT,TOGBE,Ghislain Fidèle,1948-04-07,M,0408,GBAGUIDI Mariam
AN-001817,ACTE_NAISSANCE,AKPOVI,Estelle,2008-01-19,F,0903,ADANDE Estelle
AN-001818,ACTE_NAISSANCE,HOUESSOU,Judith Ayaba,2005-11-07,F,0702,BONI Mariam
AN-001819,ACTE_NAISSANCE,AGOSSOU,Prudence,1989-07-17,F,0904,ASSOGBA Ayaba
AN-001820,ACTE_NAISSANCE,SOSSOU,Judith Nadège,1951-06-04,F,0403,TOGBE Carine
AN-001821,ACTE_NAISSANCE,SAGBO,Arnaud,1956-11-05,M,0702,HOUESSOU Aïcha
CC-001822,CARTE_CONSULAIRE,FASSINOU,Comlan Ulrich,1982-03-21,M,0504,GBAGUIDI Rachidatou
AN-001823,ACTE_NAISSANCE,ADANDE,Estelle Aïcha,1982-08-07,F,0301,VODOUNON Prudence
PP-001824,PASSEPORT,KIKI,Prudence,1958-08-02,F,1207,AHOUANSOU Sylvie
CC-001825,CARTE_CONSULAIRE,CHABI,Yves,2005-10-31,M,0104,MENSAH Bernice
AN-001826,ACTE_NAISSANCE,KPADONOU,Ayaba,1988-10-29,F,0504,TCHIBOZO Bernice
PP-001827,PASSEPORT,ADJOVI,Sènami,1976-05-27,F,1209,VODOUNON Mariam
AN-001828,ACTE_NAISSANCE,AGOSSOU,Fatoumata Gisèle,2018-10-31,F,0506,QUENUM Gisèle
AN-001829,ACTE_NAISSANCE,ADJOVI,Brice,1938-06-12,M,0904,SOSSOU Judith
CC-001830,CARTE_CONSULAIRE,KIKI,Carine Rachidatou,2020-05-28,F,0207,TOGBE Ayaba
AN-001831,ACTE_NAISSANCE,IDRISSOU,Judith,2022-12-26,F,1205,IDRISSOU Fatoumata
AN-001832,ACTE_NAISSANCE,LOKONON,Bernice,1959-10-20,F,0906,QUENUM Sènami
PP-001833,PASSEPORT,FASSINOU,Gisèle,2021-10-06,F,0704,AGBODJAN Salamatou
AN-001834,ACTE_NAISSANCE,NOUATIN,Fabrice,1991-08-19,M,0906,HOUESSOU Salamatou
AN-001835,ACTE_NAISSANCE,AGOSSOU,Chimène,2004-01-13,F,0202,BONI Rosine
PP-001836,PASSEPORT,AGBODJAN,Comlan Moussa,1973-10-06,M,0904,AGOSSOU Rosine
AN-001837,ACTE_NAISSANCE,KIKI,Arnaud,1979-07-05,M,1009,ALLADAYE Sèmèvo
AN-001838,ACTE_NAISSANCE,DOSSOU,Salamatou,1965-09-21,F,0201,FASSINOU Sènami
AN-001839,ACTE_NAISSANCE,GLELE,Yves,1991-06-28,M,0408,ZINSOU Estelle
AN-001840,ACTE_NAISSANCE,ZINSOU,Rodrigue Arnaud,1981-11-27,M,0703,HOUNSOU Prudence
AN-001841,ACTE_NAISSANCE,VODOUNON,Fidèle,2010-09-15,M,0903,AGBODJAN Mariam
PP-001842,PASSEPORT,AKPOVI,Espérance,2017-04-25,F,1207,CHABI Sylvie
AN-001843,ACTE_NAISSANCE,TOSSOU,Rosine Rachidatou,1993-06-15,F,1204,SOSSOU Flore
AN-001844,ACTE_NAISSANCE,NOUATIN,Nadège Flore,1972-09-01,F,0105,AMOUSSOU Fatoumata
AN-001845,ACTE_NAISSANCE,MENSAH,Gisèle Fatoumata,2024-07-21,F,0306,DANSOU Prudence
AN-001846,ACTE_NAISSANCE,HOUESSOU,Koffi,2011-11-26,M,0501,KOUKPAKI Mariam
AN-001847,ACTE_NAISSANCE,GBAGUIDI,Koffi Fabrice,1961-07-03,M,0505,KPADONOU Gisèle
AN-001848,ACTE_NAISSANCE,TOGBE,Nadège,1959-09-01,F,1209,AHOYO Espérance
AN-001849,ACTE_NAISSANCE,SOULEY,Carine,1994-01-07,F,0702,OSSENI Salamatou
PP-001850,PASSEPORT,KIKI,Mariam,1985-02-25,F,1005,ASSOGBA Gisèle
CC-001851,CARTE_CONSULAIRE,ADJOVI,Arnaud Bienvenu,1953-03-31,M,1103,VODOUNON Ayaba
AN-001852,ACTE_NAISSANCE,AMOUSSOU,Romaric,1948-02-04,M,0906,AGOSSOU Rosine
CC-001853,CARTE_CONSULAIRE,AGBODJAN,Gisèle,2000-10-25,F,1204,ZANNOU Prudence
PP-001854,PASSEPORT,ADANDE,Judith,1963-01-28,F,0402,ALLADAYE Ayaba
AN-001855,ACTE_NAISSANCE,KIKI,Comlan,1976-09-18,M,1208,ALLADAYE Aïcha
AN-001856,ACTE_NAISSANCE,AGBODJAN,Brice,2001-12-28,M,0605,AHOUANSOU Sylvie
AN-001857,ACTE_NAISSANCE,DANSOU,Moussa,2021-12-26,M,0605,ADANDE Rosine
CC-001858,CARTE_CONSULAIRE,AGOSSOU,Estelle Sèmèvo,1972-09-02,F,1105,CHABI Carine
AN-001859,ACTE_NAISSANCE,AHOYO,Comlan,2013-07-10,M,1102,CHABI Rosine
AN-001860,ACTE_NAISSANCE,SOULEY,Comlan Ulrich,1996-07-31,M,0703,GLELE Bernice
PP-001861,PASSEPORT,HOUNGBO,Ibrahim Ulrich,1963-05-22,M,0105,CHABI Espérance
AN-001862,ACTE_NAISSANCE,SOSSOU,Moussa,1976-12-03,M,0203,BONI Sylvie
AN-001863,ACTE_NAISSANCE,NOUATIN,Fatoumata,1967-09-29,F,0306,VODOUNON Aïcha
AN-001864,ACTE_NAISSANCE,ZINSOU,Rachid Ibrahim,1997-10-29,M,0703,ADANDE Salamatou
AN-001865,ACTE_NAISSANCE,ADANDE,Bienvenu,1949-05-18,M,1209,HOUNGBO Rosine
AN-001866,ACTE_NAISSANCE,HOUNGBO,Gildas,1968-03-12,M,1006,SOSSOU Estelle
AN-001867,ACTE_NAISSANCE,ADANDE,Arnaud,1997-11-29,M,0401,AGBODJAN Ayaba
PP-001868,PASSEPORT,QUENUM,Aïcha,1949-03-13,F,0601,TOSSOU Estelle
AN-001869,ACTE_NAISSANCE,SOSSOU,Sèmèvo Chimène,1988-08-06,F,0208,AHOUANSOU Sèmèvo
AN-001870,ACTE_NAISSANCE,FASSINOU,Mariam,1990-09-30,F,0208,BIO Salamatou
AN-001871,ACTE_NAISSANCE,AGOSSOU,Comlan,2013-12-04,M,0405,ZINSOU Fatoumata
AN-001872,ACTE_NAISSANCE,ASSOGBA,Rachid,1944-06-17,M,1203,MENSAH Judith
AN-001873,ACTE_NAISSANCE,MENSAH,Koffi,1987-05-24,M,0404,MENSAH Sènami
AN-001874,ACTE_NAISSANCE,TOSSOU,Arnaud Rodrigue,1962-11-29,M,0506,TOSSOU Espérance
AN-001875,ACTE_NAISSANCE,AGOSSOU,Rachidatou,1963-08-16,F,1101,KPADONOU Nadège
PP-001876,PASSEPORT,ZINSOU,Chimène,2018-02-07,F,1009,BONI Bernice
PP-001877,PASSEPORT,ZANNOU,Fatoumata,2006-08-20,F,0302,KIKI Ayaba
AN-001878,ACTE_NAISSANCE,KPADONOU,Rachid Justin,1995-10-03,M,0603,GLELE Aïcha
AN-001879,ACTE_NAISSANCE,VODOUNON,Rachidatou,1980-08-25,F,1205,ZANNOU Judith
AN-001880,ACTE_NAISSANCE,IDRISSOU,Chimène Sèmèvo,1990-02-20,F,0504,HOUNGBO Salamatou
AN-001881,ACTE_NAISSANCE,NOUATIN,Carine,1989-09-24,F,0202,ADANDE Flore
AN-001882,ACTE_NAISSANCE,AHOYO,Sèmèvo,1962-12-05,F,0801,CHABI Salamatou
CC-001883,CARTE_CONSULAIRE,FASSINOU,Rachid Rodrigue,1989-05-09,M,0205,HOUNGBO Espérance
AN-001884,ACTE_NAISSANCE,ADJOVI,Bienvenu,1976-06-24,M,0403,ZANNOU Chimène
AN-001885,ACTE_NAISSANCE,LOKONON,Comlan,1975-12-09,M,0603,GBAGUIDI Nadège
AN-001886,ACTE_NAISSANCE,QUENUM,Salamatou,1983-01-31,F,0306,SOSSOU Carine
AN-001887,ACTE_NAISSANCE,AMOUSSOU,Moussa,1968-04-06,M,0209,AHOYO Prudence
AN-001888,ACTE_NAISSANCE,KIKI,Sèmèvo,1995-04-07,F,0602,AHOUANSOU Espérance
PP-001889,PASSEPORT,DOSSOU,Moussa Ulrich,1990-07-12,M,0206,MENSAH Ayaba
PP-001890,PASSEPORT,ADJOVI,Estelle,2003-12-19,F,0801,SAGBO Sèmèvo
AN-001891,ACTE_NAISSANCE,QUENUM,Sylvie Estelle,1997-01-08,F,1204,CODJIA Rachidatou
CC-001892,CARTE_CONSULAIRE,SOSSOU,Espérance,1982-12-08,F,0504,ZINSOU Flore
AN-001893,ACTE_NAISSANCE,ALLADAYE,Mariam,1977-11-21,F,0102,BONI Gisèle
CC-001894,CARTE_CONSULAIRE,ZINSOU,Ayaba,1967-09-30,F,0307,AHOYO Espérance
AN-001895,ACTE_NAISSANCE,AGBODJAN,Sèmèvo,2000-08-14,F,0408,SAGBO Nadège
AN-001896,ACTE_NAISSANCE,YAROU,Gisèle,1987-07-21,F,0209,SAGBO Estelle
PP-001897,PASSEPORT,BIO,Sylvie Salamatou,1988-07-01,F,0104,KIKI Estelle
CC-001898,CARTE_CONSULAIRE,HOUNGBO,Gildas Ghislain,1982-06-25,M,0204,BONI Carine
AN-001899,ACTE_NAISSANCE,FASSINOU,Gisèle,1982-06-14,F,0506,ASSOGBA Gisèle
PP-001900,PASSEPORT,TCHIBOZO,Fabrice Yves,1995-02-15,M,0102,DOSSOU Carine
AN-001901,ACTE_NAISSANCE,DOSSOU,Yves,2009-12-14,M,1004,ADJOVI Aïcha
AN-001902,ACTE_NAISSANCE,CHABI,Fabrice,1970-09-19,M,0204,DOSSOU Judith
CC-001903,CARTE_CONSULAIRE,NOUATIN,Romaric Justin,1990-08-19,M,0102,ADANDE Ayaba
AN-001904,ACTE_NAISSANCE,YAROU,Fabrice,2010-08-25,M,0401,SOSSOU Sylvie
AN-001905,ACTE_NAISSANCE,YAROU,Yves,1947-01-30,M,1209,NOUATIN Estelle
AN-001906,ACTE_NAISSANCE,KPADONOU,Romaric,2011-04-22,M,0209,VODOUNON Mariam
AN-001907,ACTE_NAISSANCE,AHOYO,Arnaud,2005-12-02,M,0307,ADJOVI Chimène
CC-001908,CARTE_CONSULAIRE,FASSINOU,Fabrice Yves,2001-06-11,M,0301,AHOYO Bernice
AN-001909,ACTE_NAISSANCE,BONI,Arnaud,2011-12-07,M,0304,DOSSOU Gisèle
AN-001910,ACTE_NAISSANCE,IDRISSOU,Ayaba,1993-12-03,F,1007,DANSOU Espérance
AN-001911,ACTE_NAISSANCE,NOUATIN,Fidèle,1956-06-07,M,1209,HOUNSOU Prudence
CC-001912,CARTE_CONSULAIRE,HOUNSOU,Ulrich,1995-09-13,M,0203,TCHIBOZO Judith
AN-001913,ACTE_NAISSANCE,DANSOU,Ghislain,1971-07-13,M,0704,VODOUNON Nadège
AN-001914,ACTE_NAISSANCE,VODOUNON,Gildas,1959-09-09,M,0301,BIO Bernice
AN-001915,ACTE_NAISSANCE,ZANNOU,Gildas Justin,1989-05-20,M,0602,SOSSOU Mariam
AN-001916,ACTE_NAISSANCE,ADANDE,Fatoumata,2006-02-24,F,0901,ASSOGBA Flore
CC-001917,CARTE_CONSULAIRE,ASSOGBA,Salamatou,1977-02-16,F,1004,AKPOVI Sènami
PP-001918,PASSEPORT,VODOUNON,Brice Yves,1992-02-15,M,0906,GBAGUIDI Rosine
AN-001919,ACTE_NAISSANCE,AHOYO,Chimène,2001-04-03,F,0101,ZINSOU Gisèle
AN-001920,ACTE_NAISSANCE,ADANDE,Romaric Fabrice,1945-09-17,M,0103,AMOUSSOU Sènami
PP-001921,PASSEPORT,AHOYO,Estelle Gisèle,1978-04-03,F,1208,HOUNKPATIN Chimène
AN-001922,ACTE_NAISSANCE,LOKONON,Rachid Brice,2003-06-27,M,1003,NOUATIN Prudence
PP-001923,PASSEPORT,AGBODJAN,Serge,1975-11-19,M,0207,HOUESSOU Flore
AN-001924,ACTE_NAISSANCE,TCHIBOZO,Nadège,1987-07-21,F,0606,ADJOVI Rachidatou
AN-001925,ACTE_NAISSANCE,ZINSOU,Judith Sylvie,1991-12-30,F,0405,HOUESSOU Sèmèvo
AN-001926,ACTE_NAISSANCE,AGOSSOU,Sylvie Bernice,1990-07-10,F,1208,LOKONON Chimène
AN-001927,ACTE_NAISSANCE,BIO,Sylvie,2009-07-26,F,0102,QUENUM Judith
AN-001928,ACTE_NAISSANCE,AGBODJAN,Salamatou Flore,1994-07-20,F,0903,ZINSOU Bernice
AN-001929,ACTE_NAISSANCE,NOUATIN,Bernice,1967-03-28,F,0503,LOKONON Chimène
AN-001930,ACTE_NAISSANCE,SOULEY,Gisèle Espérance,1960-09-18,F,0703,AGBODJAN Rachidatou
AN-001931,ACTE_NAISSANCE,ASSOGBA,Arnaud,1951-03-02,M,0405,DANSOU Bernice
AN-001932,ACTE_NAISSANCE,ADANDE,Fatoumata,2019-02-22,F,0702,QUENUM Espérance
AN-001933,ACTE_NAISSANCE,GLELE,Gisèle Espérance,2016-08-31,F,0404,KOUKPAKI Prudence
AN-001934,ACTE_NAISSANCE,VODOUNON,Justin Moussa,1962-09-07,M,0201,IDRISSOU Nadège
CC-001935,CARTE_CONSULAIRE,HOUNKPATIN,Rachid,2005-10-23,M,0405,KOUKPAKI Aïcha
AN-001936,ACTE_NAISSANCE,KIKI,Salamatou,1980-05-25,F,0405,DOSSOU Chimène
AN-001937,ACTE_NAISSANCE,DOSSOU,Yves,1959-11-02,M,1101,KPADONOU Espérance
AN-001938,ACTE_NAISSANCE,MENSAH,Sènami,1998-12-16,F,0702,DANSOU Prudence
PP-001939,PASSEPORT,ADANDE,Gildas,2007-02-19,M,0205,NOUATIN Sèmèvo
CC-001940,CARTE_CONSULAIRE,HOUESSOU,Gildas,1982-03-26,M,0801,AGBODJAN Nadège
AN-001941,ACTE_NAISSANCE,KOUKPAKI,Justin,1978-02-06,M,0903,ZINSOU Ayaba
AN-001942,ACTE_NAISSANCE,HOUNKPATIN,Moussa Bienvenu,1990-12-02,M,0704,NOUATIN Nadège
AN-001943,ACTE_NAISSANCE,QUENUM,Ulrich,1967-09-18,M,0303,ZANNOU Rosine
AN-001944,ACTE_NAISSANCE,GBAGUIDI,Nadège,2003-09-09,F,0404,MENSAH Carine
AN-001945,ACTE_NAISSANCE,GLELE,Sènami Estelle,1974-05-27,F,1008,OSSENI Sèmèvo
AN-001946,ACTE_NAISSANCE,BIO,Aïcha,1952-02-19,F,1101,ADANDE Rachidatou
AN-001947,ACTE_NAISSANCE,ADJOVI,Fabrice,1988-01-12,M,1205,HOUNKPATIN Sylvie
CC-001948,CARTE_CONSULAIRE,NOUATIN,Ulrich,1988-02-23,M,0301,DANSOU Sylvie
AN-001949,ACTE_NAISSANCE,DOSSOU,Gisèle Flore,1983-12-31,F,1005,DANSOU Judith
AN-001950,ACTE_NAISSANCE,NOUATIN,Yves,1986-02-12,M,1003,ADANDE Judith
CC-001951,CARTE_CONSULAIRE,ZANNOU,Bernice Fatoumata,2012-03-25,F,0901,IDRISSOU Sylvie
AN-001952,ACTE_NAISSANCE,CODJIA,Chimène Bernice,2000-01-06,F,0208,GBAGUIDI Fatoumata
AN-001953,ACTE_NAISSANCE,ADANDE,Sylvie Fatoumata,1946-07-09,F,1103,GBAGUIDI Mariam
CC-001954,CARTE_CONSULAIRE,QUENUM,Mariam,2013-05-21,F,0704,SOSSOU Estelle
AN-001955,ACTE_NAISSANCE,SOULEY,Espérance,1994-01-21,F,0201,LOKONON Espérance
AN-001956,ACTE_NAISSANCE,LOKONON,Ulrich Arnaud,1997-04-27,M,0308,HOUNSOU Bernice
PP-001957,PASSEPORT,HOUESSOU,Bienvenu,1991-05-02,M,0605,OSSENI Gisèle
AN-001958,ACTE_NAISSANCE,KPADONOU,Rachid,1984-10-25,M,0604,KPADONOU Nadège
AN-001959,ACTE_NAISSANCE,ZINSOU,Rachid,1980-05-30,M,0204,AHOUANSOU Salamatou
CC-001960,CARTE_CONSULAIRE,YAROU,Rosine,1998-10-01,F,0703,VODOUNON Chimène
AN-001961,ACTE_NAISSANCE,ASSOGBA,Sènami Chimène,1969-03-07,F,0906,BIO Rosine
PP-001962,PASSEPORT,HOUNKPATIN,Gisèle,2007-08-14,F,0104,AGOSSOU Sèmèvo
AN-001963,ACTE_NAISSANCE,ADANDE,Brice,1955-10-08,M,0205,QUENUM Prudence
AN-001964,ACTE_NAISSANCE,ADANDE,Codjo Justin,2011-09-20,M,0204,TOSSOU Sènami
AN-001965,ACTE_NAISSANCE,QUENUM,Gisèle Espérance,1974-07-02,F,1101,AKPOVI Sènami
PP-001966,PASSEPORT,ASSOGBA,Sèmèvo,1966-01-19,F,1201,KIKI Judith
AN-001967,ACTE_NAISSANCE,VODOUNON,Sèmèvo,1988-02-26,F,0504,IDRISSOU Judith
AN-001968,ACTE_NAISSANCE,ASSOGBA,Rosine,1954-04-18,F,0101,AGOSSOU Aïcha
PP-001969,PASSEPORT,YAROU,Codjo,2002-09-28,M,0605,HOUNGBO Chimène
PP-001970,PASSEPORT,SAGBO,Serge Ghislain,1948-08-11,M,1202,TCHIBOZO Sèmèvo
AN-001971,ACTE_NAISSANCE,TOSSOU,Justin,1968-02-14,M,0905,SAGBO Flore
AN-001972,ACTE_NAISSANCE,FASSINOU,Carine Gisèle,2008-02-11,F,1003,MENSAH Fatoumata
AN-001973,ACTE_NAISSANCE,HOUNGBO,Sèmèvo,2015-09-06,F,0604,HOUNSOU Rachidatou
AN-001974,ACTE_NAISSANCE,KOUKPAKI,Ulrich,2009-07-09,M,0105,VODOUNON Carine
AN-001975,ACTE_NAISSANCE,TCHIBOZO,Fabrice,1962-10-05,M,0407,GLELE Prudence
PP-001976,PASSEPORT,KIKI,Brice,1957-04-06,M,0405,HOUNSOU Prudence
AN-001977,ACTE_NAISSANCE,CHABI,Espérance,1960-02-13,F,0407,HOUESSOU Espérance
AN-001978,ACTE_NAISSANCE,HOUNSOU,Aïcha,1950-01-07,F,0301,AGBODJAN Judith
AN-001979,ACTE_NAISSANCE,AGBODJAN,Serge,1998-09-07,M,0202,AKPOVI Bernice
CC-001980,CARTE_CONSULAIRE,AHOYO,Brice Ulrich,1989-11-22,M,0203,DANSOU Flore
AN-001981,ACTE_NAISSANCE,FASSINOU,Sèmèvo,1970-06-20,F,0504,BIO Chimène
AN-001982,ACTE_NAISSANCE,AHOYO,Bernice,1957-04-20,F,0401,LOKONON Flore
AN-001983,ACTE_NAISSANCE,KIKI,Justin Mahougnon,2009-10-11,M,1102,FASSINOU Gisèle
AN-001984,ACTE_NAISSANCE,AHOYO,Salamatou Ayaba,2024-08-28,F,0401,BIO Gisèle
AN-001985,ACTE_NAISSANCE,SOSSOU,Fabrice,1946-05-24,M,0202,TOSSOU Ayaba
CC-001986,CARTE_CONSULAIRE,AGBODJAN,Ibrahim Koffi,1985-12-30,M,1007,GBAGUIDI Sènami
AN-001987,ACTE_NAISSANCE,IDRISSOU,Sèmèvo Bernice,1972-07-21,F,0204,HOUNGBO Mariam
AN-001988,ACTE_NAISSANCE,KIKI,Ulrich,1994-05-17,M,0307,BONI Gisèle
AN-001989,ACTE_NAISSANCE,FASSINOU,Chimène,2004-06-11,F,1007,HOUESSOU Mariam
AN-001990,ACTE_NAISSANCE,SOULEY,Codjo,1987-06-14,M,0704,DANSOU Judith
PP-001991,PASSEPORT,AHOUANSOU,Ibrahim,1988-09-10,M,0207,AHOYO Sènami
PP-001992,PASSEPORT,HOUNKPATIN,Mariam,2008-02-28,F,0401,AHOYO Carine
AN-001993,ACTE_NAISSANCE,GLELE,Espérance,1977-06-25,F,0801,SOSSOU Rachidatou
PP-001994,PASSEPORT,FASSINOU,Justin,1960-05-22,M,0704,SAGBO Fatoumata
CC-001995,CARTE_CONSULAIRE,SAGBO,Nadège Judith,1996-12-07,F,0305,BIO Sèmèvo
AN-001996,ACTE_NAISSANCE,OSSENI,Chimène,1990-08-23,F,1104,HOUNKPATIN Fatoumata
AN-001997,ACTE_NAISSANCE,VODOUNON,Rachidatou Judith,1991-05-12,F,0104,HOUNSOU Judith
AN-001998,ACTE_NAISSANCE,SAGBO,Ulrich Rachid,1995-02-27,M,0408,AMOUSSOU Ayaba
AN-001999,ACTE_NAISSANCE,QUENUM,Codjo,1993-10-16,M,0404,BIO Mariam
AN-002000,ACTE_NAISSANCE,BONI,Prudence Sèmèvo,1971-12-09,F,0102,ALLADAYE Sènami
AN-002001,ACTE_NAISSANCE,KIKI,Aïcha Ayaba,1980-09-06,F,0207,FASSINOU Judith
CC-002002,CARTE_CONSULAIRE,ADANDE,Estelle,1967-12-15,F,0602,LOKONON Chimène
CC-002003,CARTE_CONSULAIRE,ZINSOU,Espérance,1988-12-09,F,0104,MENSAH Gisèle
AN-002004,ACTE_NAISSANCE,GLELE,Koffi,1979-01-08,M,0604,FASSINOU Mariam
AN-002005,ACTE_NAISSANCE,LOKONON,Ulrich,2000-12-16,M,0504,AHOUANSOU Aïcha
AN-002006,ACTE_NAISSANCE,NOUATIN,Salamatou Estelle,1946-06-04,F,0601,AKPOVI Carine
AN-002007,ACTE_NAISSANCE,TOSSOU,Yves Ghislain,1965-05-15,M,1001,LOKONON Aïcha
AN-002008,ACTE_NAISSANCE,HOUNGBO,Codjo,2018-06-10,M,1105,NOUATIN Ayaba
AN-002009,ACTE_NAISSANCE,HOUNSOU,Ulrich,1988-08-24,M,1001,GBAGUIDI Aïcha
AN-002010,ACTE_NAISSANCE,QUENUM,Flore,1995-09-28,F,0308,AGOSSOU Espérance
CC-002011,CARTE_CONSULAIRE,ALLADAYE,Rodrigue,1989-04-21,M,0101,HOUNKPATIN Gisèle
AN-002012,ACTE_NAISSANCE,AGBODJAN,Mariam Sylvie,2002-10-19,F,0602,OSSENI Prudence
PP-002013,PASSEPORT,OSSENI,Rachid,2021-05-26,M,0101,DOSSOU Mariam
AN-002014,ACTE_NAISSANCE,MENSAH,Brice Fabrice,1956-03-21,M,1208,CODJIA Sèmèvo
PP-002015,PASSEPORT,YAROU,Rachid Ghislain,1989-02-23,M,0401,HOUNSOU Judith
CC-002016,CARTE_CONSULAIRE,OSSENI,Mariam,1988-04-23,F,1006,QUENUM Mariam
AN-002017,ACTE_NAISSANCE,ADJOVI,Nadège Mariam,1995-04-07,F,0208,ALLADAYE Bernice
AN-002018,ACTE_NAISSANCE,LOKONON,Fidèle,1978-01-24,M,0506,BIO Ayaba
PP-002019,PASSEPORT,HOUESSOU,Moussa,1991-01-18,M,0905,AHOYO Sènami
AN-002020,ACTE_NAISSANCE,AGBODJAN,Salamatou,1942-06-04,F,1203,BONI Judith
AN-002021,ACTE_NAISSANCE,YAROU,Salamatou,2011-05-21,F,0403,AHOYO Estelle
AN-002022,ACTE_NAISSANCE,ZANNOU,Judith,2020-04-27,F,0207,DOSSOU Gisèle
AN-002023,ACTE_NAISSANCE,DANSOU,Gildas,1999-04-13,M,0702,TOSSOU Sèmèvo
AN-002024,ACTE_NAISSANCE,SOULEY,Mariam,2005-11-12,F,0902,NOUATIN Nadège
CC-002025,CARTE_CONSULAIRE,TOSSOU,Ayaba,1967-02-19,F,1008,AHOUANSOU Sylvie
AN-002026,ACTE_NAISSANCE,DANSOU,Prudence Sèmèvo,1984-05-21,F,1205,SOULEY Gisèle
AN-002027,ACTE_NAISSANCE,QUENUM,Serge,2004-05-04,M,0301,HOUNGBO Rosine
AN-002028,ACTE_NAISSANCE,AMOUSSOU,Sylvie Rachidatou,2022-11-16,F,0205,ADANDE Salamatou
CC-002029,CARTE_CONSULAIRE,KOUKPAKI,Chimène,1997-11-04,F,0101,TCHIBOZO Chimène
AN-002030,ACTE_NAISSANCE,GBAGUIDI,Rosine,1983-03-06,F,0101,BONI Bernice
AN-002031,ACTE_NAISSANCE,FASSINOU,Arnaud Yves,2004-03-22,M,1105,SOSSOU Chimène
CC-002032,CARTE_CONSULAIRE,ZANNOU,Rosine,1953-05-30,F,0203,MENSAH Aïcha
AN-002033,ACTE_NAISSANCE,AGBODJAN,Ghislain,1984-01-25,M,1009,AGBODJAN Sylvie
PP-002034,PASSEPORT,ALLADAYE,Arnaud,1957-09-10,M,0905,IDRISSOU Nadège
AN-002035,ACTE_NAISSANCE,CHABI,Rosine Bernice,1979-09-11,F,1103,ADJOVI Rosine
AN-002036,ACTE_NAISSANCE,OSSENI,Arnaud,1948-08-16,M,1103,BIO Prudence
PP-002037,PASSEPORT,ADANDE,Flore Carine,1936-07-20,F,1104,KIKI Sènami
AN-002038,ACTE_NAISSANCE,FASSINOU,Ulrich Rodrigue,1985-03-05,M,1001,CODJIA Nadège
AN-002039,ACTE_NAISSANCE,GLELE,Mahougnon,1959-11-15,M,0504,QUENUM Prudence
AN-002040,ACTE_NAISSANCE,YAROU,Justin Rachid,1947-09-11,M,0606,ADANDE Rosine
CC-002041,CARTE_CONSULAIRE,DANSOU,Ayaba,2006-10-02,F,1006,GBAGUIDI Chimène
AN-002042,ACTE_NAISSANCE,ADANDE,Prudence Carine,1994-12-17,F,1006,AHOYO Sènami
AN-002043,ACTE_NAISSANCE,HOUESSOU,Rosine,1992-09-06,F,1009,ALLADAYE Chimène
AN-002044,ACTE_NAISSANCE,OSSENI,Brice,1973-10-24,M,1205,SOSSOU Sèmèvo
PP-002045,PASSEPORT,GLELE,Rodrigue Mahougnon,1977-06-15,M,0304,KIKI Chimène
PP-002046,PASSEPORT,GLELE,Moussa,1987-08-30,M,0404,AMOUSSOU Carine
AN-002047,ACTE_NAISSANCE,HOUNSOU,Aïcha Bernice,1952-06-17,F,0501,FASSINOU Sènami
PP-002048,PASSEPORT,SOSSOU,Salamatou Bernice,1981-02-10,F,1206,MENSAH Fatoumata
PP-002049,PASSEPORT,KPADONOU,Codjo,1942-04-06,M,0704,VODOUNON Aïcha
AN-002050,ACTE_NAISSANCE,OSSENI,Flore,2004-10-11,F,1205,ADANDE Carine
AN-002051,ACTE_NAISSANCE,DOSSOU,Sylvie,1977-05-02,F,1101,KPADONOU Ayaba
AN-002052,ACTE_NAISSANCE,HOUNSOU,Romaric,1971-10-12,M,0306,AHOUANSOU Flore
AN-002053,ACTE_NAISSANCE,SOSSOU,Fabrice,1967-07-04,M,1203,AMOUSSOU Gisèle
AN-002054,ACTE_NAISSANCE,NOUATIN,Moussa,1991-02-12,M,0906,ADANDE Carine
PP-002055,PASSEPORT,MENSAH,Koffi Moussa,1980-09-14,M,0503,IDRISSOU Estelle
AN-002056,ACTE_NAISSANCE,ADJOVI,Arnaud,1971-02-25,M,0201,VODOUNON Flore
AN-002057,ACTE_NAISSANCE,NOUATIN,Serge,2002-05-04,M,0406,DANSOU Nadège
AN-002058,ACTE_NAISSANCE,ADJOVI,Fabrice Rodrigue,1997-01-18,M,0205,OSSENI Bernice
CC-002059,CARTE_CONSULAIRE,YAROU,Gisèle,1989-11-21,F,1209,AHOYO Sylvie
AN-002060,ACTE_NAISSANCE,TCHIBOZO,Ghislain,2006-02-13,M,0606,AHOYO Bernice
AN-002061,ACTE_NAISSANCE,VODOUNON,Fidèle Justin,2004-10-10,M,1209,SAGBO Espérance
AN-002062,ACTE_NAISSANCE,ZANNOU,Romaric Justin,2008-11-30,M,0704,ZINSOU Aïcha
AN-002063,ACTE_NAISSANCE,ADJOVI,Carine,1974-02-09,F,0501,GLELE Prudence
AN-002064,ACTE_NAISSANCE,LOKONON,Comlan,1994-10-20,M,0408,ADANDE Chimène
AN-002065,ACTE_NAISSANCE,NOUATIN,Mahougnon Rachid,2014-01-11,M,0405,KOUKPAKI Carine
PP-002066,PASSEPORT,GBAGUIDI,Prudence,1998-04-28,F,1006,ALLADAYE Chimène
AN-002067,ACTE_NAISSANCE,IDRISSOU,Codjo,1972-09-24,M,0305,AMOUSSOU Flore
AN-002068,ACTE_NAISSANCE,GBAGUIDI,Moussa,1979-02-22,M,1001,BIO Estelle
PP-002069,PASSEPORT,YAROU,Bienvenu,1990-07-27,M,1004,CHABI Aïcha
AN-002070,ACTE_NAISSANCE,ZANNOU,Mariam,1996-04-05,F,0202,TOGBE Bernice
CC-002071,CARTE_CONSULAIRE,VODOUNON,Ghislain,2014-10-18,M,0209,AMOUSSOU Bernice
AN-002072,ACTE_NAISSANCE,QUENUM,Justin Mahougnon,2001-10-27,M,1004,HOUNGBO Rosine
AN-002073,ACTE_NAISSANCE,FASSINOU,Ghislain,1999-06-21,M,0702,GBAGUIDI Bernice
AN-002074,ACTE_NAISSANCE,GLELE,Rodrigue,2009-07-17,M,0801,ADJOVI Prudence
AN-002075,ACTE_NAISSANCE,FASSINOU,Nadège Prudence,1995-11-20,F,0104,HOUNSOU Gisèle
CC-002076,CARTE_CONSULAIRE,CODJIA,Fabrice,2019-07-06,M,0102,MENSAH Sènami
AN-002077,ACTE_NAISSANCE,ZINSOU,Rodrigue,1989-12-23,M,0308,HOUNSOU Sènami
AN-002078,ACTE_NAISSANCE,SOULEY,Nadège Rachidatou,1975-03-25,F,0308,ALLADAYE Carine
AN-002079,ACTE_NAISSANCE,YAROU,Romaric,1942-11-15,M,0404,TOSSOU Ayaba
AN-002080,ACTE_NAISSANCE,LOKONON,Yves Rodrigue,2016-05-06,M,0305,TOSSOU Estelle
AN-002081,ACTE_NAISSANCE,ADJOVI,Fabrice Ibrahim,1983-10-26,M,0408,HOUNKPATIN Chimène
AN-002082,ACTE_NAISSANCE,VODOUNON,Fabrice Ulrich,1993-12-23,M,0408,VODOUNON Sèmèvo
CC-002083,CARTE_CONSULAIRE,DANSOU,Ibrahim,1956-02-16,M,0503,AHOYO Espérance
AN-002084,ACTE_NAISSANCE,ASSOGBA,Bienvenu Yves,1993-12-27,M,0701,AKPOVI Estelle
AN-002085,ACTE_NAISSANCE,QUENUM,Rosine,1977-02-22,F,0201,AGOSSOU Nadège
AN-002086,ACTE_NAISSANCE,TOGBE,Rosine,1970-10-09,F,0306,AGBODJAN Sènami
CC-002087,CARTE_CONSULAIRE,DANSOU,Bienvenu Romaric,1989-10-27,M,0604,ADANDE Fatoumata
PP-002088,PASSEPORT,ZINSOU,Yves,2004-07-29,M,0604,ADJOVI Sylvie
CC-002089,CARTE_CONSULAIRE,HOUNSOU,Aïcha,1982-05-02,F,0602,FASSINOU Salamatou
AN-002090,ACTE_NAISSANCE,ZINSOU,Estelle Chimène,1984-03-06,F,0204,QUENUM Nadège
AN-002091,ACTE_NAISSANCE,AMOUSSOU,Ayaba Sènami,1999-01-29,F,0603,AHOYO Estelle
PP-002092,PASSEPORT,GLELE,Rachid Fidèle,1976-01-17,M,0207,AMOUSSOU Espérance
AN-002093,ACTE_NAISSANCE,AHOUANSOU,Chimène,1964-08-23,F,0103,IDRISSOU Flore
PP-002094,PASSEPORT,IDRISSOU,Bernice,1991-01-31,F,0407,ALLADAYE Espérance
AN-002095,ACTE_NAISSANCE,KPADONOU,Chimène,1984-11-02,F,0901,ALLADAYE Carine
CC-002096,CARTE_CONSULAIRE,ADANDE,Carine,1970-07-22,F,0902,KPADONOU Judith
AN-002097,ACTE_NAISSANCE,VODOUNON,Carine Aïcha,1969-12-24,F,0401,TCHIBOZO Rachidatou
PP-002098,PASSEPORT,BONI,Salamatou,1989-09-19,F,1001,HOUNGBO Sèmèvo
AN-002099,ACTE_NAISSANCE,ADJOVI,Romaric,1984-01-21,M,0503,GBAGUIDI Prudence
AN-002100,ACTE_NAISSANCE,SOSSOU,Serge,1977-11-08,M,0306,QUENUM Fatoumata
AN-002101,ACTE_NAISSANCE,ADJOVI,Prudence,1961-08-22,F,0703,GLELE Aïcha
CC-002102,CARTE_CONSULAIRE,AHOUANSOU,Yves Fidèle,2007-04-10,M,1203,TOSSOU Sèmèvo
PP-002103,PASSEPORT,KPADONOU,Rosine,1965-11-22,F,0903,ZANNOU Sènami
AN-002104,ACTE_NAISSANCE,SOULEY,Koffi,1946-11-06,M,0704,KIKI Rachidatou
AN-002105,ACTE_NAISSANCE,AHOYO,Espérance Nadège,2012-01-24,F,0204,HOUESSOU Sènami
AN-002106,ACTE_NAISSANCE,YAROU,Justin,1990-03-24,M,0207,HOUNKPATIN Chimène
AN-002107,ACTE_NAISSANCE,HOUNKPATIN,Flore Mariam,2014-06-09,F,0201,GLELE Chimène
AN-002108,ACTE_NAISSANCE,HOUNKPATIN,Chimène,1946-11-19,F,0102,IDRISSOU Rosine
AN-002109,ACTE_NAISSANCE,VODOUNON,Chimène,1995-03-03,F,0406,SOULEY Aïcha
AN-002110,ACTE_NAISSANCE,CODJIA,Mariam Carine,1937-04-19,F,0308,AKPOVI Sènami
AN-002111,ACTE_NAISSANCE,LOKONON,Ulrich Codjo,1992-11-19,M,0605,KOUKPAKI Gisèle
AN-002112,ACTE_NAISSANCE,ADJOVI,Prudence,1955-02-14,F,1204,AGOSSOU Flore
AN-002113,ACTE_NAISSANCE,BONI,Codjo,2004-12-27,M,0503,ZINSOU Rosine
AN-002114,ACTE_NAISSANCE,ADANDE,Judith,1978-04-28,F,0407,BIO Fatoumata
AN-002115,ACTE_NAISSANCE,KPADONOU,Flore,2012-11-29,F,1206,AHOYO Estelle
AN-002116,ACTE_NAISSANCE,HOUESSOU,Bienvenu,1994-10-17,M,0703,ADJOVI Fatoumata
AN-002117,ACTE_NAISSANCE,ADJOVI,Ayaba,1985-07-23,F,0207,KOUKPAKI Prudence
PP-002118,PASSEPORT,AGBODJAN,Sènami,2020-09-14,F,0301,SAGBO Espérance
AN-002119,ACTE_NAISSANCE,SAGBO,Fatoumata Mariam,1986-11-11,F,0307,AGOSSOU Prudence
AN-002120,ACTE_NAISSANCE,KPADONOU,Justin,1986-01-04,M,1208,TOSSOU Gisèle
AN-002121,ACTE_NAISSANCE,HOUNSOU,Sèmèvo Rachidatou,2007-10-11,F,0301,GLELE Chimène
AN-002122,ACTE_NAISSANCE,DOSSOU,Fabrice,2008-04-26,M,0901,BONI Chimène
AN-002123,ACTE_NAISSANCE,QUENUM,Ulrich,1949-03-21,M,1208,FASSINOU Carine
AN-002124,ACTE_NAISSANCE,ALLADAYE,Carine,1975-09-04,F,1007,ADANDE Sèmèvo
AN-002125,ACTE_NAISSANCE,DANSOU,Sèmèvo,1968-07-05,F,0906,ASSOGBA Nadège
AN-002126,ACTE_NAISSANCE,ZINSOU,Gisèle,2009-03-15,F,0207,NOUATIN Bernice
AN-002127,ACTE_NAISSANCE,NOUATIN,Rachid,1966-02-26,M,0403,TCHIBOZO Carine
AN-002128,ACTE_NAISSANCE,VODOUNON,Rachidatou,1993-06-18,F,0504,TCHIBOZO Fatoumata
AN-002129,ACTE_NAISSANCE,ZINSOU,Chimène,2006-08-30,F,1104,HOUESSOU Sèmèvo
AN-002130,ACTE_NAISSANCE,VODOUNON,Rachidatou,1966-04-30,F,1002,IDRISSOU Nadège
AN-002131,ACTE_NAISSANCE,TOSSOU,Salamatou Flore,2003-11-26,F,0604,AKPOVI Sènami
AN-002132,ACTE_NAISSANCE,ADANDE,Rodrigue Yves,1993-02-01,M,0207,ASSOGBA Rosine
AN-002133,ACTE_NAISSANCE,ZINSOU,Prudence Sèmèvo,1968-09-13,F,0702,IDRISSOU Carine
CC-002134,CARTE_CONSULAIRE,AGOSSOU,Rodrigue,1999-04-17,M,1008,CHABI Flore
PP-002135,PASSEPORT,GBAGUIDI,Romaric,2005-12-15,M,0604,KOUKPAKI Salamatou
PP-002136,PASSEPORT,TOGBE,Comlan Ibrahim,1996-04-26,M,0102,GBAGUIDI Estelle
PP-002137,PASSEPORT,SAGBO,Fidèle,1962-10-08,M,0307,KIKI Sènami
AN-002138,ACTE_NAISSANCE,AMOUSSOU,Estelle,1983-12-24,F,0301,ZANNOU Prudence
AN-002139,ACTE_NAISSANCE,YAROU,Fatoumata,1983-11-29,F,1101,AMOUSSOU Nadège
PP-002140,PASSEPORT,CODJIA,Yves,1989-03-31,M,1103,HOUNKPATIN Sèmèvo
AN-002141,ACTE_NAISSANCE,SOSSOU,Sènami Sèmèvo,1988-03-01,F,0505,KPADONOU Prudence
PP-002142,PASSEPORT,MENSAH,Fidèle,1994-02-24,M,1208,CODJIA Mariam
AN-002143,ACTE_NAISSANCE,AMOUSSOU,Yves,1993-11-26,M,0404,KIKI Fatoumata
AN-002144,ACTE_NAISSANCE,HOUNKPATIN,Sèmèvo,1962-06-09,F,0902,IDRISSOU Sèmèvo
CC-002145,CARTE_CONSULAIRE,ADANDE,Koffi,1964-07-19,M,1006,CODJIA Rosine
AN-002146,ACTE_NAISSANCE,ADJOVI,Mariam,1984-05-11,F,1002,NOUATIN Judith
AN-002147,ACTE_NAISSANCE,HOUESSOU,Rodrigue,2001-10-30,M,1204,AKPOVI Nadège
AN-002148,ACTE_NAISSANCE,HOUNKPATIN,Sènami,2007-07-15,F,1006,HOUNGBO Judith
AN-002149,ACTE_NAISSANCE,HOUNSOU,Nadège,2009-07-09,F,0602,HOUNSOU Gisèle
CC-002150,CARTE_CONSULAIRE,IDRISSOU,Sènami,2001-12-07,F,0401,KPADONOU Aïcha
AN-002151,ACTE_NAISSANCE,FASSINOU,Sèmèvo,1963-10-03,F,0901,DOSSOU Sèmèvo
PP-002152,PASSEPORT,AHOUANSOU,Ulrich,1956-11-04,M,0702,HOUNSOU Prudence
AN-002153,ACTE_NAISSANCE,LOKONON,Espérance,1993-05-31,F,0501,IDRISSOU Carine
AN-002154,ACTE_NAISSANCE,ADANDE,Fidèle Codjo,1984-12-02,M,1103,HOUESSOU Rosine
AN-002155,ACTE_NAISSANCE,ASSOGBA,Ayaba Gisèle,2019-01-26,F,0606,SAGBO Chimène
AN-002156,ACTE_NAISSANCE,ASSOGBA,Serge Bienvenu,2001-02-22,M,0704,KPADONOU Prudence
AN-002157,ACTE_NAISSANCE,KPADONOU,Ibrahim,1993-05-21,M,0605,HOUNGBO Bernice
AN-002158,ACTE_NAISSANCE,ADJOVI,Codjo Ulrich,1962-01-24,M,0906,BONI Nadège
CC-002159,CARTE_CONSULAIRE,BONI,Comlan,2024-03-23,M,0906,AGOSSOU Sylvie
AN-002160,ACTE_NAISSANCE,KOUKPAKI,Mahougnon,2014-05-28,M,1105,MENSAH Carine
AN-002161,ACTE_NAISSANCE,VODOUNON,Mahougnon,2002-09-27,M,0204,SOSSOU Fatoumata
PP-002162,PASSEPORT,DOSSOU,Justin,1952-02-02,M,0903,IDRISSOU Aïcha
AN-002163,ACTE_NAISSANCE,AGOSSOU,Comlan,1988-03-01,M,0304,DANSOU Salamatou
PP-002164,PASSEPORT,FASSINOU,Aïcha,1972-05-18,F,0206,SAGBO Mariam
AN-002165,ACTE_NAISSANCE,CODJIA,Fabrice Moussa,1994-08-10,M,0505,ASSOGBA Flore
AN-002166,ACTE_NAISSANCE,ADJOVI,Romaric,1989-11-08,M,0605,ASSOGBA Espérance
AN-002167,ACTE_NAISSANCE,FASSINOU,Ibrahim,1983-05-17,M,0906,ADJOVI Ayaba
AN-002168,ACTE_NAISSANCE,GLELE,Bernice,1999-10-19,F,1007,MENSAH Chimène
PP-002169,PASSEPORT,HOUNKPATIN,Comlan,1957-10-30,M,0106,HOUNSOU Mariam
AN-002170,ACTE_NAISSANCE,SOULEY,Sylvie,1975-02-13,F,1207,FASSINOU Ayaba
AN-002171,ACTE_NAISSANCE,TOSSOU,Ayaba,1955-02-21,F,0101,HOUNKPATIN Aïcha
AN-002172,ACTE_NAISSANCE,DANSOU,Serge,1965-05-29,M,1005,HOUESSOU Espérance
AN-002173,ACTE_NAISSANCE,ADANDE,Sènami,2001-05-29,F,0209,TOGBE Sylvie
AN-002174,ACTE_NAISSANCE,SOULEY,Ibrahim,1940-11-04,M,0602,KIKI Rachidatou
AN-002175,ACTE_NAISSANCE,AKPOVI,Nadège Chimène,2015-05-01,F,1206,ALLADAYE Rosine
AN-002176,ACTE_NAISSANCE,NOUATIN,Ghislain,1989-12-09,M,0204,BONI Carine
CC-002177,CARTE_CONSULAIRE,BIO,Carine Rosine,1986-07-28,F,0407,YAROU Espérance
AN-002178,ACTE_NAISSANCE,AHOYO,Ghislain,1983-12-14,M,0403,AGBODJAN Salamatou
AN-002179,ACTE_NAISSANCE,IDRISSOU,Bernice Prudence,2005-11-13,F,0603,IDRISSOU Flore
CC-002180,CARTE_CONSULAIRE,BIO,Gisèle Fatoumata,2008-08-31,F,0903,BIO Prudence
AN-002181,ACTE_NAISSANCE,HOUESSOU,Fabrice,1984-05-27,M,0202,AGBODJAN Aïcha
PP-002182,PASSEPORT,AMOUSSOU,Fidèle,1961-10-21,M,1001,ADANDE Espérance
AN-002183,ACTE_NAISSANCE,HOUNKPATIN,Ulrich Serge,2000-03-22,M,0203,GBAGUIDI Carine
AN-002184,ACTE_NAISSANCE,ADJOVI,Rosine Gisèle,1971-08-10,F,0201,ZANNOU Prudence
PP-002185,PASSEPORT,DANSOU,Carine,2014-01-19,F,0906,ASSOGBA Estelle
CC-002186,CARTE_CONSULAIRE,MENSAH,Espérance,1986-06-29,F,0906,HOUESSOU Estelle
AN-002187,ACTE_NAISSANCE,LOKONON,Moussa,1961-03-27,M,1203,CHABI Ayaba
AN-002188,ACTE_NAISSANCE,CHABI,Yves Arnaud,1962-10-31,M,0304,AHOYO Sèmèvo
AN-002189,ACTE_NAISSANCE,GBAGUIDI,Rosine,2007-04-22,F,1009,AGBODJAN Nadège
CC-002190,CARTE_CONSULAIRE,TOSSOU,Serge Koffi,1986-02-26,M,0905,VODOUNON Flore
PP-002191,PASSEPORT,ZINSOU,Rosine Bernice,1994-10-15,F,1208,FASSINOU Rachidatou
PP-002192,PASSEPORT,AHOUANSOU,Gildas,1977-11-28,M,0106,HOUESSOU Salamatou
CC-002193,CARTE_CONSULAIRE,KPADONOU,Estelle Chimène,1970-02-01,F,1202,AHOYO Sènami
AN-002194,ACTE_NAISSANCE,AGOSSOU,Bernice,1963-07-03,F,0106,SOULEY Prudence
AN-002195,ACTE_NAISSANCE,MENSAH,Fabrice,1962-04-23,M,0906,AHOYO Carine
AN-002196,ACTE_NAISSANCE,ADJOVI,Flore,2016-12-28,F,1202,KIKI Flore
PP-002197,PASSEPORT,KPADONOU,Ulrich,1951-07-12,M,0203,KPADONOU Prudence
PP-002198,PASSEPORT,VODOUNON,Rachidatou,1995-09-26,F,0605,SOSSOU Espérance
AN-002199,ACTE_NAISSANCE,HOUNGBO,Judith Chimène,1997-04-12,F,1202,KOUKPAKI Sèmèvo
PP-002200,PASSEPORT,ALLADAYE,Chimène,1992-03-22,F,1102,SOULEY Aïcha
AN-002201,ACTE_NAISSANCE,AHOYO,Chimène Rosine,1968-05-24,F,0206,DANSOU Gisèle
PP-002202,PASSEPORT,KIKI,Moussa Brice,1944-01-09,M,1202,MENSAH Gisèle
PP-002203,PASSEPORT,ALLADAYE,Mahougnon Moussa,1971-09-08,M,1202,TCHIBOZO Prudence
CC-002204,CARTE_CONSULAIRE,AGOSSOU,Koffi,2001-03-29,M,0205,MENSAH Aïcha
AN-002205,ACTE_NAISSANCE,HOUESSOU,Moussa Bienvenu,1970-10-06,M,1005,FASSINOU Estelle
AN-002206,ACTE_NAISSANCE,CODJIA,Rodrigue,1955-06-30,M,0703,HOUNGBO Rachidatou
AN-002207,ACTE_NAISSANCE,HOUNGBO,Ulrich,1991-03-02,M,1207,KOUKPAKI Gisèle
AN-002208,ACTE_NAISSANCE,FASSINOU,Espérance,2021-12-08,F,0902,BIO Judith
AN-002209,ACTE_NAISSANCE,IDRISSOU,Aïcha Estelle,1992-01-28,F,0106,KIKI Fatoumata
CC-002210,CARTE_CONSULAIRE,CODJIA,Moussa,2013-05-28,M,1101,AGBODJAN Aïcha
PP-002211,PASSEPORT,TOGBE,Arnaud,1989-09-16,M,1004,VODOUNON Sylvie
AN-002212,ACTE_NAISSANCE,NOUATIN,Sènami Carine,1966-07-31,F,0204,AGOSSOU Prudence
AN-002213,ACTE_NAISSANCE,IDRISSOU,Comlan,2001-10-05,M,1102,GBAGUIDI Bernice
PP-002214,PASSEPORT,BONI,Gildas,2007-09-18,M,0605,ADANDE Espérance
AN-002215,ACTE_NAISSANCE,DANSOU,Arnaud Yves,1993-09-23,M,1105,ZANNOU Salamatou
AN-002216,ACTE_NAISSANCE,ASSOGBA,Nadège,1973-06-12,F,0906,VODOUNON Chimène
AN-002217,ACTE_NAISSANCE,OSSENI,Moussa,1975-09-11,M,0102,FASSINOU Ayaba
PP-002218,PASSEPORT,DOSSOU,Judith Gisèle,1976-11-26,F,0401,SOULEY Salamatou
CC-002219,CARTE_CONSULAIRE,SAGBO,Mahougnon Ulrich,1996-04-09,M,0502,BONI Aïcha
CC-002220,CARTE_CONSULAIRE,SOULEY,Ghislain,1999-05-11,M,0703,CODJIA Carine
AN-002221,ACTE_NAISSANCE,FASSINOU,Flore,1984-11-18,F,0901,AMOUSSOU Mariam
PP-002222,PASSEPORT,KIKI,Yves Ghislain,1980-06-22,M,1008,OSSENI Rosine
AN-002223,ACTE_NAISSANCE,MENSAH,Bienvenu Brice,1989-07-26,M,0703,ADJOVI Fatoumata
AN-002224,ACTE_NAISSANCE,QUENUM,Estelle,1961-11-10,F,0502,DANSOU Carine
PP-002225,PASSEPORT,SOSSOU,Koffi,2001-10-29,M,0106,AMOUSSOU Chimène
AN-002226,ACTE_NAISSANCE,BONI,Rosine Prudence,2016-12-10,F,0503,CODJIA Nadège
AN-002227,ACTE_NAISSANCE,ADANDE,Rodrigue,1993-07-08,M,0904,OSSENI Espérance
AN-002228,ACTE_NAISSANCE,HOUESSOU,Espérance,2006-07-03,F,0906,ZINSOU Sylvie
PP-002229,PASSEPORT,GLELE,Carine,1964-12-25,F,1203,HOUNSOU Salamatou
CC-002230,CARTE_CONSULAIRE,BONI,Espérance,1992-03-10,F,0101,SAGBO Espérance
AN-002231,ACTE_NAISSANCE,MENSAH,Estelle,2005-11-09,F,0303,KOUKPAKI Salamatou
PP-002232,PASSEPORT,AGBODJAN,Judith,1994-12-11,F,0605,OSSENI Espérance
AN-002233,ACTE_NAISSANCE,BONI,Rachid Codjo,1992-08-21,M,0701,SOULEY Carine
AN-002234,ACTE_NAISSANCE,VODOUNON,Sylvie,1959-01-25,F,0206,AKPOVI Judith
AN-002235,ACTE_NAISSANCE,AKPOVI,Romaric,1988-09-30,M,0406,AGOSSOU Aïcha
CC-002236,CARTE_CONSULAIRE,HOUNSOU,Rodrigue,2007-01-30,M,0201,MENSAH Flore
AN-002237,ACTE_NAISSANCE,GLELE,Rachidatou,1994-02-27,F,0905,VODOUNON Salamatou
PP-002238,PASSEPORT,TOGBE,Fidèle Serge,1967-06-04,M,0906,SAGBO Estelle
AN-002239,ACTE_NAISSANCE,TCHIBOZO,Mahougnon Koffi,2021-10-13,M,0402,MENSAH Mariam
AN-002240,ACTE_NAISSANCE,HOUESSOU,Chimène,1969-11-30,F,0404,AGOSSOU Fatoumata
CC-002241,CARTE_CONSULAIRE,HOUESSOU,Mahougnon,1965-03-04,M,1103,CODJIA Nadège
AN-002242,ACTE_NAISSANCE,GBAGUIDI,Yves,1949-07-11,M,0903,DOSSOU Rachidatou
AN-002243,ACTE_NAISSANCE,OSSENI,Bernice Aïcha,2011-09-10,F,1001,HOUNGBO Estelle
AN-002244,ACTE_NAISSANCE,MENSAH,Mariam,1963-09-10,F,0304,MENSAH Prudence
AN-002245,ACTE_NAISSANCE,LOKONON,Sylvie,1992-09-01,F,0401,HOUNKPATIN Gisèle
AN-002246,ACTE_NAISSANCE,YAROU,Rachid,2002-05-20,M,0407,ADANDE Rosine
AN-002247,ACTE_NAISSANCE,AKPOVI,Ghislain,1996-02-22,M,0906,KIKI Aïcha
PP-002248,PASSEPORT,AHOYO,Koffi,1972-02-10,M,1202,IDRISSOU Carine
CC-002249,CARTE_CONSULAIRE,DANSOU,Rachid,1995-11-27,M,0102,TOSSOU Sylvie
AN-002250,ACTE_NAISSANCE,GBAGUIDI,Prudence,1978-06-15,F,0801,TOSSOU Flore
CC-002251,CARTE_CONSULAIRE,CODJIA,Salamatou,1989-09-16,F,0903,KIKI Sèmèvo
AN-002252,ACTE_NAISSANCE,ALLADAYE,Espérance,1971-08-05,F,1105,TCHIBOZO Salamatou
AN-002253,ACTE_NAISSANCE,DANSOU,Rachid,1998-05-07,M,0205,HOUNKPATIN Mariam
AN-002254,ACTE_NAISSANCE,VODOUNON,Flore,2021-10-31,F,0104,HOUNSOU Rachidatou
PP-002255,PASSEPORT,NOUATIN,Sènami,1951-04-29,F,0306,AMOUSSOU Rosine
AN-002256,ACTE_NAISSANCE,VODOUNON,Estelle,2012-10-25,F,0209,SOULEY Rachidatou
AN-002257,ACTE_NAISSANCE,KIKI,Gisèle,1967-04-27,F,1202,FASSINOU Espérance
AN-002258,ACTE_NAISSANCE,ASSOGBA,Salamatou Ayaba,1989-12-21,F,1006,AMOUSSOU Chimène
CC-002259,CARTE_CONSULAIRE,ALLADAYE,Espérance,1962-05-17,F,0201,DANSOU Aïcha
CC-002260,CARTE_CONSULAIRE,AGOSSOU,Sènami,2012-12-18,F,0606,HOUESSOU Salamatou
CC-002261,CARTE_CONSULAIRE,VODOUNON,Estelle,1982-11-20,F,0601,ZANNOU Aïcha
CC-002262,CARTE_CONSULAIRE,CODJIA,Aïcha Ayaba,1992-01-23,F,0303,TOGBE Fatoumata
CC-002263,CARTE_CONSULAIRE,ZANNOU,Estelle Nadège,1997-02-16,F,0704,SOSSOU Judith
AN-002264,ACTE_NAISSANCE,GLELE,Ulrich,1997-08-11,M,1002,ZANNOU Flore
AN-002265,ACTE_NAISSANCE,ALLADAYE,Judith Prudence,1957-12-28,F,0501,GBAGUIDI Salamatou
CC-002266,CARTE_CONSULAIRE,CHABI,Serge Justin,1946-03-15,M,1104,ADJOVI Flore
AN-002267,ACTE_NAISSANCE,ADJOVI,Ghislain Comlan,2008-06-16,M,0605,AHOUANSOU Nadège
CC-002268,CARTE_CONSULAIRE,BONI,Sènami,1964-09-05,F,1201,QUENUM Rosine
PP-002269,PASSEPORT,HOUNKPATIN,Fidèle Gildas,1991-12-02,M,0201,GBAGUIDI Carine
PP-002270,PASSEPORT,ADANDE,Carine,2002-10-16,F,0902,IDRISSOU Ayaba
AN-002271,ACTE_NAISSANCE,QUENUM,Rachid,2007-01-12,M,0703,HOUNSOU Salamatou
AN-002272,ACTE_NAISSANCE,CODJIA,Rosine,1979-08-23,F,1008,KPADONOU Mariam
AN-002273,ACTE_NAISSANCE,HOUNSOU,Romaric,1989-04-12,M,0406,TOGBE Salamatou
AN-002274,ACTE_NAISSANCE,ZANNOU,Prudence,1990-07-29,F,0407,GLELE Gisèle
AN-002275,ACTE_NAISSANCE,HOUNSOU,Moussa,1982-09-13,M,1207,ADJOVI Nadège
AN-002276,ACTE_NAISSANCE,OSSENI,Sylvie,1969-09-05,F,0301,ZINSOU Chimène
AN-002277,ACTE_NAISSANCE,AGOSSOU,Comlan,1967-06-22,M,0902,SOULEY Sènami
AN-002278,ACTE_NAISSANCE,AHOUANSOU,Aïcha Prudence,1997-11-14,F,0208,TOGBE Prudence
AN-002279,ACTE_NAISSANCE,KPADONOU,Ghislain,2006-06-22,M,0905,MENSAH Rosine
PP-002280,PASSEPORT,HOUNKPATIN,Rachidatou Judith,1968-06-27,F,0602,HOUNSOU Sylvie
AN-002281,ACTE_NAISSANCE,ADJOVI,Fidèle,1994-05-20,M,0401,HOUNGBO Sèmèvo
AN-002282,ACTE_NAISSANCE,KIKI,Judith,2005-07-09,F,1006,DANSOU Prudence
CC-002283,CARTE_CONSULAIRE,GLELE,Gildas,1972-07-18,M,1003,DANSOU Sylvie
AN-002284,ACTE_NAISSANCE,TOGBE,Salamatou,1993-10-14,F,1009,GBAGUIDI Espérance
AN-002285,ACTE_NAISSANCE,BIO,Prudence,2025-04-09,F,1102,IDRISSOU Rosine
AN-002286,ACTE_NAISSANCE,DANSOU,Comlan Codjo,2004-05-02,M,0902,AGBODJAN Mariam
AN-002287,ACTE_NAISSANCE,YAROU,Fatoumata,1989-10-27,F,1008,TOSSOU Estelle
CC-002288,CARTE_CONSULAIRE,KPADONOU,Ibrahim,2006-05-05,M,1104,ZANNOU Mariam
AN-002289,ACTE_NAISSANCE,DOSSOU,Koffi,1972-03-12,M,0905,GBAGUIDI Sylvie
AN-002290,ACTE_NAISSANCE,IDRISSOU,Codjo,1987-12-11,M,0407,SOULEY Sèmèvo
AN-002291,ACTE_NAISSANCE,TOSSOU,Rachid,2008-01-27,M,0801,SOULEY Mariam
AN-002292,ACTE_NAISSANCE,GBAGUIDI,Ayaba,1977-04-01,F,1009,ADJOVI Espérance
AN-002293,ACTE_NAISSANCE,TOGBE,Rachidatou,2008-11-06,F,0701,AGBODJAN Nadège
AN-002294,ACTE_NAISSANCE,SOULEY,Fatoumata,1967-07-09,F,1005,HOUESSOU Ayaba
AN-002295,ACTE_NAISSANCE,LOKONON,Judith,2001-03-20,F,0208,ALLADAYE Bernice
PP-002296,PASSEPORT,AKPOVI,Brice Mahougnon,1990-10-29,M,1009,LOKONON Mariam
PP-002297,PASSEPORT,KPADONOU,Judith Gisèle,1989-05-31,F,0701,KOUKPAKI Carine
AN-002298,ACTE_NAISSANCE,KPADONOU,Aïcha,2000-09-21,F,0201,HOUNSOU Sèmèvo
AN-002299,ACTE_NAISSANCE,SOSSOU,Bienvenu,1992-10-28,M,1204,AKPOVI Nadège
CC-002300,CARTE_CONSULAIRE,GLELE,Rosine,1999-12-14,F,0703,AGBODJAN Nadège
CC-002301,CARTE_CONSULAIRE,ZINSOU,Arnaud Moussa,2021-11-07,M,1201,ASSOGBA Chimène
AN-002302,ACTE_NAISSANCE,HOUESSOU,Codjo,1988-10-07,M,1209,ADJOVI Sènami
AN-002303,ACTE_NAISSANCE,GBAGUIDI,Brice Yves,1980-09-16,M,0308,GBAGUIDI Espérance
AN-002304,ACTE_NAISSANCE,SOSSOU,Sylvie Gisèle,1989-10-26,F,0307,YAROU Nadège
AN-002305,ACTE_NAISSANCE,BONI,Nadège,1993-05-28,F,0703,DANSOU Rachidatou
AN-002306,ACTE_NAISSANCE,HOUESSOU,Rachidatou,1960-03-12,F,0306,HOUESSOU Judith
AN-002307,ACTE_NAISSANCE,AHOYO,Nadège,1999-05-21,F,1002,GLELE Rosine
CC-002308,CARTE_CONSULAIRE,BONI,Romaric,2008-07-05,M,0304,SAGBO Rosine
AN-002309,ACTE_NAISSANCE,TCHIBOZO,Ibrahim Brice,1992-04-05,M,0604,AGOSSOU Rachidatou
CC-002310,CARTE_CONSULAIRE,AGOSSOU,Fatoumata,1965-12-05,F,1105,BIO Gisèle
PP-002311,PASSEPORT,FASSINOU,Fidèle,2008-11-20,M,0901,GBAGUIDI Prudence
PP-002312,PASSEPORT,SAGBO,Ulrich,1959-06-06,M,0207,ALLADAYE Bernice
AN-002313,ACTE_NAISSANCE,ALLADAYE,Codjo Brice,2007-01-26,M,0601,ZINSOU Judith
AN-002314,ACTE_NAISSANCE,KPADONOU,Espérance,1979-01-01,F,0408,KOUKPAKI Fatoumata
PP-002315,PASSEPORT,MENSAH,Yves,1970-07-18,M,0205,DANSOU Ayaba
AN-002316,ACTE_NAISSANCE,ADJOVI,Estelle Salamatou,2004-03-24,F,0302,GLELE Bernice
AN-002317,ACTE_NAISSANCE,AGOSSOU,Espérance,1990-04-20,F,0601,QUENUM Aïcha
AN-002318,ACTE_NAISSANCE,IDRISSOU,Bernice,1993-11-07,F,0201,KIKI Judith
AN-002319,ACTE_NAISSANCE,TCHIBOZO,Fidèle Yves,1995-06-09,M,0504,DANSOU Sèmèvo
AN-002320,ACTE_NAISSANCE,AGOSSOU,Sylvie,1996-08-11,F,0601,HOUNKPATIN Chimène
CC-002321,CARTE_CONSULAIRE,KPADONOU,Ulrich Koffi,1973-02-22,M,0504,TOSSOU Sènami
PP-002322,PASSEPORT,CHABI,Romaric,2004-03-26,M,0402,OSSENI Aïcha
AN-002323,ACTE_NAISSANCE,HOUESSOU,Rodrigue,1958-08-23,M,0701,AGOSSOU Espérance
CC-002324,CARTE_CONSULAIRE,ZANNOU,Ayaba,1980-02-05,F,0402,SOULEY Rosine
AN-002325,ACTE_NAISSANCE,TCHIBOZO,Mariam Espérance,1969-03-11,F,0905,KPADONOU Nadège
PP-002326,PASSEPORT,CHABI,Fabrice Ghislain,1974-02-26,M,0405,FASSINOU Estelle
AN-002327,ACTE_NAISSANCE,FASSINOU,Sylvie,1990-08-08,F,1101,ZINSOU Sènami
AN-002328,ACTE_NAISSANCE,TOGBE,Bienvenu,1988-04-15,M,0601,AHOYO Mariam
AN-002329,ACTE_NAISSANCE,DANSOU,Sèmèvo Prudence,1972-11-16,F,0902,KPADONOU Rosine
AN-002330,ACTE_NAISSANCE,GBAGUIDI,Rosine Bernice,1989-07-09,F,0104,ADANDE Aïcha
AN-002331,ACTE_NAISSANCE,VODOUNON,Ayaba,2014-02-08,F,1201,VODOUNON Rosine
PP-002332,PASSEPORT,AKPOVI,Espérance,1993-09-14,F,0106,BIO Ayaba
CC-002333,CARTE_CONSULAIRE,GLELE,Chimène,2000-09-13,F,1102,ADANDE Salamatou
AN-002334,ACTE_NAISSANCE,VODOUNON,Estelle,2015-03-19,F,0904,FASSINOU Prudence
CC-002335,CARTE_CONSULAIRE,HOUNKPATIN,Fatoumata,2001-10-06,F,0208,HOUESSOU Espérance
CC-002336,CARTE_CONSULAIRE,TOGBE,Chimène,1975-06-30,F,0406,LOKONON Fatoumata
PP-002337,PASSEPORT,SAGBO,Sèmèvo Espérance,1993-12-14,F,0404,ADJOVI Gisèle
CC-002338,CARTE_CONSULAIRE,DOSSOU,Rachidatou,2001-07-21,F,0401,DOSSOU Sèmèvo
CC-002339,CARTE_CONSULAIRE,AMOUSSOU,Mahougnon,1973-02-12,M,0704,SAGBO Chimène
AN-002340,ACTE_NAISSANCE,IDRISSOU,Rodrigue,2000-12-25,M,0301,DOSSOU Sèmèvo
AN-002341,ACTE_NAISSANCE,TOSSOU,Salamatou,2002-10-09,F,1206,ASSOGBA Salamatou
AN-002342,ACTE_NAISSANCE,AHOUANSOU,Codjo,1997-09-14,M,0407,SAGBO Chimène
CC-002343,CARTE_CONSULAIRE,MENSAH,Justin,2008-01-16,M,0904,DANSOU Sèmèvo
PP-002344,PASSEPORT,SOSSOU,Bernice Carine,1969-01-13,F,1203,ALLADAYE Espérance
CC-002345,CARTE_CONSULAIRE,CHABI,Yves,1959-12-11,M,1205,QUENUM Fatoumata
AN-002346,ACTE_NAISSANCE,DOSSOU,Justin,1988-08-23,M,1206,MENSAH Espérance
CC-002347,CARTE_CONSULAIRE,CHABI,Arnaud Fidèle,1969-12-29,M,0407,KOUKPAKI Sèmèvo
AN-002348,ACTE_NAISSANCE,TCHIBOZO,Flore Chimène,1954-08-09,F,0605,AHOUANSOU Chimène
AN-002349,ACTE_NAISSANCE,HOUESSOU,Bienvenu,1985-06-08,M,0206,DANSOU Judith
AN-002350,ACTE_NAISSANCE,SAGBO,Fabrice,2013-04-03,M,1009,ADJOVI Rosine
AN-002351,ACTE_NAISSANCE,NOUATIN,Yves,2005-08-08,M,1104,AGBODJAN Sylvie
AN-002352,ACTE_NAISSANCE,YAROU,Aïcha,1973-01-31,F,0206,HOUNGBO Ayaba
AN-002353,ACTE_NAISSANCE,SOSSOU,Ulrich,1979-04-08,M,0901,CODJIA Bernice
CC-002354,CARTE_CONSULAIRE,LOKONON,Salamatou Nadège,1957-04-07,F,0703,OSSENI Salamatou
AN-002355,ACTE_NAISSANCE,DOSSOU,Espérance Sèmèvo,1984-05-09,F,0204,HOUNKPATIN Bernice
AN-002356,ACTE_NAISSANCE,SAGBO,Judith,1997-12-27,F,0701,MENSAH Nadège
AN-002357,ACTE_NAISSANCE,VODOUNON,Koffi Gildas,1983-12-23,M,0904,FASSINOU Mariam
AN-002358,ACTE_NAISSANCE,TOSSOU,Justin,1985-08-24,M,0704,TOGBE Espérance
AN-002359,ACTE_NAISSANCE,NOUATIN,Comlan Bienvenu,1996-12-25,M,0701,GLELE Gisèle
AN-002360,ACTE_NAISSANCE,GLELE,Prudence,1989-12-21,F,0702,ADANDE Prudence
AN-002361,ACTE_NAISSANCE,AHOUANSOU,Flore Carine,2008-08-20,F,1001,HOUNKPATIN Sèmèvo
AN-002362,ACTE_NAISSANCE,CODJIA,Bienvenu Mahougnon,2018-02-28,M,1103,AHOYO Bernice
PP-002363,PASSEPORT,ASSOGBA,Chimène,1992-10-08,F,0102,DOSSOU Sènami
AN-002364,ACTE_NAISSANCE,HOUNKPATIN,Prudence Flore,2001-09-05,F,0302,LOKONON Fatoumata
AN-002365,ACTE_NAISSANCE,HOUNKPATIN,Fidèle,2005-01-28,M,1207,MENSAH Judith
AN-002366,ACTE_NAISSANCE,HOUNGBO,Rachidatou,1990-02-23,F,1202,LOKONON Mariam
AN-002367,ACTE_NAISSANCE,DOSSOU,Sèmèvo Salamatou,2011-12-01,F,1105,BIO Rachidatou
AN-002368,ACTE_NAISSANCE,AGOSSOU,Estelle,1990-05-22,F,0603,GBAGUIDI Estelle
AN-002369,ACTE_NAISSANCE,SOULEY,Arnaud,1991-01-02,M,0203,HOUNSOU Carine
CC-002370,CARTE_CONSULAIRE,CHABI,Rachid,2009-10-26,M,0104,ASSOGBA Ayaba
AN-002371,ACTE_NAISSANCE,YAROU,Rosine Fatoumata,2004-03-24,F,1006,SOULEY Gisèle
AN-002372,ACTE_NAISSANCE,TCHIBOZO,Mahougnon,1950-10-04,M,0905,AKPOVI Estelle
AN-002373,ACTE_NAISSANCE,KOUKPAKI,Espérance Salamatou,1967-10-10,F,0505,HOUNSOU Aïcha
AN-002374,ACTE_NAISSANCE,AKPOVI,Gisèle Carine,2004-03-19,F,1207,NOUATIN Estelle
CC-002375,CARTE_CONSULAIRE,KIKI,Fabrice,1985-09-10,M,0102,KPADONOU Prudence
CC-002376,CARTE_CONSULAIRE,TOSSOU,Sènami Carine,1990-04-18,F,0903,DOSSOU Ayaba
PP-002377,PASSEPORT,ALLADAYE,Yves,1958-12-15,M,1003,AGBODJAN Sènami
AN-002378,ACTE_NAISSANCE,SAGBO,Codjo Ibrahim,1991-08-31,M,1008,HOUNGBO Prudence
AN-002379,ACTE_NAISSANCE,AHOUANSOU,Chimène,1961-06-27,F,0101,SOSSOU Estelle
AN-002380,ACTE_NAISSANCE,QUENUM,Mahougnon Brice,1978-01-28,M,0104,DOSSOU Estelle
CC-002381,CARTE_CONSULAIRE,TCHIBOZO,Sèmèvo,2005-03-04,F,1105,OSSENI Flore
AN-002382,ACTE_NAISSANCE,OSSENI,Judith,1997-04-30,F,0402,OSSENI Chimène
AN-002383,ACTE_NAISSANCE,DANSOU,Espérance,1943-12-18,F,0902,IDRISSOU Aïcha
AN-002384,ACTE_NAISSANCE,ADANDE,Sèmèvo,1969-12-20,F,0306,AHOYO Gisèle
AN-002385,ACTE_NAISSANCE,KIKI,Serge Gildas,1989-11-05,M,0206,ADANDE Rachidatou
AN-002386,ACTE_NAISSANCE,AMOUSSOU,Fatoumata Flore,1994-01-22,F,0702,FASSINOU Rachidatou
AN-002387,ACTE_NAISSANCE,AGBODJAN,Rodrigue Serge,1954-06-19,M,0101,ZINSOU Flore
AN-002388,ACTE_NAISSANCE,LOKONON,Sylvie,2001-04-01,F,0203,DANSOU Judith
AN-002389,ACTE_NAISSANCE,SAGBO,Mahougnon,2007-06-30,M,0101,AHOYO Flore
AN-002390,ACTE_NAISSANCE,DOSSOU,Ibrahim,2009-06-16,M,0404,AHOYO Ayaba
AN-002391,ACTE_NAISSANCE,LOKONON,Flore,1983-07-08,F,1002,VODOUNON Sèmèvo
PP-002392,PASSEPORT,FASSINOU,Judith,1991-12-22,F,1209,DANSOU Nadège
AN-002393,ACTE_NAISSANCE,AGBODJAN,Flore Estelle,1995-03-08,F,0606,TOGBE Fatoumata
AN-002394,ACTE_NAISSANCE,QUENUM,Espérance Sènami,2020-03-28,F,1002,GLELE Estelle
AN-002395,ACTE_NAISSANCE,ASSOGBA,Ulrich Fidèle,1966-10-22,M,0305,GLELE Salamatou
AN-002396,ACTE_NAISSANCE,AGBODJAN,Mariam,2005-07-08,F,0801,LOKONON Ayaba
AN-002397,ACTE_NAISSANCE,DOSSOU,Brice,1970-11-18,M,1103,SAGBO Gisèle
AN-002398,ACTE_NAISSANCE,AGOSSOU,Sylvie,1992-12-15,F,0506,TOGBE Carine
AN-002399,ACTE_NAISSANCE,IDRISSOU,Codjo Fidèle,1971-11-15,M,1206,AGBODJAN Flore
AN-002400,ACTE_NAISSANCE,AGOSSOU,Yves,1998-03-02,M,0904,TCHIBOZO Bernice
AN-002401,ACTE_NAISSANCE,ADANDE,Ayaba Gisèle,1982-10-03,F,1205,CODJIA Salamatou
AN-002402,ACTE_NAISSANCE,AKPOVI,Ghislain Fidèle,2004-12-26,M,0206,AHOUANSOU Carine
AN-002403,ACTE_NAISSANCE,AHOUANSOU,Nadège Fatoumata,1999-04-10,F,0503,KOUKPAKI Nadège
CC-002404,CARTE_CONSULAIRE,ZINSOU,Carine,2016-08-13,F,1101,SOSSOU Ayaba
AN-002405,ACTE_NAISSANCE,KOUKPAKI,Fatoumata,1997-07-26,F,1208,DOSSOU Aïcha
CC-002406,CARTE_CONSULAIRE,ZINSOU,Koffi,1986-05-12,M,1104,OSSENI Chimène
AN-002407,ACTE_NAISSANCE,KOUKPAKI,Romaric,1999-07-25,M,0104,ASSOGBA Prudence
AN-002408,ACTE_NAISSANCE,AKPOVI,Comlan Ulrich,1951-09-08,M,1208,ZANNOU Estelle
PP-002409,PASSEPORT,NOUATIN,Espérance,2004-04-15,F,0602,ZANNOU Gisèle
PP-002410,PASSEPORT,GLELE,Ibrahim,1985-10-07,M,0308,BIO Chimène
AN-002411,ACTE_NAISSANCE,AMOUSSOU,Justin,2011-12-12,M,0305,VODOUNON Ayaba
AN-002412,ACTE_NAISSANCE,ZINSOU,Moussa,2006-10-07,M,0701,HOUNKPATIN Judith
AN-002413,ACTE_NAISSANCE,VODOUNON,Fidèle,1970-11-08,M,1103,AGOSSOU Prudence
CC-002414,CARTE_CONSULAIRE,DOSSOU,Nadège,2023-02-10,F,1207,ALLADAYE Sylvie
AN-002415,ACTE_NAISSANCE,CODJIA,Brice Koffi,1966-02-16,M,0204,DANSOU Rosine
PP-002416,PASSEPORT,AHOYO,Fidèle,2002-02-03,M,0102,ADANDE Sylvie
AN-002417,ACTE_NAISSANCE,NOUATIN,Estelle,2008-05-26,F,0904,SOULEY Chimène
AN-002418,ACTE_NAISSANCE,BIO,Ulrich Bienvenu,1951-12-05,M,1104,ADANDE Chimène
CC-002419,CARTE_CONSULAIRE,ADANDE,Bienvenu,1992-04-01,M,0505,HOUNSOU Bernice
AN-002420,ACTE_NAISSANCE,AGBODJAN,Chimène,1992-10-29,F,0209,FASSINOU Sènami
CC-002421,CARTE_CONSULAIRE,OSSENI,Flore,1966-03-10,F,0602,ADANDE Rachidatou
AN-002422,ACTE_NAISSANCE,ZANNOU,Sèmèvo,2000-07-11,F,0206,AMOUSSOU Sènami
AN-002423,ACTE_NAISSANCE,HOUNKPATIN,Moussa,1992-01-04,M,0905,QUENUM Ayaba
AN-002424,ACTE_NAISSANCE,AGOSSOU,Prudence,2005-12-13,F,0305,OSSENI Espérance
PP-002425,PASSEPORT,IDRISSOU,Serge,1950-01-04,M,0501,GLELE Salamatou
AN-002426,ACTE_NAISSANCE,AGBODJAN,Fabrice Codjo,1984-01-28,M,0106,IDRISSOU Nadège
PP-002427,PASSEPORT,TOSSOU,Moussa,2016-09-10,M,0502,HOUESSOU Prudence
AN-002428,ACTE_NAISSANCE,CODJIA,Moussa,1983-01-18,M,0307,BIO Ayaba
AN-002429,ACTE_NAISSANCE,SOULEY,Rachid,2013-03-05,M,1008,QUENUM Chimène
AN-002430,ACTE_NAISSANCE,DANSOU,Sèmèvo Rachidatou,1988-10-09,F,1204,AHOYO Espérance
AN-002431,ACTE_NAISSANCE,AGBODJAN,Moussa,1999-05-12,M,1105,ADANDE Chimène
AN-002432,ACTE_NAISSANCE,KOUKPAKI,Yves,2003-09-22,M,0901,ZANNOU Carine
PP-002433,PASSEPORT,AHOUANSOU,Mahougnon,2000-12-11,M,0103,AKPOVI Aïcha
PP-002434,PASSEPORT,ADJOVI,Brice,1973-02-07,M,1004,AKPOVI Sèmèvo
AN-002435,ACTE_NAISSANCE,FASSINOU,Ibrahim Mahougnon,1965-08-21,M,0503,HOUNGBO Gisèle
CC-002436,CARTE_CONSULAIRE,AGOSSOU,Estelle,1975-11-06,F,1003,AKPOVI Chimène
AN-002437,ACTE_NAISSANCE,VODOUNON,Codjo Romaric,1955-08-07,M,0205,HOUNGBO Rosine
AN-002438,ACTE_NAISSANCE,AGBODJAN,Arnaud,1989-01-01,M,1205,YAROU Mariam
AN-002439,ACTE_NAISSANCE,MENSAH,Comlan Rodrigue,1995-04-10,M,0506,CODJIA Judith
CC-002440,CARTE_CONSULAIRE,CODJIA,Codjo,1974-06-28,M,1203,LOKONON Chimène
AN-002441,ACTE_NAISSANCE,NOUATIN,Salamatou,1998-10-23,F,1208,AGOSSOU Carine
AN-002442,ACTE_NAISSANCE,CHABI,Koffi,1977-01-21,M,0408,DOSSOU Mariam
AN-002443,ACTE_NAISSANCE,CHABI,Sylvie Rosine,1978-01-13,F,0402,CHABI Prudence
AN-002444,ACTE_NAISSANCE,YAROU,Romaric,1981-10-23,M,0401,AHOYO Nadège
AN-002445,ACTE_NAISSANCE,SOSSOU,Gildas,2004-05-19,M,1001,ZINSOU Rosine
PP-002446,PASSEPORT,MENSAH,Sylvie,1991-01-31,F,1206,SAGBO Espérance
PP-002447,PASSEPORT,SOSSOU,Mariam Espérance,1982-01-30,F,0104,KIKI Fatoumata
AN-002448,ACTE_NAISSANCE,AGBODJAN,Ibrahim,1981-09-29,M,1007,VODOUNON Prudence
PP-002449,PASSEPORT,GBAGUIDI,Serge,1995-06-26,M,0302,GLELE Estelle
AN-002450,ACTE_NAISSANCE,ASSOGBA,Chimène,1984-08-07,F,0407,HOUESSOU Carine
CC-002451,CARTE_CONSULAIRE,AHOUANSOU,Judith,1948-05-29,F,1008,HOUNSOU Rachidatou
PP-002452,PASSEPORT,VODOUNON,Yves,1957-05-04,M,1105,KOUKPAKI Prudence
AN-002453,ACTE_NAISSANCE,HOUNSOU,Yves,2014-10-04,M,0106,DOSSOU Chimène
AN-002454,ACTE_NAISSANCE,TOGBE,Gisèle Chimène,1993-08-29,F,0208,HOUNGBO Nadège
AN-002455,ACTE_NAISSANCE,TCHIBOZO,Ghislain,2004-10-15,M,0301,NOUATIN Carine
AN-002456,ACTE_NAISSANCE,ZANNOU,Comlan,1986-04-24,M,0801,ALLADAYE Chimène
AN-002457,ACTE_NAISSANCE,CHABI,Yves,1986-09-15,M,1009,HOUNSOU Chimène
AN-002458,ACTE_NAISSANCE,IDRISSOU,Rosine,1967-09-17,F,0902,IDRISSOU Mariam
AN-002459,ACTE_NAISSANCE,AMOUSSOU,Flore,2007-06-01,F,0501,HOUNSOU Gisèle
PP-002460,PASSEPORT,HOUNSOU,Romaric,1989-04-17,M,0703,ALLADAYE Sèmèvo
AN-002461,ACTE_NAISSANCE,HOUNGBO,Gildas,1968-12-09,M,0103,SAGBO Gisèle
PP-002462,PASSEPORT,DANSOU,Moussa,1972-06-10,M,0904,DANSOU Fatoumata
CC-002463,CARTE_CONSULAIRE,AHOUANSOU,Gildas,1976-08-29,M,1209,HOUESSOU Aïcha
AN-002464,ACTE_NAISSANCE,DANSOU,Mariam,2024-08-28,F,0603,MENSAH Estelle
AN-002465,ACTE_NAISSANCE,IDRISSOU,Rachidatou,1990-08-18,F,0301,NOUATIN Flore
CC-002466,CARTE_CONSULAIRE,AHOUANSOU,Serge Comlan,2016-03-20,M,0504,CHABI Fatoumata
AN-002467,ACTE_NAISSANCE,VODOUNON,Ibrahim,1973-09-21,M,1105,HOUESSOU Prudence
AN-002468,ACTE_NAISSANCE,BIO,Bienvenu,1987-06-21,M,0403,AGOSSOU Mariam
AN-002469,ACTE_NAISSANCE,FASSINOU,Bienvenu,2014-10-01,M,0104,CODJIA Fatoumata
AN-002470,ACTE_NAISSANCE,SAGBO,Gildas Brice,1983-01-09,M,1004,YAROU Fatoumata
PP-002471,PASSEPORT,OSSENI,Ibrahim,1949-03-05,M,0901,DANSOU Ayaba
AN-002472,ACTE_NAISSANCE,ALLADAYE,Bernice,1984-04-21,F,1206,YAROU Fatoumata
AN-002473,ACTE_NAISSANCE,GLELE,Gildas Serge,2012-05-20,M,0504,SAGBO Ayaba
PP-002474,PASSEPORT,SOSSOU,Ghislain,1971-01-24,M,0207,HOUNKPATIN Prudence
CC-002475,CARTE_CONSULAIRE,KIKI,Aïcha Sèmèvo,2004-07-07,F,1203,ZINSOU Flore
AN-002476,ACTE_NAISSANCE,ASSOGBA,Ulrich,2015-03-08,M,0606,OSSENI Estelle
AN-002477,ACTE_NAISSANCE,IDRISSOU,Romaric,1977-11-07,M,0405,FASSINOU Carine
PP-002478,PASSEPORT,ALLADAYE,Brice Fabrice,1984-04-06,M,0206,SOSSOU Carine
AN-002479,ACTE_NAISSANCE,KIKI,Mahougnon Moussa,1988-06-30,M,1006,AGBODJAN Mariam
PP-002480,PASSEPORT,CODJIA,Nadège Fatoumata,1944-03-21,F,1101,HOUESSOU Sylvie
CC-002481,CARTE_CONSULAIRE,BONI,Mariam,1999-09-21,F,0602,AHOYO Mariam
AN-002482,ACTE_NAISSANCE,GLELE,Flore,1992-11-30,F,0303,HOUNKPATIN Nadège
AN-002483,ACTE_NAISSANCE,FASSINOU,Gisèle,2017-09-22,F,0207,TCHIBOZO Flore
CC-002484,CARTE_CONSULAIRE,MENSAH,Sylvie,2013-06-09,F,0904,AMOUSSOU Nadège
AN-002485,ACTE_NAISSANCE,TCHIBOZO,Brice Ulrich,1947-09-08,M,0308,ZINSOU Carine
AN-002486,ACTE_NAISSANCE,HOUESSOU,Judith Ayaba,1999-12-23,F,0506,CHABI Fatoumata
PP-002487,PASSEPORT,KIKI,Carine Rachidatou,2013-10-13,F,1008,TOSSOU Nadège
AN-002488,ACTE_NAISSANCE,HOUESSOU,Rachidatou,2007-02-25,F,0208,YAROU Carine
AN-002489,ACTE_NAISSANCE,KPADONOU,Codjo,2021-04-17,M,1005,HOUNKPATIN Sylvie
PP-002490,PASSEPORT,AGBODJAN,Fabrice,1985-12-22,M,0906,CODJIA Gisèle
CC-002491,CARTE_CONSULAIRE,SOSSOU,Fabrice Rodrigue,1959-04-18,M,0604,CHABI Prudence
AN-002492,ACTE_NAISSANCE,AKPOVI,Justin,1983-02-26,M,1206,QUENUM Sylvie
PP-002493,PASSEPORT,GLELE,Bernice Sèmèvo,1990-08-01,F,0402,ADANDE Rachidatou
AN-002494,ACTE_NAISSANCE,LOKONON,Flore Bernice,1961-03-27,F,0503,AHOUANSOU Bernice
AN-002495,ACTE_NAISSANCE,AHOYO,Estelle,1986-01-05,F,0703,ZINSOU Fatoumata
AN-002496,ACTE_NAISSANCE,GBAGUIDI,Gisèle Aïcha,1961-10-18,F,1103,AGBODJAN Carine
CC-002497,CARTE_CONSULAIRE,HOUNKPATIN,Fidèle Fabrice,1998-01-29,M,0503,AGBODJAN Aïcha
CC-002498,CARTE_CONSULAIRE,OSSENI,Ayaba,1992-03-03,F,0102,YAROU Salamatou
PP-002499,PASSEPORT,AKPOVI,Prudence,1962-05-05,F,1004,IDRISSOU Estelle
AN-002500,ACTE_NAISSANCE,AMOUSSOU,Justin Fabrice,1994-12-29,M,0703,GLELE Estelle
AN-002501,ACTE_NAISSANCE,AHOYO,Mahougnon,2009-11-22,M,0407,ADJOVI Rosine
CC-002502,CARTE_CONSULAIRE,QUENUM,Arnaud Rodrigue,1990-08-06,M,0605,AGOSSOU Espérance
AN-002503,ACTE_NAISSANCE,ALLADAYE,Arnaud,2010-10-07,M,0704,FASSINOU Sylvie
AN-002504,ACTE_NAISSANCE,BIO,Sèmèvo,1999-03-08,F,1207,QUENUM Espérance
AN-002505,ACTE_NAISSANCE,QUENUM,Flore Mariam,1968-09-04,F,1101,AHOUANSOU Sylvie
PP-002506,PASSEPORT,AHOYO,Moussa,2001-03-05,M,1208,HOUESSOU Nadège
CC-002507,CARTE_CONSULAIRE,TCHIBOZO,Carine,2015-10-28,F,0702,IDRISSOU Mariam
AN-002508,ACTE_NAISSANCE,ALLADAYE,Salamatou,1983-07-15,F,0906,TOSSOU Ayaba
AN-002509,ACTE_NAISSANCE,MENSAH,Rodrigue Justin,1993-11-27,M,0905,CHABI Aïcha
CC-002510,CARTE_CONSULAIRE,BONI,Ulrich,1992-06-13,M,1007,CHABI Sèmèvo
AN-002511,ACTE_NAISSANCE,AKPOVI,Mahougnon,1988-07-27,M,1101,SOSSOU Fatoumata
AN-002512,ACTE_NAISSANCE,GLELE,Gildas,1991-02-15,M,1101,GLELE Sènami
CC-002513,CARTE_CONSULAIRE,KOUKPAKI,Ulrich Brice,1969-05-10,M,0101,BONI Carine
AN-002514,ACTE_NAISSANCE,GBAGUIDI,Fidèle,1985-03-12,M,0302,SOULEY Sèmèvo
AN-002515,ACTE_NAISSANCE,KPADONOU,Judith,2001-09-02,F,0208,CODJIA Mariam
AN-002516,ACTE_NAISSANCE,NOUATIN,Prudence Chimène,2000-02-16,F,0604,LOKONON Prudence
AN-002517,ACTE_NAISSANCE,OSSENI,Carine Salamatou,2020-07-30,F,1204,ASSOGBA Carine
AN-002518,ACTE_NAISSANCE,VODOUNON,Bienvenu,1971-07-10,M,0606,CHABI Estelle
CC-002519,CARTE_CONSULAIRE,HOUESSOU,Sènami,1964-09-09,F,1201,ZINSOU Sylvie
AN-002520,ACTE_NAISSANCE,ALLADAYE,Sèmèvo Mariam,1997-01-17,F,0404,BIO Mariam
PP-002521,PASSEPORT,TOGBE,Brice,1983-04-30,M,0906,ADJOVI Mariam
AN-002522,ACTE_NAISSANCE,ALLADAYE,Romaric,1970-11-10,M,0408,AHOYO Bernice
AN-002523,ACTE_NAISSANCE,QUENUM,Salamatou Flore,1963-04-11,F,0403,QUENUM Salamatou
AN-002524,ACTE_NAISSANCE,AHOUANSOU,Bernice,2007-03-16,F,0407,GLELE Bernice
PP-002525,PASSEPORT,GLELE,Koffi,1984-06-22,M,0207,SAGBO Aïcha
PP-002526,PASSEPORT,DANSOU,Sènami Judith,1976-04-18,F,0505,FASSINOU Carine
PP-002527,PASSEPORT,ASSOGBA,Estelle Sènami,1957-05-04,F,0405,AMOUSSOU Mariam
AN-002528,ACTE_NAISSANCE,CODJIA,Rachid,1993-11-28,M,0404,AHOUANSOU Rachidatou
AN-002529,ACTE_NAISSANCE,BONI,Nadège,1984-06-20,F,1104,DANSOU Espérance
CC-002530,CARTE_CONSULAIRE,IDRISSOU,Mahougnon Brice,1961-02-01,M,1008,SOULEY Flore
AN-002531,ACTE_NAISSANCE,TOGBE,Moussa,1993-01-09,M,0308,GLELE Nadège
AN-002532,ACTE_NAISSANCE,TOGBE,Fabrice Koffi,2001-11-06,M,0503,HOUNKPATIN Aïcha
PP-002533,PASSEPORT,ZANNOU,Romaric Mahougnon,1970-10-14,M,0501,ASSOGBA Salamatou
AN-002534,ACTE_NAISSANCE,ADANDE,Sèmèvo,1980-06-13,F,0606,AMOUSSOU Salamatou
AN-002535,ACTE_NAISSANCE,DOSSOU,Arnaud Ibrahim,2019-09-24,M,0102,IDRISSOU Nadège
AN-002536,ACTE_NAISSANCE,SAGBO,Codjo,1985-12-07,M,1207,AHOYO Mariam
AN-002537,ACTE_NAISSANCE,ADANDE,Ulrich Codjo,2013-12-13,M,0704,ADJOVI Prudence
AN-002538,ACTE_NAISSANCE,ZANNOU,Comlan Koffi,1995-03-04,M,0206,HOUNSOU Estelle
PP-002539,PASSEPORT,ALLADAYE,Sènami Gisèle,1977-02-12,F,1003,ASSOGBA Chimène
PP-002540,PASSEPORT,BONI,Chimène,2003-03-21,F,0308,ADJOVI Estelle
AN-002541,ACTE_NAISSANCE,BONI,Ghislain,2013-04-02,M,0304,BIO Prudence
CC-002542,CARTE_CONSULAIRE,DANSOU,Fatoumata,1999-12-04,F,0205,LOKONON Bernice
AN-002543,ACTE_NAISSANCE,GBAGUIDI,Gisèle,1990-07-14,F,0903,ZINSOU Aïcha
AN-002544,ACTE_NAISSANCE,LOKONON,Gildas Ulrich,1995-12-27,M,0406,AMOUSSOU Aïcha
AN-002545,ACTE_NAISSANCE,ZINSOU,Espérance,2013-04-25,F,0203,ASSOGBA Nadège
AN-002546,ACTE_NAISSANCE,VODOUNON,Carine Sènami,1989-10-11,F,0402,ADANDE Gisèle
AN-002547,ACTE_NAISSANCE,FASSINOU,Ulrich,1975-07-03,M,0303,SOULEY Rachidatou
AN-002548,ACTE_NAISSANCE,IDRISSOU,Estelle Carine,1954-05-22,F,1001,TOSSOU Sylvie
AN-002549,ACTE_NAISSANCE,AGBODJAN,Ibrahim Mahougnon,2010-11-24,M,1004,AKPOVI Judith
CC-002550,CARTE_CONSULAIRE,GBAGUIDI,Bienvenu,1995-11-16,M,0602,NOUATIN Judith
AN-002551,ACTE_NAISSANCE,AMOUSSOU,Rachidatou,1966-01-26,F,0403,FASSINOU Ayaba
PP-002552,PASSEPORT,VODOUNON,Brice,1980-12-30,M,0204,KPADONOU Fatoumata
PP-002553,PASSEPORT,KPADONOU,Aïcha Judith,1967-12-20,F,0905,GBAGUIDI Rachidatou
AN-002554,ACTE_NAISSANCE,HOUESSOU,Prudence,1995-09-28,F,0704,GLELE Flore
AN-002555,ACTE_NAISSANCE,ADJOVI,Yves,1968-09-25,M,1209,BIO Rosine
CC-002556,CARTE_CONSULAIRE,NOUATIN,Ayaba Espérance,2020-09-09,F,1007,DANSOU Rosine
AN-002557,ACTE_NAISSANCE,HOUNGBO,Ghislain,2024-10-02,M,1206,HOUNGBO Aïcha
AN-002558,ACTE_NAISSANCE,ZINSOU,Fatoumata Sylvie,2006-10-19,F,1003,HOUNKPATIN Carine
CC-002559,CARTE_CONSULAIRE,LOKONON,Chimène,1955-07-18,F,0303,SOULEY Mariam
AN-002560,ACTE_NAISSANCE,AGOSSOU,Espérance Sylvie,1950-05-13,F,0103,ALLADAYE Rachidatou
PP-002561,PASSEPORT,SOULEY,Arnaud,2008-09-23,M,0502,ADJOVI Salamatou
AN-002562,ACTE_NAISSANCE,CODJIA,Ayaba Sèmèvo,1988-08-06,F,0602,AGBODJAN Nadège
AN-002563,ACTE_NAISSANCE,ZINSOU,Gildas Ghislain,1983-05-11,M,0504,KIKI Rosine
PP-002564,PASSEPORT,VODOUNON,Fatoumata Salamatou,1980-09-14,F,1008,AKPOVI Salamatou
AN-002565,ACTE_NAISSANCE,NOUATIN,Salamatou Gisèle,1952-08-18,F,1001,AHOYO Sènami
AN-002566,ACTE_NAISSANCE,AGBODJAN,Chimène,2009-05-13,F,0103,KPADONOU Flore
PP-002567,PASSEPORT,IDRISSOU,Ayaba,1976-04-22,F,0209,ALLADAYE Rachidatou
AN-002568,ACTE_NAISSANCE,ZANNOU,Prudence,1978-06-26,F,1007,GBAGUIDI Sylvie
CC-002569,CARTE_CONSULAIRE,BIO,Arnaud Bienvenu,1989-02-25,M,0306,HOUNGBO Aïcha
AN-002570,ACTE_NAISSANCE,YAROU,Bernice Prudence,1989-08-12,F,1201,AHOYO Chimène
AN-002571,ACTE_NAISSANCE,ADJOVI,Judith,1980-07-25,F,0404,TOSSOU Ayaba
AN-002572,ACTE_NAISSANCE,CODJIA,Ibrahim Mahougnon,1986-07-03,M,0302,ASSOGBA Espérance
AN-002573,ACTE_NAISSANCE,YAROU,Mariam,2000-02-10,F,0204,ZINSOU Gisèle
AN-002574,ACTE_NAISSANCE,CODJIA,Rodrigue Serge,1971-09-23,M,1209,VODOUNON Nadège
AN-002575,ACTE_NAISSANCE,YAROU,Serge,1962-03-14,M,1102,ADANDE Ayaba
PP-002576,PASSEPORT,HOUNGBO,Sèmèvo,2010-07-03,F,0402,ADANDE Sènami
AN-002577,ACTE_NAISSANCE,DANSOU,Moussa Comlan,2015-04-07,M,0306,ASSOGBA Judith
AN-002578,ACTE_NAISSANCE,CODJIA,Carine,2000-10-20,F,1202,AHOYO Ayaba
PP-002579,PASSEPORT,SOSSOU,Romaric Moussa,1989-08-23,M,0403,QUENUM Rosine
AN-002580,ACTE_NAISSANCE,AHOUANSOU,Fidèle,1992-07-23,M,0106,LOKONON Fatoumata
CC-002581,CARTE_CONSULAIRE,HOUNGBO,Koffi Serge,2003-08-17,M,0704,AHOUANSOU Sylvie
AN-002582,ACTE_NAISSANCE,OSSENI,Estelle,1969-02-12,F,0403,HOUNSOU Rosine
AN-002583,ACTE_NAISSANCE,DANSOU,Aïcha,1985-04-06,F,1008,TCHIBOZO Sènami
AN-002584,ACTE_NAISSANCE,TCHIBOZO,Sèmèvo,2004-01-12,F,0103,AHOUANSOU Bernice
AN-002585,ACTE_NAISSANCE,OSSENI,Fabrice,2000-08-24,M,0106,DOSSOU Salamatou
CC-002586,CARTE_CONSULAIRE,TOGBE,Arnaud,1981-05-11,M,1001,HOUESSOU Sylvie
CC-002587,CARTE_CONSULAIRE,ADJOVI,Comlan,1961-05-23,M,0102,AHOYO Rachidatou
CC-002588,CARTE_CONSULAIRE,OSSENI,Sèmèvo,1996-10-27,F,0307,CODJIA Ayaba
AN-002589,ACTE_NAISSANCE,BONI,Aïcha,1986-08-05,F,1102,ZINSOU Estelle
AN-002590,ACTE_NAISSANCE,AHOYO,Salamatou,1971-05-18,F,1201,TCHIBOZO Sylvie
PP-002591,PASSEPORT,ASSOGBA,Sylvie,2002-06-06,F,1104,AMOUSSOU Ayaba
AN-002592,ACTE_NAISSANCE,ASSOGBA,Romaric Justin,1976-02-04,M,0606,ASSOGBA Aïcha
AN-002593,ACTE_NAISSANCE,OSSENI,Rosine,2000-06-06,F,0303,KOUKPAKI Estelle
AN-002594,ACTE_NAISSANCE,GLELE,Codjo,1972-08-13,M,0703,ADANDE Chimène
CC-002595,CARTE_CONSULAIRE,DOSSOU,Serge,1963-07-18,M,1002,KIKI Rosine
PP-002596,PASSEPORT,ALLADAYE,Ibrahim,1986-03-21,M,0403,AHOYO Rachidatou
CC-002597,CARTE_CONSULAIRE,OSSENI,Flore,1984-04-09,F,1203,ASSOGBA Prudence
AN-002598,ACTE_NAISSANCE,KIKI,Fabrice,2003-09-29,M,0504,IDRISSOU Chimène
PP-002599,PASSEPORT,YAROU,Rodrigue Codjo,1963-08-29,M,0205,LOKONON Sèmèvo
PP-002600,PASSEPORT,BIO,Gisèle,2003-03-15,F,0606,ADJOVI Nadège
CC-002601,CARTE_CONSULAIRE,AGOSSOU,Rosine,1981-04-11,F,0308,AKPOVI Gisèle
AN-002602,ACTE_NAISSANCE,IDRISSOU,Arnaud Comlan,1996-09-30,M,0501,SOULEY Espérance
CC-002603,CARTE_CONSULAIRE,BONI,Brice Moussa,1989-11-27,M,1007,AMOUSSOU Gisèle
AN-002604,ACTE_NAISSANCE,TOGBE,Ayaba,2001-06-28,F,1007,NOUATIN Espérance
PP-002605,PASSEPORT,TCHIBOZO,Bienvenu,1970-12-28,M,0606,MENSAH Flore
AN-002606,ACTE_NAISSANCE,DOSSOU,Brice,1981-07-22,M,0606,NOUATIN Sèmèvo
AN-002607,ACTE_NAISSANCE,TCHIBOZO,Nadège Aïcha,1991-11-10,F,0502,KOUKPAKI Espérance
PP-002608,PASSEPORT,DANSOU,Bernice,2001-02-13,F,1005,DOSSOU Prudence
AN-002609,ACTE_NAISSANCE,DANSOU,Gisèle,2004-08-26,F,0104,SAGBO Gisèle
AN-002610,ACTE_NAISSANCE,ASSOGBA,Judith,2001-07-05,F,0504,HOUESSOU Flore
CC-002611,CARTE_CONSULAIRE,HOUNGBO,Espérance Sèmèvo,1942-12-24,F,0407,AGOSSOU Bernice
AN-002612,ACTE_NAISSANCE,DOSSOU,Sèmèvo Ayaba,1987-01-22,F,1207,CODJIA Sènami
CC-002613,CARTE_CONSULAIRE,VODOUNON,Mariam Carine,2017-05-13,F,0301,AKPOVI Rosine
AN-002614,ACTE_NAISSANCE,AGBODJAN,Sèmèvo,1979-02-22,F,0402,AGBODJAN Rachidatou
AN-002615,ACTE_NAISSANCE,BIO,Prudence,2001-08-07,F,0505,ZANNOU Prudence
AN-002616,ACTE_NAISSANCE,AGOSSOU,Ayaba Fatoumata,2020-07-10,F,0102,ZANNOU Ayaba
AN-002617,ACTE_NAISSANCE,SAGBO,Bernice Chimène,1982-11-24,F,1009,ZINSOU Flore
AN-002618,ACTE_NAISSANCE,MENSAH,Sylvie Chimène,2008-05-14,F,1205,DOSSOU Salamatou
AN-002619,ACTE_NAISSANCE,AGBODJAN,Koffi,2014-04-22,M,1104,AGOSSOU Flore
AN-002620,ACTE_NAISSANCE,FASSINOU,Fidèle,2003-07-13,M,1201,LOKONON Sènami
PP-002621,PASSEPORT,MENSAH,Espérance,2006-10-10,F,0203,AKPOVI Rosine
AN-002622,ACTE_NAISSANCE,YAROU,Justin Ulrich,2000-10-03,M,0305,BONI Salamatou
CC-002623,CARTE_CONSULAIRE,SAGBO,Mahougnon Moussa,1966-12-02,M,0301,SOSSOU Flore
AN-002624,ACTE_NAISSANCE,CHABI,Flore,1974-01-08,F,0902,SOULEY Prudence
PP-002625,PASSEPORT,GBAGUIDI,Rodrigue,2002-05-10,M,0103,NOUATIN Prudence
AN-002626,ACTE_NAISSANCE,CODJIA,Aïcha,1990-05-29,F,0302,TOSSOU Sylvie
AN-002627,ACTE_NAISSANCE,LOKONON,Mahougnon Koffi,2000-02-10,M,1005,TOGBE Mariam
PP-002628,PASSEPORT,ASSOGBA,Sèmèvo,1954-12-06,F,0904,CODJIA Chimène
AN-002629,ACTE_NAISSANCE,YAROU,Codjo,1987-11-30,M,0101,ADANDE Sylvie
PP-002630,PASSEPORT,HOUNSOU,Comlan,2002-01-14,M,0902,AMOUSSOU Ayaba
AN-002631,ACTE_NAISSANCE,ZANNOU,Nadège,1983-05-12,F,1202,LOKONON Judith
AN-002632,ACTE_NAISSANCE,KIKI,Ulrich,1969-09-10,M,0603,TOGBE Nadège
CC-002633,CARTE_CONSULAIRE,ZINSOU,Koffi,1997-01-15,M,1006,ZINSOU Prudence
AN-002634,ACTE_NAISSANCE,TOGBE,Koffi,2007-05-16,M,0506,OSSENI Judith
AN-002635,ACTE_NAISSANCE,BONI,Fabrice,1988-03-26,M,0105,TCHIBOZO Sèmèvo
AN-002636,ACTE_NAISSANCE,ZINSOU,Fatoumata,1976-10-11,F,0204,HOUNGBO Salamatou
AN-002637,ACTE_NAISSANCE,HOUNSOU,Rodrigue,2005-11-03,M,0904,HOUNSOU Gisèle
CC-002638,CARTE_CONSULAIRE,ASSOGBA,Koffi,2003-07-25,M,0601,MENSAH Carine
AN-002639,ACTE_NAISSANCE,HOUESSOU,Ibrahim Codjo,2006-02-08,M,0106,SOSSOU Chimène
CC-002640,CARTE_CONSULAIRE,GLELE,Aïcha,2006-06-20,F,0102,LOKONON Espérance
AN-002641,ACTE_NAISSANCE,TCHIBOZO,Salamatou,2022-05-03,F,0503,OSSENI Chimène
AN-002642,ACTE_NAISSANCE,SOSSOU,Justin Fabrice,2010-01-22,M,0404,HOUESSOU Mariam
AN-002643,ACTE_NAISSANCE,DANSOU,Ibrahim,1962-11-14,M,0604,BIO Nadège
AN-002644,ACTE_NAISSANCE,ZINSOU,Koffi,1993-05-10,M,1203,AHOUANSOU Mariam
PP-002645,PASSEPORT,BONI,Ghislain Codjo,1996-03-24,M,0704,KIKI Gisèle
PP-002646,PASSEPORT,HOUNKPATIN,Fatoumata,1973-01-19,F,0301,NOUATIN Prudence
CC-002647,CARTE_CONSULAIRE,ADANDE,Gisèle,1970-10-19,F,0504,BONI Ayaba
AN-002648,ACTE_NAISSANCE,GLELE,Ghislain Gildas,1990-06-04,M,0703,DANSOU Aïcha
AN-002649,ACTE_NAISSANCE,BONI,Romaric,1973-06-16,M,1105,GLELE Prudence
AN-002650,ACTE_NAISSANCE,SAGBO,Sèmèvo,1964-07-08,F,0704,HOUNGBO Estelle
AN-002651,ACTE_NAISSANCE,HOUESSOU,Ghislain,1987-03-01,M,0208,AGBODJAN Sèmèvo
AN-002652,ACTE_NAISSANCE,ASSOGBA,Fabrice Ibrahim,1951-08-30,M,0605,HOUESSOU Fatoumata
AN-002653,ACTE_NAISSANCE,ASSOGBA,Chimène,1989-09-08,F,1005,OSSENI Salamatou
CC-002654,CARTE_CONSULAIRE,ASSOGBA,Flore,2021-02-12,F,0308,SAGBO Salamatou
CC-002655,CARTE_CONSULAIRE,GBAGUIDI,Gisèle,1991-12-09,F,0406,ZANNOU Estelle
AN-002656,ACTE_NAISSANCE,BONI,Brice Comlan,1991-12-23,M,0704,BONI Mariam
AN-002657,ACTE_NAISSANCE,SAGBO,Fidèle Rachid,1948-06-07,M,0308,DANSOU Nadège
AN-002658,ACTE_NAISSANCE,AKPOVI,Ghislain,2006-11-04,M,1102,DANSOU Salamatou
PP-002659,PASSEPORT,AKPOVI,Ayaba,2007-12-02,F,1101,NOUATIN Judith
AN-002660,ACTE_NAISSANCE,SOULEY,Ulrich,1942-12-10,M,0502,SOULEY Gisèle
AN-002661,ACTE_NAISSANCE,GLELE,Codjo Ghislain,1981-10-21,M,0604,CHABI Espérance
AN-002662,ACTE_NAISSANCE,HOUESSOU,Codjo Comlan,1963-12-10,M,1103,IDRISSOU Gisèle
CC-002663,CARTE_CONSULAIRE,ADJOVI,Ghislain Justin,1975-06-26,M,0404,QUENUM Ayaba
CC-002664,CARTE_CONSULAIRE,FASSINOU,Serge,1970-11-03,M,0604,FASSINOU Flore
AN-002665,ACTE_NAISSANCE,LOKONON,Fabrice Yves,2003-10-10,M,1205,HOUNKPATIN Nadège
AN-002666,ACTE_NAISSANCE,YAROU,Ayaba Sèmèvo,1977-10-05,F,0402,ALLADAYE Nadège
AN-002667,ACTE_NAISSANCE,MENSAH,Mariam Fatoumata,1992-06-25,F,0801,LOKONON Prudence
AN-002668,ACTE_NAISSANCE,SOULEY,Rachidatou,2000-03-08,F,0405,ADANDE Flore
CC-002669,CARTE_CONSULAIRE,ZANNOU,Mahougnon,2010-01-24,M,1207,AHOUANSOU Gisèle
AN-002670,ACTE_NAISSANCE,BIO,Moussa,1985-02-24,M,0503,AKPOVI Flore
AN-002671,ACTE_NAISSANCE,KPADONOU,Mariam,1989-04-06,F,0405,AHOYO Flore
AN-002672,ACTE_NAISSANCE,VODOUNON,Sèmèvo Sylvie,1955-08-18,F,1103,CHABI Prudence
AN-002673,ACTE_NAISSANCE,BONI,Mariam,1996-10-27,F,0308,TCHIBOZO Estelle
AN-002674,ACTE_NAISSANCE,HOUNSOU,Yves Codjo,2005-07-16,M,0101,GLELE Rosine
PP-002675,PASSEPORT,CODJIA,Serge,1993-08-19,M,0502,ALLADAYE Flore
AN-002676,ACTE_NAISSANCE,ADANDE,Justin Moussa,1981-12-31,M,1005,HOUNKPATIN Rachidatou
CC-002677,CARTE_CONSULAIRE,AGOSSOU,Flore,2010-12-30,F,0408,GBAGUIDI Sèmèvo
AN-002678,ACTE_NAISSANCE,HOUNKPATIN,Justin,1983-05-13,M,1104,ALLADAYE Flore
AN-002679,ACTE_NAISSANCE,AHOUANSOU,Aïcha,1998-11-14,F,1008,ASSOGBA Salamatou
AN-002680,ACTE_NAISSANCE,CHABI,Ulrich Fabrice,1960-07-28,M,1003,TOSSOU Ayaba
PP-002681,PASSEPORT,ADANDE,Aïcha,1994-05-15,F,0104,KOUKPAKI Chimène
AN-002682,ACTE_NAISSANCE,HOUNSOU,Salamatou,1984-08-31,F,1004,TCHIBOZO Mariam
AN-002683,ACTE_NAISSANCE,DANSOU,Carine,1952-09-27,F,0104,YAROU Bernice
AN-002684,ACTE_NAISSANCE,SOSSOU,Comlan,2002-02-10,M,0201,TCHIBOZO Chimène
AN-002685,ACTE_NAISSANCE,HOUNSOU,Fatoumata,1965-07-10,F,1003,CODJIA Nadège
AN-002686,ACTE_NAISSANCE,AGBODJAN,Sèmèvo,1988-12-15,F,0308,TOSSOU Flore
AN-002687,ACTE_NAISSANCE,DOSSOU,Sènami Gisèle,2019-12-22,F,0303,ADJOVI Estelle
AN-002688,ACTE_NAISSANCE,AKPOVI,Serge,1976-11-02,M,1104,ZINSOU Espérance
CC-002689,CARTE_CONSULAIRE,QUENUM,Bienvenu,1984-06-11,M,0902,BIO Carine
PP-002690,PASSEPORT,GBAGUIDI,Flore Espérance,2005-11-30,F,0702,SAGBO Prudence
CC-002691,CARTE_CONSULAIRE,HOUESSOU,Sènami,2012-07-13,F,0701,AGOSSOU Bernice
AN-002692,ACTE_NAISSANCE,TOGBE,Koffi Romaric,1969-08-10,M,0101,HOUESSOU Rosine
AN-002693,ACTE_NAISSANCE,BIO,Ghislain,2003-12-13,M,0307,ALLADAYE Judith
AN-002694,ACTE_NAISSANCE,SAGBO,Koffi,2007-12-02,M,0403,ZINSOU Fatoumata
AN-002695,ACTE_NAISSANCE,BIO,Ibrahim,1982-03-27,M,0504,YAROU Judith
AN-002696,ACTE_NAISSANCE,YAROU,Codjo,2010-12-14,M,0106,GLELE Carine
AN-002697,ACTE_NAISSANCE,SAGBO,Ayaba,2005-07-25,F,1009,SAGBO Gisèle
AN-002698,ACTE_NAISSANCE,QUENUM,Codjo,1997-03-26,M,0404,HOUNSOU Estelle
AN-002699,ACTE_NAISSANCE,CODJIA,Ibrahim Ghislain,2022-06-27,M,0106,SOSSOU Bernice
CC-002700,CARTE_CONSULAIRE,HOUNSOU,Serge,2012-03-02,M,0205,ZANNOU Aïcha
AN-002701,ACTE_NAISSANCE,AMOUSSOU,Judith,1960-05-22,F,0906,LOKONON Ayaba
AN-002702,ACTE_NAISSANCE,DANSOU,Justin,2019-05-21,M,1007,OSSENI Sèmèvo
CC-002703,CARTE_CONSULAIRE,AKPOVI,Comlan Brice,1974-11-05,M,0102,AHOUANSOU Prudence
AN-002704,ACTE_NAISSANCE,HOUNGBO,Estelle Gisèle,1989-04-01,F,0501,IDRISSOU Carine
AN-002705,ACTE_NAISSANCE,BONI,Fidèle,2000-05-28,M,1009,HOUESSOU Estelle
PP-002706,PASSEPORT,ALLADAYE,Mahougnon,1999-11-12,M,0104,NOUATIN Gisèle
PP-002707,PASSEPORT,BONI,Codjo,1950-04-29,M,1001,NOUATIN Sènami
AN-002708,ACTE_NAISSANCE,ZANNOU,Fidèle Justin,2000-12-14,M,0905,HOUNKPATIN Aïcha
AN-002709,ACTE_NAISSANCE,OSSENI,Gisèle,2011-07-02,F,0101,SOULEY Estelle
AN-002710,ACTE_NAISSANCE,ZANNOU,Estelle,1985-12-31,F,1105,AKPOVI Espérance
AN-002711,ACTE_NAISSANCE,TOGBE,Nadège,1964-07-11,F,0101,QUENUM Sèmèvo
AN-002712,ACTE_NAISSANCE,SAGBO,Ghislain,1971-10-14,M,1005,GLELE Prudence
AN-002713,ACTE_NAISSANCE,AMOUSSOU,Espérance,2012-12-11,F,0903,ZINSOU Mariam
AN-002714,ACTE_NAISSANCE,CHABI,Chimène Judith,2000-11-14,F,0903,BIO Flore
AN-002715,ACTE_NAISSANCE,NOUATIN,Rosine,1970-12-20,F,0404,BIO Ayaba
AN-002716,ACTE_NAISSANCE,VODOUNON,Rachidatou,1959-03-20,F,0302,MENSAH Bernice
CC-002717,CARTE_CONSULAIRE,AGBODJAN,Comlan,2000-09-07,M,1101,NOUATIN Aïcha
PP-002718,PASSEPORT,FASSINOU,Ayaba,1988-09-10,F,1201,LOKONON Flore
PP-002719,PASSEPORT,MENSAH,Moussa Justin,1940-08-19,M,0202,DOSSOU Estelle
AN-002720,ACTE_NAISSANCE,TCHIBOZO,Gildas Serge,1959-10-12,M,0301,CODJIA Carine
AN-002721,ACTE_NAISSANCE,TCHIBOZO,Rodrigue,1995-02-28,M,0403,OSSENI Estelle
AN-002722,ACTE_NAISSANCE,SAGBO,Rodrigue,1948-07-14,M,1102,ASSOGBA Estelle
CC-002723,CARTE_CONSULAIRE,AGOSSOU,Carine Prudence,1964-09-15,F,1101,YAROU Aïcha
CC-002724,CARTE_CONSULAIRE,BIO,Bernice,2003-01-11,F,1205,QUENUM Prudence
AN-002725,ACTE_NAISSANCE,CODJIA,Comlan Rachid,2002-01-11,M,0701,QUENUM Sylvie
AN-002726,ACTE_NAISSANCE,HOUNKPATIN,Fidèle,2010-01-23,M,0208,BONI Rosine
AN-002727,ACTE_NAISSANCE,SOULEY,Aïcha Estelle,1953-03-17,F,1104,TOGBE Aïcha
AN-002728,ACTE_NAISSANCE,NOUATIN,Yves Moussa,2018-08-09,M,1101,AHOYO Judith
PP-002729,PASSEPORT,ZANNOU,Serge,1992-10-06,M,0602,DOSSOU Mariam
AN-002730,ACTE_NAISSANCE,FASSINOU,Comlan,2022-04-01,M,0208,GLELE Rachidatou
AN-002731,ACTE_NAISSANCE,ALLADAYE,Justin,1992-03-29,M,1006,ALLADAYE Sylvie
PP-002732,PASSEPORT,NOUATIN,Estelle,1985-03-01,F,0602,TOSSOU Espérance
AN-002733,ACTE_NAISSANCE,GLELE,Nadège,2001-01-02,F,0703,BIO Salamatou
AN-002734,ACTE_NAISSANCE,HOUESSOU,Sylvie Sèmèvo,1979-02-03,F,1209,KIKI Judith
AN-002735,ACTE_NAISSANCE,AGOSSOU,Gildas,1980-10-30,M,0205,CHABI Bernice
CC-002736,CARTE_CONSULAIRE,FASSINOU,Fabrice,1994-07-15,M,1205,AGBODJAN Fatoumata
AN-002737,ACTE_NAISSANCE,FASSINOU,Ibrahim,2022-04-26,M,1209,HOUESSOU Chimène
AN-002738,ACTE_NAISSANCE,AGBODJAN,Nadège Sylvie,2007-08-03,F,0505,CHABI Sylvie
AN-002739,ACTE_NAISSANCE,AKPOVI,Prudence,1998-12-06,F,0208,SOULEY Aïcha
AN-002740,ACTE_NAISSANCE,NOUATIN,Arnaud,1987-09-21,M,0506,FASSINOU Rosine
CC-002741,CARTE_CONSULAIRE,AGOSSOU,Ulrich,2006-05-30,M,0408,DANSOU Rachidatou
AN-002742,ACTE_NAISSANCE,SOULEY,Sylvie,2003-04-12,F,0405,AMOUSSOU Rosine
AN-002743,ACTE_NAISSANCE,KPADONOU,Bernice,1970-02-10,F,0506,ZINSOU Prudence
AN-002744,ACTE_NAISSANCE,KIKI,Rachid,1982-11-02,M,0308,OSSENI Rosine
AN-002745,ACTE_NAISSANCE,ADANDE,Rachid Comlan,1977-10-11,M,0403,NOUATIN Sènami
CC-002746,CARTE_CONSULAIRE,MENSAH,Ayaba,2004-06-01,F,1203,AGOSSOU Judith
CC-002747,CARTE_CONSULAIRE,SOSSOU,Aïcha,1988-11-16,F,0701,NOUATIN Nadège
AN-002748,ACTE_NAISSANCE,AHOUANSOU,Rosine,2001-08-14,F,0603,MENSAH Judith
AN-002749,ACTE_NAISSANCE,AHOUANSOU,Brice,1989-04-28,M,0701,BIO Flore
AN-002750,ACTE_NAISSANCE,KPADONOU,Sèmèvo,1975-12-03,F,0401,GLELE Rosine
AN-002751,ACTE_NAISSANCE,OSSENI,Estelle Prudence,1980-10-03,F,0602,ADJOVI Rosine
AN-002752,ACTE_NAISSANCE,VODOUNON,Moussa Rodrigue,2003-02-01,M,0601,NOUATIN Carine
AN-002753,ACTE_NAISSANCE,HOUESSOU,Comlan,2015-07-12,M,1005,KOUKPAKI Gisèle
AN-002754,ACTE_NAISSANCE,HOUESSOU,Fidèle,1969-06-12,M,1007,AGOSSOU Estelle
CC-002755,CARTE_CONSULAIRE,MENSAH,Romaric Gildas,2004-04-02,M,1201,KPADONOU Salamatou
AN-002756,ACTE_NAISSANCE,AHOUANSOU,Espérance Carine,1955-04-22,F,1001,CODJIA Rachidatou
AN-002757,ACTE_NAISSANCE,YAROU,Rosine Sèmèvo,1996-10-12,F,0209,VODOUNON Judith
AN-002758,ACTE_NAISSANCE,GLELE,Nadège,1987-10-04,F,0402,HOUNKPATIN Flore
PP-002759,PASSEPORT,AHOYO,Sènami,1959-06-17,F,0103,SOSSOU Sènami
AN-002760,ACTE_NAISSANCE,VODOUNON,Sèmèvo Rosine,1978-02-25,F,0207,AKPOVI Sènami
AN-002761,ACTE_NAISSANCE,BIO,Rodrigue,1971-02-28,M,1204,FASSINOU Fatoumata
AN-002762,ACTE_NAISSANCE,SOSSOU,Ghislain Fabrice,2006-05-22,M,0503,QUENUM Chimène
AN-002763,ACTE_NAISSANCE,AMOUSSOU,Brice Gildas,2003-09-06,M,1203,AKPOVI Salamatou
AN-002764,ACTE_NAISSANCE,KPADONOU,Espérance,1953-06-12,F,1201,ZANNOU Estelle
CC-002765,CARTE_CONSULAIRE,AHOUANSOU,Rachidatou,1992-10-02,F,1006,KIKI Chimène
AN-002766,ACTE_NAISSANCE,BONI,Mahougnon,2012-10-24,M,0903,YAROU Judith
CC-002767,CARTE_CONSULAIRE,AHOUANSOU,Judith Bernice,1997-10-02,F,0106,SAGBO Chimène
AN-002768,ACTE_NAISSANCE,SOULEY,Judith Carine,1984-04-25,F,0904,SOULEY Bernice
AN-002769,ACTE_NAISSANCE,HOUNSOU,Koffi,1976-08-26,M,1203,TCHIBOZO Bernice
AN-002770,ACTE_NAISSANCE,AGBODJAN,Bernice,1972-02-06,F,1007,SAGBO Espérance
CC-002771,CARTE_CONSULAIRE,HOUNKPATIN,Carine,1996-02-28,F,0502,ALLADAYE Aïcha
AN-002772,ACTE_NAISSANCE,HOUNGBO,Rachid,2003-08-23,M,1201,DOSSOU Sènami
CC-002773,CARTE_CONSULAIRE,KPADONOU,Espérance,1995-02-02,F,1008,ZANNOU Rosine
AN-002774,ACTE_NAISSANCE,YAROU,Sèmèvo,1998-05-17,F,0606,GBAGUIDI Carine
PP-002775,PASSEPORT,ASSOGBA,Ayaba Sènami,1992-05-28,F,1005,YAROU Bernice
AN-002776,ACTE_NAISSANCE,DANSOU,Rachidatou,1987-12-03,F,1102,NOUATIN Judith
AN-002777,ACTE_NAISSANCE,CODJIA,Fatoumata,1984-07-19,F,1001,MENSAH Sylvie
AN-002778,ACTE_NAISSANCE,BONI,Fabrice Justin,2001-08-16,M,0901,CHABI Salamatou
AN-002779,ACTE_NAISSANCE,HOUNGBO,Estelle Gisèle,1961-07-26,F,0302,TCHIBOZO Rosine
PP-002780,PASSEPORT,HOUNGBO,Arnaud,1956-03-29,M,0605,HOUNGBO Judith
AN-002781,ACTE_NAISSANCE,GLELE,Arnaud,1985-09-15,M,0501,KPADONOU Prudence
AN-002782,ACTE_NAISSANCE,CHABI,Sènami Espérance,2010-06-04,F,0605,ASSOGBA Nadège
AN-002783,ACTE_NAISSANCE,AGOSSOU,Fidèle,1969-05-13,M,1103,DOSSOU Aïcha
AN-002784,ACTE_NAISSANCE,ADJOVI,Carine,1999-05-11,F,0306,CHABI Nadège
AN-002785,ACTE_NAISSANCE,SOULEY,Aïcha,1965-08-08,F,0703,YAROU Fatoumata
AN-002786,ACTE_NAISSANCE,GLELE,Bienvenu,1971-12-15,M,0702,GBAGUIDI Bernice
AN-002787,ACTE_NAISSANCE,TOSSOU,Mariam,2007-08-10,F,1009,IDRISSOU Fatoumata
PP-002788,PASSEPORT,KPADONOU,Sèmèvo,1978-10-29,F,0703,HOUNGBO Estelle
CC-002789,CARTE_CONSULAIRE,VODOUNON,Gildas Fabrice,1969-01-16,M,1105,ZANNOU Espérance
AN-002790,ACTE_NAISSANCE,NOUATIN,Bernice,1988-11-01,F,0102,GBAGUIDI Nadège
AN-002791,ACTE_NAISSANCE,ASSOGBA,Espérance Estelle,1994-11-09,F,1206,TOGBE Aïcha
AN-002792,ACTE_NAISSANCE,BIO,Mahougnon Yves,1942-08-24,M,0504,ADANDE Salamatou
AN-002793,ACTE_NAISSANCE,HOUESSOU,Aïcha,1987-10-20,F,0103,ZINSOU Sylvie
AN-002794,ACTE_NAISSANCE,DANSOU,Comlan Moussa,1974-02-19,M,0903,QUENUM Prudence
AN-002795,ACTE_NAISSANCE,SOSSOU,Bernice Flore,1999-03-27,F,0703,SOULEY Carine
AN-002796,ACTE_NAISSANCE,LOKONON,Bernice,1945-05-30,F,0408,OSSENI Gisèle
AN-002797,ACTE_NAISSANCE,GBAGUIDI,Moussa Bienvenu,2001-06-21,M,0702,AHOYO Sènami
CC-002798,CARTE_CONSULAIRE,AGBODJAN,Gisèle,1983-07-26,F,0702,IDRISSOU Espérance
AN-002799,ACTE_NAISSANCE,SAGBO,Fabrice,1990-02-19,M,0602,ZANNOU Gisèle
AN-002800,ACTE_NAISSANCE,ADANDE,Justin,2005-10-28,M,0405,AHOYO Rosine
AN-002801,ACTE_NAISSANCE,DANSOU,Serge Koffi,1978-08-23,M,0602,MENSAH Rosine
AN-002802,ACTE_NAISSANCE,ALLADAYE,Justin Ibrahim,1979-02-12,M,0205,KIKI Fatoumata
CC-002803,CARTE_CONSULAIRE,QUENUM,Flore,2005-07-09,F,1005,TOGBE Sylvie
CC-002804,CARTE_CONSULAIRE,ZANNOU,Flore Salamatou,1984-09-17,F,0101,AMOUSSOU Bernice
AN-002805,ACTE_NAISSANCE,HOUESSOU,Salamatou Flore,1974-07-11,F,0105,AMOUSSOU Nadège
PP-002806,PASSEPORT,NOUATIN,Rachid,1987-01-28,M,0204,ADANDE Carine
AN-002807,ACTE_NAISSANCE,SAGBO,Romaric Rachid,1980-09-14,M,0302,TOGBE Espérance
AN-002808,ACTE_NAISSANCE,YAROU,Bienvenu Arnaud,1992-09-07,M,0202,GLELE Sèmèvo
AN-002809,ACTE_NAISSANCE,LOKONON,Rachid,1972-11-22,M,0502,NOUATIN Rosine
AN-002810,ACTE_NAISSANCE,GLELE,Mariam,1953-11-05,F,1201,CODJIA Prudence
CC-002811,CARTE_CONSULAIRE,DOSSOU,Ayaba,2005-06-24,F,1209,NOUATIN Gisèle
AN-002812,ACTE_NAISSANCE,KIKI,Romaric,2001-08-15,M,0104,TCHIBOZO Sèmèvo
PP-002813,PASSEPORT,BONI,Brice,1961-02-28,M,1205,AMOUSSOU Ayaba
CC-002814,CARTE_CONSULAIRE,NOUATIN,Serge Gildas,2000-07-14,M,0402,ZANNOU Salamatou
AN-002815,ACTE_NAISSANCE,ZINSOU,Comlan,1973-05-28,M,0304,GBAGUIDI Estelle
AN-002816,ACTE_NAISSANCE,TOGBE,Romaric Yves,2001-04-06,M,1201,HOUNKPATIN Estelle
AN-002817,ACTE_NAISSANCE,ASSOGBA,Ayaba Nadège,1962-06-22,F,0208,ASSOGBA Nadège
AN-002818,ACTE_NAISSANCE,KPADONOU,Ibrahim Brice,1985-09-24,M,1204,DOSSOU Salamatou
CC-002819,CARTE_CONSULAIRE,GBAGUIDI,Ibrahim Arnaud,1952-11-17,M,0904,SAGBO Fatoumata
AN-002820,ACTE_NAISSANCE,YAROU,Serge,1975-08-09,M,0208,CHABI Salamatou
AN-002821,ACTE_NAISSANCE,ZINSOU,Sènami Aïcha,1994-02-24,F,0203,CODJIA Judith
AN-002822,ACTE_NAISSANCE,ZANNOU,Mariam,1966-04-09,F,1002,LOKONON Rachidatou
CC-002823,CARTE_CONSULAIRE,TOGBE,Codjo,1991-08-10,M,0403,MENSAH Prudence
AN-002824,ACTE_NAISSANCE,ALLADAYE,Flore Judith,1981-03-18,F,0403,SAGBO Nadège
AN-002825,ACTE_NAISSANCE,ASSOGBA,Espérance,1979-09-29,F,0506,TOGBE Flore
AN-002826,ACTE_NAISSANCE,YAROU,Sylvie Estelle,2000-09-18,F,0405,SAGBO Judith
AN-002827,ACTE_NAISSANCE,CHABI,Ghislain Mahougnon,2001-07-04,M,0308,ADANDE Mariam
CC-002828,CARTE_CONSULAIRE,CHABI,Ayaba,1987-09-11,F,0106,HOUNSOU Prudence
AN-002829,ACTE_NAISSANCE,AMOUSSOU,Rosine Sylvie,1960-05-01,F,0703,HOUESSOU Fatoumata
CC-002830,CARTE_CONSULAIRE,HOUNSOU,Fatoumata Rachidatou,1981-05-29,F,0207,GBAGUIDI Sylvie
AN-002831,ACTE_NAISSANCE,SOULEY,Nadège,2017-06-28,F,1207,AGBODJAN Mariam
CC-002832,CARTE_CONSULAIRE,OSSENI,Justin,1958-11-04,M,0901,KIKI Nadège
AN-002833,ACTE_NAISSANCE,HOUNKPATIN,Fatoumata,1984-12-09,F,0506,TOGBE Gisèle
AN-002834,ACTE_NAISSANCE,VODOUNON,Estelle,1991-09-26,F,0101,DANSOU Flore
CC-002835,CARTE_CONSULAIRE,AMOUSSOU,Brice Gildas,2001-07-23,M,0701,KIKI Rachidatou
AN-002836,ACTE_NAISSANCE,ZANNOU,Romaric Codjo,1965-08-24,M,0202,AKPOVI Aïcha
AN-002837,ACTE_NAISSANCE,OSSENI,Chimène Flore,2009-01-09,F,0102,FASSINOU Salamatou
AN-002838,ACTE_NAISSANCE,HOUNSOU,Mahougnon,1994-10-27,M,0801,ALLADAYE Ayaba
PP-002839,PASSEPORT,CODJIA,Espérance,1981-02-13,F,0601,GLELE Rosine
PP-002840,PASSEPORT,VODOUNON,Sèmèvo,1974-09-05,F,1007,ASSOGBA Nadège
AN-002841,ACTE_NAISSANCE,CHABI,Romaric Ghislain,1992-05-21,M,0402,BIO Bernice
AN-002842,ACTE_NAISSANCE,IDRISSOU,Justin,2010-01-10,M,0303,QUENUM Bernice
AN-002843,ACTE_NAISSANCE,SOULEY,Brice,1967-06-09,M,0204,SAGBO Fatoumata
CC-002844,CARTE_CONSULAIRE,TOGBE,Fidèle Gildas,1961-02-03,M,0603,QUENUM Bernice
CC-002845,CARTE_CONSULAIRE,TCHIBOZO,Chimène Fatoumata,2010-01-18,F,0604,NOUATIN Prudence
AN-002846,ACTE_NAISSANCE,OSSENI,Yves,1994-01-11,M,1204,LOKONON Rachidatou
AN-002847,ACTE_NAISSANCE,FASSINOU,Chimène,2010-10-01,F,0303,FASSINOU Flore
CC-002848,CARTE_CONSULAIRE,ZINSOU,Carine Aïcha,2007-12-19,F,0204,AGBODJAN Bernice
CC-002849,CARTE_CONSULAIRE,ZANNOU,Rosine,2003-04-24,F,1209,ZANNOU Rosine
AN-002850,ACTE_NAISSANCE,MENSAH,Serge,1953-10-23,M,0602,TCHIBOZO Mariam
AN-002851,ACTE_NAISSANCE,IDRISSOU,Flore Sylvie,2004-02-16,F,0404,HOUNSOU Sènami
AN-002852,ACTE_NAISSANCE,SAGBO,Rachidatou,1974-02-27,F,0102,SAGBO Nadège
CC-002853,CARTE_CONSULAIRE,TOSSOU,Gildas,1966-01-23,M,0102,ZANNOU Judith
AN-002854,ACTE_NAISSANCE,HOUNSOU,Codjo,1980-07-24,M,0504,SAGBO Estelle
AN-002855,ACTE_NAISSANCE,CHABI,Rodrigue,1960-11-27,M,0406,FASSINOU Mariam
PP-002856,PASSEPORT,NOUATIN,Ghislain Comlan,1972-04-27,M,0304,BONI Flore
CC-002857,CARTE_CONSULAIRE,AHOUANSOU,Carine,1992-07-16,F,1009,DANSOU Prudence
CC-002858,CARTE_CONSULAIRE,BONI,Bienvenu Ibrahim,1961-06-06,M,1105,AKPOVI Aïcha
AN-002859,ACTE_NAISSANCE,DOSSOU,Rosine Salamatou,1989-02-10,F,0301,KPADONOU Nadège
AN-002860,ACTE_NAISSANCE,ZINSOU,Judith,1992-07-02,F,0209,AKPOVI Sèmèvo
PP-002861,PASSEPORT,DANSOU,Sèmèvo Sylvie,1988-06-14,F,0506,DANSOU Chimène
AN-002862,ACTE_NAISSANCE,ALLADAYE,Arnaud,1961-06-10,M,1003,ASSOGBA Salamatou
AN-002863,ACTE_NAISSANCE,KOUKPAKI,Rodrigue,1974-12-17,M,0308,NOUATIN Aïcha
CC-002864,CARTE_CONSULAIRE,IDRISSOU,Yves Bienvenu,2024-06-05,M,0601,KIKI Rosine
CC-002865,CARTE_CONSULAIRE,AMOUSSOU,Arnaud Comlan,1990-04-15,M,0401,FASSINOU Mariam
PP-002866,PASSEPORT,HOUNSOU,Justin Rachid,1968-03-07,M,0404,ADANDE Aïcha
PP-002867,PASSEPORT,KOUKPAKI,Comlan Ulrich,1996-08-19,M,0901,AHOYO Sèmèvo
AN-002868,ACTE_NAISSANCE,FASSINOU,Mahougnon Romaric,1985-09-01,M,0205,QUENUM Carine
AN-002869,ACTE_NAISSANCE,KPADONOU,Gildas,1974-01-14,M,0603,KOUKPAKI Judith
AN-002870,ACTE_NAISSANCE,SOULEY,Yves,1984-07-09,M,0905,AHOUANSOU Prudence
AN-002871,ACTE_NAISSANCE,AGOSSOU,Ibrahim,1997-12-13,M,0606,TOGBE Sènami
AN-002872,ACTE_NAISSANCE,SOSSOU,Rodrigue,2011-11-15,M,0403,BONI Aïcha
PP-002873,PASSEPORT,IDRISSOU,Carine Judith,1999-09-07,F,0901,KOUKPAKI Gisèle
AN-002874,ACTE_NAISSANCE,ADANDE,Sèmèvo,1991-10-04,F,0308,AKPOVI Nadège
AN-002875,ACTE_NAISSANCE,VODOUNON,Aïcha,1991-03-20,F,0102,CHABI Rosine
AN-002876,ACTE_NAISSANCE,ZANNOU,Judith Salamatou,1960-08-07,F,0203,ADANDE Bernice
CC-002877,CARTE_CONSULAIRE,YAROU,Moussa Arnaud,1994-11-16,M,0604,LOKONON Flore
CC-002878,CARTE_CONSULAIRE,IDRISSOU,Yves Mahougnon,2006-07-01,M,0403,AHOUANSOU Rosine
CC-002879,CARTE_CONSULAIRE,KOUKPAKI,Yves,1996-12-02,M,0703,GLELE Bernice
AN-002880,ACTE_NAISSANCE,NOUATIN,Carine,1992-07-08,F,1203,FASSINOU Aïcha
AN-002881,ACTE_NAISSANCE,MENSAH,Rachidatou,2016-02-05,F,1202,ZINSOU Nadège
AN-002882,ACTE_NAISSANCE,YAROU,Gildas,2012-10-26,M,0305,HOUNKPATIN Ayaba
AN-002883,ACTE_NAISSANCE,SOSSOU,Sènami,2009-03-12,F,1103,HOUNGBO Aïcha
PP-002884,PASSEPORT,GBAGUIDI,Judith,1992-10-17,F,0704,KOUKPAKI Sènami
AN-002885,ACTE_NAISSANCE,BIO,Arnaud,2013-11-09,M,0602,CODJIA Nadège
AN-002886,ACTE_NAISSANCE,ALLADAYE,Moussa,1966-02-21,M,0302,AMOUSSOU Sylvie
AN-002887,ACTE_NAISSANCE,HOUNKPATIN,Ulrich Yves,2007-02-25,M,0506,NOUATIN Flore
AN-002888,ACTE_NAISSANCE,AGOSSOU,Justin,1960-01-08,M,1103,KPADONOU Sènami
AN-002889,ACTE_NAISSANCE,QUENUM,Mahougnon Koffi,1972-11-04,M,0301,SOULEY Chimène
AN-002890,ACTE_NAISSANCE,DOSSOU,Rachidatou,1962-04-05,F,1004,SOSSOU Espérance
CC-002891,CARTE_CONSULAIRE,OSSENI,Salamatou,1981-08-10,F,0405,AKPOVI Fatoumata
AN-002892,ACTE_NAISSANCE,HOUESSOU,Koffi,1966-02-05,M,1102,IDRISSOU Gisèle
AN-002893,ACTE_NAISSANCE,ZINSOU,Espérance,1995-11-19,F,0403,LOKONON Carine
AN-002894,ACTE_NAISSANCE,FASSINOU,Aïcha,1953-08-05,F,0105,TOSSOU Gisèle
AN-002895,ACTE_NAISSANCE,AHOYO,Ulrich,1964-03-16,M,0306,KIKI Espérance
PP-002896,PASSEPORT,AKPOVI,Rodrigue,1981-05-09,M,0606,AHOYO Sèmèvo
AN-002897,ACTE_NAISSANCE,AKPOVI,Romaric,1988-04-28,M,0201,IDRISSOU Sèmèvo
AN-002898,ACTE_NAISSANCE,DOSSOU,Rachid Ghislain,2012-11-08,M,0904,VODOUNON Sèmèvo
AN-002899,ACTE_NAISSANCE,BONI,Sèmèvo,2006-10-10,F,0101,HOUNSOU Carine
PP-002900,PASSEPORT,MENSAH,Fidèle Bienvenu,1967-10-11,M,0501,TOSSOU Estelle
AN-002901,ACTE_NAISSANCE,HOUESSOU,Ibrahim Justin,1981-07-15,M,0704,HOUESSOU Judith
AN-002902,ACTE_NAISSANCE,TCHIBOZO,Romaric,1998-04-10,M,0204,SAGBO Mariam
AN-002903,ACTE_NAISSANCE,BIO,Yves,1973-08-31,M,0406,MENSAH Fatoumata
AN-002904,ACTE_NAISSANCE,GLELE,Aïcha,1995-01-12,F,0308,SAGBO Chimène
AN-002905,ACTE_NAISSANCE,ASSOGBA,Sylvie,1991-07-25,F,0606,SAGBO Estelle
AN-002906,ACTE_NAISSANCE,LOKONON,Rachidatou,1953-03-20,F,0902,HOUNKPATIN Bernice
PP-002907,PASSEPORT,BONI,Prudence,1943-07-11,F,0903,SAGBO Rosine
AN-002908,ACTE_NAISSANCE,DOSSOU,Gisèle Sylvie,1985-06-30,F,0102,OSSENI Espérance
AN-002909,ACTE_NAISSANCE,DOSSOU,Carine Estelle,2002-04-02,F,0602,OSSENI Prudence
AN-002910,ACTE_NAISSANCE,HOUNSOU,Romaric,1991-08-02,M,1206,HOUESSOU Sènami
AN-002911,ACTE_NAISSANCE,NOUATIN,Rachidatou Chimène,1998-08-31,F,1007,ASSOGBA Estelle
AN-002912,ACTE_NAISSANCE,VODOUNON,Romaric,1966-03-12,M,0209,GBAGUIDI Rosine
PP-002913,PASSEPORT,SAGBO,Bernice,1971-11-08,F,0406,ZANNOU Rachidatou
AN-002914,ACTE_NAISSANCE,TOGBE,Rodrigue,2004-09-23,M,0506,AGBODJAN Espérance
AN-002915,ACTE_NAISSANCE,AGBODJAN,Rodrigue,1974-12-22,M,0101,AGBODJAN Nadège
AN-002916,ACTE_NAISSANCE,BIO,Fidèle,1970-02-10,M,0905,ZINSOU Nadège
AN-002917,ACTE_NAISSANCE,AKPOVI,Koffi Rachid,2020-12-02,M,0101,AKPOVI Carine
AN-002918,ACTE_NAISSANCE,ZINSOU,Carine,2009-08-18,F,1203,AGOSSOU Ayaba
PP-002919,PASSEPORT,LOKONON,Mahougnon,2015-08-12,M,0902,SAGBO Gisèle
AN-002920,ACTE_NAISSANCE,IDRISSOU,Rosine,1990-08-14,F,0407,GLELE Mariam
CC-002921,CARTE_CONSULAIRE,HOUESSOU,Rodrigue,2005-02-06,M,0905,FASSINOU Aïcha
AN-002922,ACTE_NAISSANCE,BIO,Moussa,2014-01-15,M,0302,DOSSOU Sylvie
AN-002923,ACTE_NAISSANCE,HOUNGBO,Flore Espérance,2007-05-16,F,0103,HOUNGBO Sènami
AN-002924,ACTE_NAISSANCE,SOULEY,Codjo,1995-12-05,M,0801,DANSOU Mariam
AN-002925,ACTE_NAISSANCE,AMOUSSOU,Chimène,2001-12-22,F,1102,TOSSOU Nadège
PP-002926,PASSEPORT,TCHIBOZO,Codjo,2000-05-02,M,0904,ASSOGBA Fatoumata
AN-002927,ACTE_NAISSANCE,FASSINOU,Rachid Mahougnon,2014-06-27,M,0304,CHABI Sènami
PP-002928,PASSEPORT,BONI,Bernice Rachidatou,1990-09-02,F,0904,YAROU Sèmèvo
AN-002929,ACTE_NAISSANCE,DOSSOU,Bienvenu,1998-02-20,M,1209,HOUNGBO Mariam
PP-002930,PASSEPORT,TCHIBOZO,Moussa,2002-05-09,M,1002,SAGBO Judith
AN-002931,ACTE_NAISSANCE,SOSSOU,Ghislain,1964-04-13,M,0302,KOUKPAKI Nadège
AN-002932,ACTE_NAISSANCE,TOSSOU,Ulrich,1992-10-22,M,1003,KIKI Ayaba
CC-002933,CARTE_CONSULAIRE,CODJIA,Nadège,1958-07-28,F,0503,KIKI Fatoumata
PP-002934,PASSEPORT,AHOUANSOU,Sènami Rosine,1961-06-12,F,0702,AHOUANSOU Sylvie
CC-002935,CARTE_CONSULAIRE,HOUNKPATIN,Bernice,1984-05-27,F,1203,ADJOVI Gisèle
AN-002936,ACTE_NAISSANCE,ALLADAYE,Sènami,1955-09-13,F,1208,QUENUM Sèmèvo
AN-002937,ACTE_NAISSANCE,BONI,Fatoumata Ayaba,1969-03-03,F,0501,VODOUNON Carine
PP-002938,PASSEPORT,IDRISSOU,Carine,1995-09-16,F,0307,CODJIA Carine
AN-002939,ACTE_NAISSANCE,YAROU,Aïcha Gisèle,2006-03-24,F,0506,ADANDE Bernice
AN-002940,ACTE_NAISSANCE,MENSAH,Moussa Ibrahim,2016-01-18,M,1209,FASSINOU Flore
AN-002941,ACTE_NAISSANCE,TCHIBOZO,Sèmèvo,1949-09-13,F,1208,ZINSOU Salamatou
AN-002942,ACTE_NAISSANCE,NOUATIN,Espérance Bernice,2007-07-02,F,0702,CHABI Judith
AN-002943,ACTE_NAISSANCE,NOUATIN,Codjo,2008-10-21,M,0505,ASSOGBA Gisèle
AN-002944,ACTE_NAISSANCE,KOUKPAKI,Bienvenu,2001-07-09,M,0606,AHOUANSOU Espérance
AN-002945,ACTE_NAISSANCE,YAROU,Rachidatou,1989-03-14,F,0105,KIKI Mariam
CC-002946,CARTE_CONSULAIRE,SOSSOU,Salamatou,1985-12-27,F,0502,ZINSOU Flore
AN-002947,ACTE_NAISSANCE,IDRISSOU,Ibrahim,1997-06-04,M,0801,SOULEY Carine
AN-002948,ACTE_NAISSANCE,TOGBE,Arnaud,1988-06-23,M,0701,BONI Sèmèvo
CC-002949,CARTE_CONSULAIRE,HOUNKPATIN,Bernice,1982-01-31,F,0601,AGOSSOU Estelle
PP-002950,PASSEPORT,ZANNOU,Fatoumata,1997-04-25,F,1004,TOGBE Rachidatou
CC-002951,CARTE_CONSULAIRE,GBAGUIDI,Mahougnon,1980-06-13,M,0405,YAROU Nadège
AN-002952,ACTE_NAISSANCE,ZINSOU,Nadège Sylvie,1942-12-20,F,0205,AHOYO Espérance
AN-002953,ACTE_NAISSANCE,TOGBE,Fabrice,2005-09-12,M,0405,HOUNKPATIN Fatoumata
CC-002954,CARTE_CONSULAIRE,AGOSSOU,Carine Fatoumata,2006-03-23,F,1204,YAROU Chimène
PP-002955,PASSEPORT,KPADONOU,Romaric,2016-07-03,M,0602,OSSENI Gisèle
AN-002956,ACTE_NAISSANCE,CHABI,Rachidatou Bernice,1973-03-31,F,0504,CODJIA Mariam
AN-002957,ACTE_NAISSANCE,DANSOU,Ayaba,2001-11-04,F,0702,AHOUANSOU Salamatou
AN-002958,ACTE_NAISSANCE,FASSINOU,Arnaud,1981-03-26,M,0101,IDRISSOU Fatoumata
AN-002959,ACTE_NAISSANCE,TOGBE,Rachidatou,1993-09-27,F,0302,HOUNKPATIN Judith
CC-002960,CARTE_CONSULAIRE,TCHIBOZO,Flore,1969-03-01,F,0301,FASSINOU Judith
AN-002961,ACTE_NAISSANCE,CHABI,Ibrahim,2012-06-14,M,1205,ADANDE Salamatou
AN-002962,ACTE_NAISSANCE,HOUNKPATIN,Comlan Codjo,2011-11-21,M,1203,ALLADAYE Bernice
CC-002963,CARTE_CONSULAIRE,ADJOVI,Mariam,1995-05-03,F,1105,KPADONOU Gisèle
AN-002964,ACTE_NAISSANCE,CHABI,Moussa,2002-04-28,M,0208,ADANDE Bernice
AN-002965,ACTE_NAISSANCE,TOSSOU,Sèmèvo,1973-10-29,F,0703,VODOUNON Ayaba
AN-002966,ACTE_NAISSANCE,DOSSOU,Ibrahim,2020-03-04,M,0203,ADANDE Bernice
PP-002967,PASSEPORT,BIO,Mahougnon,1997-04-22,M,0205,NOUATIN Nadège
AN-002968,ACTE_NAISSANCE,HOUNKPATIN,Rachidatou Gisèle,1942-06-06,F,0904,LOKONON Mariam
AN-002969,ACTE_NAISSANCE,KOUKPAKI,Ayaba,2000-11-07,F,0304,SOULEY Rosine
PP-002970,PASSEPORT,KPADONOU,Codjo,1953-01-21,M,0408,DANSOU Carine
AN-002971,ACTE_NAISSANCE,TOGBE,Judith,2006-06-27,F,0606,GBAGUIDI Ayaba
AN-002972,ACTE_NAISSANCE,YAROU,Mahougnon,1976-01-03,M,0506,SAGBO Fatoumata
AN-002973,ACTE_NAISSANCE,FASSINOU,Sèmèvo,2004-06-25,F,1206,GBAGUIDI Judith
AN-002974,ACTE_NAISSANCE,AKPOVI,Mariam,1992-04-07,F,0502,ASSOGBA Aïcha
AN-002975,ACTE_NAISSANCE,ADANDE,Chimène,1989-08-21,F,1103,SOULEY Flore
AN-002976,ACTE_NAISSANCE,KIKI,Carine,1949-03-26,F,1104,BIO Rachidatou
AN-002977,ACTE_NAISSANCE,ZINSOU,Prudence,2010-01-12,F,1202,FASSINOU Sèmèvo
AN-002978,ACTE_NAISSANCE,TCHIBOZO,Gildas Bienvenu,2008-04-27,M,0402,AKPOVI Gisèle
PP-002979,PASSEPORT,KPADONOU,Fabrice Justin,2003-09-14,M,0801,AGOSSOU Ayaba
AN-002980,ACTE_NAISSANCE,GLELE,Romaric,1994-08-17,M,0407,ZANNOU Fatoumata
AN-002981,ACTE_NAISSANCE,HOUESSOU,Koffi Mahougnon,1999-04-30,M,0605,GLELE Fatoumata
AN-002982,ACTE_NAISSANCE,TOSSOU,Ayaba,1995-05-21,F,1105,MENSAH Chimène
AN-002983,ACTE_NAISSANCE,CODJIA,Gisèle,2013-11-06,F,0102,CODJIA Nadège
AN-002984,ACTE_NAISSANCE,AHOYO,Bernice,1966-11-08,F,1007,BIO Ayaba
AN-002985,ACTE_NAISSANCE,AHOYO,Mahougnon,1992-01-16,M,1102,ADJOVI Nadège
AN-002986,ACTE_NAISSANCE,SOSSOU,Nadège Ayaba,1992-06-14,F,0402,AMOUSSOU Ayaba
AN-002987,ACTE_NAISSANCE,TCHIBOZO,Ibrahim Mahougnon,1985-11-19,M,0106,HOUNSOU Sylvie
AN-002988,ACTE_NAISSANCE,TOSSOU,Ayaba Sèmèvo,2001-01-08,F,0206,ZINSOU Bernice
AN-002989,ACTE_NAISSANCE,BONI,Prudence,1962-01-13,F,0906,TOGBE Sènami
AN-002990,ACTE_NAISSANCE,LOKONON,Rodrigue,1951-03-02,M,0504,AGOSSOU Fatoumata
CC-002991,CARTE_CONSULAIRE,OSSENI,Judith Aïcha,1972-01-23,F,0702,SAGBO Gisèle
AN-002992,ACTE_NAISSANCE,AHOYO,Ghislain Rodrigue,1984-01-02,M,0502,ZINSOU Gisèle
AN-002993,ACTE_NAISSANCE,DANSOU,Salamatou Nadège,1990-01-08,F,0303,AGOSSOU Judith
AN-002994,ACTE_NAISSANCE,YAROU,Mahougnon,2010-04-26,M,1007,OSSENI Chimène
AN-002995,ACTE_NAISSANCE,ADJOVI,Fabrice,2007-07-14,M,1001,KIKI Ayaba
CC-002996,CARTE_CONSULAIRE,GLELE,Justin Koffi,2005-05-22,M,0303,FASSINOU Espérance
AN-002997,ACTE_NAISSANCE,HOUNKPATIN,Fabrice,1981-03-06,M,0704,NOUATIN Ayaba
CC-002998,CARTE_CONSULAIRE,ADJOVI,Rosine,1989-10-05,F,1007,HOUNSOU Ayaba
AN-002999,ACTE_NAISSANCE,AMOUSSOU,Arnaud,1958-06-29,M,1102,AKPOVI Gisèle
AN-003000,ACTE_NAISSANCE,ALLADAYE,Fidèle Rachid,1981-02-07,M,0703,TOGBE Rosine
PP-003001,PASSEPORT,IDRISSOU,Fabrice,1969-05-10,M,0505,SOULEY Prudence
AN-003002,ACTE_NAISSANCE,LOKONON,Ayaba,1977-03-28,F,0206,SOULEY Bernice
PP-003003,PASSEPORT,ADANDE,Flore Aïcha,1987-12-22,F,0105,GBAGUIDI Sènami
CC-003004,CARTE_CONSULAIRE,AMOUSSOU,Carine,2006-01-25,F,0301,VODOUNON Rosine
AN-003005,ACTE_NAISSANCE,AHOYO,Romaric,1979-01-10,M,0502,SOULEY Estelle
AN-003006,ACTE_NAISSANCE,AHOYO,Brice,2003-01-23,M,0402,ADJOVI Sènami
PP-003007,PASSEPORT,TOSSOU,Rachid,2008-05-08,M,0302,IDRISSOU Judith
AN-003008,ACTE_NAISSANCE,OSSENI,Mahougnon,2001-12-26,M,1102,KOUKPAKI Rosine
AN-003009,ACTE_NAISSANCE,HOUNSOU,Justin,1978-12-04,M,0504,MENSAH Bernice
AN-003010,ACTE_NAISSANCE,BIO,Koffi,1974-06-16,M,0301,AMOUSSOU Judith
AN-003011,ACTE_NAISSANCE,ADANDE,Ghislain Fidèle,1990-11-08,M,1006,HOUNKPATIN Flore
AN-003012,ACTE_NAISSANCE,DOSSOU,Fidèle,1987-12-13,M,0201,AKPOVI Carine
AN-003013,ACTE_NAISSANCE,IDRISSOU,Gildas,1965-05-10,M,0503,SAGBO Sèmèvo
AN-003014,ACTE_NAISSANCE,KPADONOU,Brice Yves,1949-12-23,M,0903,TOGBE Sènami
PP-003015,PASSEPORT,ASSOGBA,Nadège,1981-01-04,F,1001,YAROU Estelle
AN-003016,ACTE_NAISSANCE,GLELE,Nadège,1987-12-25,F,0502,AHOYO Fatoumata
AN-003017,ACTE_NAISSANCE,AHOUANSOU,Ulrich,1980-03-16,M,0406,AGOSSOU Sèmèvo
PP-003018,PASSEPORT,BONI,Gisèle,1982-07-05,F,0605,HOUNKPATIN Sylvie
PP-003019,PASSEPORT,KPADONOU,Comlan,2003-10-02,M,0704,AMOUSSOU Bernice
AN-003020,ACTE_NAISSANCE,AKPOVI,Nadège,2002-07-30,F,1209,TOGBE Rachidatou
PP-003021,PASSEPORT,ADANDE,Brice,2003-08-21,M,0302,CODJIA Chimène
PP-003022,PASSEPORT,DOSSOU,Prudence,2000-09-17,F,0406,ZINSOU Sènami
CC-003023,CARTE_CONSULAIRE,AGOSSOU,Bienvenu,1960-06-02,M,0208,LOKONON Rachidatou
CC-003024,CARTE_CONSULAIRE,GBAGUIDI,Espérance,1950-04-28,F,0203,HOUNKPATIN Fatoumata
AN-003025,ACTE_NAISSANCE,NOUATIN,Codjo Koffi,1983-02-12,M,0207,VODOUNON Rachidatou
CC-003026,CARTE_CONSULAIRE,DANSOU,Serge,2002-12-12,M,1007,AGBODJAN Sènami
PP-003027,PASSEPORT,ASSOGBA,Gisèle,2013-08-02,F,1006,ALLADAYE Flore
AN-003028,ACTE_NAISSANCE,IDRISSOU,Prudence Carine,1991-03-03,F,0302,SOSSOU Fatoumata
AN-003029,ACTE_NAISSANCE,HOUESSOU,Ghislain,1985-01-25,M,0605,NOUATIN Sènami
AN-003030,ACTE_NAISSANCE,TCHIBOZO,Fatoumata,1993-09-25,F,0308,ASSOGBA Salamatou
AN-003031,ACTE_NAISSANCE,SAGBO,Gisèle Chimène,1996-04-15,F,1205,GBAGUIDI Rachidatou
AN-003032,ACTE_NAISSANCE,CHABI,Judith Salamatou,2004-07-25,F,0407,TCHIBOZO Rachidatou
AN-003033,ACTE_NAISSANCE,YAROU,Fatoumata,1962-08-10,F,0506,ASSOGBA Estelle
AN-003034,ACTE_NAISSANCE,TOGBE,Salamatou,1992-08-21,F,1207,ADJOVI Flore
AN-003035,ACTE_NAISSANCE,CHABI,Ghislain Rachid,2012-06-28,M,1207,VODOUNON Carine
AN-003036,ACTE_NAISSANCE,KPADONOU,Moussa,2005-06-09,M,0604,ADJOVI Sènami
CC-003037,CARTE_CONSULAIRE,IDRISSOU,Gildas,1981-02-26,M,0407,KPADONOU Bernice
PP-003038,PASSEPORT,VODOUNON,Sylvie,1976-02-20,F,0506,DANSOU Flore
AN-003039,ACTE_NAISSANCE,MENSAH,Estelle,1954-11-23,F,0204,ADANDE Rachidatou
AN-003040,ACTE_NAISSANCE,ASSOGBA,Gisèle,1975-07-05,F,1008,FASSINOU Gisèle
CC-003041,CARTE_CONSULAIRE,MENSAH,Fabrice,2002-10-13,M,0404,AGBODJAN Mariam
PP-003042,PASSEPORT,OSSENI,Mariam,1955-03-25,F,0102,ZINSOU Rosine
AN-003043,ACTE_NAISSANCE,CODJIA,Flore Fatoumata,1986-06-29,F,1208,AMOUSSOU Rosine
CC-003044,CARTE_CONSULAIRE,CHABI,Estelle,1967-02-02,F,1201,SAGBO Rosine
AN-003045,ACTE_NAISSANCE,NOUATIN,Rosine,2000-07-22,F,0202,ADJOVI Salamatou
PP-003046,PASSEPORT,NOUATIN,Ibrahim,2006-05-09,M,0104,VODOUNON Aïcha
PP-003047,PASSEPORT,OSSENI,Fabrice,1989-11-01,M,0603,OSSENI Prudence
AN-003048,ACTE_NAISSANCE,AHOYO,Nadège,2005-09-11,F,1205,VODOUNON Rosine
AN-003049,ACTE_NAISSANCE,HOUNKPATIN,Ayaba,1972-03-03,F,0503,GLELE Aïcha
AN-003050,ACTE_NAISSANCE,AHOUANSOU,Yves,1997-05-27,M,1002,AHOYO Carine
AN-003051,ACTE_NAISSANCE,AHOYO,Ibrahim,2011-05-15,M,0204,AHOYO Gisèle
CC-003052,CARTE_CONSULAIRE,HOUESSOU,Rodrigue Moussa,2007-09-01,M,1005,SAGBO Espérance
AN-003053,ACTE_NAISSANCE,AGBODJAN,Flore,1997-01-05,F,1008,TCHIBOZO Flore
PP-003054,PASSEPORT,ASSOGBA,Mariam,2017-09-28,F,1001,MENSAH Bernice
CC-003055,CARTE_CONSULAIRE,HOUNGBO,Sylvie,1975-08-11,F,1204,ALLADAYE Sylvie
AN-003056,ACTE_NAISSANCE,TCHIBOZO,Justin,1983-10-12,M,0209,VODOUNON Judith
AN-003057,ACTE_NAISSANCE,ADANDE,Espérance Aïcha,1988-08-05,F,0406,ZANNOU Sèmèvo
PP-003058,PASSEPORT,HOUNGBO,Romaric,1977-05-19,M,1201,AKPOVI Carine
AN-003059,ACTE_NAISSANCE,SAGBO,Comlan,1996-09-29,M,0304,BONI Carine
CC-003060,CARTE_CONSULAIRE,CODJIA,Rachid,1960-11-01,M,0102,QUENUM Espérance
PP-003061,PASSEPORT,DOSSOU,Yves,1971-11-07,M,0205,GLELE Fatoumata
PP-003062,PASSEPORT,HOUESSOU,Sylvie Nadège,1984-11-20,F,1204,ZINSOU Bernice
AN-003063,ACTE_NAISSANCE,ADANDE,Romaric Bienvenu,2000-07-23,M,1003,AHOYO Mariam
AN-003064,ACTE_NAISSANCE,ADJOVI,Fidèle Rodrigue,1968-06-18,M,0103,HOUNGBO Fatoumata
PP-003065,PASSEPORT,HOUNGBO,Fatoumata,1990-01-11,F,0207,AKPOVI Ayaba
CC-003066,CARTE_CONSULAIRE,KIKI,Gildas Arnaud,1939-07-27,M,0302,NOUATIN Sèmèvo
AN-003067,ACTE_NAISSANCE,TCHIBOZO,Chimène Aïcha,1990-01-17,F,0207,OSSENI Gisèle
AN-003068,ACTE_NAISSANCE,MENSAH,Serge Gildas,2004-02-26,M,0401,ZINSOU Bernice
AN-003069,ACTE_NAISSANCE,FASSINOU,Sènami,1983-05-04,F,0103,KOUKPAKI Sylvie
AN-003070,ACTE_NAISSANCE,TCHIBOZO,Prudence Carine,2005-04-14,F,0402,ZANNOU Fatoumata
AN-003071,ACTE_NAISSANCE,BONI,Ibrahim,1964-11-09,M,0505,LOKONON Salamatou
AN-003072,ACTE_NAISSANCE,TOGBE,Espérance,1990-12-31,F,1203,DANSOU Judith
PP-003073,PASSEPORT,HOUNSOU,Rachidatou Espérance,1996-01-22,F,1102,SAGBO Sèmèvo
AN-003074,ACTE_NAISSANCE,GBAGUIDI,Rosine Sylvie,1981-08-24,F,1001,YAROU Carine
AN-003075,ACTE_NAISSANCE,DANSOU,Codjo,2007-02-23,M,0905,QUENUM Chimène
AN-003076,ACTE_NAISSANCE,TOSSOU,Rosine Fatoumata,1979-09-03,F,0303,CODJIA Salamatou
CC-003077,CARTE_CONSULAIRE,VODOUNON,Flore,1962-03-20,F,1105,ADANDE Flore
AN-003078,ACTE_NAISSANCE,AGOSSOU,Fabrice Romaric,1995-03-01,M,0207,ALLADAYE Prudence
CC-003079,CARTE_CONSULAIRE,ALLADAYE,Ibrahim Fabrice,1978-06-25,M,0605,KOUKPAKI Judith
PP-003080,PASSEPORT,TOGBE,Ulrich,1989-08-18,M,0408,SOSSOU Aïcha
CC-003081,CARTE_CONSULAIRE,YAROU,Arnaud,1971-05-09,M,0202,DOSSOU Mariam
AN-003082,ACTE_NAISSANCE,ADJOVI,Mariam,1965-06-13,F,1205,QUENUM Salamatou
AN-003083,ACTE_NAISSANCE,AGOSSOU,Romaric,1970-01-01,M,1204,TCHIBOZO Flore
AN-003084,ACTE_NAISSANCE,CHABI,Gildas,1995-01-31,M,0308,HOUNKPATIN Judith
PP-003085,PASSEPORT,AHOYO,Flore,1986-02-11,F,0202,QUENUM Sèmèvo
AN-003086,ACTE_NAISSANCE,CHABI,Codjo,1980-04-02,M,0602,KPADONOU Judith
CC-003087,CARTE_CONSULAIRE,AGOSSOU,Arnaud,1989-06-19,M,0403,AKPOVI Rosine
AN-003088,ACTE_NAISSANCE,OSSENI,Ulrich,1994-11-23,M,0408,AGOSSOU Judith
PP-003089,PASSEPORT,IDRISSOU,Fatoumata,1963-06-09,F,0209,AGOSSOU Mariam
AN-003090,ACTE_NAISSANCE,AMOUSSOU,Fatoumata,1999-06-17,F,0605,ASSOGBA Gisèle
PP-003091,PASSEPORT,ZANNOU,Yves,2001-08-15,M,0604,AGBODJAN Judith
PP-003092,PASSEPORT,ADANDE,Justin Koffi,1960-11-25,M,0106,TOGBE Sèmèvo
CC-003093,CARTE_CONSULAIRE,AKPOVI,Bernice Estelle,1996-12-01,F,0703,YAROU Espérance
PP-003094,PASSEPORT,TOGBE,Carine,1989-10-04,F,0604,AHOYO Nadège
PP-003095,PASSEPORT,ADANDE,Ibrahim,1987-12-08,M,0305,ADANDE Mariam
PP-003096,PASSEPORT,AHOUANSOU,Sènami,2002-06-03,F,1102,LOKONON Fatoumata
AN-003097,ACTE_NAISSANCE,TCHIBOZO,Brice,1990-09-30,M,1201,QUENUM Chimène
AN-003098,ACTE_NAISSANCE,FASSINOU,Justin Gildas,1944-08-21,M,0606,YAROU Sènami
PP-003099,PASSEPORT,FASSINOU,Carine Nadège,1955-04-15,F,0308,AHOUANSOU Sèmèvo
PP-003100,PASSEPORT,AHOUANSOU,Rachid,1981-10-09,M,0408,GLELE Chimène
AN-003101,ACTE_NAISSANCE,MENSAH,Fabrice,2009-03-01,M,0905,ADJOVI Chimène
AN-003102,ACTE_NAISSANCE,KPADONOU,Bernice,1945-07-16,F,1209,GLELE Sènami
AN-003103,ACTE_NAISSANCE,HOUNKPATIN,Bernice,1979-09-15,F,0206,AGOSSOU Fatoumata
PP-003104,PASSEPORT,AHOYO,Brice Arnaud,1972-06-03,M,0903,GLELE Estelle
PP-003105,PASSEPORT,ADJOVI,Rachidatou,1992-10-31,F,0408,YAROU Rosine
AN-003106,ACTE_NAISSANCE,CODJIA,Fidèle Rodrigue,1992-11-04,M,1008,OSSENI Chimène
AN-003107,ACTE_NAISSANCE,MENSAH,Rachid,1978-02-25,M,0105,DANSOU Fatoumata
AN-003108,ACTE_NAISSANCE,VODOUNON,Ghislain,2012-12-01,M,0301,HOUNKPATIN Mariam
AN-003109,ACTE_NAISSANCE,KOUKPAKI,Bernice,1956-01-12,F,0306,CODJIA Carine
AN-003110,ACTE_NAISSANCE,AGBODJAN,Judith Sylvie,1987-10-14,F,0801,AHOYO Nadège
AN-003111,ACTE_NAISSANCE,ADJOVI,Mahougnon Ulrich,1977-01-29,M,1202,SOULEY Espérance
AN-003112,ACTE_NAISSANCE,TOGBE,Gisèle,1973-02-05,F,1201,ADJOVI Ayaba
AN-003113,ACTE_NAISSANCE,SOSSOU,Romaric,1995-10-27,M,0201,TOSSOU Sylvie
AN-003114,ACTE_NAISSANCE,HOUNGBO,Arnaud Serge,1995-10-10,M,0308,NOUATIN Gisèle
CC-003115,CARTE_CONSULAIRE,SOULEY,Ulrich,1970-09-22,M,1105,AKPOVI Sèmèvo
CC-003116,CARTE_CONSULAIRE,SOSSOU,Salamatou,1988-04-16,F,0704,BIO Estelle
AN-003117,ACTE_NAISSANCE,DOSSOU,Espérance,1984-11-22,F,0503,KOUKPAKI Ayaba
PP-003118,PASSEPORT,DANSOU,Rachidatou,1978-02-22,F,0103,AGOSSOU Carine
AN-003119,ACTE_NAISSANCE,SAGBO,Serge,2019-09-04,M,0203,KPADONOU Rosine
AN-003120,ACTE_NAISSANCE,ASSOGBA,Sènami Salamatou,1995-08-03,F,0302,MENSAH Gisèle
AN-003121,ACTE_NAISSANCE,DANSOU,Rosine,2017-07-17,F,1202,DANSOU Carine
AN-003122,ACTE_NAISSANCE,DANSOU,Romaric Comlan,1970-12-17,M,0403,AGOSSOU Gisèle
PP-003123,PASSEPORT,SAGBO,Romaric Fabrice,2003-04-13,M,0905,KIKI Fatoumata
CC-003124,CARTE_CONSULAIRE,VODOUNON,Ghislain,1999-06-28,M,0302,GLELE Ayaba
PP-003125,PASSEPORT,ZINSOU,Sèmèvo,1981-07-22,F,0102,HOUNGBO Estelle
AN-003126,ACTE_NAISSANCE,ASSOGBA,Rachidatou,1984-12-22,F,0106,SOULEY Fatoumata
AN-003127,ACTE_NAISSANCE,AHOYO,Nadège Prudence,2006-01-30,F,1008,TOSSOU Nadège
AN-003128,ACTE_NAISSANCE,KIKI,Justin Comlan,1998-11-04,M,1001,HOUESSOU Gisèle
AN-003129,ACTE_NAISSANCE,DANSOU,Romaric,1991-01-31,M,0901,VODOUNON Salamatou
AN-003130,ACTE_NAISSANCE,HOUNSOU,Rodrigue,2004-03-16,M,1208,QUENUM Rosine
PP-003131,PASSEPORT,AHOYO,Sylvie,1971-05-26,F,1204,ZINSOU Sylvie
AN-003132,ACTE_NAISSANCE,HOUNKPATIN,Carine Nadège,1993-01-25,F,1002,AHOYO Espérance
AN-003133,ACTE_NAISSANCE,GLELE,Ibrahim,1963-05-28,M,0602,GLELE Flore
AN-003134,ACTE_NAISSANCE,DANSOU,Chimène Salamatou,1985-09-16,F,1009,ALLADAYE Aïcha
AN-003135,ACTE_NAISSANCE,VODOUNON,Fidèle Comlan,1988-09-20,M,0704,CHABI Carine
AN-003136,ACTE_NAISSANCE,ASSOGBA,Estelle,1945-08-07,F,0301,VODOUNON Sènami
AN-003137,ACTE_NAISSANCE,ADANDE,Aïcha Judith,1976-11-05,F,0204,IDRISSOU Sèmèvo
AN-003138,ACTE_NAISSANCE,LOKONON,Aïcha,1983-05-17,F,1203,AGOSSOU Estelle
CC-003139,CARTE_CONSULAIRE,ASSOGBA,Gildas,1998-12-14,M,0308,BIO Bernice
AN-003140,ACTE_NAISSANCE,ALLADAYE,Mahougnon,1994-08-13,M,1201,AGOSSOU Fatoumata
AN-003141,ACTE_NAISSANCE,OSSENI,Rachid,1969-02-16,M,0505,QUENUM Judith
AN-003142,ACTE_NAISSANCE,TOGBE,Ulrich,2004-11-26,M,1207,ADANDE Bernice
PP-003143,PASSEPORT,TCHIBOZO,Gisèle,1985-06-11,F,0303,ZANNOU Carine
AN-003144,ACTE_NAISSANCE,NOUATIN,Rosine,1950-06-10,F,1201,AHOYO Carine
AN-003145,ACTE_NAISSANCE,ZINSOU,Romaric Brice,1993-12-21,M,0306,GLELE Gisèle
AN-003146,ACTE_NAISSANCE,IDRISSOU,Brice Arnaud,1993-01-12,M,0602,KIKI Rosine
AN-003147,ACTE_NAISSANCE,KOUKPAKI,Sèmèvo,1964-09-09,F,1101,DANSOU Sèmèvo
AN-003148,ACTE_NAISSANCE,SOSSOU,Gildas,1994-10-25,M,0606,AGOSSOU Aïcha
AN-003149,ACTE_NAISSANCE,AHOYO,Rodrigue,1992-11-30,M,0506,AHOYO Sylvie
AN-003150,ACTE_NAISSANCE,SOSSOU,Sylvie,1968-10-22,F,0701,SOSSOU Espérance
CC-003151,CARTE_CONSULAIRE,TOGBE,Romaric,2013-03-02,M,0902,AGOSSOU Carine
AN-003152,ACTE_NAISSANCE,AHOYO,Justin,1977-02-20,M,0901,BIO Sènami
AN-003153,ACTE_NAISSANCE,CODJIA,Brice,1992-06-28,M,0305,AMOUSSOU Judith
CC-003154,CARTE_CONSULAIRE,AHOYO,Fatoumata,2007-05-19,F,0202,TOSSOU Espérance
PP-003155,PASSEPORT,DANSOU,Koffi,1964-05-04,M,0101,ZINSOU Espérance
AN-003156,ACTE_NAISSANCE,HOUESSOU,Sèmèvo,1988-09-13,F,0902,CODJIA Estelle
AN-003157,ACTE_NAISSANCE,DANSOU,Ulrich,1986-07-04,M,1006,KIKI Prudence
AN-003158,ACTE_NAISSANCE,ALLADAYE,Aïcha,1985-11-27,F,0301,TOSSOU Rachidatou
AN-003159,ACTE_NAISSANCE,KOUKPAKI,Brice Ulrich,1995-04-13,M,0701,BONI Ayaba
AN-003160,ACTE_NAISSANCE,ZANNOU,Yves Ghislain,1998-01-11,M,0101,AKPOVI Sènami
AN-003161,ACTE_NAISSANCE,AGOSSOU,Serge Arnaud,1991-11-25,M,1102,AKPOVI Judith
AN-003162,ACTE_NAISSANCE,AGBODJAN,Carine,1971-01-30,F,0606,DANSOU Judith
AN-003163,ACTE_NAISSANCE,NOUATIN,Ibrahim Rachid,1999-10-28,M,0903,ADANDE Espérance
AN-003164,ACTE_NAISSANCE,AHOUANSOU,Fatoumata Salamatou,1996-07-14,F,0307,ZANNOU Gisèle
CC-003165,CARTE_CONSULAIRE,HOUNGBO,Sèmèvo,1954-11-03,F,0404,ZINSOU Fatoumata
AN-003166,ACTE_NAISSANCE,BONI,Rachidatou,1977-07-19,F,0904,KPADONOU Bernice
AN-003167,ACTE_NAISSANCE,NOUATIN,Koffi,1995-05-13,M,1209,HOUNSOU Carine
AN-003168,ACTE_NAISSANCE,HOUESSOU,Ghislain,1965-01-11,M,0406,YAROU Judith
CC-003169,CARTE_CONSULAIRE,NOUATIN,Sylvie Aïcha,1969-07-21,F,0606,ALLADAYE Chimène
AN-003170,ACTE_NAISSANCE,TCHIBOZO,Rachid,1950-12-18,M,1104,BIO Mariam
AN-003171,ACTE_NAISSANCE,QUENUM,Sèmèvo,2010-12-20,F,1208,AGBODJAN Rosine
CC-003172,CARTE_CONSULAIRE,NOUATIN,Rosine,1993-10-23,F,0905,CODJIA Sènami
AN-003173,ACTE_NAISSANCE,AGOSSOU,Ulrich,1990-06-16,M,0105,KOUKPAKI Judith
AN-003174,ACTE_NAISSANCE,KOUKPAKI,Koffi,2000-02-22,M,0405,SOULEY Rachidatou
AN-003175,ACTE_NAISSANCE,HOUNKPATIN,Mariam Estelle,1986-09-24,F,0603,CHABI Ayaba
AN-003176,ACTE_NAISSANCE,BONI,Chimène Salamatou,1974-06-17,F,0703,ZANNOU Nadège
AN-003177,ACTE_NAISSANCE,SOSSOU,Bienvenu,2011-03-17,M,0406,CHABI Prudence
AN-003178,ACTE_NAISSANCE,BIO,Mariam,2005-10-09,F,0702,YAROU Mariam
AN-003179,ACTE_NAISSANCE,AGBODJAN,Aïcha,1954-05-23,F,0506,LOKONON Espérance
AN-003180,ACTE_NAISSANCE,AKPOVI,Espérance,1994-10-28,F,0208,AHOYO Rachidatou
PP-003181,PASSEPORT,KIKI,Sènami,1987-02-09,F,1008,KOUKPAKI Sylvie
AN-003182,ACTE_NAISSANCE,DANSOU,Gisèle Sèmèvo,1996-04-01,F,1101,SOSSOU Nadège
AN-003183,ACTE_NAISSANCE,ADJOVI,Codjo,2007-03-02,M,0406,AHOUANSOU Sèmèvo
AN-003184,ACTE_NAISSANCE,GBAGUIDI,Justin,2007-11-19,M,1007,MENSAH Gisèle
AN-003185,ACTE_NAISSANCE,BIO,Moussa Ulrich,1953-12-15,M,1209,BIO Ayaba
PP-003186,PASSEPORT,ADANDE,Fabrice,1995-01-21,M,0308,CODJIA Sènami
PP-003187,PASSEPORT,SOULEY,Fabrice,1986-07-17,M,0208,ZINSOU Sylvie
AN-003188,ACTE_NAISSANCE,ZINSOU,Bernice,1958-10-01,F,1104,GBAGUIDI Gisèle
AN-003189,ACTE_NAISSANCE,BONI,Aïcha,1978-07-12,F,0101,ZANNOU Aïcha
PP-003190,PASSEPORT,KOUKPAKI,Carine,1999-02-13,F,1002,ASSOGBA Sylvie
PP-003191,PASSEPORT,KPADONOU,Brice Rodrigue,2005-02-03,M,0106,VODOUNON Flore
AN-003192,ACTE_NAISSANCE,TOGBE,Bienvenu,1964-10-03,M,1002,GBAGUIDI Prudence
AN-003193,ACTE_NAISSANCE,GLELE,Ulrich Koffi,2021-10-02,M,0403,HOUESSOU Mariam
AN-003194,ACTE_NAISSANCE,AGBODJAN,Sènami,1988-08-14,F,0503,HOUNKPATIN Gisèle
AN-003195,ACTE_NAISSANCE,NOUATIN,Rachid,1984-02-22,M,0703,KPADONOU Aïcha
AN-003196,ACTE_NAISSANCE,KIKI,Arnaud Moussa,1971-08-13,M,0406,AGBODJAN Ayaba
AN-003197,ACTE_NAISSANCE,HOUNKPATIN,Fidèle,1983-09-22,M,0206,HOUNGBO Carine
AN-003198,ACTE_NAISSANCE,LOKONON,Estelle,1966-01-28,F,0204,FASSINOU Estelle
CC-003199,CARTE_CONSULAIRE,TCHIBOZO,Rachid Gildas,2011-05-10,M,1104,AHOUANSOU Sylvie
CC-003200,CARTE_CONSULAIRE,ZANNOU,Bernice Mariam,2007-06-15,F,0308,AMOUSSOU Prudence
AN-003201,ACTE_NAISSANCE,QUENUM,Rodrigue Moussa,1989-03-26,M,0506,ZANNOU Prudence
AN-003202,ACTE_NAISSANCE,ZANNOU,Ibrahim Moussa,1946-12-25,M,0502,AHOYO Sylvie
AN-003203,ACTE_NAISSANCE,AHOUANSOU,Carine,1991-02-26,F,1006,BONI Aïcha
AN-003204,ACTE_NAISSANCE,DOSSOU,Gildas,1998-12-26,M,1203,OSSENI Salamatou
AN-003205,ACTE_NAISSANCE,ADANDE,Fidèle Koffi,1945-03-03,M,0207,ADANDE Estelle
AN-003206,ACTE_NAISSANCE,GBAGUIDI,Gisèle,2002-02-19,F,0102,SOULEY Carine
AN-003207,ACTE_NAISSANCE,KIKI,Rosine Mariam,1986-05-08,F,1205,BONI Ayaba
PP-003208,PASSEPORT,YAROU,Gildas,1996-04-30,M,0102,DOSSOU Gisèle
AN-003209,ACTE_NAISSANCE,BONI,Nadège,2000-08-14,F,0203,HOUNSOU Sèmèvo
AN-003210,ACTE_NAISSANCE,OSSENI,Rachid Codjo,1971-02-10,M,0302,TCHIBOZO Mariam
AN-003211,ACTE_NAISSANCE,DANSOU,Ibrahim,2002-03-10,M,0308,TCHIBOZO Judith
CC-003212,CARTE_CONSULAIRE,HOUNKPATIN,Justin,1970-08-26,M,1002,YAROU Rachidatou
AN-003213,ACTE_NAISSANCE,LOKONON,Koffi,1959-09-15,M,1002,MENSAH Estelle
AN-003214,ACTE_NAISSANCE,VODOUNON,Ayaba Estelle,1970-01-27,F,1207,ZANNOU Aïcha
AN-003215,ACTE_NAISSANCE,FASSINOU,Aïcha,2006-08-02,F,0703,AGOSSOU Mariam
AN-003216,ACTE_NAISSANCE,TCHIBOZO,Sylvie,2023-05-02,F,0204,ZINSOU Carine
AN-003217,ACTE_NAISSANCE,AGOSSOU,Ulrich,2005-08-29,M,1008,SAGBO Sylvie
AN-003218,ACTE_NAISSANCE,TOGBE,Koffi,2003-10-31,M,0703,YAROU Sylvie
AN-003219,ACTE_NAISSANCE,AKPOVI,Bienvenu,2009-04-03,M,0101,HOUNGBO Chimène
AN-003220,ACTE_NAISSANCE,DOSSOU,Justin Ibrahim,2004-06-19,M,0501,AHOYO Rosine
AN-003221,ACTE_NAISSANCE,BIO,Sènami,1977-05-04,F,1103,IDRISSOU Rachidatou
PP-003222,PASSEPORT,ALLADAYE,Aïcha,1973-10-13,F,1006,ADANDE Chimène
CC-003223,CARTE_CONSULAIRE,AKPOVI,Sylvie,1991-04-07,F,0404,DANSOU Salamatou
AN-003224,ACTE_NAISSANCE,GBAGUIDI,Gisèle,1965-05-19,F,1001,YAROU Fatoumata
AN-003225,ACTE_NAISSANCE,HOUNGBO,Codjo,1990-10-14,M,0905,KPADONOU Flore
AN-003226,ACTE_NAISSANCE,YAROU,Brice,1970-05-04,M,0204,VODOUNON Salamatou
PP-003227,PASSEPORT,AGBODJAN,Fatoumata Judith,1997-06-11,F,0906,ADANDE Flore
PP-003228,PASSEPORT,TCHIBOZO,Nadège,2019-09-20,F,0503,ASSOGBA Espérance
AN-003229,ACTE_NAISSANCE,HOUNGBO,Bernice,1986-09-11,F,1008,TCHIBOZO Estelle
AN-003230,ACTE_NAISSANCE,TOSSOU,Sylvie Sènami,1998-06-08,F,0501,OSSENI Prudence
AN-003231,ACTE_NAISSANCE,HOUNKPATIN,Yves,1984-10-29,M,0901,FASSINOU Salamatou
CC-003232,CARTE_CONSULAIRE,CHABI,Chimène Nadège,2019-12-13,F,0201,KIKI Salamatou
AN-003233,ACTE_NAISSANCE,ZANNOU,Fatoumata,1998-07-02,F,0106,IDRISSOU Prudence
AN-003234,ACTE_NAISSANCE,VODOUNON,Sènami,1954-10-04,F,0408,DOSSOU Estelle
CC-003235,CARTE_CONSULAIRE,MENSAH,Ghislain,1968-08-22,M,0103,AHOUANSOU Sènami
AN-003236,ACTE_NAISSANCE,ADANDE,Sèmèvo,1998-07-03,F,0302,KPADONOU Nadège
AN-003237,ACTE_NAISSANCE,TCHIBOZO,Chimène,2004-02-03,F,0906,KOUKPAKI Salamatou
AN-003238,ACTE_NAISSANCE,YAROU,Ulrich,1996-08-21,M,0501,TOSSOU Rachidatou
AN-003239,ACTE_NAISSANCE,AHOYO,Gildas Romaric,1984-02-13,M,0901,ZINSOU Mariam
PP-003240,PASSEPORT,GBAGUIDI,Rosine Fatoumata,1975-09-15,F,1007,QUENUM Prudence
AN-003241,ACTE_NAISSANCE,OSSENI,Bienvenu,1976-06-07,M,0801,KIKI Chimène
CC-003242,CARTE_CONSULAIRE,BIO,Fatoumata Rachidatou,1993-01-30,F,0502,ASSOGBA Estelle
AN-003243,ACTE_NAISSANCE,KPADONOU,Serge,1966-07-01,M,0307,CODJIA Estelle
AN-003244,ACTE_NAISSANCE,HOUNKPATIN,Ibrahim,1979-01-13,M,0503,KPADONOU Sènami
AN-003245,ACTE_NAISSANCE,AGBODJAN,Fatoumata,1948-07-12,F,1201,DANSOU Sèmèvo
AN-003246,ACTE_NAISSANCE,AHOUANSOU,Gildas Ulrich,1980-11-05,M,0105,ALLADAYE Fatoumata
AN-003247,ACTE_NAISSANCE,AGBODJAN,Fabrice Arnaud,1978-10-14,M,0304,OSSENI Rachidatou
AN-003248,ACTE_NAISSANCE,TOGBE,Ibrahim,1988-03-20,M,0605,QUENUM Mariam
AN-003249,ACTE_NAISSANCE,AHOYO,Comlan,1977-11-20,M,0303,CHABI Mariam
AN-003250,ACTE_NAISSANCE,FASSINOU,Mahougnon,2014-02-12,M,0502,AKPOVI Judith
AN-003251,ACTE_NAISSANCE,BIO,Brice,1986-11-15,M,0308,SAGBO Nadège
AN-003252,ACTE_NAISSANCE,AKPOVI,Ibrahim,2017-11-03,M,0602,SOSSOU Rachidatou
AN-003253,ACTE_NAISSANCE,ADANDE,Gisèle Fatoumata,1996-03-13,F,0206,SAGBO Ayaba
AN-003254,ACTE_NAISSANCE,HOUNGBO,Ibrahim Bienvenu,1972-12-21,M,0502,AGOSSOU Carine
AN-003255,ACTE_NAISSANCE,HOUNGBO,Espérance Ayaba,2002-01-21,F,0403,KOUKPAKI Gisèle
PP-003256,PASSEPORT,SOULEY,Aïcha,1998-07-29,F,0506,GBAGUIDI Flore
AN-003257,ACTE_NAISSANCE,AGOSSOU,Carine,2006-01-27,F,0702,YAROU Rachidatou
CC-003258,CARTE_CONSULAIRE,TCHIBOZO,Koffi Ibrahim,2003-05-25,M,0406,AHOUANSOU Sènami
AN-003259,ACTE_NAISSANCE,AKPOVI,Romaric Ibrahim,1978-10-05,M,0201,NOUATIN Sènami
AN-003260,ACTE_NAISSANCE,QUENUM,Rosine,2000-01-29,F,0203,CODJIA Estelle
AN-003261,ACTE_NAISSANCE,ZANNOU,Rachidatou Prudence,1995-12-26,F,1004,HOUNGBO Ayaba
AN-003262,ACTE_NAISSANCE,OSSENI,Gildas Codjo,2009-05-05,M,0302,SOULEY Flore
CC-003263,CARTE_CONSULAIRE,NOUATIN,Gildas,1984-03-19,M,0307,AMOUSSOU Espérance
AN-003264,ACTE_NAISSANCE,TOGBE,Gildas Romaric,1988-03-26,M,0408,AGBODJAN Mariam
AN-003265,ACTE_NAISSANCE,TOSSOU,Romaric Moussa,2012-02-05,M,0101,BIO Prudence
AN-003266,ACTE_NAISSANCE,YAROU,Ayaba Gisèle,1977-03-22,F,0403,TCHIBOZO Nadège
PP-003267,PASSEPORT,ADJOVI,Rachidatou,1978-01-29,F,0102,YAROU Sèmèvo
AN-003268,ACTE_NAISSANCE,DOSSOU,Fidèle Fabrice,1996-11-29,M,0101,NOUATIN Salamatou
AN-003269,ACTE_NAISSANCE,BIO,Koffi Yves,1999-01-07,M,0405,DANSOU Fatoumata
AN-003270,ACTE_NAISSANCE,AGBODJAN,Ayaba,1977-09-01,F,1003,ADANDE Rosine
CC-003271,CARTE_CONSULAIRE,BONI,Prudence,2020-07-02,F,0703,KOUKPAKI Rachidatou
AN-003272,ACTE_NAISSANCE,OSSENI,Brice Fidèle,1997-01-12,M,0204,AKPOVI Espérance
AN-003273,ACTE_NAISSANCE,VODOUNON,Sylvie Flore,1999-03-25,F,1208,HOUESSOU Sylvie
AN-003274,ACTE_NAISSANCE,SAGBO,Prudence Judith,1978-12-10,F,1206,AGOSSOU Sylvie
AN-003275,ACTE_NAISSANCE,KIKI,Ibrahim Moussa,1972-04-06,M,0506,DOSSOU Sylvie
CC-003276,CARTE_CONSULAIRE,GBAGUIDI,Romaric,2002-07-05,M,1205,ZINSOU Espérance
CC-003277,CARTE_CONSULAIRE,DANSOU,Bernice,1961-11-11,F,0308,TCHIBOZO Prudence
AN-003278,ACTE_NAISSANCE,LOKONON,Yves,2001-07-12,M,1104,SOULEY Prudence
PP-003279,PASSEPORT,TOGBE,Comlan,2000-08-01,M,0506,CODJIA Aïcha
AN-003280,ACTE_NAISSANCE,MENSAH,Aïcha,2003-09-25,F,0201,TOSSOU Aïcha
AN-003281,ACTE_NAISSANCE,DANSOU,Ulrich,1993-07-30,M,0104,AKPOVI Prudence
AN-003282,ACTE_NAISSANCE,TOSSOU,Yves,2002-12-03,M,1101,TOGBE Sylvie
PP-003283,PASSEPORT,KOUKPAKI,Brice,1984-03-12,M,0604,HOUNSOU Aïcha
AN-003284,ACTE_NAISSANCE,ASSOGBA,Brice,1951-01-17,M,0704,DANSOU Sylvie
AN-003285,ACTE_NAISSANCE,VODOUNON,Bienvenu,1989-05-11,M,0407,DOSSOU Espérance
AN-003286,ACTE_NAISSANCE,ZINSOU,Mahougnon Ibrahim,1996-08-14,M,1007,ADJOVI Judith
AN-003287,ACTE_NAISSANCE,BONI,Ayaba,1990-05-12,F,0905,HOUNKPATIN Rosine
PP-003288,PASSEPORT,SOSSOU,Fatoumata Gisèle,1971-03-15,F,1009,AGOSSOU Gisèle
PP-003289,PASSEPORT,DANSOU,Codjo,1945-05-31,M,0205,OSSENI Sylvie
PP-003290,PASSEPORT,BIO,Gisèle Rachidatou,2014-06-02,F,1207,KIKI Carine
AN-003291,ACTE_NAISSANCE,KIKI,Romaric,1990-06-18,M,1008,TCHIBOZO Carine
AN-003292,ACTE_NAISSANCE,FASSINOU,Carine Salamatou,1990-11-18,F,1001,ASSOGBA Rachidatou
AN-003293,ACTE_NAISSANCE,KIKI,Ibrahim,2013-06-28,M,1009,KIKI Nadège
AN-003294,ACTE_NAISSANCE,VODOUNON,Aïcha Sènami,1999-03-07,F,1207,AGOSSOU Sènami
AN-003295,ACTE_NAISSANCE,GBAGUIDI,Flore,2008-01-22,F,0405,SAGBO Ayaba
AN-003296,ACTE_NAISSANCE,SOULEY,Gildas,2007-10-26,M,1001,IDRISSOU Nadège
AN-003297,ACTE_NAISSANCE,SOSSOU,Yves,1982-05-20,M,0106,AMOUSSOU Salamatou
AN-003298,ACTE_NAISSANCE,ZINSOU,Carine,1994-06-30,F,0903,ASSOGBA Aïcha
AN-003299,ACTE_NAISSANCE,SOSSOU,Sènami Mariam,1955-04-13,F,0602,YAROU Rosine
CC-003300,CARTE_CONSULAIRE,AGOSSOU,Koffi,1977-04-10,M,0304,TCHIBOZO Aïcha
AN-003301,ACTE_NAISSANCE,ADJOVI,Salamatou,1960-12-10,F,0106,KIKI Chimène
AN-003302,ACTE_NAISSANCE,ZINSOU,Koffi,2001-11-25,M,0704,AGOSSOU Bernice
AN-003303,ACTE_NAISSANCE,DANSOU,Brice Gildas,2001-10-28,M,0601,QUENUM Estelle
AN-003304,ACTE_NAISSANCE,ZANNOU,Mahougnon Koffi,1974-09-04,M,0903,SOULEY Sylvie
AN-003305,ACTE_NAISSANCE,AMOUSSOU,Gisèle,2017-08-07,F,1203,ASSOGBA Fatoumata
PP-003306,PASSEPORT,FASSINOU,Bienvenu,1972-02-14,M,0506,AHOYO Gisèle
AN-003307,ACTE_NAISSANCE,KIKI,Romaric Codjo,1961-09-14,M,0604,QUENUM Sèmèvo
AN-003308,ACTE_NAISSANCE,BIO,Justin,1952-10-03,M,1002,VODOUNON Ayaba
AN-003309,ACTE_NAISSANCE,HOUNKPATIN,Sèmèvo,1951-12-22,F,0801,SAGBO Salamatou
AN-003310,ACTE_NAISSANCE,TCHIBOZO,Espérance,1960-09-09,F,0601,VODOUNON Bernice
CC-003311,CARTE_CONSULAIRE,NOUATIN,Rosine Sèmèvo,2000-07-28,F,0204,AGOSSOU Chimène
AN-003312,ACTE_NAISSANCE,SOULEY,Gisèle Carine,1943-12-20,F,1002,BONI Sylvie
AN-003313,ACTE_NAISSANCE,YAROU,Rosine,1982-11-17,F,1003,NOUATIN Salamatou
AN-003314,ACTE_NAISSANCE,TOSSOU,Rosine,1956-07-14,F,1203,NOUATIN Judith
AN-003315,ACTE_NAISSANCE,KOUKPAKI,Chimène Flore,1951-11-06,F,0304,TOGBE Chimène
AN-003316,ACTE_NAISSANCE,HOUESSOU,Judith,1987-09-03,F,0201,MENSAH Sènami
AN-003317,ACTE_NAISSANCE,AMOUSSOU,Espérance Carine,1951-12-21,F,1208,KIKI Flore
AN-003318,ACTE_NAISSANCE,NOUATIN,Brice,1962-10-18,M,1204,QUENUM Chimène
AN-003319,ACTE_NAISSANCE,ASSOGBA,Moussa,1987-07-11,M,1007,YAROU Nadège
PP-003320,PASSEPORT,ZANNOU,Sènami,1998-09-21,F,1004,AGBODJAN Espérance
AN-003321,ACTE_NAISSANCE,SOULEY,Ibrahim Fabrice,1997-05-18,M,1101,DANSOU Mariam
PP-003322,PASSEPORT,GBAGUIDI,Moussa,1981-01-01,M,0302,AHOUANSOU Nadège
CC-003323,CARTE_CONSULAIRE,IDRISSOU,Estelle,1989-12-25,F,1001,ZANNOU Rosine
AN-003324,ACTE_NAISSANCE,DANSOU,Chimène,2012-11-24,F,1006,KIKI Flore
AN-003325,ACTE_NAISSANCE,ALLADAYE,Rosine,1954-07-13,F,0206,AGOSSOU Espérance
AN-003326,ACTE_NAISSANCE,AHOYO,Fidèle,2002-07-02,M,0902,SAGBO Bernice
PP-003327,PASSEPORT,AGBODJAN,Romaric Comlan,1982-10-23,M,0106,YAROU Fatoumata
AN-003328,ACTE_NAISSANCE,HOUNKPATIN,Sèmèvo Nadège,1994-05-15,F,0406,SAGBO Fatoumata
AN-003329,ACTE_NAISSANCE,ZINSOU,Rachidatou,1998-04-08,F,0301,BONI Estelle
AN-003330,ACTE_NAISSANCE,AMOUSSOU,Ibrahim,2001-12-27,M,0104,TOSSOU Prudence
AN-003331,ACTE_NAISSANCE,AKPOVI,Rodrigue,2015-05-16,M,1002,YAROU Mariam
AN-003332,ACTE_NAISSANCE,AMOUSSOU,Fabrice,1989-02-02,M,0405,ZINSOU Judith
CC-003333,CARTE_CONSULAIRE,GLELE,Serge Mahougnon,1992-03-12,M,0209,BIO Aïcha
CC-003334,CARTE_CONSULAIRE,SOSSOU,Fidèle Justin,1985-01-14,M,0106,TOGBE Mariam
AN-003335,ACTE_NAISSANCE,AHOUANSOU,Flore,1994-06-01,F,0104,SAGBO Aïcha
AN-003336,ACTE_NAISSANCE,DOSSOU,Sènami,1998-06-27,F,0202,DOSSOU Rosine
AN-003337,ACTE_NAISSANCE,BONI,Ghislain,1964-12-27,M,1206,MENSAH Chimène
AN-003338,ACTE_NAISSANCE,SAGBO,Rosine,1956-03-04,F,0906,KOUKPAKI Carine
AN-003339,ACTE_NAISSANCE,HOUESSOU,Fabrice Ulrich,1943-07-15,M,0306,BIO Salamatou
PP-003340,PASSEPORT,ADANDE,Ibrahim,1998-08-20,M,1104,SOULEY Gisèle
AN-003341,ACTE_NAISSANCE,AHOUANSOU,Judith Estelle,1973-05-19,F,1105,GLELE Sèmèvo
AN-003342,ACTE_NAISSANCE,SOULEY,Bienvenu,1979-03-07,M,0102,AKPOVI Chimène
PP-003343,PASSEPORT,IDRISSOU,Codjo,2005-10-26,M,1209,ZINSOU Rachidatou
AN-003344,ACTE_NAISSANCE,AHOUANSOU,Arnaud,2001-05-21,M,0905,SAGBO Salamatou
CC-003345,CARTE_CONSULAIRE,KOUKPAKI,Fatoumata Ayaba,1982-09-03,F,0406,DANSOU Prudence
AN-003346,ACTE_NAISSANCE,HOUNSOU,Carine,1954-02-19,F,0308,KPADONOU Carine
AN-003347,ACTE_NAISSANCE,AMOUSSOU,Yves,1951-01-14,M,0503,SOSSOU Rachidatou
AN-003348,ACTE_NAISSANCE,CHABI,Ibrahim Gildas,2000-12-01,M,1206,ZANNOU Gisèle
AN-003349,ACTE_NAISSANCE,ADANDE,Rosine Gisèle,1998-06-04,F,0306,AHOYO Espérance
PP-003350,PASSEPORT,SAGBO,Bienvenu,1973-03-26,M,0903,IDRISSOU Ayaba
AN-003351,ACTE_NAISSANCE,HOUNGBO,Sèmèvo,1987-01-04,F,0102,AKPOVI Estelle
AN-003352,ACTE_NAISSANCE,FASSINOU,Comlan Yves,1991-08-30,M,0603,HOUNKPATIN Bernice
AN-003353,ACTE_NAISSANCE,CHABI,Gildas,1941-11-15,M,0405,QUENUM Rachidatou
AN-003354,ACTE_NAISSANCE,HOUNKPATIN,Yves,2013-10-24,M,0302,OSSENI Rosine
AN-003355,ACTE_NAISSANCE,LOKONON,Justin,2000-05-15,M,1007,IDRISSOU Flore
AN-003356,ACTE_NAISSANCE,CODJIA,Ghislain Yves,1957-12-10,M,0902,BONI Chimène
AN-003357,ACTE_NAISSANCE,GLELE,Ayaba,1992-01-19,F,1001,VODOUNON Espérance
AN-003358,ACTE_NAISSANCE,HOUNGBO,Koffi,1965-05-16,M,0901,HOUNSOU Carine
CC-003359,CARTE_CONSULAIRE,BONI,Bienvenu,2008-03-28,M,0602,AKPOVI Espérance
PP-003360,PASSEPORT,VODOUNON,Codjo,1988-02-06,M,0308,AKPOVI Fatoumata
PP-003361,PASSEPORT,IDRISSOU,Codjo Gildas,2005-10-05,M,1102,SOSSOU Mariam
AN-003362,ACTE_NAISSANCE,ADANDE,Gisèle,2001-05-21,F,0407,IDRISSOU Aïcha
CC-003363,CARTE_CONSULAIRE,ZINSOU,Fidèle,1959-10-23,M,0902,FASSINOU Judith
AN-003364,ACTE_NAISSANCE,ZANNOU,Arnaud,2002-07-23,M,0209,KOUKPAKI Prudence
CC-003365,CARTE_CONSULAIRE,DOSSOU,Sylvie,1988-05-08,F,0405,GBAGUIDI Estelle
AN-003366,ACTE_NAISSANCE,AKPOVI,Judith,1998-05-07,F,1104,DANSOU Carine
PP-003367,PASSEPORT,SOSSOU,Nadège,1986-08-27,F,0207,NOUATIN Ayaba
AN-003368,ACTE_NAISSANCE,CHABI,Mahougnon Koffi,1986-02-25,M,0307,ZANNOU Sylvie
AN-003369,ACTE_NAISSANCE,KIKI,Codjo Rachid,1988-07-26,M,0701,QUENUM Bernice
AN-003370,ACTE_NAISSANCE,IDRISSOU,Espérance,1956-03-19,F,0208,QUENUM Fatoumata
AN-003371,ACTE_NAISSANCE,SOULEY,Codjo Brice,1972-06-12,M,0205,IDRISSOU Bernice
PP-003372,PASSEPORT,TOSSOU,Fidèle,1949-11-21,M,0305,HOUNKPATIN Gisèle
AN-003373,ACTE_NAISSANCE,ADJOVI,Ghislain,1963-03-17,M,0506,TOSSOU Ayaba
AN-003374,ACTE_NAISSANCE,FASSINOU,Justin Moussa,2008-11-24,M,1204,GBAGUIDI Sylvie
AN-003375,ACTE_NAISSANCE,HOUNSOU,Flore Espérance,1988-01-18,F,1207,YAROU Gisèle
CC-003376,CARTE_CONSULAIRE,FASSINOU,Aïcha,1963-02-07,F,0503,DOSSOU Salamatou
AN-003377,ACTE_NAISSANCE,OSSENI,Chimène,2012-02-02,F,0202,DANSOU Salamatou
AN-003378,ACTE_NAISSANCE,DANSOU,Rachidatou,2000-03-06,F,0903,SOSSOU Ayaba
AN-003379,ACTE_NAISSANCE,AHOYO,Serge,1962-07-02,M,0207,AMOUSSOU Ayaba
AN-003380,ACTE_NAISSANCE,SOSSOU,Rosine,1992-09-29,F,1207,ASSOGBA Espérance
PP-003381,PASSEPORT,AHOYO,Salamatou Carine,1994-04-21,F,0904,TOSSOU Salamatou
AN-003382,ACTE_NAISSANCE,TOGBE,Estelle,1965-12-05,F,0702,HOUNKPATIN Salamatou
PP-003383,PASSEPORT,ALLADAYE,Gildas Codjo,2010-10-27,M,0801,TOGBE Sylvie
AN-003384,ACTE_NAISSANCE,AMOUSSOU,Bienvenu,1988-11-20,M,0201,HOUNSOU Flore
CC-003385,CARTE_CONSULAIRE,BONI,Ibrahim,1972-03-03,M,1003,ASSOGBA Prudence
CC-003386,CARTE_CONSULAIRE,OSSENI,Moussa,1966-08-18,M,0506,HOUNKPATIN Estelle
AN-003387,ACTE_NAISSANCE,YAROU,Prudence,2017-05-03,F,0506,OSSENI Fatoumata
AN-003388,ACTE_NAISSANCE,VODOUNON,Judith Ayaba,2022-02-17,F,0403,VODOUNON Flore
AN-003389,ACTE_NAISSANCE,AMOUSSOU,Codjo Ghislain,1991-09-27,M,1207,TOGBE Judith
AN-003390,ACTE_NAISSANCE,NOUATIN,Flore,2006-11-04,F,0605,GLELE Flore
AN-003391,ACTE_NAISSANCE,LOKONON,Nadège,2015-10-05,F,1006,AHOUANSOU Bernice
AN-003392,ACTE_NAISSANCE,DANSOU,Moussa Yves,1978-10-13,M,0501,AHOYO Sylvie
CC-003393,CARTE_CONSULAIRE,ADANDE,Gisèle,1968-12-12,F,1201,ALLADAYE Sènami
AN-003394,ACTE_NAISSANCE,HOUNSOU,Chimène,2013-11-11,F,0702,IDRISSOU Sènami
CC-003395,CARTE_CONSULAIRE,CHABI,Brice Gildas,1958-02-22,M,0902,BONI Ayaba
AN-003396,ACTE_NAISSANCE,LOKONON,Comlan Koffi,1965-11-03,M,1203,CHABI Espérance
AN-003397,ACTE_NAISSANCE,KOUKPAKI,Gisèle,1994-10-17,F,0408,VODOUNON Ayaba
CC-003398,CARTE_CONSULAIRE,ADJOVI,Chimène,1998-01-08,F,1006,HOUNGBO Rachidatou
PP-003399,PASSEPORT,SAGBO,Sèmèvo,1959-02-22,F,0102,FASSINOU Ayaba
AN-003400,ACTE_NAISSANCE,MENSAH,Rachidatou,1977-01-10,F,0606,NOUATIN Prudence
AN-003401,ACTE_NAISSANCE,FASSINOU,Mahougnon,1977-04-24,M,0503,OSSENI Ayaba
AN-003402,ACTE_NAISSANCE,AKPOVI,Yves Serge,1978-08-30,M,0503,FASSINOU Espérance
AN-003403,ACTE_NAISSANCE,AHOUANSOU,Mahougnon,2016-01-03,M,0308,KPADONOU Prudence
CC-003404,CARTE_CONSULAIRE,QUENUM,Ayaba,1995-10-05,F,0906,ADJOVI Aïcha
AN-003405,ACTE_NAISSANCE,KIKI,Chimène,2025-08-26,F,1001,MENSAH Ayaba
AN-003406,ACTE_NAISSANCE,HOUNSOU,Nadège,1988-10-31,F,0501,QUENUM Sèmèvo
CC-003407,CARTE_CONSULAIRE,KPADONOU,Ghislain Fabrice,1979-06-21,M,1008,LOKONON Fatoumata
AN-003408,ACTE_NAISSANCE,HOUNKPATIN,Mahougnon Ibrahim,1992-05-24,M,1002,TOGBE Fatoumata
AN-003409,ACTE_NAISSANCE,HOUNGBO,Arnaud,1973-11-11,M,0505,AKPOVI Prudence
AN-003410,ACTE_NAISSANCE,TOSSOU,Salamatou,2002-01-31,F,0405,DANSOU Carine
AN-003411,ACTE_NAISSANCE,ADJOVI,Gisèle,1974-05-28,F,0301,AHOYO Estelle
AN-003412,ACTE_NAISSANCE,AGBODJAN,Romaric,1986-12-17,M,0501,ALLADAYE Estelle
PP-003413,PASSEPORT,NOUATIN,Justin,1941-06-19,M,0602,IDRISSOU Estelle
PP-003414,PASSEPORT,SAGBO,Arnaud Rodrigue,1952-04-10,M,0501,QUENUM Sylvie
CC-003415,CARTE_CONSULAIRE,ADANDE,Mariam,1989-04-20,F,0401,KPADONOU Aïcha
AN-003416,ACTE_NAISSANCE,SAGBO,Judith,1961-09-19,F,1001,AGOSSOU Fatoumata
AN-003417,ACTE_NAISSANCE,TCHIBOZO,Mariam Rosine,1998-06-23,F,0504,OSSENI Prudence
PP-003418,PASSEPORT,AKPOVI,Sylvie,2010-11-26,F,1209,AHOUANSOU Nadège
AN-003419,ACTE_NAISSANCE,AGBODJAN,Bienvenu Koffi,1994-05-02,M,0207,MENSAH Aïcha
AN-003420,ACTE_NAISSANCE,AGBODJAN,Mahougnon Yves,1998-10-14,M,1002,AHOYO Gisèle
AN-003421,ACTE_NAISSANCE,YAROU,Ayaba,2010-06-02,F,1208,QUENUM Sèmèvo
AN-003422,ACTE_NAISSANCE,AGBODJAN,Mariam,1969-01-28,F,0302,OSSENI Salamatou
AN-003423,ACTE_NAISSANCE,AKPOVI,Rachidatou,1972-11-07,F,1101,AGOSSOU Mariam
AN-003424,ACTE_NAISSANCE,ASSOGBA,Rosine Rachidatou,2005-04-06,F,0206,AGOSSOU Espérance
AN-003425,ACTE_NAISSANCE,AHOUANSOU,Comlan Koffi,1982-09-02,M,0504,KIKI Judith
AN-003426,ACTE_NAISSANCE,BIO,Gildas,1998-07-06,M,0206,TOGBE Prudence
CC-003427,CARTE_CONSULAIRE,ADJOVI,Fatoumata,1979-05-27,F,0308,ADJOVI Prudence
AN-003428,ACTE_NAISSANCE,HOUNSOU,Fatoumata,1994-02-03,F,0501,ADANDE Espérance
AN-003429,ACTE_NAISSANCE,AGOSSOU,Sylvie,2015-10-12,F,0307,ADANDE Carine
AN-003430,ACTE_NAISSANCE,BIO,Romaric,1996-12-31,M,0506,HOUNSOU Nadège
PP-003431,PASSEPORT,SOULEY,Gisèle,1988-05-20,F,0801,DANSOU Rachidatou
AN-003432,ACTE_NAISSANCE,HOUESSOU,Rodrigue,2002-06-01,M,0701,AGOSSOU Mariam
PP-003433,PASSEPORT,ZINSOU,Rachidatou Salamatou,1982-06-20,F,0404,SAGBO Chimène
AN-003434,ACTE_NAISSANCE,KOUKPAKI,Aïcha,2018-04-29,F,0402,QUENUM Chimène
AN-003435,ACTE_NAISSANCE,ADANDE,Codjo,1990-10-08,M,1204,TOGBE Mariam
CC-003436,CARTE_CONSULAIRE,FASSINOU,Mariam,1966-12-31,F,1006,CODJIA Judith
AN-003437,ACTE_NAISSANCE,NOUATIN,Sèmèvo,1980-09-11,F,0307,ALLADAYE Flore
AN-003438,ACTE_NAISSANCE,LOKONON,Flore,2020-04-29,F,0704,NOUATIN Carine
PP-003439,PASSEPORT,KPADONOU,Sylvie,1956-05-11,F,0904,IDRISSOU Carine
AN-003440,ACTE_NAISSANCE,KOUKPAKI,Fabrice Koffi,1988-12-03,M,0104,YAROU Rachidatou
CC-003441,CARTE_CONSULAIRE,NOUATIN,Mariam,1979-06-20,F,0403,IDRISSOU Prudence
AN-003442,ACTE_NAISSANCE,ZINSOU,Nadège,1985-07-03,F,1209,AMOUSSOU Carine
AN-003443,ACTE_NAISSANCE,TOGBE,Salamatou,2006-08-05,F,0407,ALLADAYE Rachidatou
AN-003444,ACTE_NAISSANCE,HOUNSOU,Ghislain,1954-09-17,M,0306,SOSSOU Sylvie
AN-003445,ACTE_NAISSANCE,AGBODJAN,Prudence,1994-11-03,F,0602,BONI Carine
AN-003446,ACTE_NAISSANCE,TOSSOU,Flore Rachidatou,1952-01-03,F,0405,HOUESSOU Gisèle
AN-003447,ACTE_NAISSANCE,IDRISSOU,Flore Mariam,1989-01-08,F,0405,ADANDE Ayaba
PP-003448,PASSEPORT,CHABI,Koffi,1959-11-22,M,0207,BONI Prudence
AN-003449,ACTE_NAISSANCE,ASSOGBA,Romaric,1999-01-15,M,0208,FASSINOU Ayaba
AN-003450,ACTE_NAISSANCE,CODJIA,Mariam,1990-07-05,F,0506,IDRISSOU Bernice
PP-003451,PASSEPORT,AKPOVI,Comlan,1969-11-24,M,0402,QUENUM Ayaba
CC-003452,CARTE_CONSULAIRE,SOULEY,Serge,2003-01-08,M,0204,DANSOU Sèmèvo
PP-003453,PASSEPORT,OSSENI,Rachid,1986-11-15,M,0204,AMOUSSOU Rosine
CC-003454,CARTE_CONSULAIRE,QUENUM,Sènami,1992-05-29,F,0602,YAROU Fatoumata
AN-003455,ACTE_NAISSANCE,LOKONON,Romaric,2013-12-21,M,1005,NOUATIN Mariam
PP-003456,PASSEPORT,AHOYO,Mahougnon Fidèle,1957-03-31,M,0205,CODJIA Prudence
CC-003457,CARTE_CONSULAIRE,KOUKPAKI,Bernice,2000-08-12,F,0201,VODOUNON Espérance
AN-003458,ACTE_NAISSANCE,DOSSOU,Rachidatou Salamatou,1963-12-04,F,0903,GLELE Flore
AN-003459,ACTE_NAISSANCE,KIKI,Espérance,1979-03-27,F,0402,VODOUNON Rachidatou
AN-003460,ACTE_NAISSANCE,FASSINOU,Flore,1975-02-28,F,0202,HOUNSOU Gisèle
CC-003461,CARTE_CONSULAIRE,KPADONOU,Mariam,1993-07-14,F,1005,BONI Rachidatou
AN-003462,ACTE_NAISSANCE,TCHIBOZO,Moussa Koffi,1997-05-18,M,1105,HOUESSOU Rachidatou
AN-003463,ACTE_NAISSANCE,KIKI,Ulrich Ibrahim,1938-07-14,M,0602,DANSOU Aïcha
AN-003464,ACTE_NAISSANCE,ZANNOU,Estelle,1961-06-12,F,0408,AGOSSOU Fatoumata
AN-003465,ACTE_NAISSANCE,ADANDE,Chimène Aïcha,1999-11-14,F,0306,KIKI Mariam
AN-003466,ACTE_NAISSANCE,HOUNKPATIN,Mahougnon,1964-10-31,M,1203,QUENUM Rosine
AN-003467,ACTE_NAISSANCE,GBAGUIDI,Ibrahim Yves,1977-04-02,M,1003,TCHIBOZO Chimène
PP-003468,PASSEPORT,GBAGUIDI,Fabrice,1982-10-08,M,0403,KOUKPAKI Rachidatou
PP-003469,PASSEPORT,ZINSOU,Ayaba,1991-08-06,F,1203,ALLADAYE Ayaba
AN-003470,ACTE_NAISSANCE,TOGBE,Gildas,1987-05-21,M,1004,QUENUM Estelle
AN-003471,ACTE_NAISSANCE,ADANDE,Koffi,1999-09-03,M,0502,FASSINOU Gisèle
CC-003472,CARTE_CONSULAIRE,DOSSOU,Bienvenu,2011-07-28,M,1006,OSSENI Prudence
AN-003473,ACTE_NAISSANCE,DANSOU,Ibrahim,1989-06-11,M,0307,ZANNOU Bernice
AN-003474,ACTE_NAISSANCE,BONI,Sènami,1964-02-14,F,0905,FASSINOU Sylvie
CC-003475,CARTE_CONSULAIRE,ALLADAYE,Fidèle,1987-03-30,M,1206,TOGBE Ayaba
AN-003476,ACTE_NAISSANCE,IDRISSOU,Yves,1948-03-08,M,0403,HOUESSOU Rachidatou
AN-003477,ACTE_NAISSANCE,KPADONOU,Ibrahim,1963-02-01,M,0904,BIO Chimène
AN-003478,ACTE_NAISSANCE,AHOYO,Mahougnon,1981-06-29,M,1103,NOUATIN Espérance
CC-003479,CARTE_CONSULAIRE,SOULEY,Carine,2015-09-15,F,0305,FASSINOU Nadège
CC-003480,CARTE_CONSULAIRE,GBAGUIDI,Rachidatou,1997-06-04,F,0408,QUENUM Flore
AN-003481,ACTE_NAISSANCE,CODJIA,Chimène,1953-04-23,F,1104,BONI Aïcha
AN-003482,ACTE_NAISSANCE,GBAGUIDI,Serge,1996-09-16,M,0704,AKPOVI Judith
AN-003483,ACTE_NAISSANCE,TCHIBOZO,Mariam Gisèle,1995-09-03,F,0208,AHOYO Sylvie
AN-003484,ACTE_NAISSANCE,AGBODJAN,Ghislain,1942-06-14,M,1201,BIO Sènami
AN-003485,ACTE_NAISSANCE,IDRISSOU,Fidèle,1968-06-26,M,0701,BIO Nadège
AN-003486,ACTE_NAISSANCE,NOUATIN,Codjo,1991-02-06,M,1204,AHOUANSOU Judith
AN-003487,ACTE_NAISSANCE,LOKONON,Rachidatou,2017-11-28,F,1104,CODJIA Chimène
AN-003488,ACTE_NAISSANCE,OSSENI,Sylvie Mariam,1985-11-11,F,0903,TOGBE Sèmèvo
AN-003489,ACTE_NAISSANCE,VODOUNON,Estelle Nadège,2011-10-21,F,0503,DANSOU Rosine
AN-003490,ACTE_NAISSANCE,BONI,Rachidatou,2007-08-02,F,1001,AGOSSOU Rachidatou
AN-003491,ACTE_NAISSANCE,DANSOU,Ghislain Rachid,2006-05-21,M,0901,ASSOGBA Aïcha
CC-003492,CARTE_CONSULAIRE,HOUNGBO,Sylvie Fatoumata,1964-12-12,F,1004,BONI Nadège
AN-003493,ACTE_NAISSANCE,YAROU,Sènami Chimène,1965-10-27,F,1005,NOUATIN Espérance
AN-003494,ACTE_NAISSANCE,AGOSSOU,Rachidatou,2004-06-17,F,0606,DANSOU Bernice
AN-003495,ACTE_NAISSANCE,DANSOU,Bernice,1993-05-22,F,1104,FASSINOU Gisèle
AN-003496,ACTE_NAISSANCE,SAGBO,Ghislain,2006-01-30,M,0504,VODOUNON Aïcha
PP-003497,PASSEPORT,CODJIA,Ulrich Bienvenu,1995-02-21,M,0101,ADJOVI Carine
PP-003498,PASSEPORT,AGBODJAN,Ibrahim Romaric,1976-02-28,M,0502,ASSOGBA Chimène
CC-003499,CARTE_CONSULAIRE,IDRISSOU,Gisèle Rosine,1994-01-23,F,0506,BONI Fatoumata
PP-003500,PASSEPORT,YAROU,Mahougnon,1999-10-26,M,0308,HOUESSOU Espérance
AN-003501,ACTE_NAISSANCE,TOSSOU,Rachid Ibrahim,1973-02-12,M,0605,AHOYO Espérance
AN-003502,ACTE_NAISSANCE,MENSAH,Moussa Comlan,1998-09-06,M,0701,VODOUNON Fatoumata
AN-003503,ACTE_NAISSANCE,AHOUANSOU,Serge,1983-01-20,M,1202,KIKI Salamatou
PP-003504,PASSEPORT,KOUKPAKI,Prudence,1944-03-26,F,0307,TCHIBOZO Estelle
AN-003505,ACTE_NAISSANCE,OSSENI,Prudence,1989-09-11,F,0308,CHABI Nadège
AN-003506,ACTE_NAISSANCE,CHABI,Rachidatou,2007-09-15,F,0104,QUENUM Rachidatou
AN-003507,ACTE_NAISSANCE,ADANDE,Chimène,1993-07-10,F,0208,KIKI Flore
PP-003508,PASSEPORT,ZANNOU,Rachid Rodrigue,1940-05-23,M,0201,GBAGUIDI Prudence
PP-003509,PASSEPORT,AHOYO,Fatoumata,1972-09-07,F,0407,HOUESSOU Mariam
AN-003510,ACTE_NAISSANCE,TOSSOU,Romaric,1988-09-22,M,1004,KOUKPAKI Prudence
AN-003511,ACTE_NAISSANCE,AMOUSSOU,Arnaud,2005-05-27,M,0405,OSSENI Judith
AN-003512,ACTE_NAISSANCE,AHOYO,Yves,1999-04-03,M,0602,AMOUSSOU Sylvie
AN-003513,ACTE_NAISSANCE,ADANDE,Justin,1994-06-22,M,0903,NOUATIN Rachidatou
AN-003514,ACTE_NAISSANCE,TOGBE,Rachidatou,2009-07-30,F,1009,CHABI Sylvie
AN-003515,ACTE_NAISSANCE,QUENUM,Chimène,2002-11-07,F,0405,ALLADAYE Salamatou
AN-003516,ACTE_NAISSANCE,KOUKPAKI,Brice Romaric,1991-08-27,M,0801,ZINSOU Judith
AN-003517,ACTE_NAISSANCE,ZINSOU,Fabrice,2010-10-25,M,0703,LOKONON Sylvie
AN-003518,ACTE_NAISSANCE,SOSSOU,Ulrich,1999-12-17,M,0503,GBAGUIDI Chimène
PP-003519,PASSEPORT,SOULEY,Ayaba Rachidatou,2000-05-17,F,0205,YAROU Ayaba
AN-003520,ACTE_NAISSANCE,AHOYO,Brice Ghislain,1982-03-21,M,0101,HOUNKPATIN Gisèle
AN-003521,ACTE_NAISSANCE,BONI,Codjo,2001-09-29,M,0702,AGBODJAN Sèmèvo
AN-003522,ACTE_NAISSANCE,AMOUSSOU,Espérance Gisèle,2020-03-26,F,1009,AKPOVI Sèmèvo
AN-003523,ACTE_NAISSANCE,DANSOU,Ibrahim,2017-01-19,M,0906,ASSOGBA Mariam
AN-003524,ACTE_NAISSANCE,DANSOU,Codjo Mahougnon,1989-03-28,M,1002,TOSSOU Sènami
AN-003525,ACTE_NAISSANCE,TCHIBOZO,Judith,1981-04-28,F,0302,GBAGUIDI Mariam
AN-003526,ACTE_NAISSANCE,ADANDE,Gildas,2020-01-20,M,0401,ZINSOU Sylvie
PP-003527,PASSEPORT,KPADONOU,Rosine,1997-08-19,F,0604,HOUNGBO Flore
PP-003528,PASSEPORT,TOSSOU,Gildas Fidèle,1987-03-18,M,0303,DOSSOU Mariam
AN-003529,ACTE_NAISSANCE,OSSENI,Comlan,1975-04-02,M,0505,LOKONON Aïcha
CC-003530,CARTE_CONSULAIRE,QUENUM,Sylvie Aïcha,1961-10-22,F,0403,FASSINOU Chimène
PP-003531,PASSEPORT,GBAGUIDI,Rodrigue Fidèle,2008-01-28,M,0304,GLELE Judith
CC-003532,CARTE_CONSULAIRE,SOULEY,Comlan Bienvenu,1997-10-11,M,0601,DANSOU Fatoumata
AN-003533,ACTE_NAISSANCE,CHABI,Sèmèvo,1962-01-24,F,1001,SOULEY Judith
AN-003534,ACTE_NAISSANCE,SAGBO,Justin Fabrice,1998-07-18,M,1003,CHABI Nadège
CC-003535,CARTE_CONSULAIRE,AGBODJAN,Estelle,1981-07-01,F,1008,DOSSOU Sènami
AN-003536,ACTE_NAISSANCE,YAROU,Justin,1979-02-04,M,1101,LOKONON Fatoumata
AN-003537,ACTE_NAISSANCE,TOSSOU,Flore,2003-06-09,F,1008,AHOYO Nadège
PP-003538,PASSEPORT,KIKI,Mariam Chimène,2002-08-19,F,1207,OSSENI Judith
AN-003539,ACTE_NAISSANCE,AGOSSOU,Flore Estelle,1988-08-14,F,1006,SOULEY Aïcha
AN-003540,ACTE_NAISSANCE,NOUATIN,Ulrich Rodrigue,1993-05-13,M,1203,ADJOVI Aïcha
AN-003541,ACTE_NAISSANCE,HOUESSOU,Fabrice,1941-10-09,M,0105,ZINSOU Prudence
AN-003542,ACTE_NAISSANCE,QUENUM,Gildas Ghislain,1997-07-13,M,0906,KPADONOU Judith
PP-003543,PASSEPORT,AGOSSOU,Gildas,1981-04-26,M,0209,HOUNKPATIN Mariam
AN-003544,ACTE_NAISSANCE,ADANDE,Justin,2012-05-15,M,0704,ZANNOU Sylvie
AN-003545,ACTE_NAISSANCE,ADJOVI,Fidèle Yves,1979-09-06,M,0505,HOUNKPATIN Rachidatou
CC-003546,CARTE_CONSULAIRE,DANSOU,Bernice,1966-06-11,F,0207,YAROU Nadège
AN-003547,ACTE_NAISSANCE,NOUATIN,Yves,1994-03-20,M,0101,GBAGUIDI Flore
AN-003548,ACTE_NAISSANCE,QUENUM,Nadège,1979-09-20,F,1101,IDRISSOU Gisèle
CC-003549,CARTE_CONSULAIRE,ASSOGBA,Chimène,1998-03-20,F,0606,DANSOU Judith
AN-003550,ACTE_NAISSANCE,AHOYO,Ayaba Sènami,1972-05-02,F,1205,KIKI Aïcha
AN-003551,ACTE_NAISSANCE,VODOUNON,Flore,1997-01-21,F,0307,KPADONOU Mariam
AN-003552,ACTE_NAISSANCE,AKPOVI,Estelle,1979-06-12,F,0408,GLELE Mariam
AN-003553,ACTE_NAISSANCE,LOKONON,Gisèle,1978-08-09,F,0503,QUENUM Nadège
CC-003554,CARTE_CONSULAIRE,BIO,Ibrahim Moussa,2001-09-19,M,0601,LOKONON Judith
AN-003555,ACTE_NAISSANCE,TOGBE,Ghislain,1991-10-27,M,0905,IDRISSOU Salamatou
AN-003556,ACTE_NAISSANCE,KIKI,Nadège,2017-03-07,F,0403,BONI Mariam
AN-003557,ACTE_NAISSANCE,SOULEY,Moussa,2003-03-27,M,0703,KPADONOU Sènami
CC-003558,CARTE_CONSULAIRE,HOUNSOU,Rachid,1992-04-26,M,1006,HOUNKPATIN Salamatou
AN-003559,ACTE_NAISSANCE,MENSAH,Rosine,2001-10-14,F,0405,TOGBE Nadège
AN-003560,ACTE_NAISSANCE,IDRISSOU,Rosine,1998-09-19,F,0601,HOUNSOU Aïcha
AN-003561,ACTE_NAISSANCE,KIKI,Estelle,1983-11-30,F,0405,ZINSOU Flore
AN-003562,ACTE_NAISSANCE,LOKONON,Ayaba,1993-10-31,F,0503,ZINSOU Carine
AN-003563,ACTE_NAISSANCE,KOUKPAKI,Fidèle Serge,1979-12-06,M,1202,KOUKPAKI Estelle
AN-003564,ACTE_NAISSANCE,TCHIBOZO,Rosine,2005-08-15,F,0201,IDRISSOU Ayaba
AN-003565,ACTE_NAISSANCE,QUENUM,Fabrice Fidèle,1998-06-25,M,0403,HOUNSOU Rachidatou
AN-003566,ACTE_NAISSANCE,AGBODJAN,Aïcha Rosine,1961-06-03,F,1001,HOUESSOU Rachidatou
PP-003567,PASSEPORT,TCHIBOZO,Bienvenu,1958-05-11,M,0205,AHOUANSOU Sènami
AN-003568,ACTE_NAISSANCE,KPADONOU,Mariam,1985-02-03,F,1104,HOUNSOU Sèmèvo
PP-003569,PASSEPORT,BIO,Brice,2007-03-13,M,0406,SAGBO Sèmèvo
AN-003570,ACTE_NAISSANCE,TCHIBOZO,Estelle,1970-01-09,F,0506,ALLADAYE Sèmèvo
PP-003571,PASSEPORT,ASSOGBA,Mariam Bernice,2008-06-20,F,0903,CODJIA Fatoumata
AN-003572,ACTE_NAISSANCE,DANSOU,Moussa,1987-09-27,M,0505,BONI Fatoumata
AN-003573,ACTE_NAISSANCE,AHOUANSOU,Romaric Justin,2003-02-05,M,0801,AGBODJAN Bernice
AN-003574,ACTE_NAISSANCE,SOSSOU,Moussa,1990-09-02,M,0904,SAGBO Flore
AN-003575,ACTE_NAISSANCE,MENSAH,Sèmèvo,1962-07-28,F,0702,SAGBO Sènami
CC-003576,CARTE_CONSULAIRE,SAGBO,Ayaba,1974-05-04,F,0403,SAGBO Rosine
AN-003577,ACTE_NAISSANCE,TOGBE,Gisèle,2008-03-06,F,0704,KPADONOU Judith
AN-003578,ACTE_NAISSANCE,LOKONON,Gildas,1945-01-16,M,0105,KPADONOU Sèmèvo
AN-003579,ACTE_NAISSANCE,AKPOVI,Carine Estelle,2012-12-26,F,0905,TCHIBOZO Bernice
AN-003580,ACTE_NAISSANCE,KPADONOU,Serge,1990-10-07,M,1002,AMOUSSOU Espérance
AN-003581,ACTE_NAISSANCE,NOUATIN,Ulrich Gildas,1944-01-25,M,0506,TOSSOU Espérance
AN-003582,ACTE_NAISSANCE,TCHIBOZO,Bienvenu,2024-04-13,M,0601,SOSSOU Aïcha
AN-003583,ACTE_NAISSANCE,MENSAH,Arnaud Fidèle,2005-10-30,M,0506,VODOUNON Rosine
AN-003584,ACTE_NAISSANCE,FASSINOU,Mariam Judith,1983-03-28,F,0202,QUENUM Sènami
CC-003585,CARTE_CONSULAIRE,AHOYO,Arnaud,1964-12-18,M,0403,AHOYO Carine
PP-003586,PASSEPORT,KOUKPAKI,Sènami,1962-10-28,F,1009,CODJIA Carine
AN-003587,ACTE_NAISSANCE,AGBODJAN,Yves,1966-01-24,M,0204,AHOYO Salamatou
AN-003588,ACTE_NAISSANCE,CHABI,Ayaba Flore,2014-03-18,F,1101,GBAGUIDI Gisèle
CC-003589,CARTE_CONSULAIRE,AMOUSSOU,Brice,1999-10-11,M,1103,QUENUM Judith
AN-003590,ACTE_NAISSANCE,ZINSOU,Rodrigue Moussa,2009-05-12,M,0901,GLELE Sèmèvo
AN-003591,ACTE_NAISSANCE,OSSENI,Ayaba,2000-02-19,F,0401,BONI Sylvie
AN-003592,ACTE_NAISSANCE,NOUATIN,Bienvenu Romaric,1969-08-29,M,1001,SOSSOU Salamatou
AN-003593,ACTE_NAISSANCE,ASSOGBA,Mahougnon,1980-01-08,M,0505,AMOUSSOU Rosine
PP-003594,PASSEPORT,ALLADAYE,Nadège Rachidatou,2018-08-10,F,0606,HOUNSOU Fatoumata
CC-003595,CARTE_CONSULAIRE,IDRISSOU,Rodrigue,1971-10-01,M,0506,AMOUSSOU Sylvie
AN-003596,ACTE_NAISSANCE,NOUATIN,Gisèle,1978-07-10,F,0606,CHABI Sènami
AN-003597,ACTE_NAISSANCE,HOUNGBO,Codjo,1968-09-02,M,0209,ZINSOU Judith
PP-003598,PASSEPORT,AGBODJAN,Chimène,1972-03-27,F,0503,AHOYO Bernice
CC-003599,CARTE_CONSULAIRE,DOSSOU,Chimène,2003-01-06,F,0401,HOUNSOU Prudence
AN-003600,ACTE_NAISSANCE,YAROU,Ghislain Romaric,1979-11-03,M,0602,SOULEY Sylvie
PP-003601,PASSEPORT,SOULEY,Mariam,1989-09-11,F,0101,DANSOU Aïcha
AN-003602,ACTE_NAISSANCE,TOSSOU,Rodrigue,1981-07-04,M,0208,OSSENI Sènami
AN-003603,ACTE_NAISSANCE,ADJOVI,Gisèle,1985-02-01,F,1209,HOUNKPATIN Salamatou
AN-003604,ACTE_NAISSANCE,DOSSOU,Gisèle,1964-08-01,F,0305,AGBODJAN Flore
CC-003605,CARTE_CONSULAIRE,SOULEY,Flore,1937-03-21,F,0302,YAROU Mariam
AN-003606,ACTE_NAISSANCE,ADJOVI,Moussa Gildas,1962-05-13,M,0207,AKPOVI Rachidatou
CC-003607,CARTE_CONSULAIRE,DOSSOU,Serge Rachid,1983-02-01,M,0102,KOUKPAKI Sènami
AN-003608,ACTE_NAISSANCE,QUENUM,Rodrigue,2000-05-26,M,0307,AGBODJAN Rachidatou
AN-003609,ACTE_NAISSANCE,ASSOGBA,Ghislain,1964-09-03,M,0103,VODOUNON Rachidatou
AN-003610,ACTE_NAISSANCE,TCHIBOZO,Nadège,2016-10-03,F,1205,FASSINOU Judith
AN-003611,ACTE_NAISSANCE,SOSSOU,Arnaud,1973-06-02,M,0106,AGOSSOU Salamatou
AN-003612,ACTE_NAISSANCE,KIKI,Estelle Mariam,1995-08-11,F,0104,ADANDE Flore
AN-003613,ACTE_NAISSANCE,OSSENI,Comlan,1952-08-12,M,0504,HOUNSOU Espérance
PP-003614,PASSEPORT,LOKONON,Yves,1998-09-02,M,1001,KPADONOU Flore
AN-003615,ACTE_NAISSANCE,ASSOGBA,Arnaud,2015-11-30,M,1203,AGBODJAN Sèmèvo
AN-003616,ACTE_NAISSANCE,FASSINOU,Fatoumata Salamatou,2009-03-15,F,0404,CODJIA Sèmèvo
AN-003617,ACTE_NAISSANCE,ASSOGBA,Prudence,2021-09-17,F,0302,MENSAH Aïcha
CC-003618,CARTE_CONSULAIRE,TOSSOU,Sylvie,1989-04-17,F,0206,KPADONOU Rachidatou
AN-003619,ACTE_NAISSANCE,DANSOU,Sylvie,2002-11-15,F,0606,MENSAH Estelle
AN-003620,ACTE_NAISSANCE,LOKONON,Romaric Moussa,1975-12-24,M,0605,FASSINOU Sylvie
CC-003621,CARTE_CONSULAIRE,HOUNSOU,Yves Ibrahim,2003-03-14,M,0204,YAROU Judith
PP-003622,PASSEPORT,KIKI,Prudence,1973-06-24,F,0702,HOUESSOU Sèmèvo
AN-003623,ACTE_NAISSANCE,IDRISSOU,Estelle Sèmèvo,1992-09-14,F,0704,ASSOGBA Prudence
AN-003624,ACTE_NAISSANCE,CHABI,Fatoumata,2004-12-31,F,0208,CHABI Prudence
AN-003625,ACTE_NAISSANCE,ALLADAYE,Rodrigue,2007-10-08,M,0105,MENSAH Sèmèvo
AN-003626,ACTE_NAISSANCE,BIO,Espérance,1972-08-23,F,0209,KPADONOU Espérance
PP-003627,PASSEPORT,HOUESSOU,Romaric,2016-08-15,M,1209,CODJIA Espérance
AN-003628,ACTE_NAISSANCE,BIO,Sèmèvo,2001-11-02,F,1105,TOGBE Bernice
AN-003629,ACTE_NAISSANCE,KOUKPAKI,Ayaba Espérance,1964-08-17,F,0403,KIKI Chimène
AN-003630,ACTE_NAISSANCE,AGBODJAN,Sèmèvo Prudence,1978-09-26,F,1206,VODOUNON Chimène
AN-003631,ACTE_NAISSANCE,TCHIBOZO,Bernice,2016-01-31,F,0103,TOSSOU Sèmèvo
AN-003632,ACTE_NAISSANCE,GLELE,Moussa Comlan,1950-09-06,M,1206,GBAGUIDI Sèmèvo
PP-003633,PASSEPORT,OSSENI,Espérance,1966-02-26,F,0506,SOULEY Carine
AN-003634,ACTE_NAISSANCE,KOUKPAKI,Rachid Justin,1972-09-17,M,0408,AKPOVI Gisèle
PP-003635,PASSEPORT,TOGBE,Rodrigue,1951-02-15,M,0201,BIO Sylvie
AN-003636,ACTE_NAISSANCE,HOUESSOU,Sènami,2007-05-20,F,1205,VODOUNON Gisèle
CC-003637,CARTE_CONSULAIRE,ZINSOU,Koffi,2000-05-17,M,0503,KOUKPAKI Flore
AN-003638,ACTE_NAISSANCE,SOULEY,Gisèle Sèmèvo,2016-12-07,F,1101,TOSSOU Ayaba
CC-003639,CARTE_CONSULAIRE,ZANNOU,Ibrahim,1974-03-09,M,1001,KOUKPAKI Estelle
CC-003640,CARTE_CONSULAIRE,ASSOGBA,Salamatou,1981-01-05,F,0702,HOUNSOU Rachidatou
PP-003641,PASSEPORT,BONI,Judith Chimène,1989-07-31,F,0701,DANSOU Fatoumata
CC-003642,CARTE_CONSULAIRE,GLELE,Chimène,1951-01-17,F,0301,SOSSOU Mariam
PP-003643,PASSEPORT,DOSSOU,Estelle,2011-07-12,F,1201,ADJOVI Gisèle
AN-003644,ACTE_NAISSANCE,SOULEY,Estelle Sèmèvo,1986-09-26,F,0306,AGOSSOU Aïcha
PP-003645,PASSEPORT,BONI,Rachidatou,1943-12-15,F,0405,SOULEY Gisèle
PP-003646,PASSEPORT,VODOUNON,Gildas,1997-06-29,M,0405,MENSAH Rosine
AN-003647,ACTE_NAISSANCE,DOSSOU,Fabrice,1998-06-11,M,0801,TOSSOU Bernice
AN-003648,ACTE_NAISSANCE,CODJIA,Sèmèvo,1950-01-29,F,0401,LOKONON Flore
AN-003649,ACTE_NAISSANCE,ADJOVI,Sèmèvo,1991-07-22,F,0102,ALLADAYE Flore
AN-003650,ACTE_NAISSANCE,IDRISSOU,Brice,1994-05-10,M,1202,AGBODJAN Salamatou
AN-003651,ACTE_NAISSANCE,SOULEY,Ayaba,1985-07-05,F,0202,TOGBE Nadège
AN-003652,ACTE_NAISSANCE,AHOYO,Mariam Sèmèvo,1995-02-06,F,0506,ADANDE Nadège
AN-003653,ACTE_NAISSANCE,ZINSOU,Prudence,1985-01-03,F,0605,KIKI Salamatou
CC-003654,CARTE_CONSULAIRE,TCHIBOZO,Mariam,1960-10-24,F,0703,FASSINOU Mariam
PP-003655,PASSEPORT,AHOUANSOU,Mahougnon,1992-10-09,M,0407,QUENUM Rosine
AN-003656,ACTE_NAISSANCE,ASSOGBA,Brice Moussa,2012-02-11,M,0902,IDRISSOU Ayaba
CC-003657,CARTE_CONSULAIRE,HOUNKPATIN,Ghislain,1983-12-20,M,0906,AGOSSOU Judith
PP-003658,PASSEPORT,TOGBE,Carine,2001-05-23,F,0902,TCHIBOZO Ayaba
CC-003659,CARTE_CONSULAIRE,SOULEY,Judith,1980-09-02,F,0606,AGOSSOU Flore
PP-003660,PASSEPORT,KOUKPAKI,Estelle Sènami,2008-04-08,F,0207,AHOUANSOU Aïcha
CC-003661,CARTE_CONSULAIRE,SOSSOU,Moussa,2014-07-09,M,0209,AHOYO Mariam
CC-003662,CARTE_CONSULAIRE,HOUNSOU,Nadège,2001-08-11,F,1105,KOUKPAKI Fatoumata
PP-003663,PASSEPORT,HOUNKPATIN,Rachidatou Aïcha,1991-07-01,F,1001,CHABI Flore
AN-003664,ACTE_NAISSANCE,CODJIA,Carine,1986-08-13,F,1002,ADJOVI Ayaba
CC-003665,CARTE_CONSULAIRE,AMOUSSOU,Romaric,2002-02-16,M,0101,CHABI Prudence
AN-003666,ACTE_NAISSANCE,TOGBE,Koffi,1969-03-15,M,0306,SAGBO Flore
AN-003667,ACTE_NAISSANCE,ZINSOU,Mariam,1995-07-28,F,0208,DANSOU Sylvie
PP-003668,PASSEPORT,KOUKPAKI,Rachidatou,1974-10-22,F,1205,TOSSOU Carine
AN-003669,ACTE_NAISSANCE,HOUESSOU,Romaric Fabrice,1974-10-15,M,0208,VODOUNON Bernice
AN-003670,ACTE_NAISSANCE,MENSAH,Espérance Nadège,2005-12-30,F,0305,NOUATIN Judith
PP-003671,PASSEPORT,GBAGUIDI,Serge,1973-09-11,M,1206,VODOUNON Sènami
PP-003672,PASSEPORT,SOULEY,Rachidatou,2011-08-28,F,0303,SOSSOU Prudence
AN-003673,ACTE_NAISSANCE,DANSOU,Serge,2017-04-18,M,0408,AHOYO Sylvie
AN-003674,ACTE_NAISSANCE,ZINSOU,Justin,1989-01-17,M,1009,ADJOVI Sènami
AN-003675,ACTE_NAISSANCE,SOSSOU,Justin,1998-12-02,M,1204,BONI Espérance
PP-003676,PASSEPORT,ALLADAYE,Rodrigue Codjo,1978-09-04,M,1004,KIKI Bernice
CC-003677,CARTE_CONSULAIRE,BIO,Judith,2004-10-25,F,1002,FASSINOU Gisèle
AN-003678,ACTE_NAISSANCE,BONI,Rodrigue,2003-02-21,M,0801,LOKONON Espérance
AN-003679,ACTE_NAISSANCE,SOSSOU,Brice,1993-03-20,M,0905,BIO Salamatou
AN-003680,ACTE_NAISSANCE,SOULEY,Ibrahim,2013-06-16,M,1202,AHOUANSOU Gisèle
AN-003681,ACTE_NAISSANCE,KPADONOU,Justin Mahougnon,2014-11-24,M,0503,AKPOVI Flore
AN-003682,ACTE_NAISSANCE,HOUNSOU,Espérance,1985-06-11,F,0106,VODOUNON Flore
CC-003683,CARTE_CONSULAIRE,IDRISSOU,Aïcha Sèmèvo,2010-05-25,F,1201,ADANDE Mariam
AN-003684,ACTE_NAISSANCE,GBAGUIDI,Codjo,2017-06-14,M,1003,VODOUNON Flore
AN-003685,ACTE_NAISSANCE,MENSAH,Ulrich Moussa,1973-10-01,M,0204,TOSSOU Fatoumata
AN-003686,ACTE_NAISSANCE,TOGBE,Chimène,1970-10-30,F,0605,SAGBO Rosine
AN-003687,ACTE_NAISSANCE,SAGBO,Koffi,2001-05-09,M,0204,VODOUNON Rosine
CC-003688,CARTE_CONSULAIRE,KPADONOU,Nadège,1981-03-03,F,1101,KOUKPAKI Rosine
AN-003689,ACTE_NAISSANCE,VODOUNON,Gisèle Ayaba,1997-11-11,F,0905,AKPOVI Bernice
CC-003690,CARTE_CONSULAIRE,SOULEY,Chimène Salamatou,1990-04-28,F,1006,AHOYO Bernice
PP-003691,PASSEPORT,CHABI,Serge,1994-05-07,M,0209,AHOYO Flore
AN-003692,ACTE_NAISSANCE,BIO,Espérance,2007-08-02,F,0604,KPADONOU Chimène
AN-003693,ACTE_NAISSANCE,ALLADAYE,Espérance Rachidatou,2004-06-21,F,0305,HOUESSOU Sènami
AN-003694,ACTE_NAISSANCE,HOUNGBO,Fidèle,1973-10-25,M,0604,DANSOU Fatoumata
CC-003695,CARTE_CONSULAIRE,ASSOGBA,Yves,1953-06-09,M,1007,KOUKPAKI Estelle
AN-003696,ACTE_NAISSANCE,HOUNSOU,Fatoumata,1964-08-25,F,0506,ADJOVI Judith
AN-003697,ACTE_NAISSANCE,HOUNSOU,Nadège Gisèle,1964-10-30,F,0602,TCHIBOZO Salamatou
CC-003698,CARTE_CONSULAIRE,HOUESSOU,Prudence Flore,1972-05-09,F,0603,SAGBO Espérance
AN-003699,ACTE_NAISSANCE,HOUESSOU,Fabrice,1975-08-25,M,0801,KIKI Fatoumata
AN-003700,ACTE_NAISSANCE,AHOUANSOU,Brice,2012-03-21,M,1005,KPADONOU Prudence
AN-003701,ACTE_NAISSANCE,KIKI,Ghislain,2001-06-04,M,1005,LOKONON Fatoumata
AN-003702,ACTE_NAISSANCE,SOULEY,Judith,1974-11-07,F,0404,ZINSOU Estelle
CC-003703,CARTE_CONSULAIRE,DANSOU,Justin Koffi,2008-03-18,M,0106,ADJOVI Carine
PP-003704,PASSEPORT,AHOYO,Gisèle,1950-08-20,F,0506,GBAGUIDI Estelle
CC-003705,CARTE_CONSULAIRE,QUENUM,Espérance,1990-06-04,F,0302,ZINSOU Espérance
AN-003706,ACTE_NAISSANCE,NOUATIN,Rachid Rodrigue,1948-08-09,M,0904,ALLADAYE Flore
AN-003707,ACTE_NAISSANCE,GLELE,Justin,1956-05-03,M,0303,KOUKPAKI Fatoumata
AN-003708,ACTE_NAISSANCE,CODJIA,Sylvie,1974-04-19,F,0205,BIO Fatoumata
AN-003709,ACTE_NAISSANCE,ZINSOU,Comlan,1991-04-17,M,1105,ZANNOU Carine
AN-003710,ACTE_NAISSANCE,KPADONOU,Romaric,1950-12-15,M,0103,ADANDE Rosine
AN-003711,ACTE_NAISSANCE,BIO,Yves,2006-08-14,M,0603,DANSOU Sènami
AN-003712,ACTE_NAISSANCE,GBAGUIDI,Flore,1980-06-09,F,1101,DANSOU Estelle
AN-003713,ACTE_NAISSANCE,HOUESSOU,Salamatou Estelle,2010-05-24,F,0308,ZANNOU Estelle
AN-003714,ACTE_NAISSANCE,HOUNGBO,Bernice,1957-06-11,F,1003,GLELE Gisèle
AN-003715,ACTE_NAISSANCE,GLELE,Ghislain,1992-12-09,M,1001,BIO Rachidatou
AN-003716,ACTE_NAISSANCE,AGOSSOU,Gisèle,2000-05-12,F,1002,ALLADAYE Sènami
AN-003717,ACTE_NAISSANCE,GBAGUIDI,Rosine,1957-09-23,F,1009,AGOSSOU Estelle
AN-003718,ACTE_NAISSANCE,HOUNSOU,Salamatou,1961-11-08,F,0502,ADANDE Judith
AN-003719,ACTE_NAISSANCE,GLELE,Comlan Fidèle,1990-02-04,M,0306,SOULEY Bernice
PP-003720,PASSEPORT,NOUATIN,Gisèle,2005-12-04,F,0106,YAROU Gisèle
PP-003721,PASSEPORT,NOUATIN,Fatoumata,1981-11-30,F,1105,ZANNOU Flore
AN-003722,ACTE_NAISSANCE,TOSSOU,Rachid,1972-05-07,M,0606,AKPOVI Mariam
AN-003723,ACTE_NAISSANCE,ZINSOU,Sèmèvo,1957-07-13,F,0106,HOUNGBO Espérance
AN-003724,ACTE_NAISSANCE,TOSSOU,Ayaba,2000-03-28,F,0606,HOUNSOU Salamatou
CC-003725,CARTE_CONSULAIRE,YAROU,Rosine,2015-02-06,F,0207,DOSSOU Gisèle
AN-003726,ACTE_NAISSANCE,ADANDE,Espérance,2014-06-12,F,0404,KPADONOU Aïcha
AN-003727,ACTE_NAISSANCE,IDRISSOU,Judith Rachidatou,2001-07-22,F,1006,ZINSOU Flore
AN-003728,ACTE_NAISSANCE,VODOUNON,Ayaba Salamatou,2002-07-15,F,1206,NOUATIN Estelle
AN-003729,ACTE_NAISSANCE,CHABI,Chimène,2005-05-09,F,0903,DANSOU Gisèle
AN-003730,ACTE_NAISSANCE,HOUNSOU,Gisèle,2005-02-11,F,0307,AMOUSSOU Rosine
CC-003731,CARTE_CONSULAIRE,KIKI,Serge,1954-06-18,M,1205,HOUNKPATIN Sènami
PP-003732,PASSEPORT,TOSSOU,Mahougnon Rodrigue,1997-03-09,M,1209,QUENUM Salamatou
AN-003733,ACTE_NAISSANCE,HOUESSOU,Rodrigue,1988-07-21,M,0205,KIKI Bernice
AN-003734,ACTE_NAISSANCE,ALLADAYE,Espérance,1990-04-24,F,0701,BIO Espérance
AN-003735,ACTE_NAISSANCE,ASSOGBA,Gildas,2000-11-09,M,0406,AHOYO Flore
AN-003736,ACTE_NAISSANCE,HOUESSOU,Rachid,2000-11-04,M,0103,ASSOGBA Sèmèvo
AN-003737,ACTE_NAISSANCE,ZINSOU,Aïcha Fatoumata,1968-06-24,F,0304,AHOUANSOU Sylvie
AN-003738,ACTE_NAISSANCE,TOGBE,Espérance,2004-09-07,F,0403,KOUKPAKI Sènami
AN-003739,ACTE_NAISSANCE,IDRISSOU,Espérance Rachidatou,1996-06-08,F,1005,YAROU Chimène
AN-003740,ACTE_NAISSANCE,HOUNKPATIN,Ghislain,1996-04-27,M,0505,AMOUSSOU Gisèle
AN-003741,ACTE_NAISSANCE,TCHIBOZO,Aïcha,1951-04-11,F,0306,HOUNKPATIN Flore
PP-003742,PASSEPORT,AGBODJAN,Prudence Sylvie,1989-01-16,F,0703,TOSSOU Fatoumata
AN-003743,ACTE_NAISSANCE,HOUNSOU,Codjo,1973-02-19,M,0103,HOUESSOU Prudence
PP-003744,PASSEPORT,TCHIBOZO,Brice,1984-08-13,M,0301,QUENUM Mariam
AN-003745,ACTE_NAISSANCE,BIO,Koffi Moussa,2000-01-02,M,1005,AGOSSOU Ayaba
AN-003746,ACTE_NAISSANCE,KOUKPAKI,Estelle Bernice,1988-11-13,F,0704,GLELE Nadège
AN-003747,ACTE_NAISSANCE,OSSENI,Chimène,1956-03-21,F,1208,BIO Bernice
AN-003748,ACTE_NAISSANCE,ALLADAYE,Rachid,1994-06-09,M,0702,LOKONON Fatoumata
AN-003749,ACTE_NAISSANCE,DANSOU,Fabrice,1972-04-17,M,0602,AMOUSSOU Prudence
AN-003750,ACTE_NAISSANCE,TOSSOU,Salamatou Aïcha,1963-12-05,F,0502,ALLADAYE Gisèle
AN-003751,ACTE_NAISSANCE,TOSSOU,Moussa,1961-04-11,M,0404,KIKI Espérance
AN-003752,ACTE_NAISSANCE,ZINSOU,Romaric,2010-09-06,M,0603,AGBODJAN Sènami
AN-003753,ACTE_NAISSANCE,IDRISSOU,Justin,1956-12-08,M,0402,KOUKPAKI Fatoumata
AN-003754,ACTE_NAISSANCE,FASSINOU,Espérance Sèmèvo,1962-07-14,F,0106,CHABI Sènami
AN-003755,ACTE_NAISSANCE,KPADONOU,Chimène,1998-12-27,F,0205,BIO Sèmèvo
AN-003756,ACTE_NAISSANCE,TCHIBOZO,Estelle,1988-03-08,F,0205,HOUNKPATIN Prudence
AN-003757,ACTE_NAISSANCE,SOSSOU,Romaric,2009-10-14,M,0504,AKPOVI Rosine
CC-003758,CARTE_CONSULAIRE,AGOSSOU,Comlan Mahougnon,1950-10-27,M,0904,HOUNGBO Salamatou
CC-003759,CARTE_CONSULAIRE,AHOUANSOU,Gildas,1985-02-07,M,0305,KIKI Salamatou
CC-003760,CARTE_CONSULAIRE,AGBODJAN,Justin,1980-01-08,M,0503,KIKI Espérance
AN-003761,ACTE_NAISSANCE,GLELE,Salamatou Fatoumata,1967-01-01,F,0801,HOUNKPATIN Judith
AN-003762,ACTE_NAISSANCE,ALLADAYE,Ghislain,1941-12-25,M,0501,KOUKPAKI Rosine
AN-003763,ACTE_NAISSANCE,SAGBO,Salamatou Sèmèvo,1968-03-08,F,0103,BIO Sènami
AN-003764,ACTE_NAISSANCE,OSSENI,Gisèle,2006-02-23,F,0401,KPADONOU Estelle
CC-003765,CARTE_CONSULAIRE,KOUKPAKI,Fabrice,2013-11-15,M,1002,LOKONON Judith
PP-003766,PASSEPORT,AKPOVI,Fatoumata,2000-05-01,F,1206,TCHIBOZO Rosine
AN-003767,ACTE_NAISSANCE,AGBODJAN,Fidèle Rodrigue,1977-02-08,M,1204,SOSSOU Salamatou
AN-003768,ACTE_NAISSANCE,GLELE,Rosine Carine,1972-11-27,F,0906,HOUNSOU Rachidatou
AN-003769,ACTE_NAISSANCE,AGBODJAN,Aïcha,1977-07-06,F,0906,BONI Sèmèvo
CC-003770,CARTE_CONSULAIRE,DOSSOU,Arnaud Fidèle,2024-02-14,M,1104,TOSSOU Chimène
AN-003771,ACTE_NAISSANCE,HOUNKPATIN,Yves,2008-07-11,M,0601,FASSINOU Flore
PP-003772,PASSEPORT,HOUNSOU,Arnaud,1982-01-10,M,0202,ADANDE Sèmèvo
AN-003773,ACTE_NAISSANCE,BIO,Fatoumata,2013-03-26,F,0203,HOUNKPATIN Flore
AN-003774,ACTE_NAISSANCE,OSSENI,Brice,1993-02-06,M,1101,SOULEY Sèmèvo
AN-003775,ACTE_NAISSANCE,HOUNSOU,Sènami,1967-09-20,F,0702,ZINSOU Prudence
CC-003776,CARTE_CONSULAIRE,CHABI,Rachid Rodrigue,1959-04-15,M,0704,DANSOU Rosine
AN-003777,ACTE_NAISSANCE,FASSINOU,Flore,2003-02-17,F,0605,AKPOVI Mariam
AN-003778,ACTE_NAISSANCE,MENSAH,Chimène Flore,2006-10-17,F,0205,HOUNKPATIN Judith
AN-003779,ACTE_NAISSANCE,GLELE,Sylvie,1979-02-05,F,1004,TOGBE Flore
CC-003780,CARTE_CONSULAIRE,ADJOVI,Ibrahim,1978-01-13,M,0301,FASSINOU Chimène
AN-003781,ACTE_NAISSANCE,AMOUSSOU,Mahougnon,2006-07-24,M,0405,OSSENI Estelle
AN-003782,ACTE_NAISSANCE,AGOSSOU,Yves Codjo,2012-11-27,M,0306,VODOUNON Judith
AN-003783,ACTE_NAISSANCE,TOGBE,Arnaud,1986-10-10,M,1002,HOUNGBO Estelle
AN-003784,ACTE_NAISSANCE,TOGBE,Espérance,2003-02-04,F,1207,AHOYO Rosine
AN-003785,ACTE_NAISSANCE,OSSENI,Romaric Ulrich,1973-03-06,M,0406,HOUESSOU Sylvie
AN-003786,ACTE_NAISSANCE,HOUESSOU,Fabrice,2001-08-16,M,1105,HOUNGBO Rosine
AN-003787,ACTE_NAISSANCE,AMOUSSOU,Mariam,1999-10-02,F,0204,ADJOVI Sèmèvo
AN-003788,ACTE_NAISSANCE,TOSSOU,Sèmèvo Nadège,2006-12-05,F,0204,DOSSOU Nadège
AN-003789,ACTE_NAISSANCE,KIKI,Fatoumata,1986-04-07,F,0901,BONI Prudence
CC-003790,CARTE_CONSULAIRE,HOUESSOU,Bienvenu Justin,1972-01-26,M,0702,SOSSOU Sèmèvo
AN-003791,ACTE_NAISSANCE,BIO,Fabrice,1974-01-30,M,1208,DOSSOU Ayaba
AN-003792,ACTE_NAISSANCE,DOSSOU,Rodrigue Ibrahim,1995-05-17,M,0203,AHOUANSOU Flore
AN-003793,ACTE_NAISSANCE,CODJIA,Bienvenu,1999-07-28,M,0206,CHABI Sèmèvo
CC-003794,CARTE_CONSULAIRE,ALLADAYE,Ghislain,1975-01-02,M,0306,AHOYO Rosine
CC-003795,CARTE_CONSULAIRE,ADJOVI,Gisèle Carine,1950-06-13,F,0703,AHOUANSOU Sylvie
CC-003796,CARTE_CONSULAIRE,KOUKPAKI,Bernice,1960-04-28,F,0701,VODOUNON Sènami
AN-003797,ACTE_NAISSANCE,SOSSOU,Fidèle,2002-10-16,M,0405,HOUNKPATIN Flore
AN-003798,ACTE_NAISSANCE,ALLADAYE,Bernice,2004-08-09,F,0101,HOUNGBO Estelle
PP-003799,PASSEPORT,NOUATIN,Brice,2000-09-26,M,0204,SOSSOU Espérance
PP-003800,PASSEPORT,AHOYO,Salamatou,1971-01-14,F,0205,SOSSOU Chimène
AN-003801,ACTE_NAISSANCE,ASSOGBA,Koffi Ghislain,2005-06-27,M,1208,TOGBE Nadège
AN-003802,ACTE_NAISSANCE,QUENUM,Rachid,1965-06-02,M,0206,ZINSOU Fatoumata
AN-003803,ACTE_NAISSANCE,HOUNKPATIN,Codjo,1996-09-01,M,0502,CODJIA Estelle
CC-003804,CARTE_CONSULAIRE,AMOUSSOU,Ibrahim Comlan,2005-01-28,M,0704,DOSSOU Nadège
AN-003805,ACTE_NAISSANCE,BONI,Carine,1974-07-26,F,0302,IDRISSOU Rachidatou
CC-003806,CARTE_CONSULAIRE,DOSSOU,Romaric,1985-12-21,M,1001,BONI Gisèle
AN-003807,ACTE_NAISSANCE,ADANDE,Codjo Serge,1984-02-15,M,0204,HOUNSOU Aïcha
AN-003808,ACTE_NAISSANCE,BONI,Rachid Koffi,1966-01-12,M,0606,SAGBO Sylvie
PP-003809,PASSEPORT,HOUNSOU,Comlan,2010-05-28,M,0104,AGOSSOU Judith
AN-003810,ACTE_NAISSANCE,AGOSSOU,Ghislain,1973-01-09,M,0906,MENSAH Mariam
AN-003811,ACTE_NAISSANCE,IDRISSOU,Bienvenu,2006-07-24,M,0206,GBAGUIDI Sylvie
AN-003812,ACTE_NAISSANCE,HOUESSOU,Ulrich,1987-12-06,M,0406,CODJIA Estelle
PP-003813,PASSEPORT,AGOSSOU,Judith Flore,1988-11-30,F,0202,CHABI Aïcha
PP-003814,PASSEPORT,NOUATIN,Gildas,1960-03-15,M,0605,SOULEY Rachidatou
PP-003815,PASSEPORT,MENSAH,Nadège Bernice,1977-08-31,F,0703,SAGBO Judith
AN-003816,ACTE_NAISSANCE,ZANNOU,Comlan,2009-10-20,M,0207,AGBODJAN Prudence
AN-003817,ACTE_NAISSANCE,ALLADAYE,Gisèle,2015-01-16,F,0301,AHOYO Carine
AN-003818,ACTE_NAISSANCE,ZINSOU,Ibrahim,2010-03-19,M,0307,QUENUM Rachidatou
AN-003819,ACTE_NAISSANCE,DANSOU,Romaric Moussa,2002-06-23,M,0502,SOSSOU Sènami
AN-003820,ACTE_NAISSANCE,TOGBE,Justin,1994-09-29,M,0502,TOSSOU Sèmèvo
AN-003821,ACTE_NAISSANCE,KIKI,Salamatou,1974-06-08,F,1209,LOKONON Chimène
AN-003822,ACTE_NAISSANCE,CODJIA,Ghislain,1958-02-11,M,0604,DANSOU Nadège
AN-003823,ACTE_NAISSANCE,ADJOVI,Serge,1975-08-20,M,1202,AGOSSOU Sylvie
AN-003824,ACTE_NAISSANCE,AGOSSOU,Rachid,1992-05-30,M,0904,LOKONON Carine
AN-003825,ACTE_NAISSANCE,QUENUM,Sènami Salamatou,1950-01-14,F,0205,DOSSOU Rosine
AN-003826,ACTE_NAISSANCE,AKPOVI,Mariam,1989-07-03,F,0606,HOUESSOU Aïcha
AN-003827,ACTE_NAISSANCE,TOSSOU,Prudence,2003-03-28,F,0106,QUENUM Sylvie
PP-003828,PASSEPORT,AGBODJAN,Bernice Sylvie,1970-01-05,F,0903,AKPOVI Carine
AN-003829,ACTE_NAISSANCE,KOUKPAKI,Rachid,1951-05-22,M,0402,DOSSOU Sylvie
AN-003830,ACTE_NAISSANCE,AKPOVI,Ibrahim,2002-02-05,M,1209,AHOUANSOU Chimène
AN-003831,ACTE_NAISSANCE,KIKI,Sylvie Mariam,1968-08-23,F,1006,DANSOU Aïcha
AN-003832,ACTE_NAISSANCE,AHOUANSOU,Bernice,1948-05-24,F,0208,BIO Chimène
AN-003833,ACTE_NAISSANCE,GBAGUIDI,Gisèle Rosine,2014-12-20,F,0407,ALLADAYE Aïcha
AN-003834,ACTE_NAISSANCE,OSSENI,Moussa,2008-05-22,M,0305,SOSSOU Judith
AN-003835,ACTE_NAISSANCE,KPADONOU,Sènami,1991-07-08,F,0405,BONI Estelle
AN-003836,ACTE_NAISSANCE,TCHIBOZO,Bernice Rachidatou,1973-12-13,F,0502,ADJOVI Prudence
AN-003837,ACTE_NAISSANCE,ADJOVI,Koffi,2013-11-10,M,0403,DANSOU Ayaba
AN-003838,ACTE_NAISSANCE,GLELE,Bienvenu Justin,2004-09-26,M,0902,ADJOVI Carine
AN-003839,ACTE_NAISSANCE,QUENUM,Arnaud,1972-07-30,M,1105,SAGBO Ayaba
AN-003840,ACTE_NAISSANCE,HOUNGBO,Fatoumata,1963-10-21,F,0603,ZANNOU Espérance
CC-003841,CARTE_CONSULAIRE,TCHIBOZO,Gildas,2010-12-27,M,0704,KIKI Judith
PP-003842,PASSEPORT,KIKI,Sènami Prudence,1958-04-24,F,0704,LOKONON Estelle
CC-003843,CARTE_CONSULAIRE,YAROU,Sènami,1962-09-28,F,0106,AHOYO Rachidatou
AN-003844,ACTE_NAISSANCE,ALLADAYE,Koffi Romaric,1970-08-22,M,0102,AHOYO Flore
PP-003845,PASSEPORT,ALLADAYE,Fidèle Serge,1964-12-12,M,0302,AHOUANSOU Nadège
AN-003846,ACTE_NAISSANCE,HOUNSOU,Flore,1994-05-12,F,0308,TOGBE Carine
PP-003847,PASSEPORT,DANSOU,Codjo,1991-04-16,M,0208,KIKI Espérance
AN-003848,ACTE_NAISSANCE,HOUNGBO,Rachid,2007-01-24,M,1202,SAGBO Nadège
AN-003849,ACTE_NAISSANCE,HOUNGBO,Serge Justin,2006-12-13,M,0902,KOUKPAKI Flore
CC-003850,CARTE_CONSULAIRE,FASSINOU,Ayaba,2009-06-01,F,1206,GLELE Gisèle
AN-003851,ACTE_NAISSANCE,LOKONON,Flore,1991-09-12,F,0102,ADJOVI Aïcha
AN-003852,ACTE_NAISSANCE,HOUNKPATIN,Romaric,1977-05-24,M,0906,ADANDE Nadège
AN-003853,ACTE_NAISSANCE,HOUNSOU,Romaric Yves,1961-05-22,M,0308,YAROU Judith
AN-003854,ACTE_NAISSANCE,AKPOVI,Fidèle,1988-10-31,M,0305,HOUNSOU Rachidatou
AN-003855,ACTE_NAISSANCE,AKPOVI,Arnaud,1967-04-02,M,0307,AHOUANSOU Salamatou
AN-003856,ACTE_NAISSANCE,QUENUM,Chimène,1976-03-08,F,0904,GLELE Fatoumata
AN-003857,ACTE_NAISSANCE,AMOUSSOU,Serge Ulrich,1951-04-02,M,1102,SOULEY Gisèle
AN-003858,ACTE_NAISSANCE,DANSOU,Sènami,1992-05-26,F,0406,GBAGUIDI Salamatou
PP-003859,PASSEPORT,MENSAH,Bienvenu Justin,1987-02-25,M,1206,ADANDE Gisèle
AN-003860,ACTE_NAISSANCE,CODJIA,Rodrigue,1948-03-16,M,0505,KOUKPAKI Rachidatou
AN-003861,ACTE_NAISSANCE,IDRISSOU,Comlan Rachid,1983-01-22,M,1102,BONI Prudence
AN-003862,ACTE_NAISSANCE,YAROU,Fatoumata Rachidatou,1988-12-13,F,0106,AGBODJAN Estelle
AN-003863,ACTE_NAISSANCE,NOUATIN,Flore,1989-04-16,F,0701,BIO Carine
AN-003864,ACTE_NAISSANCE,AHOYO,Aïcha,1992-01-25,F,1207,YAROU Estelle
CC-003865,CARTE_CONSULAIRE,QUENUM,Rachid,2016-09-05,M,0403,YAROU Rachidatou
PP-003866,PASSEPORT,VODOUNON,Chimène,1982-10-27,F,1102,ADANDE Sylvie
AN-003867,ACTE_NAISSANCE,TOGBE,Koffi,2012-06-05,M,1206,TCHIBOZO Prudence
AN-003868,ACTE_NAISSANCE,ZINSOU,Brice,1985-07-07,M,0603,KPADONOU Prudence
AN-003869,ACTE_NAISSANCE,AHOYO,Romaric,1994-05-22,M,0402,DANSOU Sèmèvo
AN-003870,ACTE_NAISSANCE,AGBODJAN,Aïcha,1992-01-07,F,1104,MENSAH Chimène
PP-003871,PASSEPORT,HOUESSOU,Mariam,1973-05-02,F,1207,GBAGUIDI Bernice
AN-003872,ACTE_NAISSANCE,MENSAH,Salamatou Aïcha,1965-08-25,F,1201,AKPOVI Sylvie
AN-003873,ACTE_NAISSANCE,TCHIBOZO,Sènami,1997-07-13,F,0104,KPADONOU Nadège
PP-003874,PASSEPORT,KOUKPAKI,Fidèle Ulrich,1969-10-30,M,0209,AHOYO Mariam
AN-003875,ACTE_NAISSANCE,KIKI,Nadège Chimène,1988-01-03,F,0402,KPADONOU Prudence
AN-003876,ACTE_NAISSANCE,BONI,Prudence,2016-03-09,F,0201,SOULEY Ayaba
AN-003877,ACTE_NAISSANCE,HOUNKPATIN,Fidèle,1998-12-03,M,0403,OSSENI Mariam
PP-003878,PASSEPORT,GBAGUIDI,Gisèle Sènami,2021-02-02,F,1103,ASSOGBA Sènami
AN-003879,ACTE_NAISSANCE,CHABI,Bernice,1952-02-21,F,0204,OSSENI Ayaba
AN-003880,ACTE_NAISSANCE,TCHIBOZO,Rosine Aïcha,1958-02-21,F,0702,SAGBO Sènami
AN-003881,ACTE_NAISSANCE,TOSSOU,Yves,1978-07-17,M,1203,FASSINOU Flore
AN-003882,ACTE_NAISSANCE,TOSSOU,Ayaba,2002-08-29,F,0704,NOUATIN Judith
PP-003883,PASSEPORT,OSSENI,Comlan Rachid,2019-01-15,M,0801,GLELE Carine
AN-003884,ACTE_NAISSANCE,ZANNOU,Serge,1985-07-22,M,0204,GBAGUIDI Gisèle
AN-003885,ACTE_NAISSANCE,DANSOU,Fatoumata,1972-04-22,F,0104,ZINSOU Chimène
PP-003886,PASSEPORT,TOGBE,Ayaba Judith,1986-04-22,F,0703,GLELE Rachidatou
AN-003887,ACTE_NAISSANCE,ZINSOU,Prudence,2004-06-25,F,0402,LOKONON Chimène
AN-003888,ACTE_NAISSANCE,IDRISSOU,Judith Estelle,1954-07-24,F,1007,TOGBE Mariam
AN-003889,ACTE_NAISSANCE,HOUESSOU,Bernice Judith,1979-09-23,F,0202,HOUNSOU Rachidatou
AN-003890,ACTE_NAISSANCE,ASSOGBA,Fidèle,1979-01-13,M,0601,TCHIBOZO Rosine
AN-003891,ACTE_NAISSANCE,HOUESSOU,Carine,1994-07-16,F,1009,DOSSOU Espérance
AN-003892,ACTE_NAISSANCE,ALLADAYE,Ibrahim,1967-08-09,M,1004,CODJIA Sèmèvo
AN-003893,ACTE_NAISSANCE,AGOSSOU,Bienvenu,2009-05-04,M,1008,VODOUNON Sèmèvo
AN-003894,ACTE_NAISSANCE,KOUKPAKI,Judith Flore,1977-01-21,F,0203,MENSAH Mariam
AN-003895,ACTE_NAISSANCE,ALLADAYE,Mariam Estelle,2011-10-12,F,1209,SOSSOU Rosine
AN-003896,ACTE_NAISSANCE,ADJOVI,Yves,1970-10-05,M,0904,TOGBE Gisèle
AN-003897,ACTE_NAISSANCE,AGOSSOU,Carine,1992-09-23,F,0305,DOSSOU Rachidatou
AN-003898,ACTE_NAISSANCE,GLELE,Flore Judith,1975-09-04,F,1205,CODJIA Sylvie
PP-003899,PASSEPORT,BIO,Fabrice,1999-03-18,M,0704,ADANDE Carine
AN-003900,ACTE_NAISSANCE,YAROU,Sylvie Sènami,2020-05-03,F,0902,GLELE Ayaba
AN-003901,ACTE_NAISSANCE,GLELE,Sènami,2016-12-30,F,1002,TCHIBOZO Nadège
AN-003902,ACTE_NAISSANCE,BIO,Sylvie,2016-03-04,F,0307,HOUESSOU Judith
AN-003903,ACTE_NAISSANCE,TOSSOU,Sylvie Ayaba,2006-04-24,F,0209,ASSOGBA Nadège
AN-003904,ACTE_NAISSANCE,HOUNSOU,Chimène Bernice,2000-03-02,F,1103,AHOYO Aïcha
PP-003905,PASSEPORT,AHOUANSOU,Rodrigue,2022-05-16,M,1205,KIKI Sènami
AN-003906,ACTE_NAISSANCE,HOUESSOU,Bernice,1984-07-12,F,0606,ALLADAYE Rosine
AN-003907,ACTE_NAISSANCE,CHABI,Arnaud,1975-11-28,M,0906,VODOUNON Rachidatou
PP-003908,PASSEPORT,CODJIA,Romaric,1973-03-15,M,0103,CHABI Ayaba
AN-003909,ACTE_NAISSANCE,TOSSOU,Arnaud,1995-10-29,M,0304,NOUATIN Sèmèvo
PP-003910,PASSEPORT,IDRISSOU,Romaric,1996-03-16,M,0209,KOUKPAKI Rosine
AN-003911,ACTE_NAISSANCE,CHABI,Ibrahim Brice,2001-05-27,M,1006,TCHIBOZO Salamatou
AN-003912,ACTE_NAISSANCE,QUENUM,Fabrice,1991-08-30,M,0601,HOUNGBO Prudence
AN-003913,ACTE_NAISSANCE,LOKONON,Rodrigue,1968-11-04,M,0903,OSSENI Rachidatou
AN-003914,ACTE_NAISSANCE,ALLADAYE,Bienvenu,1967-05-02,M,0801,CHABI Sèmèvo
AN-003915,ACTE_NAISSANCE,HOUESSOU,Judith,1991-08-16,F,0606,SOSSOU Sèmèvo
AN-003916,ACTE_NAISSANCE,BIO,Nadège,1994-10-23,F,1008,SOULEY Prudence
AN-003917,ACTE_NAISSANCE,NOUATIN,Chimène,2003-09-20,F,0103,HOUNGBO Salamatou
CC-003918,CARTE_CONSULAIRE,TCHIBOZO,Justin Codjo,1994-03-28,M,0902,ZANNOU Rachidatou
PP-003919,PASSEPORT,HOUNGBO,Gisèle,1996-12-20,F,1204,CODJIA Chimène
CC-003920,CARTE_CONSULAIRE,ADANDE,Fidèle,2007-03-18,M,0103,BONI Estelle
CC-003921,CARTE_CONSULAIRE,ADJOVI,Comlan,2004-10-08,M,1202,NOUATIN Gisèle
AN-003922,ACTE_NAISSANCE,AHOUANSOU,Brice Mahougnon,2002-03-26,M,0505,FASSINOU Flore
AN-003923,ACTE_NAISSANCE,TCHIBOZO,Mariam Espérance,1999-02-22,F,1202,TOSSOU Carine
PP-003924,PASSEPORT,AHOUANSOU,Romaric,1969-03-26,M,1105,TCHIBOZO Bernice
PP-003925,PASSEPORT,KPADONOU,Ibrahim,1987-01-19,M,1104,VODOUNON Nadège
CC-003926,CARTE_CONSULAIRE,AKPOVI,Rosine,2000-01-27,F,0208,AMOUSSOU Flore
AN-003927,ACTE_NAISSANCE,AGOSSOU,Ibrahim Mahougnon,1988-03-22,M,0403,MENSAH Carine
PP-003928,PASSEPORT,SOULEY,Ayaba,1996-05-14,F,0407,AGBODJAN Fatoumata
AN-003929,ACTE_NAISSANCE,DOSSOU,Flore,2014-07-29,F,0505,QUENUM Fatoumata
AN-003930,ACTE_NAISSANCE,HOUNSOU,Salamatou,1939-03-02,F,0401,QUENUM Bernice
PP-003931,PASSEPORT,TOGBE,Brice,1987-10-26,M,0103,AGOSSOU Rachidatou
CC-003932,CARTE_CONSULAIRE,OSSENI,Espérance,2001-01-19,F,0101,TCHIBOZO Judith
CC-003933,CARTE_CONSULAIRE,AHOUANSOU,Arnaud,1948-03-30,M,1104,NOUATIN Carine
PP-003934,PASSEPORT,TCHIBOZO,Koffi Yves,1968-03-06,M,1008,GLELE Rosine
AN-003935,ACTE_NAISSANCE,FASSINOU,Serge,1980-08-21,M,0105,TCHIBOZO Sènami
PP-003936,PASSEPORT,YAROU,Comlan,1989-09-04,M,1207,NOUATIN Sèmèvo
AN-003937,ACTE_NAISSANCE,SOSSOU,Estelle,2004-11-29,F,0207,SOULEY Sèmèvo
AN-003938,ACTE_NAISSANCE,HOUNSOU,Chimène Nadège,1991-10-13,F,0604,AGBODJAN Judith
AN-003939,ACTE_NAISSANCE,AMOUSSOU,Sylvie,2004-08-26,F,0701,QUENUM Ayaba
AN-003940,ACTE_NAISSANCE,SAGBO,Fidèle,1989-10-24,M,0103,HOUNSOU Nadège
AN-003941,ACTE_NAISSANCE,KOUKPAKI,Prudence,1990-12-29,F,0501,BIO Estelle
AN-003942,ACTE_NAISSANCE,LOKONON,Rachid,2009-07-20,M,1201,LOKONON Flore
AN-003943,ACTE_NAISSANCE,IDRISSOU,Ayaba Nadège,1999-03-07,F,0702,AGOSSOU Aïcha
AN-003944,ACTE_NAISSANCE,CODJIA,Koffi,2010-03-10,M,0405,IDRISSOU Judith
AN-003945,ACTE_NAISSANCE,HOUNSOU,Salamatou Carine,2009-05-16,F,0302,CODJIA Rosine
AN-003946,ACTE_NAISSANCE,IDRISSOU,Fidèle Moussa,1972-01-09,M,0308,CODJIA Sènami
CC-003947,CARTE_CONSULAIRE,KIKI,Serge,1964-01-30,M,0205,CHABI Nadège
AN-003948,ACTE_NAISSANCE,TCHIBOZO,Gisèle,2005-01-07,F,0105,ADJOVI Gisèle
AN-003949,ACTE_NAISSANCE,KPADONOU,Gildas Ghislain,1987-10-23,M,0801,SOSSOU Rachidatou
AN-003950,ACTE_NAISSANCE,IDRISSOU,Rachidatou Sylvie,1998-04-02,F,1007,LOKONON Estelle
AN-003951,ACTE_NAISSANCE,IDRISSOU,Brice,1994-03-23,M,0403,GLELE Fatoumata
PP-003952,PASSEPORT,AGOSSOU,Rosine Fatoumata,1990-01-05,F,0305,ZANNOU Espérance
AN-003953,ACTE_NAISSANCE,DOSSOU,Aïcha,1961-05-08,F,0208,SOSSOU Nadège
AN-003954,ACTE_NAISSANCE,CODJIA,Rachid,1977-01-23,M,0402,AHOUANSOU Flore
AN-003955,ACTE_NAISSANCE,AMOUSSOU,Espérance Nadège,2009-03-29,F,0106,ALLADAYE Gisèle
PP-003956,PASSEPORT,GLELE,Ghislain Rachid,2022-10-06,M,0103,GBAGUIDI Ayaba
AN-003957,ACTE_NAISSANCE,ASSOGBA,Fidèle,1966-02-20,M,1004,AGBODJAN Sèmèvo
AN-003958,ACTE_NAISSANCE,TOGBE,Brice,1948-03-02,M,1104,GLELE Espérance
AN-003959,ACTE_NAISSANCE,VODOUNON,Codjo,1993-06-23,M,0209,ZANNOU Fatoumata
CC-003960,CARTE_CONSULAIRE,KIKI,Gisèle,1963-07-28,F,0403,SOULEY Salamatou
AN-003961,ACTE_NAISSANCE,ADJOVI,Fabrice Comlan,1971-05-01,M,1007,ALLADAYE Fatoumata
AN-003962,ACTE_NAISSANCE,BIO,Arnaud Ibrahim,2001-01-01,M,1103,AHOYO Gisèle
AN-003963,ACTE_NAISSANCE,OSSENI,Justin,2001-05-10,M,0208,AKPOVI Estelle
AN-003964,ACTE_NAISSANCE,AKPOVI,Nadège,1962-12-06,F,0406,AMOUSSOU Mariam
AN-003965,ACTE_NAISSANCE,GBAGUIDI,Koffi,1963-01-04,M,0405,BONI Carine
AN-003966,ACTE_NAISSANCE,LOKONON,Rosine,1945-10-30,F,1205,QUENUM Salamatou
AN-003967,ACTE_NAISSANCE,NOUATIN,Nadège,1960-11-15,F,0906,QUENUM Mariam
CC-003968,CARTE_CONSULAIRE,LOKONON,Romaric,2017-07-10,M,1004,HOUESSOU Sènami
PP-003969,PASSEPORT,VODOUNON,Ibrahim Arnaud,2001-02-06,M,0104,LOKONON Sèmèvo
CC-003970,CARTE_CONSULAIRE,BIO,Bienvenu Justin,1961-09-06,M,1009,LOKONON Salamatou
PP-003971,PASSEPORT,VODOUNON,Mahougnon,2012-02-26,M,0206,SOULEY Salamatou
CC-003972,CARTE_CONSULAIRE,AMOUSSOU,Brice,2014-01-09,M,0202,AMOUSSOU Sèmèvo
CC-003973,CARTE_CONSULAIRE,KIKI,Sènami,2001-05-23,F,0603,AGBODJAN Sèmèvo
PP-003974,PASSEPORT,ZINSOU,Fabrice Justin,1971-03-16,M,1206,TOSSOU Prudence
AN-003975,ACTE_NAISSANCE,TOSSOU,Nadège,1936-10-29,F,1208,ALLADAYE Bernice
AN-003976,ACTE_NAISSANCE,YAROU,Gildas,2015-12-19,M,1004,BONI Nadège
AN-003977,ACTE_NAISSANCE,GLELE,Comlan,2008-12-29,M,1104,SAGBO Rosine
AN-003978,ACTE_NAISSANCE,FASSINOU,Bienvenu,1988-12-26,M,1005,AMOUSSOU Aïcha
AN-003979,ACTE_NAISSANCE,KPADONOU,Serge Justin,1968-06-20,M,0503,MENSAH Aïcha
CC-003980,CARTE_CONSULAIRE,SOSSOU,Mariam,2014-11-29,F,0209,GLELE Sylvie
AN-003981,ACTE_NAISSANCE,GLELE,Gildas,1967-11-25,M,0605,HOUNKPATIN Sènami
PP-003982,PASSEPORT,ASSOGBA,Rachid,1984-09-15,M,1203,YAROU Estelle
AN-003983,ACTE_NAISSANCE,KPADONOU,Yves,2011-11-26,M,1206,ASSOGBA Aïcha
AN-003984,ACTE_NAISSANCE,AGOSSOU,Koffi,2002-03-08,M,0103,GBAGUIDI Judith
AN-003985,ACTE_NAISSANCE,DOSSOU,Sènami Estelle,2000-08-12,F,1207,GLELE Ayaba
CC-003986,CARTE_CONSULAIRE,SOULEY,Gisèle,2006-12-13,F,1102,ZINSOU Rachidatou
AN-003987,ACTE_NAISSANCE,AGBODJAN,Chimène,1975-05-15,F,0204,SAGBO Espérance
PP-003988,PASSEPORT,ADJOVI,Sèmèvo,1967-01-17,F,0506,ZINSOU Fatoumata
AN-003989,ACTE_NAISSANCE,SAGBO,Espérance,2010-09-15,F,0305,YAROU Sèmèvo
AN-003990,ACTE_NAISSANCE,CODJIA,Mariam Nadège,2008-08-12,F,0404,AKPOVI Fatoumata
AN-003991,ACTE_NAISSANCE,ASSOGBA,Moussa,1966-07-17,M,1105,AGBODJAN Judith
AN-003992,ACTE_NAISSANCE,AGBODJAN,Ghislain,1998-07-07,M,0703,DANSOU Flore
AN-003993,ACTE_NAISSANCE,AHOYO,Gisèle,1979-08-21,F,1101,VODOUNON Bernice
AN-003994,ACTE_NAISSANCE,BIO,Justin Mahougnon,1964-12-09,M,0306,KPADONOU Carine
AN-003995,ACTE_NAISSANCE,AKPOVI,Judith,1998-08-27,F,0202,YAROU Salamatou
PP-003996,PASSEPORT,HOUNKPATIN,Estelle,1983-01-01,F,1206,ADANDE Chimène
PP-003997,PASSEPORT,BIO,Flore,2006-12-22,F,0308,HOUNKPATIN Flore
AN-003998,ACTE_NAISSANCE,BONI,Mahougnon,1988-03-22,M,0402,GBAGUIDI Judith
AN-003999,ACTE_NAISSANCE,AMOUSSOU,Fatoumata Sylvie,1953-08-19,F,0505,KIKI Flore
AN-004000,ACTE_NAISSANCE,BONI,Serge,2004-11-30,M,0405,YAROU Chimène
CC-004001,CARTE_CONSULAIRE,KOUKPAKI,Gildas,2013-12-09,M,0904,QUENUM Salamatou
CC-004002,CARTE_CONSULAIRE,MENSAH,Mariam,2000-03-04,F,0302,KOUKPAKI Nadège
AN-004003,ACTE_NAISSANCE,ADANDE,Bernice,1967-05-07,F,1003,HOUESSOU Sèmèvo
CC-004004,CARTE_CONSULAIRE,IDRISSOU,Comlan,1990-06-25,M,0701,AKPOVI Carine
AN-004005,ACTE_NAISSANCE,KPADONOU,Sèmèvo Ayaba,2002-06-10,F,1002,ALLADAYE Carine
AN-004006,ACTE_NAISSANCE,ADANDE,Aïcha Flore,1966-10-20,F,0906,HOUNKPATIN Fatoumata
AN-004007,ACTE_NAISSANCE,AGBODJAN,Koffi,1969-10-19,M,0406,TOGBE Aïcha
AN-004008,ACTE_NAISSANCE,BIO,Bienvenu,1995-06-05,M,1207,HOUNSOU Rosine
AN-004009,ACTE_NAISSANCE,LOKONON,Comlan,2017-07-21,M,1104,YAROU Salamatou
AN-004010,ACTE_NAISSANCE,HOUNGBO,Ulrich Gildas,1989-08-11,M,1003,ADANDE Carine
AN-004011,ACTE_NAISSANCE,SAGBO,Bienvenu,2000-12-16,M,0209,HOUNSOU Espérance
AN-004012,ACTE_NAISSANCE,HOUNKPATIN,Ibrahim,2005-09-24,M,0903,SAGBO Mariam
AN-004013,ACTE_NAISSANCE,AHOYO,Gildas,1975-05-09,M,0904,KPADONOU Espérance
AN-004014,ACTE_NAISSANCE,KOUKPAKI,Justin,2008-06-05,M,0207,ADANDE Judith
PP-004015,PASSEPORT,AKPOVI,Estelle Rosine,1994-07-08,F,0605,AKPOVI Rachidatou
AN-004016,ACTE_NAISSANCE,LOKONON,Nadège Flore,1980-07-01,F,0406,BONI Fatoumata
AN-004017,ACTE_NAISSANCE,AHOYO,Fidèle,1989-11-23,M,0404,ZINSOU Espérance
AN-004018,ACTE_NAISSANCE,ASSOGBA,Flore,1991-09-24,F,0206,GBAGUIDI Aïcha
AN-004019,ACTE_NAISSANCE,AHOUANSOU,Ghislain,2011-08-11,M,1101,GBAGUIDI Sènami
PP-004020,PASSEPORT,LOKONON,Gisèle,2021-12-25,F,0605,OSSENI Espérance
AN-004021,ACTE_NAISSANCE,MENSAH,Sènami,1966-06-20,F,1201,KOUKPAKI Salamatou
AN-004022,ACTE_NAISSANCE,NOUATIN,Rachidatou,1985-02-25,F,0301,SOSSOU Flore
AN-004023,ACTE_NAISSANCE,KPADONOU,Carine,1990-11-03,F,0906,ZINSOU Sèmèvo
AN-004024,ACTE_NAISSANCE,FASSINOU,Judith,1994-05-20,F,0502,OSSENI Sylvie
PP-004025,PASSEPORT,SOSSOU,Bernice,1958-06-21,F,0906,CODJIA Bernice
AN-004026,ACTE_NAISSANCE,TCHIBOZO,Aïcha,1983-07-29,F,0301,ASSOGBA Espérance
AN-004027,ACTE_NAISSANCE,HOUNSOU,Nadège,1998-07-16,F,1006,DOSSOU Rosine
AN-004028,ACTE_NAISSANCE,BONI,Carine,1985-03-13,F,1002,QUENUM Gisèle
CC-004029,CARTE_CONSULAIRE,KPADONOU,Prudence,1960-05-22,F,1105,AGBODJAN Carine
AN-004030,ACTE_NAISSANCE,ZANNOU,Mahougnon,1976-11-14,M,0503,SOSSOU Judith
AN-004031,ACTE_NAISSANCE,KOUKPAKI,Salamatou,1980-06-08,F,0407,DOSSOU Judith
AN-004032,ACTE_NAISSANCE,CHABI,Nadège Salamatou,2006-10-30,F,0204,DOSSOU Espérance
CC-004033,CARTE_CONSULAIRE,YAROU,Comlan,1997-01-05,M,0905,KPADONOU Carine
CC-004034,CARTE_CONSULAIRE,HOUNGBO,Koffi,1981-12-18,M,0605,KIKI Sèmèvo
CC-004035,CARTE_CONSULAIRE,AHOYO,Prudence Sènami,1994-10-22,F,0702,KPADONOU Rosine
AN-004036,ACTE_NAISSANCE,ZANNOU,Fidèle,1960-08-22,M,0302,FASSINOU Sèmèvo
AN-004037,ACTE_NAISSANCE,TOSSOU,Ghislain Romaric,2021-10-31,M,0605,NOUATIN Carine
AN-004038,ACTE_NAISSANCE,VODOUNON,Brice,2013-02-24,M,0103,OSSENI Bernice
AN-004039,ACTE_NAISSANCE,KOUKPAKI,Codjo Brice,1954-12-29,M,0104,ADANDE Judith
PP-004040,PASSEPORT,DOSSOU,Ibrahim,1961-01-13,M,1202,HOUESSOU Salamatou
AN-004041,ACTE_NAISSANCE,AGBODJAN,Arnaud,1956-01-04,M,1009,LOKONON Sènami
AN-004042,ACTE_NAISSANCE,ALLADAYE,Carine,1989-12-15,F,0801,YAROU Aïcha
AN-004043,ACTE_NAISSANCE,DOSSOU,Brice,2011-07-26,M,0106,KOUKPAKI Nadège
AN-004044,ACTE_NAISSANCE,SOULEY,Rosine,1985-10-03,F,0401,TOGBE Aïcha
AN-004045,ACTE_NAISSANCE,ADJOVI,Mariam,2024-01-28,F,0205,GLELE Rosine
PP-004046,PASSEPORT,ADJOVI,Yves,1994-09-10,M,1103,CODJIA Ayaba
AN-004047,ACTE_NAISSANCE,ZINSOU,Ibrahim,1978-11-21,M,0305,TCHIBOZO Fatoumata
AN-004048,ACTE_NAISSANCE,CODJIA,Rosine,1958-12-28,F,0103,QUENUM Flore
AN-004049,ACTE_NAISSANCE,AHOUANSOU,Ulrich Rodrigue,1951-02-08,M,0408,FASSINOU Estelle
AN-004050,ACTE_NAISSANCE,ADANDE,Serge,1994-08-01,M,0506,KIKI Rachidatou
AN-004051,ACTE_NAISSANCE,ADANDE,Gisèle,1995-04-17,F,1001,ZINSOU Prudence
AN-004052,ACTE_NAISSANCE,HOUNGBO,Chimène,1999-02-16,F,0402,ZINSOU Fatoumata
PP-004053,PASSEPORT,KPADONOU,Ibrahim,1969-04-23,M,0103,FASSINOU Nadège
AN-004054,ACTE_NAISSANCE,LOKONON,Arnaud Romaric,1951-10-18,M,0904,LOKONON Rosine
AN-004055,ACTE_NAISSANCE,AGOSSOU,Mariam Prudence,1979-04-27,F,0604,DANSOU Prudence
CC-004056,CARTE_CONSULAIRE,DANSOU,Bernice Sèmèvo,2013-04-22,F,0303,BONI Prudence
CC-004057,CARTE_CONSULAIRE,AHOUANSOU,Sylvie,1978-02-15,F,0905,KOUKPAKI Rosine
AN-004058,ACTE_NAISSANCE,SOULEY,Moussa,1999-12-22,M,0601,SOULEY Sèmèvo
CC-004059,CARTE_CONSULAIRE,ALLADAYE,Prudence,2005-02-26,F,1004,TOGBE Ayaba
PP-004060,PASSEPORT,ADJOVI,Chimène,2015-01-01,F,1006,SOULEY Ayaba
PP-004061,PASSEPORT,MENSAH,Salamatou Mariam,1961-03-23,F,1102,KPADONOU Rachidatou
PP-004062,PASSEPORT,HOUNSOU,Espérance Nadège,1944-01-20,F,0502,AGOSSOU Judith
CC-004063,CARTE_CONSULAIRE,QUENUM,Salamatou,2004-02-18,F,1206,GLELE Ayaba
CC-004064,CARTE_CONSULAIRE,CHABI,Gildas,2005-05-15,M,0503,FASSINOU Chimène
PP-004065,PASSEPORT,AGBODJAN,Aïcha,2006-10-10,F,1104,SAGBO Sylvie
CC-004066,CARTE_CONSULAIRE,ZINSOU,Rachidatou Estelle,1969-08-30,F,1202,HOUNGBO Ayaba
AN-004067,ACTE_NAISSANCE,HOUNSOU,Justin,1993-06-29,M,0206,KPADONOU Rosine
AN-004068,ACTE_NAISSANCE,DANSOU,Bienvenu,2004-02-11,M,0302,ADANDE Estelle
AN-004069,ACTE_NAISSANCE,SAGBO,Koffi Justin,2019-07-21,M,0201,TOGBE Rachidatou
AN-004070,ACTE_NAISSANCE,ALLADAYE,Bernice,1978-01-16,F,0208,TOGBE Judith
AN-004071,ACTE_NAISSANCE,TCHIBOZO,Nadège,2004-11-24,F,0906,DOSSOU Sènami
AN-004072,ACTE_NAISSANCE,LOKONON,Rachidatou,1969-10-28,F,0203,TCHIBOZO Gisèle
AN-004073,ACTE_NAISSANCE,BIO,Gildas Mahougnon,2008-04-23,M,0301,AMOUSSOU Mariam
AN-004074,ACTE_NAISSANCE,SOULEY,Yves,2000-02-29,M,0703,CODJIA Espérance
AN-004075,ACTE_NAISSANCE,GBAGUIDI,Judith,2016-08-27,F,1207,ASSOGBA Salamatou
AN-004076,ACTE_NAISSANCE,SOSSOU,Bienvenu,2012-01-09,M,0301,SOSSOU Fatoumata
AN-004077,ACTE_NAISSANCE,ADANDE,Prudence,1995-01-17,F,0306,HOUNSOU Ayaba
AN-004078,ACTE_NAISSANCE,DANSOU,Ghislain Serge,1975-01-06,M,0402,CODJIA Carine
CC-004079,CARTE_CONSULAIRE,VODOUNON,Comlan Koffi,1998-07-15,M,1203,HOUNSOU Chimène
AN-004080,ACTE_NAISSANCE,BIO,Ulrich Fidèle,1979-06-16,M,1001,KPADONOU Espérance
PP-004081,PASSEPORT,GBAGUIDI,Rodrigue,2004-06-12,M,1005,BIO Sylvie
AN-004082,ACTE_NAISSANCE,KOUKPAKI,Chimène,1968-07-18,F,0503,SOSSOU Mariam
PP-004083,PASSEPORT,AGBODJAN,Nadège,1997-02-08,F,1104,AGOSSOU Prudence
AN-004084,ACTE_NAISSANCE,KOUKPAKI,Gildas Koffi,2014-02-16,M,0505,KPADONOU Sylvie
AN-004085,ACTE_NAISSANCE,AGOSSOU,Nadège,1995-11-06,F,0204,HOUNSOU Fatoumata
AN-004086,ACTE_NAISSANCE,AMOUSSOU,Rachidatou,2003-03-13,F,0506,TOGBE Estelle
AN-004087,ACTE_NAISSANCE,BONI,Rosine,1942-09-29,F,0205,GLELE Sènami
PP-004088,PASSEPORT,DANSOU,Mahougnon,1986-04-24,M,1204,LOKONON Fatoumata
PP-004089,PASSEPORT,AHOUANSOU,Flore,2011-01-26,F,0603,OSSENI Mariam
AN-004090,ACTE_NAISSANCE,NOUATIN,Chimène Mariam,1977-08-12,F,0601,ZANNOU Sènami
AN-004091,ACTE_NAISSANCE,QUENUM,Codjo,1977-04-21,M,0401,BONI Carine
AN-004092,ACTE_NAISSANCE,KIKI,Mahougnon Ulrich,1984-09-09,M,0405,QUENUM Rachidatou
AN-004093,ACTE_NAISSANCE,VODOUNON,Moussa Bienvenu,1980-10-04,M,0606,ASSOGBA Flore
AN-004094,ACTE_NAISSANCE,AGOSSOU,Rosine,1954-04-23,F,0303,ZINSOU Nadège
AN-004095,ACTE_NAISSANCE,KPADONOU,Ibrahim Bienvenu,1981-03-15,M,0202,AHOYO Ayaba
AN-004096,ACTE_NAISSANCE,SOULEY,Flore Estelle,1991-09-23,F,0406,CODJIA Rachidatou
PP-004097,PASSEPORT,CODJIA,Brice,1998-07-26,M,0203,HOUNKPATIN Sèmèvo
AN-004098,ACTE_NAISSANCE,KOUKPAKI,Moussa,2001-01-15,M,1207,SOULEY Estelle
PP-004099,PASSEPORT,TOSSOU,Fidèle,1971-08-07,M,1102,DOSSOU Judith
AN-004100,ACTE_NAISSANCE,SOSSOU,Moussa,2001-11-17,M,0307,AGBODJAN Espérance
AN-004101,ACTE_NAISSANCE,FASSINOU,Rosine Carine,1997-08-29,F,0103,TOGBE Rachidatou
AN-004102,ACTE_NAISSANCE,ZANNOU,Nadège Carine,1980-01-02,F,0601,TOSSOU Flore
AN-004103,ACTE_NAISSANCE,SAGBO,Mahougnon,1936-05-09,M,1006,KIKI Rachidatou
CC-004104,CARTE_CONSULAIRE,ZANNOU,Bernice Rosine,1985-12-06,F,0407,CODJIA Estelle
AN-004105,ACTE_NAISSANCE,CODJIA,Bernice Sylvie,1989-06-14,F,0404,CODJIA Sèmèvo
AN-004106,ACTE_NAISSANCE,TOGBE,Gildas,1959-11-14,M,0304,YAROU Aïcha
AN-004107,ACTE_NAISSANCE,KIKI,Flore Salamatou,2015-11-20,F,0209,DOSSOU Flore
PP-004108,PASSEPORT,LOKONON,Romaric,1971-05-06,M,0203,DOSSOU Sènami
PP-004109,PASSEPORT,ASSOGBA,Ayaba,1953-04-14,F,1007,DOSSOU Fatoumata
CC-004110,CARTE_CONSULAIRE,TOSSOU,Ibrahim,1982-01-06,M,0201,SAGBO Sylvie
AN-004111,ACTE_NAISSANCE,CODJIA,Nadège,2024-09-03,F,0701,QUENUM Prudence
AN-004112,ACTE_NAISSANCE,OSSENI,Sèmèvo,2006-01-28,F,0305,DOSSOU Sylvie
CC-004113,CARTE_CONSULAIRE,CODJIA,Romaric,1994-08-07,M,1008,HOUNSOU Ayaba
AN-004114,ACTE_NAISSANCE,TCHIBOZO,Espérance,2007-10-04,F,1009,AKPOVI Estelle
AN-004115,ACTE_NAISSANCE,QUENUM,Moussa,1966-01-04,M,0902,ADANDE Fatoumata
AN-004116,ACTE_NAISSANCE,ALLADAYE,Carine Estelle,1992-01-27,F,0207,QUENUM Flore
AN-004117,ACTE_NAISSANCE,BONI,Rachid,2004-12-08,M,0801,TCHIBOZO Bernice
AN-004118,ACTE_NAISSANCE,DANSOU,Brice,2011-11-06,M,0506,GBAGUIDI Mariam
AN-004119,ACTE_NAISSANCE,HOUNSOU,Serge,1980-06-09,M,0404,MENSAH Aïcha
AN-004120,ACTE_NAISSANCE,AGOSSOU,Espérance,1961-04-11,F,0605,KOUKPAKI Carine
AN-004121,ACTE_NAISSANCE,ADANDE,Sylvie,1973-11-04,F,0103,KOUKPAKI Flore
AN-004122,ACTE_NAISSANCE,KOUKPAKI,Gildas,1992-03-31,M,0601,SAGBO Chimène
AN-004123,ACTE_NAISSANCE,BONI,Fatoumata,1967-12-17,F,0506,BIO Prudence
AN-004124,ACTE_NAISSANCE,CODJIA,Flore Mariam,1989-10-06,F,0704,AKPOVI Sèmèvo
AN-004125,ACTE_NAISSANCE,OSSENI,Chimène Fatoumata,1974-06-20,F,0506,YAROU Nadège
PP-004126,PASSEPORT,DOSSOU,Codjo,1989-09-06,M,0503,CODJIA Prudence
AN-004127,ACTE_NAISSANCE,AHOYO,Judith,1975-02-08,F,0406,AGBODJAN Estelle
AN-004128,ACTE_NAISSANCE,AGBODJAN,Justin,1977-04-30,M,0104,TCHIBOZO Carine
AN-004129,ACTE_NAISSANCE,TOSSOU,Gildas Brice,2009-12-30,M,1004,AGOSSOU Rosine
AN-004130,ACTE_NAISSANCE,HOUNGBO,Sylvie,1963-12-05,F,0304,SOULEY Sèmèvo
CC-004131,CARTE_CONSULAIRE,HOUESSOU,Moussa Comlan,1990-03-30,M,0502,BONI Bernice
AN-004132,ACTE_NAISSANCE,CODJIA,Salamatou,1959-08-20,F,0207,MENSAH Rachidatou
AN-004133,ACTE_NAISSANCE,HOUESSOU,Rosine,1978-12-07,F,0301,KOUKPAKI Espérance
AN-004134,ACTE_NAISSANCE,SOSSOU,Chimène Aïcha,1996-03-26,F,0604,AHOYO Espérance
CC-004135,CARTE_CONSULAIRE,TCHIBOZO,Romaric,1998-06-28,M,0306,LOKONON Sèmèvo
AN-004136,ACTE_NAISSANCE,ALLADAYE,Bernice,2013-08-19,F,0209,KIKI Mariam
CC-004137,CARTE_CONSULAIRE,BONI,Bienvenu,1967-02-21,M,0704,ZANNOU Flore
PP-004138,PASSEPORT,VODOUNON,Gildas,1971-03-24,M,0602,TOSSOU Carine
AN-004139,ACTE_NAISSANCE,ADANDE,Salamatou Rachidatou,1968-08-01,F,0601,GBAGUIDI Sèmèvo
CC-004140,CARTE_CONSULAIRE,ADANDE,Chimène,1997-12-13,F,0701,AGBODJAN Espérance
AN-004141,ACTE_NAISSANCE,IDRISSOU,Ayaba,2011-08-28,F,0208,SOULEY Bernice
CC-004142,CARTE_CONSULAIRE,SOULEY,Judith,1946-08-26,F,1009,KPADONOU Gisèle
AN-004143,ACTE_NAISSANCE,SOULEY,Mariam,1968-07-31,F,1105,ADJOVI Judith
AN-004144,ACTE_NAISSANCE,MENSAH,Mariam,1986-08-13,F,0704,ADANDE Sylvie
PP-004145,PASSEPORT,NOUATIN,Mariam,1980-02-20,F,1206,BONI Ayaba
CC-004146,CARTE_CONSULAIRE,CODJIA,Prudence Judith,1981-02-18,F,0501,ADANDE Nadège
AN-004147,ACTE_NAISSANCE,IDRISSOU,Prudence,1972-11-15,F,0801,TOGBE Fatoumata
CC-004148,CARTE_CONSULAIRE,SOULEY,Sènami Rosine,2015-11-21,F,0105,ASSOGBA Fatoumata
CC-004149,CARTE_CONSULAIRE,NOUATIN,Ibrahim,1947-12-28,M,0305,SOSSOU Sènami
AN-004150,ACTE_NAISSANCE,TCHIBOZO,Sylvie Judith,1956-11-17,F,0504,SAGBO Nadège
CC-004151,CARTE_CONSULAIRE,DANSOU,Prudence,1993-03-07,F,0501,AGBODJAN Prudence
AN-004152,ACTE_NAISSANCE,AHOUANSOU,Bernice Sylvie,1998-10-13,F,0403,DANSOU Estelle
PP-004153,PASSEPORT,ZANNOU,Rodrigue Ibrahim,1999-12-02,M,0104,HOUNKPATIN Gisèle
AN-004154,ACTE_NAISSANCE,CHABI,Rachid,1997-06-15,M,1208,YAROU Prudence
AN-004155,ACTE_NAISSANCE,KPADONOU,Espérance,1979-10-09,F,0903,HOUNSOU Sylvie
AN-004156,ACTE_NAISSANCE,DOSSOU,Rodrigue Comlan,1987-06-20,M,0703,KPADONOU Rachidatou
AN-004157,ACTE_NAISSANCE,TOGBE,Bienvenu Fabrice,1996-09-05,M,0203,KPADONOU Aïcha
AN-004158,ACTE_NAISSANCE,SOSSOU,Comlan,2001-06-20,M,0308,HOUNKPATIN Sylvie
AN-004159,ACTE_NAISSANCE,AGBODJAN,Arnaud Codjo,1977-08-13,M,0304,HOUNKPATIN Sènami
AN-004160,ACTE_NAISSANCE,ALLADAYE,Comlan Fidèle,1984-01-11,M,0205,ASSOGBA Salamatou
AN-004161,ACTE_NAISSANCE,FASSINOU,Judith Nadège,2002-06-16,F,1204,KIKI Rachidatou
CC-004162,CARTE_CONSULAIRE,ASSOGBA,Fatoumata,1963-01-27,F,0408,HOUNKPATIN Sènami
AN-004163,ACTE_NAISSANCE,ZINSOU,Mariam Flore,2008-04-10,F,0702,AGBODJAN Judith
AN-004164,ACTE_NAISSANCE,ASSOGBA,Prudence,1985-04-23,F,0203,KPADONOU Estelle
CC-004165,CARTE_CONSULAIRE,KOUKPAKI,Rodrigue,1999-07-31,M,1207,ZANNOU Fatoumata
PP-004166,PASSEPORT,TCHIBOZO,Fidèle Rachid,1983-04-25,M,0904,SAGBO Sylvie
CC-004167,CARTE_CONSULAIRE,ALLADAYE,Espérance Mariam,1989-04-03,F,0308,HOUNKPATIN Espérance
CC-004168,CARTE_CONSULAIRE,OSSENI,Ayaba Chimène,1965-04-19,F,0104,KPADONOU Espérance
AN-004169,ACTE_NAISSANCE,QUENUM,Rodrigue,1978-10-27,M,0501,AMOUSSOU Bernice
CC-004170,CARTE_CONSULAIRE,ADANDE,Nadège,1988-12-06,F,0703,BONI Rosine
AN-004171,ACTE_NAISSANCE,HOUNSOU,Flore,1988-08-28,F,0308,SOULEY Sylvie
AN-004172,ACTE_NAISSANCE,AHOYO,Mahougnon,1987-03-27,M,1006,TOGBE Gisèle
CC-004173,CARTE_CONSULAIRE,QUENUM,Sènami,2001-01-15,F,0205,GBAGUIDI Bernice
AN-004174,ACTE_NAISSANCE,YAROU,Justin Arnaud,1982-04-03,M,0702,VODOUNON Fatoumata
PP-004175,PASSEPORT,GBAGUIDI,Fatoumata,2017-11-01,F,1202,HOUNKPATIN Sèmèvo
AN-004176,ACTE_NAISSANCE,AGOSSOU,Fabrice,2004-10-08,M,0901,AMOUSSOU Flore
AN-004177,ACTE_NAISSANCE,HOUNGBO,Aïcha Espérance,2005-12-10,F,0102,BONI Rachidatou
AN-004178,ACTE_NAISSANCE,CHABI,Ghislain Ulrich,1975-09-18,M,0302,HOUESSOU Gisèle
AN-004179,ACTE_NAISSANCE,HOUNKPATIN,Romaric,2002-12-12,M,0204,LOKONON Chimène
AN-004180,ACTE_NAISSANCE,YAROU,Gildas,1966-10-06,M,0904,CHABI Carine
AN-004181,ACTE_NAISSANCE,HOUNSOU,Gisèle,2005-06-17,F,0202,MENSAH Carine
AN-004182,ACTE_NAISSANCE,NOUATIN,Brice,1998-09-09,M,0902,ZINSOU Chimène
AN-004183,ACTE_NAISSANCE,HOUNKPATIN,Chimène Judith,1966-06-19,F,0504,GLELE Judith
PP-004184,PASSEPORT,DANSOU,Rodrigue,1973-08-12,M,0701,AKPOVI Salamatou
PP-004185,PASSEPORT,ADJOVI,Moussa,2001-11-09,M,0702,TOGBE Rosine
AN-004186,ACTE_NAISSANCE,AGOSSOU,Bernice,2011-02-13,F,0306,AMOUSSOU Nadège
AN-004187,ACTE_NAISSANCE,BIO,Rachidatou,1950-08-30,F,0103,ASSOGBA Salamatou
AN-004188,ACTE_NAISSANCE,ALLADAYE,Estelle,1973-11-16,F,1102,ZANNOU Bernice
AN-004189,ACTE_NAISSANCE,DOSSOU,Fatoumata,1970-02-03,F,1009,MENSAH Flore
PP-004190,PASSEPORT,DANSOU,Bienvenu,1956-02-26,M,0704,AHOUANSOU Sylvie
PP-004191,PASSEPORT,GLELE,Fabrice,1987-04-09,M,1009,AGOSSOU Bernice
AN-004192,ACTE_NAISSANCE,HOUNSOU,Prudence,1960-01-30,F,0301,ADANDE Espérance
AN-004193,ACTE_NAISSANCE,HOUNKPATIN,Fidèle,1996-08-16,M,0702,YAROU Sèmèvo
AN-004194,ACTE_NAISSANCE,KIKI,Moussa,1983-12-02,M,0101,KIKI Flore
CC-004195,CARTE_CONSULAIRE,ASSOGBA,Fidèle Mahougnon,1962-08-29,M,0304,DOSSOU Aïcha
PP-004196,PASSEPORT,CHABI,Justin Moussa,1992-09-30,M,0701,KIKI Flore
AN-004197,ACTE_NAISSANCE,CODJIA,Moussa,1994-02-09,M,0202,ZINSOU Rachidatou
AN-004198,ACTE_NAISSANCE,YAROU,Rosine,1978-07-20,F,1104,TOGBE Sènami
PP-004199,PASSEPORT,ZINSOU,Gisèle,1996-02-22,F,0703,MENSAH Sylvie
AN-004200,ACTE_NAISSANCE,KPADONOU,Comlan Brice,1993-06-26,M,1006,GBAGUIDI Sèmèvo
PP-004201,PASSEPORT,DANSOU,Gildas,2021-12-04,M,0306,TCHIBOZO Ayaba
AN-004202,ACTE_NAISSANCE,TOGBE,Salamatou,2010-08-17,F,0801,TCHIBOZO Judith
AN-004203,ACTE_NAISSANCE,BONI,Rachid,2000-11-03,M,0101,AHOYO Mariam
PP-004204,PASSEPORT,ALLADAYE,Judith,1968-05-04,F,0301,YAROU Mariam
AN-004205,ACTE_NAISSANCE,SOULEY,Ghislain,1978-08-18,M,0402,DANSOU Flore
AN-004206,ACTE_NAISSANCE,BONI,Bienvenu,1976-04-24,M,0306,GBAGUIDI Prudence
AN-004207,ACTE_NAISSANCE,AHOYO,Gisèle,2008-11-15,F,0601,HOUESSOU Espérance
CC-004208,CARTE_CONSULAIRE,LOKONON,Nadège,1997-10-18,F,1009,AMOUSSOU Judith
AN-004209,ACTE_NAISSANCE,DOSSOU,Nadège,1985-06-08,F,0202,TOSSOU Aïcha
AN-004210,ACTE_NAISSANCE,ALLADAYE,Carine Nadège,1959-03-24,F,0906,AMOUSSOU Rosine
AN-004211,ACTE_NAISSANCE,OSSENI,Chimène Salamatou,2011-05-09,F,0606,SAGBO Estelle
AN-004212,ACTE_NAISSANCE,YAROU,Bernice,1980-07-08,F,0801,AHOUANSOU Estelle
CC-004213,CARTE_CONSULAIRE,LOKONON,Sènami,1989-02-01,F,1007,KIKI Aïcha
CC-004214,CARTE_CONSULAIRE,YAROU,Salamatou,1976-10-10,F,0901,AMOUSSOU Judith
AN-004215,ACTE_NAISSANCE,HOUESSOU,Ibrahim Fidèle,1985-09-28,M,0801,AMOUSSOU Sylvie
AN-004216,ACTE_NAISSANCE,DANSOU,Ibrahim,1988-01-29,M,0606,ASSOGBA Rosine
AN-004217,ACTE_NAISSANCE,TCHIBOZO,Ibrahim Ghislain,1962-06-01,M,0903,HOUESSOU Carine
CC-004218,CARTE_CONSULAIRE,NOUATIN,Serge,2008-03-11,M,0206,GLELE Fatoumata
AN-004219,ACTE_NAISSANCE,VODOUNON,Prudence,1995-05-13,F,0203,HOUNSOU Rachidatou
AN-004220,ACTE_NAISSANCE,IDRISSOU,Serge Comlan,1999-08-14,M,0304,ALLADAYE Flore
AN-004221,ACTE_NAISSANCE,VODOUNON,Serge,1989-10-24,M,1205,AKPOVI Flore
PP-004222,PASSEPORT,MENSAH,Estelle,1988-06-06,F,1104,AMOUSSOU Rachidatou
AN-004223,ACTE_NAISSANCE,DANSOU,Comlan Romaric,1990-01-15,M,0902,KIKI Rosine
AN-004224,ACTE_NAISSANCE,CHABI,Koffi,1963-12-19,M,0801,AKPOVI Carine
AN-004225,ACTE_NAISSANCE,KPADONOU,Sènami,1991-10-22,F,1208,HOUNKPATIN Aïcha
AN-004226,ACTE_NAISSANCE,KOUKPAKI,Rachidatou Estelle,1955-07-15,F,0304,AGBODJAN Judith
AN-004227,ACTE_NAISSANCE,SOULEY,Bienvenu,2003-06-13,M,1101,LOKONON Fatoumata
PP-004228,PASSEPORT,YAROU,Sylvie,1972-10-31,F,0305,VODOUNON Rachidatou
AN-004229,ACTE_NAISSANCE,CODJIA,Ulrich Mahougnon,1990-12-19,M,0401,KPADONOU Bernice
AN-004230,ACTE_NAISSANCE,VODOUNON,Arnaud,1954-01-05,M,0702,TOSSOU Flore
AN-004231,ACTE_NAISSANCE,KIKI,Fidèle,2002-02-11,M,1202,TCHIBOZO Sylvie
PP-004232,PASSEPORT,AGBODJAN,Sèmèvo Nadège,2007-08-10,F,0103,GBAGUIDI Aïcha
AN-004233,ACTE_NAISSANCE,KIKI,Rachidatou Rosine,1951-02-18,F,0102,AHOYO Aïcha
AN-004234,ACTE_NAISSANCE,AMOUSSOU,Romaric Rachid,2018-08-07,M,0304,DOSSOU Ayaba
AN-004235,ACTE_NAISSANCE,ADJOVI,Judith Fatoumata,2010-08-31,F,0205,TOSSOU Chimène
AN-004236,ACTE_NAISSANCE,AGBODJAN,Judith,1987-10-06,F,0603,TCHIBOZO Bernice
AN-004237,ACTE_NAISSANCE,IDRISSOU,Moussa,1968-03-01,M,1003,HOUESSOU Ayaba
AN-004238,ACTE_NAISSANCE,FASSINOU,Mahougnon,2001-08-02,M,0104,QUENUM Sylvie
AN-004239,ACTE_NAISSANCE,AHOUANSOU,Carine Aïcha,2019-03-04,F,0701,ADANDE Sylvie
AN-004240,ACTE_NAISSANCE,HOUNSOU,Mahougnon,2006-02-27,M,0402,BONI Gisèle
AN-004241,ACTE_NAISSANCE,SOSSOU,Estelle Aïcha,1983-10-01,F,0502,NOUATIN Sèmèvo
AN-004242,ACTE_NAISSANCE,GLELE,Sènami,2018-09-13,F,0104,OSSENI Sylvie
AN-004243,ACTE_NAISSANCE,AKPOVI,Rodrigue,1996-03-04,M,0104,AHOUANSOU Judith
AN-004244,ACTE_NAISSANCE,LOKONON,Ghislain,1952-04-25,M,0603,AGOSSOU Fatoumata
AN-004245,ACTE_NAISSANCE,LOKONON,Romaric Rodrigue,1966-07-04,M,0304,KIKI Sènami
AN-004246,ACTE_NAISSANCE,AKPOVI,Gildas Ulrich,2003-01-19,M,0904,BIO Nadège
AN-004247,ACTE_NAISSANCE,BONI,Ayaba,2004-08-12,F,0307,SOSSOU Mariam
AN-004248,ACTE_NAISSANCE,TOSSOU,Codjo,1961-01-25,M,0205,CHABI Estelle
PP-004249,PASSEPORT,SOSSOU,Carine Gisèle,1981-08-08,F,0308,DANSOU Estelle
AN-004250,ACTE_NAISSANCE,VODOUNON,Ulrich,1982-09-06,M,0401,ALLADAYE Flore
PP-004251,PASSEPORT,AKPOVI,Brice Fabrice,2008-06-15,M,0906,DOSSOU Judith
PP-004252,PASSEPORT,OSSENI,Ulrich Fidèle,1985-06-29,M,1209,VODOUNON Bernice
AN-004253,ACTE_NAISSANCE,HOUNSOU,Flore,1985-07-26,F,1008,ZINSOU Espérance
AN-004254,ACTE_NAISSANCE,ASSOGBA,Fatoumata,1992-11-07,F,0106,AMOUSSOU Chimène
AN-004255,ACTE_NAISSANCE,KIKI,Bienvenu,1967-10-08,M,1103,VODOUNON Rachidatou
AN-004256,ACTE_NAISSANCE,IDRISSOU,Sèmèvo Ayaba,2001-05-17,F,0504,MENSAH Judith
AN-004257,ACTE_NAISSANCE,FASSINOU,Brice,1962-04-08,M,0301,DOSSOU Sèmèvo
AN-004258,ACTE_NAISSANCE,SOSSOU,Judith,2012-05-08,F,0301,MENSAH Nadège
PP-004259,PASSEPORT,MENSAH,Gildas,1976-06-23,M,0601,YAROU Mariam
AN-004260,ACTE_NAISSANCE,ZINSOU,Espérance Salamatou,1999-11-13,F,0303,AGOSSOU Bernice
AN-004261,ACTE_NAISSANCE,HOUNSOU,Rachid,1986-07-29,M,0505,HOUESSOU Salamatou
AN-004262,ACTE_NAISSANCE,HOUNGBO,Moussa,2014-07-18,M,0202,HOUNKPATIN Bernice
AN-004263,ACTE_NAISSANCE,GLELE,Yves,1974-06-20,M,0402,CHABI Sèmèvo
PP-004264,PASSEPORT,NOUATIN,Romaric,1972-07-04,M,0602,QUENUM Sylvie
AN-004265,ACTE_NAISSANCE,DOSSOU,Serge,2001-12-15,M,0407,KPADONOU Aïcha
PP-004266,PASSEPORT,SOULEY,Yves Bienvenu,1981-10-16,M,0106,GBAGUIDI Sylvie
CC-004267,CARTE_CONSULAIRE,HOUNKPATIN,Koffi,1983-12-17,M,1005,ADJOVI Nadège
PP-004268,PASSEPORT,DOSSOU,Carine,2001-08-08,F,0206,BIO Prudence
AN-004269,ACTE_NAISSANCE,AKPOVI,Estelle Aïcha,1964-12-11,F,0505,SOULEY Bernice
AN-004270,ACTE_NAISSANCE,OSSENI,Rachid,1990-07-03,M,0606,HOUNSOU Sènami
AN-004271,ACTE_NAISSANCE,GLELE,Sylvie Estelle,1996-04-23,F,0306,ZINSOU Espérance
AN-004272,ACTE_NAISSANCE,QUENUM,Judith,1977-04-20,F,1001,DANSOU Carine
AN-004273,ACTE_NAISSANCE,GBAGUIDI,Gildas,1964-02-15,M,0203,AHOYO Rachidatou
PP-004274,PASSEPORT,SOSSOU,Bernice,1985-04-15,F,0504,QUENUM Fatoumata
CC-004275,CARTE_CONSULAIRE,AGBODJAN,Rosine Ayaba,2000-08-05,F,0305,HOUNGBO Espérance
AN-004276,ACTE_NAISSANCE,TOSSOU,Fidèle,1976-04-14,M,0209,TOSSOU Salamatou
AN-004277,ACTE_NAISSANCE,YAROU,Comlan,1966-08-11,M,0905,OSSENI Rachidatou
AN-004278,ACTE_NAISSANCE,SOULEY,Mariam,1965-02-01,F,0103,AGBODJAN Mariam
PP-004279,PASSEPORT,GLELE,Estelle,1969-11-12,F,0201,BIO Fatoumata
AN-004280,ACTE_NAISSANCE,KPADONOU,Nadège Chimène,1985-03-20,F,0904,QUENUM Ayaba
PP-004281,PASSEPORT,SOSSOU,Espérance,1963-01-04,F,0205,ALLADAYE Judith
PP-004282,PASSEPORT,FASSINOU,Arnaud,1970-07-13,M,0204,ADANDE Rachidatou
AN-004283,ACTE_NAISSANCE,HOUNKPATIN,Judith Sylvie,2008-04-08,F,0406,SOULEY Judith
AN-004284,ACTE_NAISSANCE,YAROU,Aïcha Flore,1971-03-26,F,0403,AKPOVI Nadège
AN-004285,ACTE_NAISSANCE,KOUKPAKI,Koffi Justin,1982-12-21,M,0405,AGBODJAN Ayaba
AN-004286,ACTE_NAISSANCE,AGBODJAN,Comlan Justin,1977-07-18,M,0203,SOSSOU Aïcha
AN-004287,ACTE_NAISSANCE,ALLADAYE,Serge Romaric,1946-03-20,M,0902,GBAGUIDI Estelle
CC-004288,CARTE_CONSULAIRE,TOSSOU,Romaric,1958-10-05,M,0502,GBAGUIDI Bernice
AN-004289,ACTE_NAISSANCE,QUENUM,Fatoumata,1991-03-26,F,0906,FASSINOU Rachidatou
PP-004290,PASSEPORT,HOUESSOU,Sènami,1968-09-24,F,0206,ADJOVI Chimène
AN-004291,ACTE_NAISSANCE,KOUKPAKI,Aïcha,2007-06-23,F,0504,QUENUM Gisèle
AN-004292,ACTE_NAISSANCE,KIKI,Rosine,1964-01-20,F,0202,HOUNGBO Rosine
CC-004293,CARTE_CONSULAIRE,HOUESSOU,Gildas Serge,1987-06-04,M,0402,NOUATIN Aïcha
AN-004294,ACTE_NAISSANCE,NOUATIN,Codjo Rodrigue,1967-10-06,M,0306,TOSSOU Prudence
AN-004295,ACTE_NAISSANCE,DANSOU,Estelle,1964-09-08,F,0902,HOUNSOU Sèmèvo
CC-004296,CARTE_CONSULAIRE,ASSOGBA,Bienvenu,1956-08-12,M,1204,OSSENI Flore
CC-004297,CARTE_CONSULAIRE,IDRISSOU,Mahougnon,1976-12-04,M,0205,HOUNKPATIN Fatoumata
AN-004298,ACTE_NAISSANCE,TOSSOU,Brice Ibrahim,1992-01-30,M,1201,BIO Rachidatou
AN-004299,ACTE_NAISSANCE,AGOSSOU,Prudence,1959-08-16,F,1105,NOUATIN Sèmèvo
AN-004300,ACTE_NAISSANCE,HOUNGBO,Estelle,2009-02-23,F,1003,AHOUANSOU Sènami
AN-004301,ACTE_NAISSANCE,ZANNOU,Gisèle,1993-05-15,F,1203,ZINSOU Bernice
AN-004302,ACTE_NAISSANCE,TCHIBOZO,Fidèle,1984-05-15,M,0102,SOSSOU Nadège
AN-004303,ACTE_NAISSANCE,AGBODJAN,Sèmèvo Carine,1956-09-02,F,0906,ALLADAYE Flore
AN-004304,ACTE_NAISSANCE,AGOSSOU,Gildas,1962-03-23,M,0209,SAGBO Aïcha
AN-004305,ACTE_NAISSANCE,IDRISSOU,Sèmèvo,1981-11-25,F,0401,TCHIBOZO Rosine
AN-004306,ACTE_NAISSANCE,CODJIA,Codjo,1981-01-07,M,1105,AMOUSSOU Bernice
AN-004307,ACTE_NAISSANCE,KOUKPAKI,Moussa,1968-08-19,M,1208,TCHIBOZO Sylvie
CC-004308,CARTE_CONSULAIRE,LOKONON,Bernice,1948-12-08,F,0906,ADANDE Bernice
AN-004309,ACTE_NAISSANCE,TCHIBOZO,Brice,1999-07-13,M,1101,ZANNOU Espérance
AN-004310,ACTE_NAISSANCE,ADJOVI,Carine,1998-09-01,F,0103,ADJOVI Bernice
AN-004311,ACTE_NAISSANCE,KPADONOU,Codjo Romaric,1979-06-06,M,0906,TOGBE Estelle
CC-004312,CARTE_CONSULAIRE,AHOUANSOU,Estelle Fatoumata,2007-10-15,F,0903,BIO Rachidatou
AN-004313,ACTE_NAISSANCE,AGOSSOU,Nadège Chimène,2005-01-26,F,1204,TOSSOU Nadège
AN-004314,ACTE_NAISSANCE,AGOSSOU,Gisèle,1977-03-22,F,1105,AHOUANSOU Nadège
CC-004315,CARTE_CONSULAIRE,GBAGUIDI,Flore,2009-06-19,F,0701,KIKI Espérance
AN-004316,ACTE_NAISSANCE,TOSSOU,Ulrich,2007-09-15,M,0209,SAGBO Nadège
AN-004317,ACTE_NAISSANCE,HOUNSOU,Codjo,1996-10-11,M,1206,SAGBO Gisèle
PP-004318,PASSEPORT,ALLADAYE,Estelle,1993-03-23,F,0404,ZINSOU Aïcha
CC-004319,CARTE_CONSULAIRE,AKPOVI,Rachid,2015-06-30,M,0206,BIO Fatoumata
CC-004320,CARTE_CONSULAIRE,ADANDE,Prudence,2000-08-12,F,0505,LOKONON Espérance
PP-004321,PASSEPORT,HOUNSOU,Aïcha Ayaba,1995-07-15,F,0701,HOUNSOU Fatoumata
PP-004322,PASSEPORT,GBAGUIDI,Yves,1985-12-10,M,1008,AHOYO Judith
AN-004323,ACTE_NAISSANCE,LOKONON,Aïcha,1994-04-27,F,0602,QUENUM Espérance
AN-004324,ACTE_NAISSANCE,HOUNKPATIN,Gildas,1995-06-13,M,1007,ZANNOU Salamatou
CC-004325,CARTE_CONSULAIRE,TOGBE,Prudence,2004-12-02,F,0208,AKPOVI Nadège
AN-004326,ACTE_NAISSANCE,DANSOU,Rodrigue,2007-06-18,M,0502,AKPOVI Mariam
AN-004327,ACTE_NAISSANCE,GLELE,Serge,1996-09-24,M,0504,NOUATIN Ayaba
AN-004328,ACTE_NAISSANCE,QUENUM,Sèmèvo Flore,1982-10-18,F,0106,AKPOVI Rosine
AN-004329,ACTE_NAISSANCE,KIKI,Justin,1980-01-03,M,1003,KPADONOU Rachidatou
CC-004330,CARTE_CONSULAIRE,AHOYO,Chimène,1959-04-04,F,0606,KOUKPAKI Nadège
CC-004331,CARTE_CONSULAIRE,KPADONOU,Brice Arnaud,1992-01-28,M,0306,ADJOVI Rachidatou
AN-004332,ACTE_NAISSANCE,GBAGUIDI,Ayaba,1955-12-10,F,0207,HOUNKPATIN Judith
AN-004333,ACTE_NAISSANCE,DANSOU,Fabrice,1983-07-24,M,0301,HOUNGBO Flore
PP-004334,PASSEPORT,HOUNSOU,Espérance,1999-01-26,F,1204,GBAGUIDI Rosine
PP-004335,PASSEPORT,OSSENI,Sèmèvo,1979-02-09,F,0308,KIKI Gisèle
AN-004336,ACTE_NAISSANCE,KIKI,Espérance,1975-07-03,F,0407,FASSINOU Rosine
AN-004337,ACTE_NAISSANCE,ALLADAYE,Koffi,1972-11-03,M,0101,MENSAH Carine
PP-004338,PASSEPORT,KOUKPAKI,Estelle Sylvie,1961-03-13,F,0604,BIO Fatoumata
AN-004339,ACTE_NAISSANCE,ASSOGBA,Comlan,1996-11-18,M,0905,VODOUNON Gisèle
AN-004340,ACTE_NAISSANCE,IDRISSOU,Bernice Sèmèvo,1990-04-06,F,0905,DANSOU Nadège
AN-004341,ACTE_NAISSANCE,KIKI,Fatoumata,1993-11-20,F,0104,DANSOU Estelle
AN-004342,ACTE_NAISSANCE,SOSSOU,Arnaud,1948-05-27,M,0605,ASSOGBA Nadège
AN-004343,ACTE_NAISSANCE,GLELE,Ulrich Gildas,2010-07-11,M,0301,AHOYO Rachidatou
AN-004344,ACTE_NAISSANCE,MENSAH,Ulrich,1968-06-27,M,0306,AGBODJAN Sylvie
AN-004345,ACTE_NAISSANCE,IDRISSOU,Rosine,1984-03-02,F,0904,LOKONON Aïcha
AN-004346,ACTE_NAISSANCE,AMOUSSOU,Rachidatou,1985-11-04,F,1102,ALLADAYE Rosine
AN-004347,ACTE_NAISSANCE,BIO,Arnaud,1952-01-18,M,0404,ADJOVI Chimène
AN-004348,ACTE_NAISSANCE,ASSOGBA,Judith,1986-10-07,F,0104,AMOUSSOU Aïcha
AN-004349,ACTE_NAISSANCE,HOUNGBO,Espérance Sènami,2017-04-13,F,0407,GLELE Espérance
CC-004350,CARTE_CONSULAIRE,TOSSOU,Fabrice Mahougnon,1996-01-18,M,0604,SOSSOU Flore
CC-004351,CARTE_CONSULAIRE,AHOYO,Fidèle,1992-09-11,M,0502,KPADONOU Flore
AN-004352,ACTE_NAISSANCE,MENSAH,Rachidatou,2006-10-08,F,0504,SOULEY Prudence
AN-004353,ACTE_NAISSANCE,ASSOGBA,Sènami,1969-03-23,F,1101,SOULEY Rachidatou
AN-004354,ACTE_NAISSANCE,FASSINOU,Rodrigue,2001-09-26,M,0304,HOUNGBO Espérance
AN-004355,ACTE_NAISSANCE,TOGBE,Rachidatou Fatoumata,2012-07-11,F,0905,AHOYO Salamatou
AN-004356,ACTE_NAISSANCE,SOSSOU,Justin Gildas,1998-08-13,M,0904,QUENUM Bernice
CC-004357,CARTE_CONSULAIRE,ADANDE,Mariam Gisèle,2009-12-30,F,0404,HOUNKPATIN Sènami
AN-004358,ACTE_NAISSANCE,HOUNKPATIN,Flore,1996-01-23,F,0207,KIKI Nadège
AN-004359,ACTE_NAISSANCE,DANSOU,Serge,1990-11-26,M,1204,YAROU Rachidatou
CC-004360,CARTE_CONSULAIRE,KPADONOU,Moussa,1972-12-13,M,0605,AGBODJAN Sèmèvo
AN-004361,ACTE_NAISSANCE,GBAGUIDI,Judith,2000-02-05,F,0204,AMOUSSOU Flore
AN-004362,ACTE_NAISSANCE,AKPOVI,Sèmèvo,1942-01-17,F,0301,HOUNSOU Rosine
PP-004363,PASSEPORT,FASSINOU,Mahougnon Ulrich,2020-02-18,M,0903,HOUNKPATIN Aïcha
AN-004364,ACTE_NAISSANCE,AHOYO,Rachid Codjo,2015-03-30,M,0503,SOSSOU Gisèle
AN-004365,ACTE_NAISSANCE,NOUATIN,Serge Rachid,1971-04-29,M,1002,KIKI Judith
AN-004366,ACTE_NAISSANCE,TOSSOU,Ibrahim Moussa,2014-10-02,M,0901,IDRISSOU Chimène
PP-004367,PASSEPORT,AGBODJAN,Fidèle,2009-04-26,M,0503,BIO Sènami
AN-004368,ACTE_NAISSANCE,KPADONOU,Rachidatou,2011-01-05,F,0506,AMOUSSOU Bernice
AN-004369,ACTE_NAISSANCE,IDRISSOU,Rachidatou Salamatou,2007-01-02,F,0505,MENSAH Flore
AN-004370,ACTE_NAISSANCE,AMOUSSOU,Yves Codjo,1984-08-13,M,0605,KPADONOU Nadège
AN-004371,ACTE_NAISSANCE,HOUNKPATIN,Rodrigue Ghislain,1956-05-02,M,0203,CHABI Sènami
CC-004372,CARTE_CONSULAIRE,HOUNGBO,Koffi,1990-01-29,M,0207,ZANNOU Sylvie
CC-004373,CARTE_CONSULAIRE,BONI,Romaric,2009-12-07,M,1002,TOSSOU Prudence
AN-004374,ACTE_NAISSANCE,TOGBE,Ulrich,1976-03-06,M,0209,FASSINOU Gisèle
AN-004375,ACTE_NAISSANCE,DOSSOU,Flore,1975-07-13,F,1101,HOUESSOU Salamatou
AN-004376,ACTE_NAISSANCE,SOSSOU,Fabrice Ulrich,1976-12-09,M,0203,NOUATIN Prudence
AN-004377,ACTE_NAISSANCE,CHABI,Salamatou,1994-04-15,F,0503,ASSOGBA Gisèle
AN-004378,ACTE_NAISSANCE,AMOUSSOU,Justin,1982-05-31,M,1105,ZINSOU Salamatou
AN-004379,ACTE_NAISSANCE,GBAGUIDI,Bienvenu Ghislain,2020-11-30,M,0604,SOSSOU Bernice
AN-004380,ACTE_NAISSANCE,KIKI,Salamatou,1991-07-20,F,0503,ADJOVI Gisèle
AN-004381,ACTE_NAISSANCE,KOUKPAKI,Espérance,1987-01-09,F,0703,YAROU Bernice
AN-004382,ACTE_NAISSANCE,VODOUNON,Romaric,1970-03-31,M,0205,HOUESSOU Ayaba
AN-004383,ACTE_NAISSANCE,IDRISSOU,Mariam,2014-08-19,F,0207,FASSINOU Fatoumata
AN-004384,ACTE_NAISSANCE,HOUNSOU,Espérance Judith,1996-04-14,F,1207,DOSSOU Aïcha
AN-004385,ACTE_NAISSANCE,TCHIBOZO,Sèmèvo Fatoumata,2019-08-23,F,1005,ADJOVI Nadège
CC-004386,CARTE_CONSULAIRE,SOSSOU,Judith,1986-01-28,F,1205,TCHIBOZO Aïcha
AN-004387,ACTE_NAISSANCE,HOUNSOU,Flore Judith,1966-07-27,F,0504,FASSINOU Estelle
AN-004388,ACTE_NAISSANCE,AGOSSOU,Flore,2001-07-12,F,1103,ADJOVI Rachidatou
AN-004389,ACTE_NAISSANCE,KPADONOU,Estelle Flore,1991-12-26,F,0101,YAROU Chimène
AN-004390,ACTE_NAISSANCE,ZANNOU,Ayaba Prudence,2001-02-11,F,0304,ZINSOU Mariam
AN-004391,ACTE_NAISSANCE,DOSSOU,Bernice Sènami,2003-04-02,F,1005,BONI Ayaba
AN-004392,ACTE_NAISSANCE,HOUNSOU,Codjo Brice,2010-11-22,M,1003,SOSSOU Chimène
PP-004393,PASSEPORT,TOGBE,Gisèle,1970-11-30,F,0103,YAROU Judith
CC-004394,CARTE_CONSULAIRE,TCHIBOZO,Salamatou Espérance,2005-02-19,F,0702,CODJIA Rachidatou
CC-004395,CARTE_CONSULAIRE,AKPOVI,Espérance,1968-04-10,F,0505,SOSSOU Salamatou
AN-004396,ACTE_NAISSANCE,CHABI,Nadège,1974-01-22,F,0403,LOKONON Aïcha
AN-004397,ACTE_NAISSANCE,TCHIBOZO,Serge,2011-10-21,M,0505,DOSSOU Rosine
AN-004398,ACTE_NAISSANCE,SOSSOU,Estelle,1970-12-03,F,0101,GLELE Bernice
AN-004399,ACTE_NAISSANCE,SAGBO,Prudence Ayaba,2013-07-16,F,0901,LOKONON Chimène
AN-004400,ACTE_NAISSANCE,TOSSOU,Salamatou,1957-08-02,F,1002,BIO Rachidatou
AN-004401,ACTE_NAISSANCE,SOULEY,Sèmèvo,1987-09-25,F,0201,IDRISSOU Prudence
CC-004402,CARTE_CONSULAIRE,KOUKPAKI,Gisèle,1984-08-18,F,1005,BIO Ayaba
AN-004403,ACTE_NAISSANCE,SAGBO,Justin,1982-09-25,M,0603,KIKI Espérance
AN-004404,ACTE_NAISSANCE,SOULEY,Ibrahim,2012-09-07,M,0606,QUENUM Estelle
CC-004405,CARTE_CONSULAIRE,HOUNGBO,Moussa Justin,1978-10-01,M,0906,ADJOVI Rachidatou
AN-004406,ACTE_NAISSANCE,NOUATIN,Codjo Comlan,2012-12-01,M,0407,KIKI Ayaba
PP-004407,PASSEPORT,HOUESSOU,Salamatou,2020-03-13,F,1002,SOSSOU Judith
PP-004408,PASSEPORT,OSSENI,Mahougnon Fidèle,1978-11-02,M,1003,SOSSOU Espérance
AN-004409,ACTE_NAISSANCE,FASSINOU,Sènami Estelle,1992-04-29,F,1006,ZANNOU Ayaba
AN-004410,ACTE_NAISSANCE,KPADONOU,Yves,1963-03-18,M,0408,TOGBE Salamatou
PP-004411,PASSEPORT,AHOYO,Bernice,2016-11-01,F,1208,OSSENI Espérance
AN-004412,ACTE_NAISSANCE,SOSSOU,Fatoumata,1960-05-17,F,0308,KOUKPAKI Mariam
CC-004413,CARTE_CONSULAIRE,ALLADAYE,Ulrich,1989-01-02,M,0308,IDRISSOU Aïcha
AN-004414,ACTE_NAISSANCE,VODOUNON,Ayaba,1986-02-25,F,0604,MENSAH Rosine
AN-004415,ACTE_NAISSANCE,ASSOGBA,Fabrice,1999-04-28,M,1202,ZINSOU Prudence
AN-004416,ACTE_NAISSANCE,TOGBE,Ghislain Bienvenu,2011-04-29,M,0503,HOUNGBO Aïcha
AN-004417,ACTE_NAISSANCE,AMOUSSOU,Yves,2002-02-10,M,0502,MENSAH Nadège
PP-004418,PASSEPORT,ALLADAYE,Gildas,2000-10-02,M,0604,DANSOU Prudence
AN-004419,ACTE_NAISSANCE,HOUESSOU,Carine,1991-11-16,F,0704,TOGBE Chimène
AN-004420,ACTE_NAISSANCE,NOUATIN,Yves,1984-08-16,M,0701,AHOUANSOU Flore
CC-004421,CARTE_CONSULAIRE,AGBODJAN,Judith Fatoumata,1998-07-13,F,0308,TOGBE Aïcha
AN-004422,ACTE_NAISSANCE,CODJIA,Gildas,1987-06-22,M,0603,KOUKPAKI Bernice
AN-004423,ACTE_NAISSANCE,KOUKPAKI,Espérance,2016-03-04,F,1103,LOKONON Judith
CC-004424,CARTE_CONSULAIRE,ZINSOU,Koffi,1992-08-08,M,0704,DOSSOU Bernice
AN-004425,ACTE_NAISSANCE,HOUESSOU,Ulrich,1961-09-11,M,0204,DANSOU Bernice
AN-004426,ACTE_NAISSANCE,KOUKPAKI,Estelle Nadège,1974-03-18,F,1004,MENSAH Chimène
CC-004427,CARTE_CONSULAIRE,OSSENI,Ulrich Koffi,1977-04-29,M,1102,FASSINOU Ayaba
AN-004428,ACTE_NAISSANCE,ZANNOU,Romaric Ibrahim,1985-10-27,M,1102,ZINSOU Chimène
AN-004429,ACTE_NAISSANCE,CODJIA,Yves,2005-02-09,M,1101,HOUNSOU Sèmèvo
AN-004430,ACTE_NAISSANCE,SAGBO,Rachid Mahougnon,1957-09-27,M,0208,SAGBO Rachidatou
AN-004431,ACTE_NAISSANCE,SAGBO,Espérance,2008-11-25,F,1005,SOSSOU Salamatou
AN-004432,ACTE_NAISSANCE,CHABI,Mahougnon,1959-03-30,M,0406,HOUNGBO Flore
PP-004433,PASSEPORT,FASSINOU,Bienvenu Yves,1987-05-14,M,0704,KPADONOU Judith
AN-004434,ACTE_NAISSANCE,YAROU,Romaric,1990-01-24,M,0403,HOUNGBO Sèmèvo
PP-004435,PASSEPORT,ADJOVI,Fabrice,2007-08-07,M,1204,TOSSOU Mariam
CC-004436,CARTE_CONSULAIRE,ADANDE,Estelle Bernice,1986-12-30,F,0208,DANSOU Bernice
PP-004437,PASSEPORT,SOULEY,Rosine,1997-03-24,F,0301,IDRISSOU Flore
PP-004438,PASSEPORT,ASSOGBA,Yves,2009-01-16,M,0603,HOUNGBO Mariam
AN-004439,ACTE_NAISSANCE,GLELE,Nadège,1976-12-19,F,0402,TOSSOU Espérance
PP-004440,PASSEPORT,OSSENI,Flore,2008-07-11,F,0406,ADJOVI Prudence
AN-004441,ACTE_NAISSANCE,SOSSOU,Moussa,1987-12-30,M,0208,AGBODJAN Estelle
AN-004442,ACTE_NAISSANCE,TCHIBOZO,Chimène,1996-04-28,F,0502,ADANDE Ayaba
CC-004443,CARTE_CONSULAIRE,AGBODJAN,Serge Brice,1957-02-28,M,0303,ADJOVI Nadège
AN-004444,ACTE_NAISSANCE,DOSSOU,Arnaud,2011-10-21,M,0206,AMOUSSOU Sènami
AN-004445,ACTE_NAISSANCE,IDRISSOU,Gildas,1968-06-24,M,0701,SAGBO Ayaba
AN-004446,ACTE_NAISSANCE,HOUNKPATIN,Romaric,1989-12-20,M,1105,DANSOU Prudence
AN-004447,ACTE_NAISSANCE,AMOUSSOU,Comlan,2009-03-31,M,1104,ADJOVI Salamatou
AN-004448,ACTE_NAISSANCE,FASSINOU,Mahougnon,2007-10-18,M,0801,TOSSOU Sènami
AN-004449,ACTE_NAISSANCE,KPADONOU,Prudence Rachidatou,1977-05-31,F,0203,YAROU Sylvie
CC-004450,CARTE_CONSULAIRE,BONI,Gisèle,1984-03-04,F,0402,SOSSOU Aïcha
AN-004451,ACTE_NAISSANCE,HOUNGBO,Ibrahim Mahougnon,1998-07-10,M,1102,DOSSOU Ayaba
AN-004452,ACTE_NAISSANCE,GBAGUIDI,Rosine,1998-05-26,F,1004,SOULEY Nadège
AN-004453,ACTE_NAISSANCE,KIKI,Yves,2001-04-29,M,0302,AKPOVI Gisèle
AN-004454,ACTE_NAISSANCE,ADJOVI,Espérance,1996-03-31,F,0702,AMOUSSOU Prudence
AN-004455,ACTE_NAISSANCE,GBAGUIDI,Comlan Fabrice,1986-08-24,M,0403,TCHIBOZO Estelle
PP-004456,PASSEPORT,ASSOGBA,Sylvie,1967-05-14,F,0408,BIO Rachidatou
AN-004457,ACTE_NAISSANCE,IDRISSOU,Chimène,1975-05-17,F,0205,DOSSOU Sènami
CC-004458,CARTE_CONSULAIRE,VODOUNON,Moussa,1999-05-20,M,0603,GLELE Rachidatou
CC-004459,CARTE_CONSULAIRE,KIKI,Codjo Ulrich,2002-04-08,M,0602,CHABI Espérance
AN-004460,ACTE_NAISSANCE,MENSAH,Rachid Koffi,1992-12-31,M,1203,KOUKPAKI Flore
AN-004461,ACTE_NAISSANCE,AMOUSSOU,Bienvenu,1980-03-13,M,0401,DOSSOU Gisèle
AN-004462,ACTE_NAISSANCE,MENSAH,Justin Mahougnon,1990-08-21,M,0904,VODOUNON Sèmèvo
PP-004463,PASSEPORT,HOUNSOU,Gildas,1956-01-10,M,1102,YAROU Nadège
AN-004464,ACTE_NAISSANCE,MENSAH,Flore,1957-03-12,F,0801,QUENUM Sènami
AN-004465,ACTE_NAISSANCE,HOUNKPATIN,Carine,1955-06-23,F,0307,HOUNKPATIN Bernice
AN-004466,ACTE_NAISSANCE,HOUNGBO,Ayaba,1991-10-08,F,0302,TOGBE Flore
AN-004467,ACTE_NAISSANCE,VODOUNON,Chimène Salamatou,1980-09-05,F,0702,BONI Carine
AN-004468,ACTE_NAISSANCE,ASSOGBA,Ulrich,1987-03-23,M,0902,AHOYO Carine
AN-004469,ACTE_NAISSANCE,KIKI,Fabrice,2007-07-11,M,0701,AHOYO Rosine
AN-004470,ACTE_NAISSANCE,AGBODJAN,Judith,1970-09-19,F,1205,LOKONON Sylvie
AN-004471,ACTE_NAISSANCE,ZINSOU,Romaric Fabrice,1983-06-20,M,1003,AMOUSSOU Sèmèvo
PP-004472,PASSEPORT,ADANDE,Justin Bienvenu,2002-05-02,M,0403,AGBODJAN Rosine
AN-004473,ACTE_NAISSANCE,FASSINOU,Codjo Ghislain,1965-07-05,M,1205,AHOYO Flore
PP-004474,PASSEPORT,GLELE,Estelle,1993-02-16,F,1203,GBAGUIDI Salamatou
AN-004475,ACTE_NAISSANCE,MENSAH,Sèmèvo,2009-09-07,F,1102,TCHIBOZO Sènami
AN-004476,ACTE_NAISSANCE,ZINSOU,Mahougnon Comlan,2004-01-27,M,0704,AGBODJAN Bernice
CC-004477,CARTE_CONSULAIRE,ASSOGBA,Moussa Bienvenu,2000-04-06,M,0307,HOUNSOU Nadège
AN-004478,ACTE_NAISSANCE,AGBODJAN,Rachidatou,1939-04-12,F,0504,ZANNOU Nadège
AN-004479,ACTE_NAISSANCE,ADANDE,Ghislain Moussa,2001-09-04,M,1203,ZINSOU Sylvie
CC-004480,CARTE_CONSULAIRE,TCHIBOZO,Rosine,2017-12-12,F,0501,YAROU Prudence
AN-004481,ACTE_NAISSANCE,VODOUNON,Bernice,1981-11-10,F,1008,BIO Nadège
AN-004482,ACTE_NAISSANCE,CHABI,Judith,2010-06-24,F,0105,AKPOVI Nadège
AN-004483,ACTE_NAISSANCE,DANSOU,Yves,1997-05-25,M,0903,IDRISSOU Bernice
AN-004484,ACTE_NAISSANCE,KPADONOU,Yves,1977-03-17,M,0209,AHOYO Judith
PP-004485,PASSEPORT,NOUATIN,Sèmèvo Aïcha,2008-03-21,F,0206,HOUNKPATIN Chimène
AN-004486,ACTE_NAISSANCE,YAROU,Judith Prudence,1964-04-12,F,1002,ADANDE Sènami
AN-004487,ACTE_NAISSANCE,TOSSOU,Brice,2003-06-22,M,0703,AHOYO Sèmèvo
AN-004488,ACTE_NAISSANCE,IDRISSOU,Prudence,1990-04-07,F,0202,TOGBE Estelle
PP-004489,PASSEPORT,CODJIA,Rachidatou Nadège,2006-03-14,F,0101,HOUESSOU Sèmèvo
AN-004490,ACTE_NAISSANCE,OSSENI,Codjo,1971-06-12,M,1008,ZINSOU Gisèle
AN-004491,ACTE_NAISSANCE,ZANNOU,Ibrahim Fidèle,1998-04-17,M,1103,AHOYO Espérance
AN-004492,ACTE_NAISSANCE,QUENUM,Rachid,1976-07-20,M,0604,FASSINOU Rosine
AN-004493,ACTE_NAISSANCE,LOKONON,Estelle Rosine,1999-02-12,F,1002,TCHIBOZO Judith
AN-004494,ACTE_NAISSANCE,GBAGUIDI,Koffi Ibrahim,1991-08-23,M,1002,QUENUM Sèmèvo
AN-004495,ACTE_NAISSANCE,HOUESSOU,Moussa Fabrice,2003-05-23,M,0403,ASSOGBA Sènami
PP-004496,PASSEPORT,YAROU,Codjo,1971-11-15,M,0603,KIKI Sèmèvo
CC-004497,CARTE_CONSULAIRE,TOGBE,Gisèle,2010-06-22,F,1102,AGOSSOU Espérance
AN-004498,ACTE_NAISSANCE,SOULEY,Moussa Koffi,1966-06-10,M,0904,HOUNGBO Sènami
PP-004499,PASSEPORT,QUENUM,Arnaud,1987-03-15,M,0604,YAROU Sylvie
PP-004500,PASSEPORT,SOULEY,Mariam,1984-12-13,F,1208,KOUKPAKI Carine
PP-004501,PASSEPORT,HOUNKPATIN,Espérance,1993-07-28,F,0203,BONI Salamatou
CC-004502,CARTE_CONSULAIRE,GLELE,Gildas,2023-06-30,M,0702,BIO Estelle
AN-004503,ACTE_NAISSANCE,ALLADAYE,Espérance,1953-12-10,F,0102,CODJIA Prudence
AN-004504,ACTE_NAISSANCE,AHOYO,Romaric,2005-01-24,M,1006,TOSSOU Ayaba
PP-004505,PASSEPORT,HOUNGBO,Espérance,2010-08-24,F,0208,CODJIA Sènami
AN-004506,ACTE_NAISSANCE,GLELE,Sylvie,1999-01-31,F,0602,BIO Aïcha
AN-004507,ACTE_NAISSANCE,GBAGUIDI,Brice Romaric,1990-03-09,M,0602,YAROU Nadège
PP-004508,PASSEPORT,HOUNGBO,Salamatou,2015-02-20,F,1101,AGOSSOU Fatoumata
AN-004509,ACTE_NAISSANCE,VODOUNON,Rachid Comlan,2002-04-20,M,1102,TOSSOU Bernice
AN-004510,ACTE_NAISSANCE,IDRISSOU,Ibrahim Brice,2002-08-30,M,0307,HOUESSOU Flore
PP-004511,PASSEPORT,ZANNOU,Aïcha,1997-02-16,F,0906,SAGBO Mariam
AN-004512,ACTE_NAISSANCE,ADANDE,Nadège,1981-08-05,F,0601,LOKONON Flore
AN-004513,ACTE_NAISSANCE,QUENUM,Espérance Ayaba,1965-04-23,F,0503,CHABI Sylvie
AN-004514,ACTE_NAISSANCE,KOUKPAKI,Rachidatou,1992-06-07,F,1202,YAROU Nadège
AN-004515,ACTE_NAISSANCE,CODJIA,Gisèle Sèmèvo,1983-02-22,F,0105,CHABI Aïcha
AN-004516,ACTE_NAISSANCE,SOSSOU,Chimène Ayaba,1952-02-25,F,0503,ASSOGBA Mariam
CC-004517,CARTE_CONSULAIRE,AHOUANSOU,Ghislain,2012-08-27,M,1101,ASSOGBA Nadège
PP-004518,PASSEPORT,BONI,Nadège,1954-12-20,F,1102,CODJIA Sènami
AN-004519,ACTE_NAISSANCE,AHOUANSOU,Koffi,1991-03-15,M,0702,DOSSOU Flore
AN-004520,ACTE_NAISSANCE,BONI,Bernice,1976-08-15,F,0505,HOUNSOU Chimène
PP-004521,PASSEPORT,IDRISSOU,Gisèle,1979-07-19,F,1202,QUENUM Rosine
AN-004522,ACTE_NAISSANCE,HOUESSOU,Espérance,2010-04-20,F,1202,KOUKPAKI Chimène
AN-004523,ACTE_NAISSANCE,ALLADAYE,Mariam Carine,2003-03-14,F,0202,GBAGUIDI Chimène
CC-004524,CARTE_CONSULAIRE,SAGBO,Espérance,1967-08-30,F,0603,SOSSOU Sylvie
AN-004525,ACTE_NAISSANCE,DANSOU,Mariam,2003-12-06,F,0104,QUENUM Judith
CC-004526,CARTE_CONSULAIRE,AHOYO,Sèmèvo Salamatou,1976-02-05,F,1209,TOGBE Aïcha
AN-004527,ACTE_NAISSANCE,BIO,Aïcha,1984-09-26,F,1105,BONI Sylvie
AN-004528,ACTE_NAISSANCE,ADANDE,Flore,2001-07-18,F,0206,CHABI Chimène
AN-004529,ACTE_NAISSANCE,ADJOVI,Ulrich,1981-07-12,M,0905,ADJOVI Judith
PP-004530,PASSEPORT,AKPOVI,Arnaud,2013-03-05,M,1001,ASSOGBA Aïcha
AN-004531,ACTE_NAISSANCE,AGBODJAN,Justin Rachid,1982-04-25,M,1005,KIKI Fatoumata
AN-004532,ACTE_NAISSANCE,IDRISSOU,Ayaba,2020-11-25,F,0605,QUENUM Ayaba
PP-004533,PASSEPORT,HOUNKPATIN,Mahougnon,2003-01-10,M,0505,CHABI Carine
AN-004534,ACTE_NAISSANCE,TOSSOU,Bienvenu Yves,1992-07-07,M,0406,CODJIA Ayaba
AN-004535,ACTE_NAISSANCE,AMOUSSOU,Fidèle Ulrich,2014-11-08,M,0505,LOKONON Rachidatou
AN-004536,ACTE_NAISSANCE,HOUNGBO,Mahougnon,2006-04-20,M,0606,AGBODJAN Carine
PP-004537,PASSEPORT,DOSSOU,Koffi,1949-05-07,M,0101,GBAGUIDI Judith
AN-004538,ACTE_NAISSANCE,SOSSOU,Gisèle Sèmèvo,1987-12-14,F,0403,FASSINOU Aïcha
AN-004539,ACTE_NAISSANCE,HOUNGBO,Gildas,2007-04-01,M,1005,SOULEY Chimène
AN-004540,ACTE_NAISSANCE,KOUKPAKI,Prudence Sènami,2005-02-16,F,0101,GBAGUIDI Mariam
CC-004541,CARTE_CONSULAIRE,ALLADAYE,Sylvie Rosine,1953-09-04,F,0704,TOSSOU Sènami
AN-004542,ACTE_NAISSANCE,QUENUM,Mahougnon,1942-08-05,M,1009,ZANNOU Sènami
AN-004543,ACTE_NAISSANCE,CHABI,Sèmèvo,1980-10-13,F,0605,SAGBO Gisèle
CC-004544,CARTE_CONSULAIRE,AGOSSOU,Rachid,1990-07-01,M,0407,MENSAH Sèmèvo
AN-004545,ACTE_NAISSANCE,FASSINOU,Flore,1946-04-29,F,0308,VODOUNON Aïcha
AN-004546,ACTE_NAISSANCE,HOUNKPATIN,Arnaud,2007-04-02,M,0407,AGBODJAN Fatoumata
AN-004547,ACTE_NAISSANCE,NOUATIN,Judith Rachidatou,2020-02-10,F,0702,QUENUM Rachidatou
AN-004548,ACTE_NAISSANCE,AHOYO,Moussa,1981-06-08,M,1001,CHABI Nadège
CC-004549,CARTE_CONSULAIRE,SOULEY,Mahougnon,1988-01-30,M,0305,TOGBE Mariam
CC-004550,CARTE_CONSULAIRE,KPADONOU,Arnaud,1999-10-18,M,0801,HOUNGBO Carine
AN-004551,ACTE_NAISSANCE,TOSSOU,Rodrigue Rachid,2006-11-01,M,0906,KOUKPAKI Sylvie
AN-004552,ACTE_NAISSANCE,BIO,Fidèle,1988-07-05,M,0307,AHOUANSOU Ayaba
PP-004553,PASSEPORT,DOSSOU,Aïcha Bernice,1966-08-01,F,1204,OSSENI Rachidatou
AN-004554,ACTE_NAISSANCE,AHOUANSOU,Ghislain Rachid,2020-07-16,M,0406,SAGBO Carine
PP-004555,PASSEPORT,HOUNKPATIN,Ayaba Chimène,1995-05-22,F,0902,ZANNOU Rachidatou
PP-004556,PASSEPORT,SAGBO,Rachid,1987-06-30,M,1006,CHABI Nadège
AN-004557,ACTE_NAISSANCE,CODJIA,Gildas,2014-04-14,M,1102,ADANDE Flore
AN-004558,ACTE_NAISSANCE,MENSAH,Serge Comlan,1967-06-09,M,0903,LOKONON Rachidatou
AN-004559,ACTE_NAISSANCE,HOUNSOU,Brice,2005-05-16,M,0604,LOKONON Mariam
PP-004560,PASSEPORT,SAGBO,Aïcha Sènami,1947-02-02,F,0406,KIKI Sèmèvo
AN-004561,ACTE_NAISSANCE,OSSENI,Brice,1971-07-31,M,0308,ZINSOU Nadège
AN-004562,ACTE_NAISSANCE,LOKONON,Moussa,2004-09-29,M,0502,QUENUM Fatoumata
AN-004563,ACTE_NAISSANCE,SOSSOU,Bernice,1964-10-15,F,0302,HOUNSOU Carine
AN-004564,ACTE_NAISSANCE,ADANDE,Judith Bernice,1972-10-18,F,1203,TOSSOU Aïcha
AN-004565,ACTE_NAISSANCE,SOSSOU,Fatoumata Sèmèvo,2013-09-28,F,0306,KOUKPAKI Aïcha
PP-004566,PASSEPORT,AKPOVI,Aïcha,2005-07-01,F,0502,SOULEY Rachidatou
AN-004567,ACTE_NAISSANCE,BONI,Fatoumata,1966-02-24,F,1008,SAGBO Sèmèvo
AN-004568,ACTE_NAISSANCE,SAGBO,Rachid Fidèle,1965-10-30,M,0603,TCHIBOZO Gisèle
AN-004569,ACTE_NAISSANCE,HOUNSOU,Bienvenu,2001-03-21,M,0302,OSSENI Judith
AN-004570,ACTE_NAISSANCE,CODJIA,Judith,1988-11-28,F,0306,TCHIBOZO Aïcha
AN-004571,ACTE_NAISSANCE,GLELE,Koffi Gildas,2024-08-10,M,1208,AGBODJAN Salamatou
AN-004572,ACTE_NAISSANCE,GBAGUIDI,Comlan,1962-07-27,M,0704,KPADONOU Salamatou
AN-004573,ACTE_NAISSANCE,NOUATIN,Bienvenu Fabrice,1986-11-18,M,0209,DANSOU Estelle
AN-004574,ACTE_NAISSANCE,GBAGUIDI,Ibrahim,1955-08-08,M,0105,VODOUNON Espérance
AN-004575,ACTE_NAISSANCE,TCHIBOZO,Sèmèvo,2001-05-09,F,0403,YAROU Mariam
CC-004576,CARTE_CONSULAIRE,ASSOGBA,Gildas Fidèle,2001-08-28,M,0101,ADANDE Rosine
AN-004577,ACTE_NAISSANCE,DANSOU,Rachidatou,1962-01-13,F,0203,SAGBO Salamatou
CC-004578,CARTE_CONSULAIRE,AHOYO,Rachid Koffi,2002-07-28,M,1202,FASSINOU Salamatou
AN-004579,ACTE_NAISSANCE,KPADONOU,Judith,1971-06-05,F,0301,VODOUNON Nadège
PP-004580,PASSEPORT,AHOUANSOU,Rodrigue,1969-11-14,M,0905,TCHIBOZO Estelle
AN-004581,ACTE_NAISSANCE,BONI,Ibrahim,1983-11-24,M,1209,AHOUANSOU Rosine
AN-004582,ACTE_NAISSANCE,HOUNSOU,Carine,1995-12-04,F,1206,TOGBE Fatoumata
CC-004583,CARTE_CONSULAIRE,AKPOVI,Prudence,1966-08-26,F,0106,AHOUANSOU Rosine
CC-004584,CARTE_CONSULAIRE,GLELE,Mahougnon,1990-09-15,M,0601,ADANDE Rachidatou
AN-004585,ACTE_NAISSANCE,TCHIBOZO,Brice,1994-06-27,M,1003,YAROU Bernice
PP-004586,PASSEPORT,AMOUSSOU,Salamatou,2006-04-18,F,0307,AHOYO Rosine
AN-004587,ACTE_NAISSANCE,SOULEY,Rosine,1937-02-18,F,0906,CODJIA Prudence
AN-004588,ACTE_NAISSANCE,HOUNKPATIN,Arnaud,2017-02-25,M,0702,TCHIBOZO Nadège
AN-004589,ACTE_NAISSANCE,SOULEY,Yves,1959-01-31,M,0101,TOGBE Judith
AN-004590,ACTE_NAISSANCE,ALLADAYE,Bernice Chimène,1993-06-19,F,1103,SAGBO Carine
AN-004591,ACTE_NAISSANCE,NOUATIN,Chimène Nadège,1967-10-31,F,0206,AHOYO Fatoumata
AN-004592,ACTE_NAISSANCE,AGBODJAN,Arnaud Fabrice,2000-06-02,M,0702,AGOSSOU Ayaba
PP-004593,PASSEPORT,ADJOVI,Ayaba,2010-12-18,F,0203,OSSENI Espérance
PP-004594,PASSEPORT,ZINSOU,Estelle,1968-03-08,F,1209,TOGBE Nadège
PP-004595,PASSEPORT,DANSOU,Gildas,1992-01-08,M,1207,ADANDE Ayaba
AN-004596,ACTE_NAISSANCE,FASSINOU,Chimène,1984-12-05,F,0506,HOUNSOU Espérance
AN-004597,ACTE_NAISSANCE,TOSSOU,Mahougnon,1993-07-22,M,0606,ASSOGBA Estelle
AN-004598,ACTE_NAISSANCE,TOGBE,Serge,2007-02-22,M,0105,TCHIBOZO Fatoumata
PP-004599,PASSEPORT,FASSINOU,Fatoumata Bernice,1963-11-18,F,0307,DOSSOU Rachidatou
AN-004600,ACTE_NAISSANCE,SOSSOU,Ayaba,1944-02-16,F,1009,ALLADAYE Rachidatou
AN-004601,ACTE_NAISSANCE,GBAGUIDI,Sylvie,2001-02-01,F,0201,KIKI Estelle
CC-004602,CARTE_CONSULAIRE,ZANNOU,Rachidatou,2000-06-06,F,1007,AHOYO Fatoumata
AN-004603,ACTE_NAISSANCE,TOGBE,Ayaba,2016-03-08,F,0905,SOSSOU Chimène
AN-004604,ACTE_NAISSANCE,NOUATIN,Fatoumata,1977-02-18,F,0206,DOSSOU Carine
PP-004605,PASSEPORT,GBAGUIDI,Sylvie Chimène,2006-11-04,F,1002,QUENUM Gisèle
AN-004606,ACTE_NAISSANCE,NOUATIN,Ulrich,1961-02-15,M,0209,BONI Sènami
AN-004607,ACTE_NAISSANCE,AKPOVI,Flore,1981-06-07,F,0704,VODOUNON Prudence
AN-004608,ACTE_NAISSANCE,ZANNOU,Koffi,1949-10-09,M,0203,GLELE Bernice
AN-004609,ACTE_NAISSANCE,ZINSOU,Mariam,1981-02-18,F,0701,HOUNKPATIN Aïcha
AN-004610,ACTE_NAISSANCE,ASSOGBA,Sènami Sèmèvo,1995-05-07,F,0105,HOUNGBO Prudence
AN-004611,ACTE_NAISSANCE,ALLADAYE,Chimène Gisèle,2004-01-17,F,0401,IDRISSOU Aïcha
AN-004612,ACTE_NAISSANCE,GLELE,Rodrigue Fabrice,2007-08-05,M,0606,ADANDE Salamatou
AN-004613,ACTE_NAISSANCE,AHOUANSOU,Gildas,2010-03-22,M,1102,VODOUNON Bernice
AN-004614,ACTE_NAISSANCE,BIO,Serge,2017-02-15,M,0305,ADJOVI Rachidatou
CC-004615,CARTE_CONSULAIRE,ALLADAYE,Ulrich,1969-06-20,M,1002,HOUNGBO Mariam
PP-004616,PASSEPORT,YAROU,Rachid,1960-11-28,M,0903,QUENUM Nadège
CC-004617,CARTE_CONSULAIRE,OSSENI,Ghislain,1996-06-03,M,0905,OSSENI Judith
AN-004618,ACTE_NAISSANCE,KPADONOU,Flore Nadège,1957-07-14,F,1001,ADANDE Salamatou
PP-004619,PASSEPORT,DANSOU,Rosine,1982-12-30,F,0605,YAROU Aïcha
AN-004620,ACTE_NAISSANCE,SOSSOU,Gisèle,2005-07-26,F,0303,SAGBO Chimène
AN-004621,ACTE_NAISSANCE,CODJIA,Sènami,1947-03-30,F,0905,GLELE Chimène
AN-004622,ACTE_NAISSANCE,KPADONOU,Ghislain,2002-06-16,M,0505,ALLADAYE Aïcha
AN-004623,ACTE_NAISSANCE,LOKONON,Ibrahim,1996-11-17,M,1004,ASSOGBA Chimène
AN-004624,ACTE_NAISSANCE,HOUNSOU,Arnaud,1974-05-17,M,0503,ZINSOU Judith
AN-004625,ACTE_NAISSANCE,AGOSSOU,Salamatou Sylvie,1999-04-21,F,0403,GLELE Judith
CC-004626,CARTE_CONSULAIRE,SOULEY,Rachidatou,1986-05-20,F,1104,ADANDE Bernice
CC-004627,CARTE_CONSULAIRE,FASSINOU,Salamatou,1995-12-10,F,0605,SOULEY Flore
CC-004628,CARTE_CONSULAIRE,IDRISSOU,Rodrigue,2012-03-25,M,0304,HOUNKPATIN Prudence
AN-004629,ACTE_NAISSANCE,QUENUM,Mariam,1989-06-09,F,0209,MENSAH Espérance
AN-004630,ACTE_NAISSANCE,ZINSOU,Gisèle,2011-06-07,F,0307,ADANDE Fatoumata
PP-004631,PASSEPORT,SOULEY,Comlan Justin,1983-02-28,M,1205,AGBODJAN Sènami
AN-004632,ACTE_NAISSANCE,GLELE,Comlan,1999-07-27,M,0903,ZINSOU Rosine
PP-004633,PASSEPORT,ADJOVI,Ayaba,1971-06-15,F,1104,ALLADAYE Prudence
AN-004634,ACTE_NAISSANCE,ADANDE,Fatoumata Judith,1989-11-30,F,0505,LOKONON Rachidatou
CC-004635,CARTE_CONSULAIRE,AMOUSSOU,Serge,1990-01-05,M,0303,LOKONON Salamatou
AN-004636,ACTE_NAISSANCE,ADJOVI,Arnaud,2012-05-10,M,0404,FASSINOU Rosine
AN-004637,ACTE_NAISSANCE,BONI,Salamatou,1993-09-03,F,1202,AGBODJAN Bernice
AN-004638,ACTE_NAISSANCE,ADANDE,Flore Ayaba,2009-12-26,F,1101,HOUNKPATIN Aïcha
PP-004639,PASSEPORT,ADANDE,Mahougnon Koffi,1987-10-19,M,0506,HOUESSOU Fatoumata
AN-004640,ACTE_NAISSANCE,AGOSSOU,Sèmèvo,2012-07-19,F,0307,AHOUANSOU Chimène
AN-004641,ACTE_NAISSANCE,SAGBO,Romaric,2000-11-06,M,0306,ADJOVI Prudence
AN-004642,ACTE_NAISSANCE,DOSSOU,Bernice,2005-02-19,F,1104,OSSENI Chimène
PP-004643,PASSEPORT,HOUNKPATIN,Arnaud,2022-04-21,M,1209,AHOYO Flore
CC-004644,CARTE_CONSULAIRE,OSSENI,Gisèle Carine,1978-10-18,F,0204,ADJOVI Salamatou
AN-004645,ACTE_NAISSANCE,KOUKPAKI,Arnaud,2011-12-01,M,0305,VODOUNON Bernice
AN-004646,ACTE_NAISSANCE,ZANNOU,Bienvenu,2000-06-04,M,0208,SOSSOU Ayaba
CC-004647,CARTE_CONSULAIRE,GBAGUIDI,Rachid,2015-01-12,M,0104,OSSENI Prudence
AN-004648,ACTE_NAISSANCE,KOUKPAKI,Comlan,2007-04-01,M,1103,CODJIA Flore
PP-004649,PASSEPORT,TOSSOU,Rachidatou,1972-12-31,F,0604,SOULEY Espérance
AN-004650,ACTE_NAISSANCE,AHOUANSOU,Salamatou,1985-11-01,F,0403,HOUNGBO Sènami
AN-004651,ACTE_NAISSANCE,DOSSOU,Koffi,1997-03-06,M,0104,AHOYO Flore
AN-004652,ACTE_NAISSANCE,TCHIBOZO,Mahougnon,1966-08-31,M,0603,AHOUANSOU Ayaba
CC-004653,CARTE_CONSULAIRE,AHOUANSOU,Aïcha Sènami,1998-11-09,F,0202,ADJOVI Mariam
PP-004654,PASSEPORT,BIO,Espérance Nadège,2018-08-22,F,0407,TOGBE Sylvie
AN-004655,ACTE_NAISSANCE,HOUESSOU,Nadège Sènami,2002-08-29,F,0301,AHOYO Nadège
AN-004656,ACTE_NAISSANCE,SOULEY,Prudence,2016-07-30,F,0701,AHOUANSOU Estelle
AN-004657,ACTE_NAISSANCE,AHOUANSOU,Espérance,1979-01-24,F,1003,GLELE Salamatou
AN-004658,ACTE_NAISSANCE,DOSSOU,Ayaba Salamatou,1966-06-29,F,1204,DOSSOU Ayaba
AN-004659,ACTE_NAISSANCE,DANSOU,Koffi,1983-05-30,M,0205,AGBODJAN Flore
AN-004660,ACTE_NAISSANCE,HOUNKPATIN,Mahougnon Brice,1956-04-09,M,0406,NOUATIN Mariam
PP-004661,PASSEPORT,GBAGUIDI,Ayaba,1983-01-08,F,1001,TOSSOU Estelle
PP-004662,PASSEPORT,NOUATIN,Sènami,1978-01-08,F,0406,ADJOVI Judith
AN-004663,ACTE_NAISSANCE,AHOUANSOU,Ibrahim,2012-09-19,M,0404,ALLADAYE Rosine
AN-004664,ACTE_NAISSANCE,AHOYO,Sylvie Nadège,1963-07-13,F,0604,KPADONOU Rosine
AN-004665,ACTE_NAISSANCE,GLELE,Arnaud,1986-08-23,M,1008,HOUNGBO Carine
CC-004666,CARTE_CONSULAIRE,ALLADAYE,Carine,1979-06-25,F,0202,KPADONOU Chimène
AN-004667,ACTE_NAISSANCE,CODJIA,Nadège,1947-06-18,F,0208,ADANDE Gisèle
PP-004668,PASSEPORT,AKPOVI,Prudence Rosine,2000-07-31,F,1002,OSSENI Sèmèvo
AN-004669,ACTE_NAISSANCE,TOSSOU,Espérance,1993-08-05,F,0703,CHABI Carine
AN-004670,ACTE_NAISSANCE,CHABI,Fabrice,1987-01-27,M,0901,ALLADAYE Salamatou
AN-004671,ACTE_NAISSANCE,KPADONOU,Gisèle Carine,2003-04-09,F,0506,HOUESSOU Sènami
AN-004672,ACTE_NAISSANCE,CHABI,Fidèle,1998-01-31,M,1209,ZANNOU Mariam
AN-004673,ACTE_NAISSANCE,BONI,Justin Arnaud,1966-09-12,M,0105,AHOUANSOU Prudence
AN-004674,ACTE_NAISSANCE,AHOYO,Ulrich,1960-02-13,M,0209,KIKI Gisèle
CC-004675,CARTE_CONSULAIRE,SOULEY,Yves Rachid,1998-07-12,M,1203,GLELE Flore
AN-004676,ACTE_NAISSANCE,FASSINOU,Gildas,1959-10-03,M,0408,LOKONON Fatoumata
PP-004677,PASSEPORT,HOUNKPATIN,Serge Comlan,1968-05-31,M,0207,TOSSOU Salamatou
AN-004678,ACTE_NAISSANCE,ASSOGBA,Ayaba Judith,1996-05-05,F,0407,TOGBE Gisèle
AN-004679,ACTE_NAISSANCE,DOSSOU,Brice,1960-10-22,M,0208,CHABI Judith
AN-004680,ACTE_NAISSANCE,AGOSSOU,Espérance,1979-12-19,F,0305,HOUNGBO Espérance
AN-004681,ACTE_NAISSANCE,AHOUANSOU,Ayaba Rosine,1989-07-08,F,0902,AGOSSOU Flore
AN-004682,ACTE_NAISSANCE,AHOYO,Gisèle Rosine,2015-11-17,F,0103,ZINSOU Flore
AN-004683,ACTE_NAISSANCE,FASSINOU,Fatoumata Rosine,2015-05-28,F,1008,VODOUNON Chimène
CC-004684,CARTE_CONSULAIRE,HOUNGBO,Brice Gildas,2011-01-06,M,0703,KOUKPAKI Ayaba
AN-004685,ACTE_NAISSANCE,DOSSOU,Yves Ghislain,2004-01-18,M,0102,CODJIA Espérance
AN-004686,ACTE_NAISSANCE,AHOUANSOU,Mariam Salamatou,1999-02-17,F,0203,HOUNKPATIN Ayaba
AN-004687,ACTE_NAISSANCE,MENSAH,Sèmèvo,1990-02-24,F,0202,GBAGUIDI Nadège
CC-004688,CARTE_CONSULAIRE,FASSINOU,Ibrahim Serge,1968-07-14,M,1003,DOSSOU Gisèle
PP-004689,PASSEPORT,SAGBO,Yves,2007-05-15,M,0605,AMOUSSOU Sènami
AN-004690,ACTE_NAISSANCE,AGOSSOU,Salamatou Mariam,1993-09-07,F,1203,HOUESSOU Aïcha
AN-004691,ACTE_NAISSANCE,AGBODJAN,Estelle,1980-10-13,F,0203,DOSSOU Ayaba
AN-004692,ACTE_NAISSANCE,AGBODJAN,Fatoumata,1998-12-22,F,0704,AKPOVI Flore
AN-004693,ACTE_NAISSANCE,DOSSOU,Aïcha Estelle,1956-07-18,F,0305,ZINSOU Fatoumata
AN-004694,ACTE_NAISSANCE,GBAGUIDI,Chimène,1992-05-29,F,0505,AGOSSOU Salamatou
AN-004695,ACTE_NAISSANCE,AHOUANSOU,Gildas,2016-01-15,M,0303,GLELE Gisèle
CC-004696,CARTE_CONSULAIRE,GLELE,Carine,1990-03-18,F,1101,SOULEY Chimène
AN-004697,ACTE_NAISSANCE,ASSOGBA,Serge,1962-12-10,M,0603,SOSSOU Ayaba
AN-004698,ACTE_NAISSANCE,NOUATIN,Ayaba,2015-02-24,F,0503,TOSSOU Gisèle
PP-004699,PASSEPORT,CODJIA,Brice,2014-04-01,M,1003,CHABI Sènami
AN-004700,ACTE_NAISSANCE,GLELE,Rachid,1993-10-09,M,0603,OSSENI Rachidatou
AN-004701,ACTE_NAISSANCE,SOULEY,Judith,1970-03-18,F,1006,IDRISSOU Sènami
CC-004702,CARTE_CONSULAIRE,HOUNSOU,Koffi Codjo,1959-03-21,M,0902,GBAGUIDI Judith
AN-004703,ACTE_NAISSANCE,GBAGUIDI,Fatoumata,1984-09-13,F,0406,DOSSOU Rosine
CC-004704,CARTE_CONSULAIRE,TCHIBOZO,Estelle,1971-03-09,F,1201,YAROU Judith
AN-004705,ACTE_NAISSANCE,DOSSOU,Sèmèvo,1973-10-24,F,0406,HOUNGBO Salamatou
CC-004706,CARTE_CONSULAIRE,DANSOU,Brice,1979-11-20,M,1205,SAGBO Bernice
AN-004707,ACTE_NAISSANCE,AMOUSSOU,Brice Justin,1976-05-19,M,1207,BIO Salamatou
AN-004708,ACTE_NAISSANCE,AGOSSOU,Comlan,1983-11-10,M,1207,DOSSOU Prudence
AN-004709,ACTE_NAISSANCE,ALLADAYE,Carine Flore,1999-02-25,F,1005,NOUATIN Gisèle
AN-004710,ACTE_NAISSANCE,QUENUM,Chimène,1979-06-30,F,0105,ZANNOU Nadège
AN-004711,ACTE_NAISSANCE,NOUATIN,Fatoumata,2007-06-30,F,1206,YAROU Sylvie
AN-004712,ACTE_NAISSANCE,DANSOU,Estelle,2011-06-01,F,0102,SOSSOU Estelle
AN-004713,ACTE_NAISSANCE,GBAGUIDI,Fabrice Justin,2001-02-28,M,0202,CODJIA Salamatou
CC-004714,CARTE_CONSULAIRE,SOULEY,Codjo Gildas,1964-08-01,M,0701,KPADONOU Gisèle
AN-004715,ACTE_NAISSANCE,AKPOVI,Gildas Romaric,1992-06-03,M,1004,SOULEY Salamatou
AN-004716,ACTE_NAISSANCE,HOUNSOU,Mariam,2023-12-08,F,0205,AHOYO Prudence
AN-004717,ACTE_NAISSANCE,VODOUNON,Rodrigue,1985-11-06,M,0503,CHABI Estelle
AN-004718,ACTE_NAISSANCE,ADANDE,Carine Rachidatou,1949-11-25,F,0405,HOUNSOU Carine
CC-004719,CARTE_CONSULAIRE,KIKI,Rachidatou Nadège,1965-06-16,F,0901,BONI Chimène
AN-004720,ACTE_NAISSANCE,AGBODJAN,Ghislain,2020-07-23,M,0307,KIKI Ayaba
CC-004721,CARTE_CONSULAIRE,BONI,Prudence,1954-04-15,F,0704,HOUNKPATIN Rosine
AN-004722,ACTE_NAISSANCE,HOUESSOU,Fatoumata Rachidatou,1936-07-23,F,0406,ADJOVI Espérance
CC-004723,CARTE_CONSULAIRE,DOSSOU,Gisèle Sylvie,1996-12-24,F,0901,FASSINOU Fatoumata
CC-004724,CARTE_CONSULAIRE,SAGBO,Mariam,1966-04-22,F,1201,HOUESSOU Fatoumata
AN-004725,ACTE_NAISSANCE,NOUATIN,Moussa Comlan,1969-10-17,M,1204,IDRISSOU Mariam
AN-004726,ACTE_NAISSANCE,SOULEY,Arnaud,1965-12-03,M,0704,SOSSOU Flore
AN-004727,ACTE_NAISSANCE,ZANNOU,Espérance,1964-09-12,F,0703,HOUNSOU Espérance
AN-004728,ACTE_NAISSANCE,BONI,Aïcha,1982-10-29,F,0106,AHOUANSOU Bernice
AN-004729,ACTE_NAISSANCE,HOUNKPATIN,Chimène,1968-05-05,F,0505,DOSSOU Salamatou
CC-004730,CARTE_CONSULAIRE,CHABI,Rachid Codjo,1978-04-14,M,0407,AGBODJAN Salamatou
AN-004731,ACTE_NAISSANCE,ASSOGBA,Espérance,1997-12-10,F,1004,LOKONON Chimène
AN-004732,ACTE_NAISSANCE,KOUKPAKI,Ibrahim,1977-07-02,M,0602,AHOUANSOU Rachidatou
CC-004733,CARTE_CONSULAIRE,VODOUNON,Ulrich,1988-11-18,M,1005,YAROU Aïcha
AN-004734,ACTE_NAISSANCE,ADANDE,Prudence Sènami,1989-12-14,F,0303,TOGBE Rosine
PP-004735,PASSEPORT,KIKI,Espérance Fatoumata,1997-04-04,F,0403,BIO Gisèle
AN-004736,ACTE_NAISSANCE,FASSINOU,Aïcha,1967-10-31,F,1208,ADANDE Rachidatou
AN-004737,ACTE_NAISSANCE,YAROU,Prudence,1974-04-08,F,0202,OSSENI Sènami
PP-004738,PASSEPORT,GBAGUIDI,Sèmèvo,2007-04-27,F,0203,VODOUNON Sènami
PP-004739,PASSEPORT,QUENUM,Gildas Rodrigue,2019-11-22,M,0702,ASSOGBA Flore
PP-004740,PASSEPORT,AGBODJAN,Sènami Aïcha,1996-06-15,F,0401,ZANNOU Chimène
AN-004741,ACTE_NAISSANCE,MENSAH,Gildas Koffi,1989-04-25,M,0206,OSSENI Sèmèvo
AN-004742,ACTE_NAISSANCE,TCHIBOZO,Aïcha,1975-08-29,F,0306,IDRISSOU Mariam
AN-004743,ACTE_NAISSANCE,AGOSSOU,Ghislain,1986-09-18,M,0504,AGOSSOU Sèmèvo
AN-004744,ACTE_NAISSANCE,SOULEY,Justin,1998-10-11,M,0105,GBAGUIDI Mariam
CC-004745,CARTE_CONSULAIRE,TCHIBOZO,Rosine,1956-12-21,F,1102,ASSOGBA Aïcha
AN-004746,ACTE_NAISSANCE,CODJIA,Serge Ulrich,1974-09-10,M,1208,DOSSOU Bernice
AN-004747,ACTE_NAISSANCE,OSSENI,Aïcha,1979-07-01,F,0702,SOULEY Mariam
AN-004748,ACTE_NAISSANCE,TCHIBOZO,Sènami Bernice,1986-02-17,F,0403,SAGBO Sylvie
CC-004749,CARTE_CONSULAIRE,HOUNGBO,Mariam,1996-10-01,F,0603,HOUESSOU Prudence
AN-004750,ACTE_NAISSANCE,FASSINOU,Fatoumata Aïcha,2005-07-09,F,1201,ALLADAYE Chimène
AN-004751,ACTE_NAISSANCE,ADJOVI,Espérance Sènami,1957-01-13,F,0302,TOSSOU Chimène
AN-004752,ACTE_NAISSANCE,ALLADAYE,Sylvie,1993-11-10,F,1007,ADJOVI Bernice
CC-004753,CARTE_CONSULAIRE,ASSOGBA,Sèmèvo,2009-09-11,F,0201,ADANDE Prudence
AN-004754,ACTE_NAISSANCE,IDRISSOU,Mahougnon,2007-01-15,M,0206,GLELE Rosine
AN-004755,ACTE_NAISSANCE,VODOUNON,Rachid Mahougnon,1992-08-31,M,0207,QUENUM Rachidatou
AN-004756,ACTE_NAISSANCE,BIO,Estelle,1989-11-28,F,1101,AHOYO Ayaba
AN-004757,ACTE_NAISSANCE,IDRISSOU,Salamatou,1952-11-15,F,1205,NOUATIN Gisèle
CC-004758,CARTE_CONSULAIRE,KIKI,Salamatou,1986-05-17,F,1209,ASSOGBA Gisèle
AN-004759,ACTE_NAISSANCE,AMOUSSOU,Mahougnon Fabrice,1996-12-07,M,1103,BIO Estelle
AN-004760,ACTE_NAISSANCE,VODOUNON,Ulrich,1953-10-31,M,0106,AHOYO Rachidatou
AN-004761,ACTE_NAISSANCE,AMOUSSOU,Rachidatou Chimène,1995-08-18,F,0902,IDRISSOU Rosine
AN-004762,ACTE_NAISSANCE,AKPOVI,Nadège,1993-05-05,F,1004,OSSENI Judith
PP-004763,PASSEPORT,AGOSSOU,Gisèle Chimène,1945-09-09,F,0201,DANSOU Espérance
AN-004764,ACTE_NAISSANCE,AMOUSSOU,Chimène Flore,2019-06-19,F,0105,VODOUNON Rosine
CC-004765,CARTE_CONSULAIRE,QUENUM,Justin,2001-05-26,M,0404,SOSSOU Sèmèvo
AN-004766,ACTE_NAISSANCE,GLELE,Rachid,1995-01-24,M,0407,SOSSOU Nadège
AN-004767,ACTE_NAISSANCE,ADANDE,Fatoumata Carine,1996-10-24,F,0306,TOGBE Salamatou
AN-004768,ACTE_NAISSANCE,KPADONOU,Gisèle,2001-02-22,F,0605,HOUESSOU Judith
AN-004769,ACTE_NAISSANCE,TCHIBOZO,Koffi,1965-03-24,M,0402,LOKONON Ayaba
AN-004770,ACTE_NAISSANCE,AHOUANSOU,Gildas,1986-12-28,M,0206,ALLADAYE Espérance
CC-004771,CARTE_CONSULAIRE,KPADONOU,Nadège Espérance,1952-07-29,F,0601,KIKI Judith
AN-004772,ACTE_NAISSANCE,AGBODJAN,Moussa,2005-08-07,M,0202,BONI Flore
AN-004773,ACTE_NAISSANCE,AGOSSOU,Mahougnon Ulrich,2016-10-03,M,0902,LOKONON Gisèle
AN-004774,ACTE_NAISSANCE,MENSAH,Sylvie,1995-08-24,F,0301,YAROU Prudence
AN-004775,ACTE_NAISSANCE,ASSOGBA,Rosine Sènami,2004-02-20,F,1204,HOUESSOU Sèmèvo
AN-004776,ACTE_NAISSANCE,ADJOVI,Mahougnon Bienvenu,1962-01-30,M,1202,KPADONOU Fatoumata
AN-004777,ACTE_NAISSANCE,QUENUM,Ulrich,1949-05-07,M,1206,KPADONOU Prudence
AN-004778,ACTE_NAISSANCE,BONI,Judith,1982-10-22,F,1009,DOSSOU Flore
AN-004779,ACTE_NAISSANCE,SAGBO,Comlan Arnaud,1985-10-20,M,1007,KIKI Chimène
CC-004780,CARTE_CONSULAIRE,BIO,Ibrahim Rachid,1975-04-11,M,1204,YAROU Sènami
PP-004781,PASSEPORT,TOGBE,Mariam,2013-03-10,F,1201,YAROU Sylvie
AN-004782,ACTE_NAISSANCE,GBAGUIDI,Bienvenu,1999-05-12,M,0906,DOSSOU Nadège
AN-004783,ACTE_NAISSANCE,DANSOU,Romaric,1955-04-11,M,1103,FASSINOU Mariam
AN-004784,ACTE_NAISSANCE,TCHIBOZO,Judith,2006-03-17,F,0304,ADANDE Aïcha
AN-004785,ACTE_NAISSANCE,AKPOVI,Fabrice Romaric,1998-04-22,M,0601,KOUKPAKI Ayaba
AN-004786,ACTE_NAISSANCE,KPADONOU,Nadège,1978-02-12,F,1207,HOUNSOU Bernice
CC-004787,CARTE_CONSULAIRE,SOSSOU,Ulrich Ibrahim,2013-02-05,M,1105,ZINSOU Carine
AN-004788,ACTE_NAISSANCE,ZINSOU,Sylvie Sèmèvo,1979-01-29,F,0209,GBAGUIDI Salamatou
CC-004789,CARTE_CONSULAIRE,ZANNOU,Flore Judith,1978-01-03,F,0602,BIO Mariam
PP-004790,PASSEPORT,QUENUM,Rachid,1956-10-08,M,0502,AGOSSOU Carine
AN-004791,ACTE_NAISSANCE,KIKI,Fidèle,1950-04-15,M,0801,ALLADAYE Sylvie
AN-004792,ACTE_NAISSANCE,SOULEY,Fidèle Rachid,1955-03-25,M,1006,GLELE Aïcha
PP-004793,PASSEPORT,AGBODJAN,Rachid Mahougnon,1989-06-18,M,1104,TOSSOU Aïcha
AN-004794,ACTE_NAISSANCE,SOULEY,Espérance Nadège,1996-02-14,F,0304,AGOSSOU Espérance
CC-004795,CARTE_CONSULAIRE,FASSINOU,Yves,1949-05-19,M,0702,LOKONON Chimène
AN-004796,ACTE_NAISSANCE,AGOSSOU,Fidèle,1986-02-21,M,0504,FASSINOU Rosine
CC-004797,CARTE_CONSULAIRE,BIO,Brice Ulrich,1954-12-27,M,0904,ZINSOU Judith
AN-004798,ACTE_NAISSANCE,AHOYO,Rosine Judith,1981-10-21,F,1003,ASSOGBA Rosine
AN-004799,ACTE_NAISSANCE,IDRISSOU,Mahougnon,1957-09-10,M,1204,OSSENI Fatoumata
AN-004800,ACTE_NAISSANCE,BONI,Sènami,1958-12-18,F,0408,TCHIBOZO Carine
AN-004801,ACTE_NAISSANCE,ASSOGBA,Gildas Comlan,2001-03-19,M,0102,OSSENI Sylvie
CC-004802,CARTE_CONSULAIRE,ZANNOU,Serge,1960-07-15,M,0606,VODOUNON Judith
AN-004803,ACTE_NAISSANCE,ADANDE,Ghislain,2002-12-07,M,0605,AGBODJAN Chimène
CC-004804,CARTE_CONSULAIRE,AHOUANSOU,Flore Carine,1954-10-13,F,1203,KOUKPAKI Sènami
AN-004805,ACTE_NAISSANCE,HOUNSOU,Aïcha,1948-07-03,F,0603,ADANDE Prudence
AN-004806,ACTE_NAISSANCE,SOULEY,Ibrahim Serge,1990-07-12,M,0209,ADJOVI Sènami
AN-004807,ACTE_NAISSANCE,ALLADAYE,Brice Fidèle,2006-02-11,M,0106,BONI Rachidatou
PP-004808,PASSEPORT,IDRISSOU,Codjo,1948-03-22,M,0703,ZANNOU Salamatou
AN-004809,ACTE_NAISSANCE,AKPOVI,Rachidatou Ayaba,1984-11-07,F,1004,GBAGUIDI Bernice
AN-004810,ACTE_NAISSANCE,TCHIBOZO,Estelle Ayaba,1957-09-23,F,0208,TOGBE Judith
AN-004811,ACTE_NAISSANCE,ASSOGBA,Prudence Ayaba,1995-09-22,F,0502,FASSINOU Judith
AN-004812,ACTE_NAISSANCE,ADANDE,Espérance,2008-11-03,F,0209,ZINSOU Sylvie
AN-004813,ACTE_NAISSANCE,TCHIBOZO,Salamatou,1980-12-08,F,0202,MENSAH Nadège
AN-004814,ACTE_NAISSANCE,TOGBE,Comlan,1996-01-21,M,1008,DANSOU Mariam
AN-004815,ACTE_NAISSANCE,NOUATIN,Rachidatou Chimène,1994-09-06,F,0703,TOSSOU Flore
AN-004816,ACTE_NAISSANCE,DANSOU,Judith,2008-02-28,F,0605,QUENUM Rachidatou
AN-004817,ACTE_NAISSANCE,AHOYO,Ayaba Rachidatou,1967-10-28,F,0307,QUENUM Salamatou
AN-004818,ACTE_NAISSANCE,ADJOVI,Romaric,2000-10-22,M,0305,AMOUSSOU Gisèle
PP-004819,PASSEPORT,AGOSSOU,Salamatou,1992-09-25,F,1201,KPADONOU Gisèle
AN-004820,ACTE_NAISSANCE,HOUNKPATIN,Sènami Estelle,1960-05-25,F,0501,OSSENI Espérance
AN-004821,ACTE_NAISSANCE,AGOSSOU,Rachidatou,1947-07-12,F,0604,FASSINOU Nadège
AN-004822,ACTE_NAISSANCE,FASSINOU,Prudence Sènami,2002-01-06,F,0303,TOGBE Nadège
CC-004823,CARTE_CONSULAIRE,BONI,Rosine,1965-07-08,F,0205,TOSSOU Rosine
PP-004824,PASSEPORT,CODJIA,Justin,1990-09-30,M,1206,TOGBE Bernice
PP-004825,PASSEPORT,SOULEY,Gisèle,1983-01-08,F,1207,NOUATIN Espérance
AN-004826,ACTE_NAISSANCE,MENSAH,Rachid Bienvenu,1960-12-18,M,0701,DANSOU Flore
AN-004827,ACTE_NAISSANCE,HOUNGBO,Aïcha Ayaba,2007-04-27,F,0308,DANSOU Rosine
AN-004828,ACTE_NAISSANCE,HOUNKPATIN,Carine,1998-07-30,F,1205,FASSINOU Espérance
AN-004829,ACTE_NAISSANCE,LOKONON,Gisèle Sylvie,1954-10-28,F,0105,KIKI Ayaba
PP-004830,PASSEPORT,QUENUM,Mahougnon,1983-05-17,M,0503,IDRISSOU Sèmèvo
AN-004831,ACTE_NAISSANCE,BIO,Yves Ghislain,1990-05-07,M,0204,MENSAH Ayaba
CC-004832,CARTE_CONSULAIRE,GLELE,Moussa,2014-04-19,M,1005,DOSSOU Rosine
AN-004833,ACTE_NAISSANCE,KIKI,Serge Arnaud,1975-05-27,M,1207,SAGBO Gisèle
PP-004834,PASSEPORT,GLELE,Mariam,2013-08-05,F,0406,OSSENI Rachidatou
AN-004835,ACTE_NAISSANCE,LOKONON,Sèmèvo,1993-04-10,F,1103,IDRISSOU Gisèle
AN-004836,ACTE_NAISSANCE,AKPOVI,Ayaba,1983-01-21,F,0901,GBAGUIDI Ayaba
AN-004837,ACTE_NAISSANCE,CODJIA,Gisèle,2006-11-23,F,0207,KOUKPAKI Carine
AN-004838,ACTE_NAISSANCE,BIO,Flore Rosine,2004-02-21,F,0205,KOUKPAKI Flore
AN-004839,ACTE_NAISSANCE,HOUNSOU,Sèmèvo,1968-11-02,F,1101,ASSOGBA Fatoumata
AN-004840,ACTE_NAISSANCE,HOUESSOU,Romaric,2003-12-23,M,1209,GBAGUIDI Carine
AN-004841,ACTE_NAISSANCE,ALLADAYE,Rachidatou,2004-03-31,F,0505,AHOUANSOU Ayaba
AN-004842,ACTE_NAISSANCE,HOUESSOU,Aïcha Espérance,1981-12-01,F,1104,AHOUANSOU Salamatou
AN-004843,ACTE_NAISSANCE,ADJOVI,Rachidatou Prudence,1969-07-05,F,0506,AMOUSSOU Rachidatou
AN-004844,ACTE_NAISSANCE,KOUKPAKI,Sènami,1952-05-17,F,0102,ZANNOU Bernice
AN-004845,ACTE_NAISSANCE,TOGBE,Carine,1979-02-19,F,1209,YAROU Ayaba
AN-004846,ACTE_NAISSANCE,DOSSOU,Rosine,1978-04-07,F,0305,ADANDE Prudence
AN-004847,ACTE_NAISSANCE,HOUNSOU,Arnaud,2001-08-31,M,1009,KIKI Nadège
AN-004848,ACTE_NAISSANCE,ADANDE,Rachidatou Carine,1970-08-14,F,1209,LOKONON Ayaba
AN-004849,ACTE_NAISSANCE,KOUKPAKI,Comlan Codjo,1990-03-31,M,0103,HOUESSOU Sèmèvo
AN-004850,ACTE_NAISSANCE,SOULEY,Ghislain,1993-09-25,M,1101,VODOUNON Salamatou
PP-004851,PASSEPORT,TOSSOU,Aïcha Nadège,1998-09-14,F,1209,FASSINOU Nadège
AN-004852,ACTE_NAISSANCE,NOUATIN,Judith,2015-07-06,F,0704,TOGBE Bernice
AN-004853,ACTE_NAISSANCE,BIO,Romaric,1970-07-22,M,1208,HOUNSOU Rachidatou
AN-004854,ACTE_NAISSANCE,TOGBE,Prudence,1959-01-20,F,0904,AHOUANSOU Estelle
AN-004855,ACTE_NAISSANCE,AHOYO,Chimène,1992-08-21,F,1208,DANSOU Espérance
AN-004856,ACTE_NAISSANCE,ALLADAYE,Ayaba Flore,1961-04-25,F,0606,KIKI Salamatou
PP-004857,PASSEPORT,KPADONOU,Salamatou,1955-07-29,F,1009,AHOUANSOU Gisèle
AN-004858,ACTE_NAISSANCE,ASSOGBA,Bienvenu Moussa,2007-08-02,M,0405,FASSINOU Gisèle
CC-004859,CARTE_CONSULAIRE,AHOYO,Rodrigue,2012-12-26,M,0701,AHOYO Aïcha
AN-004860,ACTE_NAISSANCE,TOGBE,Bernice,2009-01-22,F,0302,MENSAH Nadège
AN-004861,ACTE_NAISSANCE,ALLADAYE,Mahougnon,1989-08-08,M,0105,HOUNSOU Ayaba
AN-004862,ACTE_NAISSANCE,AMOUSSOU,Estelle,2003-09-01,F,1204,VODOUNON Chimène
AN-004863,ACTE_NAISSANCE,IDRISSOU,Ayaba Prudence,1981-03-29,F,1102,HOUNSOU Fatoumata
PP-004864,PASSEPORT,HOUNSOU,Rachid Yves,2018-09-04,M,1205,HOUNSOU Sènami
AN-004865,ACTE_NAISSANCE,BONI,Carine,1963-11-04,F,1005,MENSAH Sènami
AN-004866,ACTE_NAISSANCE,GLELE,Mariam Chimène,1955-01-15,F,0801,TCHIBOZO Estelle
AN-004867,ACTE_NAISSANCE,HOUNGBO,Justin,1968-06-12,M,1201,DOSSOU Estelle
AN-004868,ACTE_NAISSANCE,ZANNOU,Aïcha Mariam,1995-04-18,F,0302,AHOUANSOU Nadège
AN-004869,ACTE_NAISSANCE,HOUNSOU,Koffi,1991-10-14,M,0403,HOUNKPATIN Salamatou
AN-004870,ACTE_NAISSANCE,TOGBE,Fabrice,1989-12-18,M,1202,IDRISSOU Rosine
AN-004871,ACTE_NAISSANCE,BIO,Chimène,1990-04-06,F,0408,CODJIA Rosine
PP-004872,PASSEPORT,TCHIBOZO,Ibrahim Fidèle,1984-12-12,M,0602,GLELE Flore
AN-004873,ACTE_NAISSANCE,MENSAH,Koffi,1981-10-12,M,0606,AHOYO Sylvie
AN-004874,ACTE_NAISSANCE,ZINSOU,Ayaba,1981-06-17,F,0103,ZANNOU Judith
PP-004875,PASSEPORT,AMOUSSOU,Rosine,2017-07-07,F,0102,TOGBE Rosine
AN-004876,ACTE_NAISSANCE,HOUNKPATIN,Ulrich Serge,2012-01-19,M,0408,CODJIA Ayaba
AN-004877,ACTE_NAISSANCE,TOGBE,Prudence,2008-06-29,F,0202,CHABI Salamatou
PP-004878,PASSEPORT,BIO,Comlan Ibrahim,1983-11-11,M,1104,FASSINOU Flore
AN-004879,ACTE_NAISSANCE,ZINSOU,Codjo,1982-02-21,M,0902,AKPOVI Sylvie
CC-004880,CARTE_CONSULAIRE,MENSAH,Mahougnon,1988-05-07,M,0302,ADJOVI Ayaba
AN-004881,ACTE_NAISSANCE,BONI,Comlan Yves,2000-01-10,M,0606,ALLADAYE Sènami
PP-004882,PASSEPORT,ALLADAYE,Yves Rachid,1964-07-21,M,0204,SAGBO Sèmèvo
PP-004883,PASSEPORT,HOUESSOU,Estelle Judith,1978-12-29,F,0603,AHOUANSOU Flore
AN-004884,ACTE_NAISSANCE,YAROU,Espérance Estelle,2003-01-20,F,0503,SAGBO Chimène
AN-004885,ACTE_NAISSANCE,HOUNSOU,Mariam,1979-10-13,F,1006,ZANNOU Flore
AN-004886,ACTE_NAISSANCE,ALLADAYE,Serge,1983-02-22,M,0106,VODOUNON Estelle
AN-004887,ACTE_NAISSANCE,QUENUM,Gisèle Chimène,1972-06-20,F,0601,AGOSSOU Salamatou
CC-004888,CARTE_CONSULAIRE,OSSENI,Mariam Ayaba,1996-06-21,F,0203,DANSOU Mariam
AN-004889,ACTE_NAISSANCE,KOUKPAKI,Ghislain,1983-08-18,M,0602,CODJIA Aïcha
AN-004890,ACTE_NAISSANCE,TOGBE,Espérance Prudence,1966-06-19,F,0207,ASSOGBA Espérance
AN-004891,ACTE_NAISSANCE,IDRISSOU,Rachidatou,2004-10-21,F,0604,AKPOVI Sèmèvo
AN-004892,ACTE_NAISSANCE,QUENUM,Estelle,2015-06-09,F,1203,KPADONOU Sylvie
AN-004893,ACTE_NAISSANCE,ALLADAYE,Romaric,2006-01-03,M,0207,OSSENI Gisèle
AN-004894,ACTE_NAISSANCE,DOSSOU,Salamatou,1975-09-04,F,0604,ADJOVI Nadège
AN-004895,ACTE_NAISSANCE,FASSINOU,Justin,2011-10-16,M,0904,KPADONOU Ayaba
PP-004896,PASSEPORT,GLELE,Justin,1991-07-11,M,0208,SOSSOU Rachidatou
AN-004897,ACTE_NAISSANCE,AGBODJAN,Estelle,1985-08-19,F,0702,MENSAH Rosine
PP-004898,PASSEPORT,KIKI,Chimène Bernice,1984-08-08,F,1101,LOKONON Sènami
PP-004899,PASSEPORT,KIKI,Fatoumata,1955-10-20,F,0205,NOUATIN Nadège
AN-004900,ACTE_NAISSANCE,AHOYO,Aïcha Chimène,2018-04-01,F,0502,CHABI Sylvie
CC-004901,CARTE_CONSULAIRE,BONI,Rosine,2015-10-11,F,0407,AMOUSSOU Estelle
AN-004902,ACTE_NAISSANCE,HOUNGBO,Moussa,1974-11-07,M,1103,AMOUSSOU Ayaba
AN-004903,ACTE_NAISSANCE,FASSINOU,Judith,1983-05-08,F,1002,HOUESSOU Sèmèvo
AN-004904,ACTE_NAISSANCE,BIO,Gildas,2015-12-10,M,0103,GBAGUIDI Sylvie
AN-004905,ACTE_NAISSANCE,BONI,Rosine Nadège,1996-11-10,F,1202,HOUNSOU Mariam
AN-004906,ACTE_NAISSANCE,IDRISSOU,Rosine Gisèle,1996-02-25,F,0204,SOSSOU Estelle
AN-004907,ACTE_NAISSANCE,KIKI,Gisèle Mariam,2007-10-14,F,0403,BIO Estelle
CC-004908,CARTE_CONSULAIRE,ASSOGBA,Fabrice Mahougnon,1998-03-27,M,0207,ADANDE Judith
AN-004909,ACTE_NAISSANCE,ASSOGBA,Rosine Nadège,1996-10-21,F,0301,GBAGUIDI Carine
AN-004910,ACTE_NAISSANCE,TOGBE,Prudence Estelle,1965-08-06,F,0307,AGOSSOU Sèmèvo
AN-004911,ACTE_NAISSANCE,TOGBE,Gisèle Fatoumata,1998-05-25,F,0703,AGBODJAN Gisèle
PP-004912,PASSEPORT,QUENUM,Justin,2001-07-03,M,0401,YAROU Sylvie
AN-004913,ACTE_NAISSANCE,HOUNSOU,Rachidatou Bernice,1977-12-31,F,0103,AGBODJAN Bernice
AN-004914,ACTE_NAISSANCE,TOSSOU,Bernice,1985-11-28,F,0902,SOSSOU Sènami
AN-004915,ACTE_NAISSANCE,NOUATIN,Mariam Prudence,1985-08-18,F,0202,HOUNKPATIN Sèmèvo
AN-004916,ACTE_NAISSANCE,HOUESSOU,Sènami,1954-03-14,F,1201,DANSOU Gisèle
AN-004917,ACTE_NAISSANCE,ALLADAYE,Bienvenu,2019-10-12,M,1208,NOUATIN Sènami
AN-004918,ACTE_NAISSANCE,AHOYO,Romaric,1988-02-25,M,0104,HOUNKPATIN Prudence
PP-004919,PASSEPORT,FASSINOU,Moussa,1972-02-24,M,0209,AHOYO Sylvie
CC-004920,CARTE_CONSULAIRE,VODOUNON,Mahougnon,1966-07-19,M,0302,LOKONON Chimène
CC-004921,CARTE_CONSULAIRE,TOGBE,Bernice,2007-02-02,F,0901,KIKI Rosine
CC-004922,CARTE_CONSULAIRE,KOUKPAKI,Ayaba,1981-06-18,F,0202,IDRISSOU Sènami
AN-004923,ACTE_NAISSANCE,AGBODJAN,Prudence,1966-12-18,F,0206,SAGBO Carine
AN-004924,ACTE_NAISSANCE,SAGBO,Justin,1982-05-17,M,0307,IDRISSOU Carine
AN-004925,ACTE_NAISSANCE,KOUKPAKI,Mahougnon,1995-09-16,M,1208,SOSSOU Bernice
PP-004926,PASSEPORT,AHOYO,Moussa Codjo,1997-08-11,M,0402,AGBODJAN Chimène
AN-004927,ACTE_NAISSANCE,ASSOGBA,Arnaud,1998-09-09,M,1201,BONI Gisèle
AN-004928,ACTE_NAISSANCE,ZINSOU,Rachid Ghislain,1950-09-06,M,0106,KOUKPAKI Flore
CC-004929,CARTE_CONSULAIRE,AGOSSOU,Sylvie Aïcha,1992-02-26,F,0504,YAROU Aïcha
PP-004930,PASSEPORT,DANSOU,Fatoumata,1940-07-22,F,0104,BONI Aïcha
AN-004931,ACTE_NAISSANCE,GLELE,Ulrich,1978-05-20,M,1209,AGBODJAN Carine
AN-004932,ACTE_NAISSANCE,ADJOVI,Gildas,2003-08-05,M,0206,ALLADAYE Sèmèvo
AN-004933,ACTE_NAISSANCE,QUENUM,Rachid Fidèle,2008-11-08,M,0103,HOUESSOU Ayaba
AN-004934,ACTE_NAISSANCE,ZANNOU,Prudence,1986-11-15,F,0206,FASSINOU Chimène
AN-004935,ACTE_NAISSANCE,LOKONON,Salamatou,2015-01-20,F,1101,ZANNOU Espérance
AN-004936,ACTE_NAISSANCE,AGBODJAN,Comlan Fidèle,1975-06-25,M,0402,DOSSOU Aïcha
AN-004937,ACTE_NAISSANCE,BIO,Codjo,2015-12-23,M,0402,AMOUSSOU Gisèle
AN-004938,ACTE_NAISSANCE,GLELE,Fatoumata Judith,1970-05-11,F,0603,HOUNSOU Nadège
AN-004939,ACTE_NAISSANCE,OSSENI,Prudence Aïcha,2017-03-22,F,0505,CODJIA Sènami
CC-004940,CARTE_CONSULAIRE,FASSINOU,Serge,2000-05-04,M,0905,FASSINOU Ayaba
AN-004941,ACTE_NAISSANCE,ZINSOU,Justin,1985-11-17,M,1208,HOUNGBO Ayaba
AN-004942,ACTE_NAISSANCE,SAGBO,Codjo Mahougnon,1987-02-01,M,0208,TCHIBOZO Sèmèvo
AN-004943,ACTE_NAISSANCE,ZINSOU,Aïcha Judith,1978-04-28,F,0404,DANSOU Ayaba
AN-004944,ACTE_NAISSANCE,AHOYO,Bienvenu,2015-06-01,M,0306,AKPOVI Rachidatou
AN-004945,ACTE_NAISSANCE,YAROU,Gildas,1998-07-15,M,0408,TOGBE Chimène
PP-004946,PASSEPORT,LOKONON,Mahougnon,1977-05-19,M,1103,AMOUSSOU Fatoumata
AN-004947,ACTE_NAISSANCE,GLELE,Serge Arnaud,1997-08-13,M,0208,HOUNGBO Prudence
AN-004948,ACTE_NAISSANCE,TOSSOU,Rachid,1975-06-02,M,1102,FASSINOU Aïcha
AN-004949,ACTE_NAISSANCE,HOUESSOU,Bienvenu,2009-04-23,M,0301,ADJOVI Sèmèvo
CC-004950,CARTE_CONSULAIRE,DANSOU,Fidèle,1992-11-03,M,1007,ADANDE Carine
CC-004951,CARTE_CONSULAIRE,MENSAH,Yves Rodrigue,2000-08-31,M,0503,VODOUNON Flore
AN-004952,ACTE_NAISSANCE,AGBODJAN,Brice,1965-10-10,M,1101,ALLADAYE Prudence
AN-004953,ACTE_NAISSANCE,KIKI,Bernice,1971-03-03,F,0906,ADJOVI Sènami
AN-004954,ACTE_NAISSANCE,KIKI,Koffi,1986-09-13,M,0205,ASSOGBA Rachidatou
AN-004955,ACTE_NAISSANCE,SAGBO,Sèmèvo,1966-01-08,F,0403,HOUNKPATIN Aïcha
AN-004956,ACTE_NAISSANCE,ADJOVI,Yves,2018-11-28,M,0606,HOUNKPATIN Flore
PP-004957,PASSEPORT,BIO,Brice,2015-06-16,M,0403,AKPOVI Nadège
PP-004958,PASSEPORT,OSSENI,Rosine,1957-06-30,F,1003,KPADONOU Rachidatou
AN-004959,ACTE_NAISSANCE,OSSENI,Mariam Prudence,1996-06-07,F,0506,BONI Prudence
AN-004960,ACTE_NAISSANCE,AKPOVI,Rodrigue Ibrahim,1996-08-11,M,0307,OSSENI Rosine
AN-004961,ACTE_NAISSANCE,TOGBE,Ghislain,2015-02-08,M,0405,CHABI Nadège
AN-004962,ACTE_NAISSANCE,TOSSOU,Fidèle,1990-11-01,M,0404,NOUATIN Sylvie
AN-004963,ACTE_NAISSANCE,DANSOU,Fidèle Ibrahim,1956-04-07,M,1207,AHOYO Estelle
AN-004964,ACTE_NAISSANCE,KIKI,Arnaud Rachid,1959-04-26,M,0504,CODJIA Rosine
PP-004965,PASSEPORT,HOUNKPATIN,Nadège,2015-04-27,F,1102,GLELE Carine
CC-004966,CARTE_CONSULAIRE,IDRISSOU,Fatoumata,1982-01-24,F,0801,AGOSSOU Sylvie
AN-004967,ACTE_NAISSANCE,GLELE,Rachid Ghislain,1963-12-12,M,0503,HOUESSOU Aïcha
AN-004968,ACTE_NAISSANCE,MENSAH,Carine,1972-07-08,F,0905,YAROU Salamatou
AN-004969,ACTE_NAISSANCE,TOGBE,Sylvie Fatoumata,1963-03-01,F,1103,GLELE Estelle
PP-004970,PASSEPORT,GLELE,Koffi,1985-11-06,M,0105,AHOYO Bernice
AN-004971,ACTE_NAISSANCE,MENSAH,Espérance,1979-06-12,F,0303,ADANDE Prudence
CC-004972,CARTE_CONSULAIRE,KPADONOU,Ulrich,2014-05-04,M,0202,GBAGUIDI Rosine
AN-004973,ACTE_NAISSANCE,FASSINOU,Rachidatou,2006-11-07,F,0504,DANSOU Rachidatou
AN-004974,ACTE_NAISSANCE,AGOSSOU,Gisèle Bernice,1997-02-09,F,1208,HOUNGBO Fatoumata
AN-004975,ACTE_NAISSANCE,OSSENI,Salamatou,1977-03-19,F,0208,AMOUSSOU Sylvie
AN-004976,ACTE_NAISSANCE,SOSSOU,Fidèle Fabrice,2015-08-23,M,1005,AGBODJAN Sènami
CC-004977,CARTE_CONSULAIRE,SAGBO,Ghislain Gildas,1986-10-07,M,1205,BONI Salamatou
AN-004978,ACTE_NAISSANCE,SOULEY,Gisèle,1945-01-01,F,1203,AGBODJAN Bernice
AN-004979,ACTE_NAISSANCE,QUENUM,Mahougnon,1969-12-28,M,0602,VODOUNON Judith
PP-004980,PASSEPORT,MENSAH,Rodrigue Ghislain,1976-05-22,M,0701,LOKONON Carine
PP-004981,PASSEPORT,LOKONON,Rosine,1998-06-25,F,0601,HOUESSOU Flore
PP-004982,PASSEPORT,KIKI,Ibrahim,1965-09-19,M,1104,AKPOVI Rosine
AN-004983,ACTE_NAISSANCE,AGOSSOU,Carine Sènami,1956-02-17,F,0104,QUENUM Sènami
AN-004984,ACTE_NAISSANCE,NOUATIN,Gisèle,2004-12-18,F,1201,NOUATIN Judith
AN-004985,ACTE_NAISSANCE,LOKONON,Fabrice,2014-01-13,M,0906,ZANNOU Salamatou
PP-004986,PASSEPORT,ZANNOU,Aïcha Judith,1971-08-12,F,0405,KIKI Rosine
AN-004987,ACTE_NAISSANCE,KIKI,Justin Ulrich,2010-05-29,M,0201,BIO Nadège
AN-004988,ACTE_NAISSANCE,ADJOVI,Mariam Prudence,1999-12-19,F,1005,DANSOU Judith
AN-004989,ACTE_NAISSANCE,KOUKPAKI,Rachid,2014-12-11,M,0603,IDRISSOU Rosine
AN-004990,ACTE_NAISSANCE,ZANNOU,Comlan,1956-11-07,M,1207,BIO Rosine
PP-004991,PASSEPORT,BONI,Ghislain,1978-05-18,M,0504,BONI Judith
AN-004992,ACTE_NAISSANCE,ADANDE,Serge,2013-01-31,M,1103,AMOUSSOU Sènami
AN-004993,ACTE_NAISSANCE,ADJOVI,Fidèle,1978-08-14,M,0702,BIO Mariam
CC-004994,CARTE_CONSULAIRE,TOGBE,Fatoumata Chimène,1980-12-15,F,0801,YAROU Fatoumata
CC-004995,CARTE_CONSULAIRE,LOKONON,Fatoumata Espérance,1968-01-13,F,1002,KOUKPAKI Fatoumata
AN-004996,ACTE_NAISSANCE,HOUESSOU,Codjo,2017-12-28,M,0403,MENSAH Mariam
AN-004997,ACTE_NAISSANCE,SAGBO,Bienvenu,1986-12-06,M,0403,ADANDE Sylvie
AN-004998,ACTE_NAISSANCE,GLELE,Codjo,1993-05-01,M,1205,OSSENI Sèmèvo
CC-004999,CARTE_CONSULAIRE,DOSSOU,Espérance,1972-07-06,F,0801,ALLADAYE Salamatou
CC-005000,CARTE_CONSULAIRE,ZANNOU,Sylvie,2010-07-10,F,0603,DOSSOU Flore
